﻿<?xml version="1.0" encoding="utf-8" ?>
<Defs>
  
  <ThingDef ParentName="LeatherBase">
    <defName>Meat_Human</defName>
    <label>мумиё</label>
    <description>Мумиё. По некоторым данным, состоит из ферментированной смеси экскрементов горных животных и пыли. Использовалось в народной медицине разных культур, но по результатам современных исследований, не имеет лечебных свойств.</description>
    <graphicData>
      <color>(50,50,30)</color>
    </graphicData>
    <statBases>
      <MarketValue>1.9</MarketValue>
      <StuffPower_Armor_Sharp>0.64</StuffPower_Armor_Sharp>
      <StuffPower_Insulation_Cold>12</StuffPower_Insulation_Cold>
      <StuffPower_Insulation_Heat>12</StuffPower_Insulation_Heat>
    </statBases>
    <stuffProps>
      <color>(50,50,30)</color>
      <commonality>0.01</commonality>
    </stuffProps>
  </ThingDef>

</Defs>
