<?xml version="1.0" encoding="utf-8" ?>
<Defs>

  <ThingDef ParentName="BaseFilth">
    <defName>Filth_Blood</defName>
    <label>blood</label>
    <statBases>
      <Beauty>-30</Beauty>
      <Cleanliness>-10</Cleanliness>
    </statBases>
    <graphicData>
      <!-- <drawSize>1.0</drawSize> -->
      <texPath>Things/Filth/Spatter</texPath>
      <color>(130, 0, 0, 30)</color>
    </graphicData>
    <filth>
      <disappearsInDays>35~40</disappearsInDays>
      <rainWashes>true</rainWashes>
      <cleaningWorkToReduceThickness>70</cleaningWorkToReduceThickness>
      <canFilthAttach>true</canFilthAttach>
      <cleaningSound>Interact_CleanFilth_Fluid</cleaningSound>
    </filth>
  </ThingDef>

</Defs>