﻿<?xml version="1.0" encoding="UTF-8"?>
<LanguageData>
  
  <!-- EN: recruit -->
  <AttemptRecruit.label>вербовать</AttemptRecruit.label>
  
  <!-- EN: execute -->
  <Execution.label>казнить</Execution.label>
  
  <!-- EN: no interaction -->
  <NoInteraction.label>не вступать в контакт</NoInteraction.label>
  
  <!-- EN: reduce resistance -->
  <ReduceResistance.label>ослаблять сопротивление</ReduceResistance.label>
  
  <!-- EN: release -->
  <Release.label>выпустить</Release.label>
  
</LanguageData>