<?xml version="1.0" encoding="utf-8" ?>
<Defs>

	<ThingDef>
		<defName>OrassanPortal</defName>
		<label>dummy def pls ignore</label>
		<description>dummy def pls ignore</description>
		<tickerType>Normal</tickerType>
		<category>Building</category>
		<thingClass>Building</thingClass>
		<soundImpactDefault>BulletImpact_Metal</soundImpactDefault>
		<selectable>false</selectable>
		<drawerType>MapMeshAndRealTime</drawerType>
    	<pathCost>0</pathCost>
		<passability>PassThroughOnly</passability>
		<statBases>
			<MarketValue>0</MarketValue>
			<Mass>99999</Mass>
		</statBases>
		<graphicData>
			<texPath>Blueportal</texPath>
			<graphicClass>Graphic_Single</graphicClass>
			<shaderType>Mote</shaderType>
			<drawSize>(3,3)</drawSize>
		</graphicData>
		<size>(3,3)</size>
  	</ThingDef>
	
</Defs>