﻿<?xml version="1.0" encoding="UTF-8"?>
<LanguageData>
  
  <!-- EN: beautiful -->
  <Beauty.degreeDatas.beautiful.label>невероятная красота</Beauty.degreeDatas.beautiful.label>
  <!-- EN: [PAWN_nameDef] is exceptionally beautiful, with an exotic-yet-familiar facial structure and an arresting gaze. People are attracted to [PAWN_objective] before [PAWN_pronoun] even opens [PAWN_possessive] mouth. -->
  <Beauty.degreeDatas.beautiful.description>{PAWN_nameDef} обладает исключительной красотой. {PAWN_possessive} лицо имеет несколько экзотичные, но в то же время крайне привлекательные черты, а взгляд буквально очаровывает. {PAWN_nameDef} располагает к себе людей ещё до того, как что-нибудь произнесёт.</Beauty.degreeDatas.beautiful.description>
  <!-- EN: pretty -->
  <Beauty.degreeDatas.pretty.label>красота</Beauty.degreeDatas.pretty.label>
  <!-- EN: [PAWN_nameDef] has a pretty face, which predisposes people to like [PAWN_objective]. -->
  <Beauty.degreeDatas.pretty.description>У {PAWN_nameDef} миловидное личико, вызывающее у людей симпатию.</Beauty.degreeDatas.pretty.description>
  <!-- EN: ugly -->
  <Beauty.degreeDatas.ugly.label>уродство</Beauty.degreeDatas.ugly.label>
  <!-- EN: [PAWN_nameDef] is somewhat ugly. This subtly repels others during social interactions. -->
  <Beauty.degreeDatas.ugly.description>{PAWN_nameDef} имеет непривлекательную, отталкивающую внешность.</Beauty.degreeDatas.ugly.description>
  <!-- EN: staggeringly ugly -->
  <Beauty.degreeDatas.staggeringly_ugly.label>невероятное уродство</Beauty.degreeDatas.staggeringly_ugly.label>
  <!-- EN: [PAWN_nameDef] is staggeringly ugly. [PAWN_possessive] face looks like a cross between a drawing by an untalented child, a malformed fetus in a jar of formaldehyde, and a piece of modern art. Others must exert conscious effort to look at [PAWN_objective] while conversing. -->
  <Beauty.degreeDatas.staggeringly_ugly.description>{PAWN_nameDef} обладает поистине безобразной внешностью. {PAWN_possessive} лицо — что-то среднее между рисунком бездарного ребёнка, заспиртованным в банке уродцем и произведением современного искусства. Людям приходится прикладывать усилие, чтобы просто смотреть {PAWN_objective} в лицо при разговоре.</Beauty.degreeDatas.staggeringly_ugly.description>
  
  <!-- EN: chemical fascination -->
  <DrugDesire.degreeDatas.chemical_fascination.label>страсть к «химии»</DrugDesire.degreeDatas.chemical_fascination.label>
  <!-- EN: [PAWN_nameDef] is utterly fascinated with chemical sources of enjoyment. Consuming recreational drugs will create a good mood, while abstaining will lead to increasing frustration over time and possibly drug binges. [PAWN_pronoun] will ignore directives to not use recreational drugs, and will consume more than a normal person. -->
  <DrugDesire.degreeDatas.chemical_fascination.description>{PAWN_nameDef} сильно тяготеет к химическим источникам удовольствия. Употребление лёгких наркотиков поднимает {PAWN_objective} настроение, а воздержание — наоборот, повергает в нарастающее уныние и приводит к наркотическим срывам. {PAWN_pronoun} не обращает внимания на запреты лёгких наркотиков и потребляет их больше других.</DrugDesire.degreeDatas.chemical_fascination.description>
  <!-- EN: chemical interest -->
  <DrugDesire.degreeDatas.chemical_interest.label>интерес к «химии»</DrugDesire.degreeDatas.chemical_interest.label>
  <!-- EN: [PAWN_nameDef] has an unusual interest in chemical sources of enjoyment. Consuming recreational drugs will create a good mood, while abstaining will lead to increasing frustration over time and possible drug binges. [PAWN_pronoun] will ignore directives to not use recreational drugs, and will consume more than a normal person. -->
  <DrugDesire.degreeDatas.chemical_interest.description>{PAWN_nameDef} любит выпить и имеет слабость к другим химическим источникам удовольствия. Употребление лёгких наркотиков поднимает {PAWN_objective} настроение, а воздержание — наоборот, повергает в нарастающее уныние и приводит к наркотическим срывам. {PAWN_pronoun} не обращает внимания на запреты лёгких наркотиков и потребляет их больше других.</DrugDesire.degreeDatas.chemical_interest.description>
  <!-- EN: teetotaler -->
  <DrugDesire.degreeDatas.teetotaler.label>трезвенник</DrugDesire.degreeDatas.teetotaler.label>
  <!-- EN: [PAWN_nameDef] abhors the idea of gaining pleasure from chemicals. [PAWN_pronoun] strictly avoids alcohol and recreational drugs. -->
  <DrugDesire.degreeDatas.teetotaler.description>{PAWN_nameDef} не приемлет идею получения удовольствия от «химии» и держится подальше от алкоголя и наркотиков.</DrugDesire.degreeDatas.teetotaler.description>
  
  <!-- EN: super-immune -->
  <Immunity.degreeDatas.superimmune.label>сильный иммунитет</Immunity.degreeDatas.superimmune.label>
  <!-- EN: [PAWN_nameDef] has a naturally powerful immune system. [PAWN_pronoun] will gain immunity much faster than a normal person would, and can survive illnesses that would kill others. -->
  <Immunity.degreeDatas.superimmune.description>{PAWN_nameDef} от природы обладает стойкой иммунной системой. Скорость, с которой у н{PAWN_possessive} вырабатывается иммунитет к различным возбудителям, гораздо выше, чем у остальных. {PAWN_pronoun} справится с болезнью, которая обычного человека может просто убить.</Immunity.degreeDatas.superimmune.description>
  <!-- EN: sickly -->
  <Immunity.degreeDatas.sickly.label>слабый иммунитет</Immunity.degreeDatas.sickly.label>
  <!-- EN: [PAWN_nameDef] has an awful immune system. [PAWN_pronoun] gets sick more often than usual, frequently with illnesses that nobody in the colony has been afflicted by. -->
  <Immunity.degreeDatas.sickly.description>{PAWN_nameDef} имеет слабую иммунную систему. {PAWN_pronoun} болеет гораздо чаще остальных. Зачастую у н{PAWN_possessive} возникают недуги, от которых не страдает больше никто в поселении.</Immunity.degreeDatas.sickly.description>
  
  <!-- EN: industrious -->
  <Industriousness.degreeDatas.industrious.label>усердие</Industriousness.degreeDatas.industrious.label>
  <!-- EN: [PAWN_nameDef] has an easy time staying on-task and focused, and gets things done much faster than the average person. -->
  <Industriousness.degreeDatas.industrious.description>{PAWN_nameDef} легко концентрируется на работе и выполняет задачи гораздо быстрее обычных людей.</Industriousness.degreeDatas.industrious.description>
  <!-- EN: hard worker -->
  <Industriousness.degreeDatas.hard_worker.label>трудолюбие</Industriousness.degreeDatas.hard_worker.label>
  <!-- EN: [PAWN_nameDef] is a natural hard worker and will finish tasks faster than most. -->
  <Industriousness.degreeDatas.hard_worker.description>Обладая природным трудолюбием, {PAWN_nameDef} выполняет работу быстрее остальных.</Industriousness.degreeDatas.hard_worker.description>
  <!-- EN: lazy -->
  <Industriousness.degreeDatas.lazy.label>леность</Industriousness.degreeDatas.lazy.label>
  <!-- EN: [PAWN_nameDef] is a little bit lazy. -->
  <Industriousness.degreeDatas.lazy.description>{PAWN_nameDef} иногда ленится.</Industriousness.degreeDatas.lazy.description>
  <!-- EN: slothful -->
  <Industriousness.degreeDatas.slothful.label>праздность</Industriousness.degreeDatas.slothful.label>
  <!-- EN: [PAWN_nameDef] loves idleness and hates anything productive. [PAWN_pronoun] moves slowly and rarely stays focused on a task. -->
  <Industriousness.degreeDatas.slothful.description>{PAWN_nameDef} любит бездельничать и ненавидит работать. {PAWN_pronoun} двигается медленно и редко концентрируется на задаче.</Industriousness.degreeDatas.slothful.description>
  
  <!-- EN: sanguine -->
  <NaturalMood.degreeDatas.sanguine.label>сангвиник</NaturalMood.degreeDatas.sanguine.label>
  <!-- EN: [PAWN_nameDef] is just naturally upbeat about [PAWN_possessive] situation, pretty much all the time, no matter what it is. -->
  <NaturalMood.degreeDatas.sanguine.description>{PAWN_nameDef} всегда в приподнятом настроении, что бы ни происходило вокруг.</NaturalMood.degreeDatas.sanguine.description>
  <!-- EN: optimist -->
  <NaturalMood.degreeDatas.optimist.label>оптимист</NaturalMood.degreeDatas.optimist.label>
  <!-- EN: [PAWN_nameDef] is naturally optimistic about life. It's hard to get [PAWN_objective] down. -->
  <NaturalMood.degreeDatas.optimist.description>{PAWN_nameDef} оптимист от природы. {PAWN_objective} сложно испортить настроение.</NaturalMood.degreeDatas.optimist.description>
  <!-- EN: pessimist -->
  <NaturalMood.degreeDatas.pessimist.label>пессимист</NaturalMood.degreeDatas.pessimist.label>
  <!-- EN: [PAWN_nameDef] tends to look on the bad side of life. -->
  <NaturalMood.degreeDatas.pessimist.description>{PAWN_nameDef} смотрит на многие жизненные ситуации только с плохой стороны.</NaturalMood.degreeDatas.pessimist.description>
  <!-- EN: depressive -->
  <NaturalMood.degreeDatas.depressive.label>меланхолик</NaturalMood.degreeDatas.depressive.label>
  <!-- EN: [PAWN_nameDef] is perenially unhappy. [PAWN_pronoun] has trouble sustaining a good mood even when everything is fine. -->
  <NaturalMood.degreeDatas.depressive.description>{PAWN_nameDef} всегда в плохом настроении. И оно редко улучшается, даже когда всё хорошо.</NaturalMood.degreeDatas.depressive.description>
  
  <!-- EN: iron-willed -->
  <Nerves.degreeDatas.ironwilled.label>железные нервы</Nerves.degreeDatas.ironwilled.label>
  <!-- EN: [PAWN_nameDef]'s will is an iron shield. [PAWN_pronoun] keeps going through thick and thin, when others broke down long before. -->
  <Nerves.degreeDatas.ironwilled.description>{PAWN_nameDef} обладает волей, крепкой, как железный щит. {PAWN_pronoun} не теряет самообладания даже в тех ситуациях, когда другие сдаются и опускают руки.</Nerves.degreeDatas.ironwilled.description>
  <!-- EN: steadfast -->
  <Nerves.degreeDatas.steadfast.label>стрессоустойчивость</Nerves.degreeDatas.steadfast.label>
  <!-- EN: [PAWN_nameDef] is mentally tough and won't break down under stresses that would crack most people. -->
  <Nerves.degreeDatas.steadfast.description>{PAWN_nameDef} обладает психической устойчивостью к стрессам, которые большинство не выдерживает.</Nerves.degreeDatas.steadfast.description>
  <!-- EN: nervous -->
  <Nerves.degreeDatas.nervous.label>нервозность</Nerves.degreeDatas.nervous.label>
  <!-- EN: [PAWN_nameDef] tends to crack under pressure. -->
  <Nerves.degreeDatas.nervous.description>{PAWN_nameDef} может сорваться при сильном эмоциональном напряжении.</Nerves.degreeDatas.nervous.description>
  <!-- EN: volatile -->
  <Nerves.degreeDatas.volatile.label>эмоциональная нестабильность</Nerves.degreeDatas.volatile.label>
  <!-- EN: [PAWN_nameDef] is on a hair-trigger all the time. [PAWN_pronoun] is the first to break in any tough situation. -->
  <Nerves.degreeDatas.volatile.description>{PAWN_nameDef} всегда на взводе. Малейшее эмоциональное напряжение может закончиться нервным срывом.</Nerves.degreeDatas.volatile.description>
  
  <!-- EN: neurotic -->
  <Neurotic.degreeDatas.neurotic.label>лёгкая неврастения</Neurotic.degreeDatas.neurotic.label>
  <!-- EN: [PAWN_nameDef] likes to have things squared away. [PAWN_pronoun] will work harder than most to attain this state of affairs, but [PAWN_possessive] nerves can get the better of [PAWN_objective]. -->
  <Neurotic.degreeDatas.neurotic.description>{PAWN_nameDef} любит всё делать правильно, отчего работает больше и усерднее остальных. Такое напряжение иногда приводит к нервными срывам.</Neurotic.degreeDatas.neurotic.description>
  <!-- EN: very neurotic -->
  <Neurotic.degreeDatas.very_neurotic.label>тяжёлая неврастения</Neurotic.degreeDatas.very_neurotic.label>
  <!-- EN: [PAWN_nameDef] feels constantly nervous about everything that has to get done. [PAWN_pronoun] will work extremely hard to attain this state of affairs, but [PAWN_possessive] nerves can easily get the better of [PAWN_objective]. -->
  <Neurotic.degreeDatas.very_neurotic.description>{PAWN_nameDef} постоянно переживает обо всём, чем занимается. {PAWN_pronoun} заставляет себя работать с невероятным усердием, что плохо сказывается на {PAWN_possessive} нервах.</Neurotic.degreeDatas.very_neurotic.description>
  
  <!-- EN: psychically hypersensitive -->
  <PsychicSensitivity.degreeDatas.psychically_hypersensitive.label>гиперчувствительность</PsychicSensitivity.degreeDatas.psychically_hypersensitive.label>
  <!-- EN: [PAWN_nameDef]'s mind is like a psychic tuning fork. [PAWN_pronoun] is extremely sensitive to psychic phenomena. -->
  <PsychicSensitivity.degreeDatas.psychically_hypersensitive.description>Разум {PAWN_nameDef} отзывчив, словно тонко настроенный музыкальный инструмент. {PAWN_pronoun} чрезвычайно {PAWN_gender ? чувствителен : чувствительна} к психическим воздействиям.</PsychicSensitivity.degreeDatas.psychically_hypersensitive.description>
  <!-- EN: psychically sensitive -->
  <PsychicSensitivity.degreeDatas.psychically_sensitive.label>восприимчивость</PsychicSensitivity.degreeDatas.psychically_sensitive.label>
  <!-- EN: [PAWN_nameDef]'s mind is unusually sensitive to psychic phenomena. -->
  <PsychicSensitivity.degreeDatas.psychically_sensitive.description>Разум {PAWN_nameDef} чувствителен к психическим воздействиям.</PsychicSensitivity.degreeDatas.psychically_sensitive.description>
  <!-- EN: psychically dull -->
  <PsychicSensitivity.degreeDatas.psychically_dull.label>психическая устойчивость</PsychicSensitivity.degreeDatas.psychically_dull.label>
  <!-- EN: [PAWN_nameDef]'s mind is psychically out of tune with others. [PAWN_pronoun] isn't as affected by psychic phenomena. -->
  <PsychicSensitivity.degreeDatas.psychically_dull.description>{PAWN_nameDef} — психически устойчивая личность, которую мало что способно потревожить.</PsychicSensitivity.degreeDatas.psychically_dull.description>
  <!-- EN: psychically deaf -->
  <PsychicSensitivity.degreeDatas.psychically_deaf.label>психическая глухота</PsychicSensitivity.degreeDatas.psychically_deaf.label>
  <!-- EN: [PAWN_nameDef]'s mind works on a psychic frequency different from everyone else. [PAWN_pronoun] just isn't affected by psychic phenomena. -->
  <PsychicSensitivity.degreeDatas.psychically_deaf.description>Разум {PAWN_nameDef} работает на волне, отличной от всех остальных. {PAWN_pronoun} не подвергается влиянию психических воздействий.</PsychicSensitivity.degreeDatas.psychically_deaf.description>
  
  <!-- EN: careful shooter -->
  <ShootingAccuracy.degreeDatas.careful_shooter.label>аккуратный стрелок</ShootingAccuracy.degreeDatas.careful_shooter.label>
  <!-- EN: [PAWN_nameDef] takes more time to aim when shooting. [PAWN_pronoun] shoots less often than others, but with more accuracy. -->
  <ShootingAccuracy.degreeDatas.careful_shooter.description>{PAWN_nameDef} чаще других попадает в цель, но {PAWN_objective} нужно время, чтобы как следует прицелиться.</ShootingAccuracy.degreeDatas.careful_shooter.description>
  <!-- EN: trigger-happy -->
  <ShootingAccuracy.degreeDatas.triggerhappy.label>беспечный стрелок</ShootingAccuracy.degreeDatas.triggerhappy.label>
  <!-- EN: Pew! Pew! Pew! [PAWN_nameDef] just likes pulling the trigger. [PAWN_pronoun] shoots faster than others, but less accurately. -->
  <ShootingAccuracy.degreeDatas.triggerhappy.description>Пиу-пиу-пиу! {PAWN_nameDef} обожает жать на курок. Точность при этом страдает, но {PAWN_possessive} это не заботит, потому что пушки — это здорово!</ShootingAccuracy.degreeDatas.triggerhappy.description>
  
  <!-- EN: slowpoke -->
  <SpeedOffset.degreeDatas.slowpoke.label>медлительность</SpeedOffset.degreeDatas.slowpoke.label>
  <!-- EN: [PAWN_nameDef] is always falling behind the group whenever [PAWN_pronoun] goes anywhere. -->
  <SpeedOffset.degreeDatas.slowpoke.description>{PAWN_nameDef} всегда плетётся позади группы, когда и куда бы она не шла.</SpeedOffset.degreeDatas.slowpoke.description>
  <!-- EN: fast walker -->
  <SpeedOffset.degreeDatas.fast_walker.label>скороход</SpeedOffset.degreeDatas.fast_walker.label>
  <!-- EN: [PAWN_nameDef] likes to be where [PAWN_pronoun]'s going. [PAWN_pronoun] walks quicker than most people. -->
  <SpeedOffset.degreeDatas.fast_walker.description>{PAWN_nameDef} любит ходить пешком. {PAWN_pronoun} ходит быстрее, чем большинство людей.</SpeedOffset.degreeDatas.fast_walker.description>
  <!-- EN: jogger -->
  <SpeedOffset.degreeDatas.jogger.label>бегун</SpeedOffset.degreeDatas.jogger.label>
  <!-- EN: [PAWN_nameDef] always moves with a sense of urgency - so much so that others often fail to keep up. -->
  <SpeedOffset.degreeDatas.jogger.description>{PAWN_nameDef} всегда спешит. Да так сильно, что остальные угнаться не могут.</SpeedOffset.degreeDatas.jogger.description>
  
</LanguageData>