﻿<?xml version="1.0" encoding="UTF-8"?>
<LanguageData>
  
  <!-- EN: create incident -->
  <CreateIncident.label>создать происшествие</CreateIncident.label>
  
  <!-- EN: disable incident -->
  <DisableIncident.label>отключить происшествия</DisableIncident.label>
  
  <!-- EN: forced health condition -->
  <ForcedHediff.label>состояние здоровья</ForcedHediff.label>
  
  <!-- EN: forced trait -->
  <ForcedTrait.label>принудительные черты</ForcedTrait.label>
  
  <!-- EN: planetkiller weapon incoming -->
  <GameCondition_Planetkiller.label>приближается разрушитель планет</GameCondition_Planetkiller.label>
  
  <!-- EN: game start dialog -->
  <GameStartDialog.label>стартовый диалог</GameStartDialog.label>
  
  <!-- EN: naked -->
  <Naked.label>без одежды</Naked.label>
  
  <!-- EN: characters explode on death -->
  <OnPawnDeathExplode.label>персонажи взрываются при смерти</OnPawnDeathExplode.label>
  
  <!-- EN: allowed age range -->
  <PawnFilter_Age.label>возрастной диапазон</PawnFilter_Age.label>
  
  <!-- EN: permanent game condition -->
  <PermanentGameCondition.label>постоянные условия</PermanentGameCondition.label>
  
  <!-- EN: disallow building -->
  <Rule_DisallowBuilding.label>запретить строительство</Rule_DisallowBuilding.label>
  
  <!-- EN: cannot hunt -->
  <Rule_DisallowDesignator_Hunt.label>нельзя охотиться</Rule_DisallowDesignator_Hunt.label>
  <!-- EN: Cannot hunt. -->
  <Rule_DisallowDesignator_Hunt.description>Нельзя охотиться.</Rule_DisallowDesignator_Hunt.description>
  
  <!-- EN: cannot mine -->
  <Rule_DisallowDesignator_Mine.label>нельзя добывать</Rule_DisallowDesignator_Mine.label>
  <!-- EN: Cannot mine. -->
  <Rule_DisallowDesignator_Mine.description>Нельзя добывать.</Rule_DisallowDesignator_Mine.description>
  
  <!-- EN: cannot tame -->
  <Rule_DisallowDesignator_Tame.label>нельзя приручить</Rule_DisallowDesignator_Tame.label>
  <!-- EN: Cannot tame animals. -->
  <Rule_DisallowDesignator_Tame.description>Нельзя приручать животных.</Rule_DisallowDesignator_Tame.description>
  
  <!-- EN: cannot sow -->
  <Rule_DisallowDesignator_ZoneAdd_Growing.label>нельзя сеять</Rule_DisallowDesignator_ZoneAdd_Growing.label>
  <!-- EN: Cannot sow plants on the ground. -->
  <Rule_DisallowDesignator_ZoneAdd_Growing.description>Нельзя сеять растения на земле.</Rule_DisallowDesignator_ZoneAdd_Growing.description>
  
  <!-- EN: scattered randomly -->
  <ScatterThingsAnywhere.label>разбросать неподалёку</ScatterThingsAnywhere.label>
  
  <!-- EN: start near -->
  <ScatterThingsNearPlayerStart.label>начать рядом с</ScatterThingsNearPlayerStart.label>
  
  <!-- EN: set need level -->
  <SetNeedLevel.label>задать уровень потребностей</SetNeedLevel.label>
  
  <!-- EN: start with animal(s) -->
  <StartingAnimal.label>начать с животными</StartingAnimal.label>
  
  <!-- EN: start with research -->
  <StartingResearch.label>начать с исследованием</StartingResearch.label>
  
  <!-- EN: start with -->
  <StartingThing_Defined.label>начать с</StartingThing_Defined.label>
  
  <!-- EN: stat multiplier -->
  <StatFactor.label>множитель характеристик</StatFactor.label>
  
</LanguageData>