﻿<?xml version="1.0" encoding="UTF-8"?>
<LanguageData>
  
  <!-- EN: Custom -->
  <Custom.label>выбрать настройки</Custom.label>
  <!-- EN: This setting allows you to define your own playstyle in detail.\n\nRecommended for:\n\n- Players who are happy with one of the standard playstyles levels, but want to change a few things.\n- Players who want to experiment with something different. -->
  <Custom.description>Здесь вы можете детально настроить игру.\n\nРекомендуется для:\n\n- игроков, которых устраивают стандартные настройки, но которым хочется изменить некоторые вещи;\n- желающих поэкспериментировать.</Custom.description>
  
  <!-- EN: community builder -->
  <Easy.label>строительство</Easy.label>
  <!-- EN: Build a community with a taste of danger. Threats appear, but they're weakened.\n\nRecommended for:\n\n- Players who are new to this kind of game.\n- Players who want to build a perfect colony.\n- Players who want to relax. -->
  <Easy.description>Строительство поселения в преимущественно спокойной обстановке. Угрозы появляются, но они слабее, чем в остальных режимах.\n\nРекомендуется для:\n\n- новичков в жанре стратегий;\n- желающих без помех построить идеальное поселение;\n- тех, кто хочет просто расслабиться.</Easy.description>
  
  <!-- EN: losing is fun -->
  <Extreme.label>проигрывать — весело</Extreme.label>
  <!-- EN: This setting is designed to be unfair. Huge threats will crash upon you without mercy until your colony dies. Only choose this setting if you are happy with the drama of struggling and dying.\n\nRecommended for:\n\n- Experienced players who want to face a brutal, unfair challenge where even great skill may not prevent death.\n- Lovers of tragedy.\n- Digital masochists. -->
  <Extreme.description>Кошмарные угрозы будут безжалостно обрушиваться на вас одна за другой, пока вы не проиграете. Вам придётся отчаянно сражаться, строить всё заново из развалин, быть готовым ко всему и жертвовать самым дорогим. Злой рок будет вашим верным спутником на этом пути.\n\nРекомендуется для:\n\n- опытных игроков, любящих ценой пота, крови и слёз (самого игрока) выкручиваться из жесточайших ситуаций в шаткой надежде не потерять всё;\n- любителей трагедии;\n- цифровых мазохистов.</Extreme.description>
  
  <!-- EN: blood and dust -->
  <Hard.label>кровь и прах</Hard.label>
  <!-- EN: Face brutal survival challenges. Even if you play well, people will die. You will need to anticipate threats before they arrive, and seek out every advantage.\n\nRecommended for:\n\n- Experienced players who want to struggle to survive. -->
  <Hard.description>Выживание в битве против жестокого и несправедливого мира. Даже при хорошей игре из некоторых испытаний будет невозможно выбраться без потерь. Вам потребуется умение предвидеть угрозы до их возникновения и пользоваться любыми возможностями для получения преимущества.\n\nРекомендуется для опытных игроков, желающих бросить себе жестокий вызов.</Hard.description>
  
  <!-- EN: adventure story -->
  <Medium.label>приключенческий рассказ</Medium.label>
  <!-- EN: There's room to grow and thrive, but it's still a dangerous planet.\n\nRecommended for:\n\n- Experienced strategy gamers on their first game of RimWorld.\n- Experienced RimWorld players who want some breathing room to pursue funny or weird goals. -->
  <Medium.description>В этом режиме будет много возможностей для роста и процветания, но и опасности не заставят себя долго ждать.\n\nРекомендуется для:\n\n- первого прохождения игры любителям жанра стратегий;\n- опытных игроков в RimWorld, желающим получить простор для своих экспериментов.</Medium.description>
  
  <!-- EN: peaceful -->
  <Peaceful.label>безмятежность</Peaceful.label>
  <!-- EN: Build a community in a sandbox environment. Major direct threats are disabled, but challenges like disease, mental breaks, and mad animals can still occur.\n\nRecommended for:\n\n- Players who want to learn the game mechanics with minimal pressure.\n- Players who just want to build.\n- Players who just want to relax. -->
  <Peaceful.description>Режим песочницы. Отключены события, угрожающие поселению, однако поселенцы всё равно могут болеть и испытывать нервные срывы, а животные — иногда сходить с ума.\n\nРекомендуется для:\n\n- игроков, которые хотят изучить механики игры с минимальными затруднениями;\n- тех, кто любит строить;\n- желающих расслабиться.</Peaceful.description>
  
  <!-- EN: strive to survive -->
  <Rough.label>борьба за выживание</Rough.label>
  <!-- EN: Strive to survive on a rough, tough planet. There will be triumph and tragedy.\n\nRecommended for:\n\n- Experienced players who want a rough story requiring skill to survive. -->
  <Rough.description>Выживание на суровой и неприветливой планете. Вас ждут расцвет и упадок, триумф и трагедия.\n\nРекомендуется для опытных игроков, ищущих возможность испытать свои навыки и поучаствовать в захватывающей истории.</Rough.description>
  
</LanguageData>