﻿<?xml version="1.0" encoding="UTF-8"?>
<LanguageData>
  
  <!-- EN: Crashlanded -->
  <Crashlanded.label>аварийная посадка</Crashlanded.label>
  <!-- EN: The three of you awake in your cryptosleep sarcophagi to the sound of sirens and ripping metal. You barely get to the escape pods before the ship is torn apart. Some time later, you land on this unknown rimworld. -->
  <Crashlanded.description>Трое из вас просыпаются в саркофагах криптосна под звук сирен и скрежет металла. Вам едва удаётся добраться до спасательных капсул, прежде чем корабль разрывает на части. Спустя некоторое время капсулы оказываются на поверхности неизведанного окраинного мира.</Crashlanded.description>
  <!-- EN: The three of you awake in your cryptosleep sarcophagi to the sound of sirens and ripping metal. You barely get to the escape pods before the ship is torn apart. Some time later, you land on this unknown rimworld. -->
  <Crashlanded.scenario.description>Трое из вас просыпаются в саркофагах криптосна под звук сирен и скрежет металла. Вам едва удаётся добраться до спасательных капсул, прежде чем корабль разрывает на части. Спустя некоторое время капсулы оказываются на поверхности неизведанного окраинного мира.</Crashlanded.scenario.description>
  <!-- EN: Crashlanded -->
  <Crashlanded.scenario.name>Аварийная посадка</Crashlanded.scenario.name>
  <!-- EN: Three crashlanded survivors - the classic RimWorld experience. -->
  <Crashlanded.scenario.summary>Трое выживших, совершивших аварийную посадку, — классический сценарий RimWorld.</Crashlanded.scenario.summary>
  
  <!-- EN: Lost Tribe -->
  <LostTribe.label>потерянное племя</LostTribe.label>
  <!-- EN: Your tribe was destroyed by the great blood machines sent by the gods. Five of you managed to escape. Now, it's time to build up a new home.\n\nNote: Since you'll start poor and lack technology, this is a difficult scenario. -->
  <LostTribe.description>Ваше племя было уничтожено великими кровавыми машинами, посланными богами. Пятерым из вас удаётся спастись. Пришло время построить новый дом.\n\nВнимание: из-за примитивных, неразвитых технологий и минимальных начальных ресурсов этот сценарий представляет высокую сложность.</LostTribe.description>
  <!-- EN: Your tribe was destroyed by the great blood machines sent by the gods. Five of you managed to escape. Now, it's time to build up a new home.\n\nNote: Since you'll start poor and lack technology, this is a difficult scenario. -->
  <LostTribe.scenario.description>Ваше племя было уничтожено великими кровавыми машинами, посланными богами. Пятерым из вас удаётся спастись. Пришло время построить новый дом.\n\nВнимание: из-за примитивных, неразвитых технологий и минимальных начальных ресурсов этот сценарий представляет высокую сложность.</LostTribe.scenario.description>
  <!-- EN: Lost Tribe -->
  <LostTribe.scenario.name>Потерянное племя</LostTribe.scenario.name>
  <!-- EN: The gods were very angry. The blood machines came at night. They swept through your village, cutting and burning your people with their blades and devil-fire.\n\nOnly a few of you escaped.\n\nNow, after a harrowing journey, with no friends to turn to, you must build a new home in the wilderness - like your ancestors did. -->
  <LostTribe.scenario.parts.GameStartDialog.text>Боги были разгневаны. Кровавые машины пришли ночью. Они пронеслись по вашей деревне, сжигая всё и вся дьявольским огнём.\n\nУцелели лишь немногие, и обращаться за помощью не к кому.\n\nТеперь, после мучительного путешествия, вы должны, подобно своим предкам, построить новый дом в этой глуши.</LostTribe.scenario.parts.GameStartDialog.text>
  <!-- EN: Five lost tribespeople attempt to rebuild. Difficult. -->
  <LostTribe.scenario.summary>Пять членов потерянного племени пытаются заново наладить свою жизнь. Сложный сценарий.</LostTribe.scenario.summary>
  
  <!-- EN: Naked Brutality -->
  <NakedBrutality.label>неприкрытая жестокость</NakedBrutality.label>
  <!-- EN: You went under anesthetic for a minor surgery. Now you've awoken in a drop pod crashing into a distant planet. You're naked, alone, and totally unprepared. Can you survive?\n\nWarning: There is nothing fair about this scenario - it is extremely difficult and death can happen for any reason. -->
  <NakedBrutality.description>Последнее, что вы помните, — это как вас вводят в наркоз перед лёгкой операцией. А теперь вы просыпаетесь в капсуле, мчащейся к поверхности далёкой планеты, в одиночестве, без снаряжения и даже без одежды. Удастся ли вам выжить?\n\nВнимание: этот сценарий имеет крайне высокую сложность, вы можете проиграть по любой причине.</NakedBrutality.description>
  <!-- EN: You went under anesthetic for a minor surgery. Now you've awoken in a drop pod crashing into a distant planet. You're naked, alone, and totally unprepared. Can you survive?\n\nWarning: There is nothing fair about this scenario - it is extremely difficult and death can happen for any reason. -->
  <NakedBrutality.scenario.description>Последнее, что вы помните, — это как вас вводят в наркоз перед лёгкой операцией. А теперь вы просыпаетесь в капсуле, мчащейся к поверхности далёкой планеты, в одиночестве, без снаряжения и даже без одежды. Удастся ли вам выжить?\n\nВнимание: этот сценарий имеет крайне высокую сложность, вы можете проиграть по любой причине.</NakedBrutality.scenario.description>
  <!-- EN: Naked Brutality -->
  <NakedBrutality.scenario.name>Неприкрытая жестокость</NakedBrutality.scenario.name>
  <!-- EN: It was supposed to be a minor surgery. Just an hour under anesthetic. You felt totally safe.\n\nNow you've awoken inside a drop pod punching through the atmosphere of a distant rimworld.\n\nAside from a slick of mysterious goo all over your body, you are totally naked. With no preparation, no supplies, and no tools, can you survive? -->
  <NakedBrutality.scenario.parts.GameStartDialog.text>Предполагалось, что операция будет лёгкой: всего час под общим наркозом. Вы чувствовали себя в безопасности.\n\nА теперь вы просыпаетесь внутри спасательной капсулы, пробивающейся сквозь плотные слои атмосферы какого-то окраинного мира.\n\nЕсли не брать в расчёт странную жижу, покрывающую всё ваше тело, на вас абсолютно ничего нет. Без подготовки, без припасов, без инструментов — как выжить?</NakedBrutality.scenario.parts.GameStartDialog.text>
  <!-- EN: Naked, alone, and utterly unprepared. Can you survive? Extremely difficult and unfair. -->
  <NakedBrutality.scenario.summary>В одиночестве, без одежды, без ресурсов. Выживете ли вы? Скорее всего, нет. Экстремально сложный сценарий.</NakedBrutality.scenario.summary>
  
  <!-- EN: The Rich Explorer -->
  <TheRichExplorer.label>богатый исследователь</TheRichExplorer.label>
  <!-- EN: People called you crazy for leaving your glitterworld home, but you always yearned to explore the stars - outside the neurosimulator. Now you're at the end of your long journey in cryptosleep, landing on an unknown rimworld to see what it's like.\n\nNote: Since your starting character will lack some skills, this is an especially difficult scenario in the early game. -->
  <TheRichExplorer.description>Из-за того, что вы покинули свой уютный утопический мир, люди называли вас сумасшедшим, но вы всегда жаждали исследовать звёзды за пределами нейросимулятора. Наконец, после долгого путешествия в криптосне вы совершили посадку на неизвестной планете, полной загадок.\n\nВнимание: поскольку ваш персонаж не владеет некоторыми навыками, этот сценарий имеет крайне высокую сложность на ранних этапах игры.</TheRichExplorer.description>
  <!-- EN: People called you crazy for leaving your glitterworld home, but you always yearned to explore the stars - outside the neurosimulator. Now you're at the end of your long journey in cryptosleep, landing on an unknown rimworld to see what it's like.\n\nNote: Since your starting character will lack some skills, this is an especially difficult scenario in the early game. -->
  <TheRichExplorer.scenario.description>Из-за того, что вы покинули свой уютный утопический мир, люди называли вас сумасшедшим, но вы всегда жаждали исследовать звёзды за пределами нейросимулятора. Наконец, после долгого путешествия в криптосне вы совершили посадку на неизвестной планете, полной загадок.\n\nВнимание: поскольку ваш персонаж не владеет некоторыми навыками, этот сценарий имеет крайне высокую сложность на ранних этапах игры.</TheRichExplorer.scenario.description>
  <!-- EN: The Rich Explorer -->
  <TheRichExplorer.scenario.name>Богатый исследователь</TheRichExplorer.scenario.name>
  <!-- EN: The neurosimulations, holo-games, and free-orgies were never enough for you. You wanted more - the grit and consequence of real life, like they talk about in the history books. You wanted to know what real challenge and consequence feel like.\n\nNow, after a journey of decades in cryptosleep, you're landing on this unknown rimworld. Real consequences await you. -->
  <TheRichExplorer.scenario.parts.GameStartDialog.text>Нейросимуляторы, голографические игры и виртуальная реальность наскучили вам. Вы хотели большего — тягот и лишений настоящей жизни, о которой читали в книгах по истории. Вы хотели на своей шкуре прочувствовать настоящие суровые испытания.\n\nНаконец, после десятилетий в криптосне, вы приземляетесь на неизвестный окраинный мир. Суровые испытания ждут вас.</TheRichExplorer.scenario.parts.GameStartDialog.text>
  <!-- EN: One rich explorer out to experience the universe. Extra difficult. -->
  <TheRichExplorer.scenario.summary>Богатый исследователь, путешествующий по Галактике. Очень сложный сценарий.</TheRichExplorer.scenario.summary>
  
  <!-- EN: tutorial -->
  <Tutorial.label>Обучение</Tutorial.label>
  <!-- EN: The three of you awake in your cryptosleep sarcophagi to the sound of sirens and ripping metal. You barely get to the escape pods before the ship is torn apart. Some time later, you land on this unknown rimworld. -->
  <Tutorial.description>Трое из вас просыпаются в саркофагах криптосна под звук сирен и скрежет металла. Вам едва удаётся добраться до спасательных капсул, прежде чем корабль разрывает на части. Спустя некоторое время капсулы оказываются на поверхности неизведанного окраинного мира.</Tutorial.description>
  <!-- EN: The three of you awake in your cryptosleep sarcophagi to the sound of sirens and ripping metal. You barely get to the escape pods before the ship is torn apart. Some time later, you land on this unknown rimworld. -->
  <Tutorial.scenario.description>Трое из вас просыпаются в саркофагах криптосна под звук сирен и скрежет металла. Вам едва удаётся добраться до спасательных капсул, прежде чем корабль разрывает на части. Спустя некоторое время капсулы оказываются на поверхности неизведанного окраинного мира.</Tutorial.scenario.description>
  <!-- EN: tutorial -->
  <Tutorial.scenario.name>Обучение</Tutorial.scenario.name>
  <!-- EN: Three crashlanded survivors - the classic RimWorld experience. -->
  <Tutorial.scenario.summary>Трое выживших, совершивших аварийную посадку, — классический сценарий RimWorld.</Tutorial.scenario.summary>
  
</LanguageData>