﻿<?xml version="1.0" encoding="UTF-8"?>
<LanguageData>
  
  <!-- EN: Ability -->
  <Ability.label>Способность</Ability.label>
  
  <!-- EN: Apparel -->
  <Apparel.label>Одежда</Apparel.label>
  
  <!-- EN: Basics -->
  <Basics.label>Базовые</Basics.label>
  
  <!-- EN: Basics -->
  <BasicsImportant.label>Базовые</BasicsImportant.label>
  
  <!-- EN: Basics -->
  <BasicsNonPawn.label>Базовые</BasicsNonPawn.label>
  
  <!-- EN: Basics -->
  <BasicsNonPawnImportant.label>Базовые</BasicsNonPawnImportant.label>
  
  <!-- EN: Basics -->
  <BasicsPawn.label>Базовые</BasicsPawn.label>
  
  <!-- EN: Basics -->
  <BasicsPawnImportant.label>Базовые</BasicsPawnImportant.label>
  
  <!-- EN: Building -->
  <Building.label>Строение</Building.label>
  
  <!-- EN: effects -->
  <CapacityEffects.label>модификаторы</CapacityEffects.label>
  
  <!-- EN: Drug -->
  <Drug.label>Наркотик</Drug.label>
  
  <!-- EN: drug addiction -->
  <DrugAddiction.label>зависимость от вещества</DrugAddiction.label>
  
  <!-- EN: Offsets when equipped -->
  <EquippedStatOffsets.label>Модификаторы при экипировке</EquippedStatOffsets.label>
  
  <!-- EN: Implant -->
  <Implant.label>Имплант</Implant.label>
  
  <!-- EN: Meditation -->
  <Meditation.label>Медитация</Meditation.label>
  
  <!-- EN: Combat -->
  <PawnCombat.label>Боевые</PawnCombat.label>
  
  <!-- EN: Misc -->
  <PawnMisc.label>Разные</PawnMisc.label>
  
  <!-- EN: Social -->
  <PawnSocial.label>Социальные</PawnSocial.label>
  
  <!-- EN: Work -->
  <PawnWork.label>Рабочие</PawnWork.label>
  
  <!-- EN: Multipliers when equipment made of this -->
  <StuffOfEquipmentStatFactors.label>Множители, если снаряжение сделано из этого</StuffOfEquipmentStatFactors.label>
  
  <!-- EN: Multipliers when made of this -->
  <StuffStatFactors.label>Множители, если предмет сделан из этого</StuffStatFactors.label>
  
  <!-- EN: Offsets when made of this -->
  <StuffStatOffsets.label>Модификаторы, если предмет сделан из этого</StuffStatOffsets.label>
  
  <!-- EN: Surgical -->
  <Surgery.label>Хирургическое</Surgery.label>
  
  <!-- EN: Weapon -->
  <Weapon.label>Оружие</Weapon.label>
  
</LanguageData>