﻿<?xml version="1.0" encoding="UTF-8"?>
<LanguageData>
  
  <!-- EN: arresting TargetA. -->
  <Arrest.reportString>арестовывает TargetA</Arrest.reportString>
  
  <!-- EN: building roof. -->
  <BuildRoof.reportString>сооружает крышу</BuildRoof.reportString>
  
  <!-- EN: capturing TargetA. -->
  <Capture.reportString>захватывает TargetA</Capture.reportString>
  
  <!-- EN: carrying TargetA. -->
  <CarryDownedPawnToExit.reportString>уносит TargetA</CarryDownedPawnToExit.reportString>
  
  <!-- EN: carrying TargetA to cryptosleep casket. -->
  <CarryToCryptosleepCasket.reportString>несёт TargetA в саркофаг криптосна</CarryToCryptosleepCasket.reportString>
  
  <!-- EN: cleaning TargetA. -->
  <Clean.reportString>убирает TargetA</Clean.reportString>
  
  <!-- EN: cutting TargetA. -->
  <CutPlant.reportString>рубит TargetA</CutPlant.reportString>
  
  <!-- EN: cutting TargetA. -->
  <CutPlantDesignated.reportString>рубит TargetA</CutPlantDesignated.reportString>
  
  <!-- EN: deconstructing TargetA. -->
  <Deconstruct.reportString>разбирает TargetA</Deconstruct.reportString>
  
  <!-- EN: feeding TargetA to TargetB. -->
  <DeliverFood.reportString>несёт TargetA для TargetB</DeliverFood.reportString>
  
  <!-- EN: doing bill at TargetA. -->
  <DoBill.reportString>делает необходимое для TargetA</DoBill.reportString>
  
  <!-- EN: escorting prisoner TargetA. -->
  <EscortPrisonerToBed.reportString>сопровождает пленника TargetA</EscortPrisonerToBed.reportString>
  
  <!-- EN: feeding TargetA to TargetB. -->
  <FeedPatient.reportString>скармливает TargetA TargetB</FeedPatient.reportString>
  
  <!-- EN: building TargetA. -->
  <FinishFrame.reportString>строит TargetA</FinishFrame.reportString>
  
  <!-- EN: replacing broken components in TargetA. -->
  <FixBrokenDownBuilding.reportString>заменяет неисправные части в TargetA</FixBrokenDownBuilding.reportString>
  
  <!-- EN: harvesting TargetA. -->
  <Harvest.reportString>собирает TargetA</Harvest.reportString>
  
  <!-- EN: harvesting TargetA. -->
  <HarvestDesignated.reportString>собирает TargetA</HarvestDesignated.reportString>
  
  <!-- EN: hauling TargetA. -->
  <HaulToCell.reportString>несёт TargetA</HaulToCell.reportString>
  
  <!-- EN: hauling TargetA. -->
  <HaulToContainer.reportString>несёт TargetA</HaulToContainer.reportString>
  
  <!-- EN: hunting TargetA. -->
  <Hunt.reportString>охотится на TargetA</Hunt.reportString>
  
  <!-- EN: kidnapping TargetA. -->
  <Kidnap.reportString>похищает TargetA</Kidnap.reportString>
  
  <!-- EN: milking TargetA. -->
  <Milk.reportString>доит TargetA</Milk.reportString>
  
  <!-- EN: digging at TargetA. -->
  <Mine.reportString>копает TargetA</Mine.reportString>
  
  <!-- EN: drilling at TargetA. -->
  <OperateDeepDrill.reportString>выполняет бурение, используя TargetA</OperateDeepDrill.reportString>
  
  <!-- EN: scanning at TargetA. -->
  <OperateScanner.reportString>выполняет сканирование, используя TargetA</OperateScanner.reportString>
  
  <!-- EN: building TargetA. -->
  <PlaceNoCostFrame.reportString>строит TargetA</PlaceNoCostFrame.reportString>
  
  <!-- EN: attempting to recruit TargetA. -->
  <PrisonerAttemptRecruit.reportString>пытается завербовать TargetA</PrisonerAttemptRecruit.reportString>
  
  <!-- EN: executing TargetA. -->
  <PrisonerExecution.reportString>казнит TargetA</PrisonerExecution.reportString>
  
  <!-- EN: releasing TargetA. -->
  <ReleasePrisoner.reportString>отпускает TargetA</ReleasePrisoner.reportString>
  
  <!-- EN: removing floor. -->
  <RemoveFloor.reportString>снимает покрытие</RemoveFloor.reportString>
  
  <!-- EN: removing roof. -->
  <RemoveRoof.reportString>разбирает крышу</RemoveRoof.reportString>
  
  <!-- EN: repairing TargetA. -->
  <Repair.reportString>чинит TargetA</Repair.reportString>
  
  <!-- EN: rescuing TargetA. -->
  <Rescue.reportString>спасает TargetA</Rescue.reportString>
  
  <!-- EN: researching. -->
  <Research.reportString>исследует</Research.reportString>
  
  <!-- EN: shearing TargetA. -->
  <Shear.reportString>стрижёт TargetA</Shear.reportString>
  
  <!-- EN: slaughtering TargetA. -->
  <Slaughter.reportString>забивает TargetA</Slaughter.reportString>
  
  <!-- EN: smoothing floor. -->
  <SmoothFloor.reportString>выравнивает полы</SmoothFloor.reportString>
  
  <!-- EN: smoothing wall. -->
  <SmoothWall.reportString>выравнивает стены</SmoothWall.reportString>
  
  <!-- EN: sowing TargetA. -->
  <Sow.reportString>засеивает TargetA</Sow.reportString>
  
  <!-- EN: stealing TargetA. -->
  <Steal.reportString>крадёт TargetA</Steal.reportString>
  
  <!-- EN: taking TargetA to bed. -->
  <TakeToBedToOperate.reportString>относит TargetA на кровать</TakeToBedToOperate.reportString>
  
  <!-- EN: taking wounded prisoner TargetA. -->
  <TakeWoundedPrisonerToBed.reportString>относит раненого пленника TargetA</TakeWoundedPrisonerToBed.reportString>
  
  <!-- EN: taming TargetA. -->
  <Tame.reportString>приручает TargetA</Tame.reportString>
  
  <!-- EN: tending to TargetA. -->
  <TendPatient.reportString>лечит TargetA</TendPatient.reportString>
  
  <!-- EN: training TargetA. -->
  <Train.reportString>тренирует TargetA</Train.reportString>
  
  <!-- EN: uninstalling TargetA. -->
  <Uninstall.reportString>демонтирует TargetA</Uninstall.reportString>
  
  <!-- EN: using comms console. -->
  <UseCommsConsole.reportString>использует консоль связи</UseCommsConsole.reportString>
  
</LanguageData>