﻿<?xml version="1.0" encoding="UTF-8"?>
<LanguageData>
  
  <!-- EN: laying egg. -->
  <LayEgg.reportString>откладывает яйца</LayEgg.reportString>
  
  <!-- EN: maintaining TargetA. -->
  <Maintain.reportString>обслуживает TargetA</Maintain.reportString>
  
  <!-- EN: mating with TargetA. -->
  <Mate.reportString>спаривается с TargetA</Mate.reportString>
  
  <!-- EN: nuzzling TargetA. -->
  <Nuzzle.reportString>ласкается к TargetA</Nuzzle.reportString>
  
  <!-- EN: hunting TargetA. -->
  <PredatorHunt.reportString>охотится на TargetA</PredatorHunt.reportString>
  
</LanguageData>