﻿<?xml version="1.0" encoding="UTF-8"?>
<LanguageData>
  
  <!-- EN: building snowman. -->
  <BuildSnowman.reportString>лепит снеговика</BuildSnowman.reportString>
  
  <!-- EN: going for a walk. -->
  <GoForWalk.reportString>гуляет</GoForWalk.reportString>
  
  <!-- EN: meditating. -->
  <Meditate.reportString>медитирует</Meditate.reportString>
  
  <!-- EN: playing billiards. -->
  <Play_Billiards.reportString>играет в бильярд</Play_Billiards.reportString>
  
  <!-- EN: playing chess. -->
  <Play_Chess.reportString>играет в шахматы</Play_Chess.reportString>
  
  <!-- EN: playing the game of Ur. -->
  <Play_GameOfUr.reportString>играет в Ур</Play_GameOfUr.reportString>
  
  <!-- EN: playing hoopstone. -->
  <Play_Hoopstone.reportString>бросает камни</Play_Hoopstone.reportString>
  
  <!-- EN: playing horseshoes. -->
  <Play_Horseshoes.reportString>мечет подковы</Play_Horseshoes.reportString>
  
  <!-- EN: playing poker. -->
  <Play_Poker.reportString>играет в покер</Play_Poker.reportString>
  
  <!-- EN: praying. -->
  <Pray.reportString>молится</Pray.reportString>
  
  <!-- EN: skygazing. -->
  <Skygaze.reportString>смотрит в небо</Skygaze.reportString>
  
  <!-- EN: relaxing socially. -->
  <SocialRelax.reportString>социально расслабляется</SocialRelax.reportString>
  
  <!-- EN: using telescope. -->
  <UseTelescope.reportString>наблюдает в телескоп</UseTelescope.reportString>
  
  <!-- EN: viewing art. -->
  <ViewArt.reportString>любуется произведением искусства</ViewArt.reportString>
  
  <!-- EN: visiting grave. -->
  <VisitGrave.reportString>посещает могилу</VisitGrave.reportString>
  
  <!-- EN: cheering up patient TargetA. -->
  <VisitSickPawn.reportString>ободряет пациента TargetA</VisitSickPawn.reportString>
  
  <!-- EN: watching television. -->
  <WatchTelevision.reportString>смотрит телевизор</WatchTelevision.reportString>
  
</LanguageData>