﻿<?xml version="1.0" encoding="UTF-8"?>
<LanguageData>
  
  <!-- EN: applying TargetB. -->
  <ApplyTechprint.reportString>применяет чертёж TargetB</ApplyTechprint.reportString>
  
  <!-- EN: melee attacking TargetA. -->
  <AttackMelee.reportString>бьёт TargetA</AttackMelee.reportString>
  
  <!-- EN: attacking TargetA. -->
  <AttackStatic.reportString>атакует TargetA</AttackStatic.reportString>
  
  <!-- EN: beating fire out. -->
  <BeatFire.reportString>сбивает огонь</BeatFire.reportString>
  
  <!-- EN: Doing something. -->
  <CastAbilityOnThing.reportString>что-то делает</CastAbilityOnThing.reportString>
  
  <!-- EN: Doing something. -->
  <CastAbilityOnThingMelee.reportString>что-то делает</CastAbilityOnThingMelee.reportString>
  
  <!-- EN: Doing something. -->
  <CastAbilityOnThingUninterruptible.reportString>что-то делает</CastAbilityOnThingUninterruptible.reportString>
  
  <!-- EN: Doing something. -->
  <CastAbilityOnWorldTile.reportString>что-то делает</CastAbilityOnWorldTile.reportString>
  
  <!-- EN: Doing something. -->
  <CastJump.reportString>что-то делает</CastJump.reportString>
  
  <!-- EN: clearing snow. -->
  <ClearSnow.reportString>чистит снег</ClearSnow.reportString>
  
  <!-- EN: dropping TargetA. -->
  <DropEquipment.reportString>бросает TargetA</DropEquipment.reportString>
  
  <!-- EN: entering cryptosleep casket. -->
  <EnterCryptosleepCasket.reportString>ложится в саркофаг криптосна</EnterCryptosleepCasket.reportString>
  
  <!-- EN: entering TargetA. -->
  <EnterTransporter.reportString>садится в TargetA</EnterTransporter.reportString>
  
  <!-- EN: equipping TargetA. -->
  <Equip.reportString>берёт оружие: TargetA</Equip.reportString>
  
  <!-- EN: extinguishing self. -->
  <ExtinguishSelf.reportString>тушит себя</ExtinguishSelf.reportString>
  
  <!-- EN: filling TargetA. -->
  <FillFermentingBarrel.reportString>наполняет TargetA</FillFermentingBarrel.reportString>
  
  <!-- EN: fleeing. -->
  <Flee.reportString>спасается бегством</Flee.reportString>
  
  <!-- EN: fleeing. -->
  <FleeAndCower.reportString>убегает и прячется</FleeAndCower.reportString>
  
  <!-- EN: flicking switch. -->
  <Flick.reportString>переключает</Flick.reportString>
  
  <!-- EN: following TargetA. -->
  <Follow.reportString>следует за TargetA</Follow.reportString>
  
  <!-- EN: following TargetA. -->
  <FollowClose.reportString>следует за TargetA</FollowClose.reportString>
  
  <!-- EN: taking TargetA. -->
  <GiveToPackAnimal.reportString>подбирает TargetA</GiveToPackAnimal.reportString>
  
  <!-- EN: moving. -->
  <Goto.reportString>идёт</Goto.reportString>
  
  <!-- EN: moving. -->
  <GotoMindControlled.reportString>идёт</GotoMindControlled.reportString>
  
  <!-- EN: seeking safe temperature. -->
  <GotoSafeTemperature.reportString>ищет комфортную температуру</GotoSafeTemperature.reportString>
  
  <!-- EN: wandering. -->
  <GotoWander.reportString>гуляет</GotoWander.reportString>
  
  <!-- EN: hauling TargetA. -->
  <HaulCorpseToPublicPlace.reportString>тащит TargetA</HaulCorpseToPublicPlace.reportString>
  
  <!-- EN: hauling TargetA. -->
  <HaulToTransporter.reportString>тащит TargetA</HaulToTransporter.reportString>
  
  <!-- EN: igniting TargetA. -->
  <Ignite.reportString>поджигает TargetA</Ignite.reportString>
  
  <!-- EN: inducing TargetA to escape. -->
  <InducePrisonerToEscape.reportString>склоняет TargetA к побегу</InducePrisonerToEscape.reportString>
  
  <!-- EN: consuming TargetA. -->
  <Ingest.reportString>ест TargetA</Ingest.reportString>
  
  <!-- EN: insulting TargetA. -->
  <Insult.reportString>оскорбляет TargetA</Insult.reportString>
  
  <!-- EN: lying down. -->
  <LayDown.reportString>ложится</LayDown.reportString>
  
  <!-- EN: lovin'. -->
  <Lovin.reportString>занимается любовью</Lovin.reportString>
  
  <!-- EN: operating turret. -->
  <ManTurret.reportString>работает с орудием</ManTurret.reportString>
  
  <!-- EN: helping TargetA. -->
  <OfferHelp.reportString>помогает TargetA</OfferHelp.reportString>
  
  <!-- EN: opening TargetA. -->
  <Open.reportString>открывает TargetA</Open.reportString>
  
  <!-- EN: rearming TargetA. -->
  <RearmTurret.reportString>перезаряжает TargetA</RearmTurret.reportString>
  
  <!-- EN: rearming TargetA. -->
  <RearmTurretAtomic.reportString>перезаряжает TargetA</RearmTurretAtomic.reportString>
  
  <!-- EN: refueling TargetA. -->
  <Refuel.reportString>заправляет TargetA</Refuel.reportString>
  
  <!-- EN: refueling TargetA. -->
  <RefuelAtomic.reportString>заправляет TargetA</RefuelAtomic.reportString>
  
  <!-- EN: reloading TargetA. -->
  <Reload.reportString>перезаряжает TargetA</Reload.reportString>
  
  <!-- EN: removing TargetA. -->
  <RemoveApparel.reportString>снимает TargetA</RemoveApparel.reportString>
  
  <!-- EN: resurrecting TargetA. -->
  <Resurrect.reportString>воскрешает TargetA</Resurrect.reportString>
  
  <!-- EN: fighting with TargetA. -->
  <SocialFight.reportString>бранится с TargetA</SocialFight.reportString>
  
  <!-- EN: stripping TargetA. -->
  <Strip.reportString>раздевает TargetA</Strip.reportString>
  
  <!-- EN: taking beer out of TargetA. -->
  <TakeBeerOutOfFermentingBarrel.reportString>сливает пиво из TargetA</TakeBeerOutOfFermentingBarrel.reportString>
  
  <!-- EN: taking TargetA to inventory. -->
  <TakeInventory.reportString>подбирает TargetA</TakeInventory.reportString>
  
  <!-- EN: trading with TargetA. -->
  <TradeWithPawn.reportString>торгует с TargetA</TradeWithPawn.reportString>
  
  <!-- EN: triggering firefoam popper. -->
  <TriggerFirefoamPopper.reportString>активирует хлопушку с пожарной пеной</TriggerFirefoamPopper.reportString>
  
  <!-- EN: unloading TargetA. -->
  <UnloadInventory.reportString>разгружает TargetA</UnloadInventory.reportString>
  
  <!-- EN: unloading inventory. -->
  <UnloadYourInventory.reportString>выгружает вещи</UnloadYourInventory.reportString>
  
  <!-- EN: activating artifact. -->
  <UseArtifact.reportString>активирует артефакт</UseArtifact.reportString>
  
  <!-- EN: using TargetA. -->
  <UseItem.reportString>использует TargetA</UseItem.reportString>
  
  <!-- EN: using neurotrainer. -->
  <UseNeurotrainer.reportString>использует нейротренер</UseNeurotrainer.reportString>
  
  <!-- EN: Doing something. -->
  <UseVerbOnThing.reportString>чем-то занимается</UseVerbOnThing.reportString>
  
  <!-- EN: Doing something. -->
  <UseVerbOnThingStatic.reportString>чем-то занимается</UseVerbOnThingStatic.reportString>
  
  <!-- EN: vomiting. -->
  <Vomit.reportString>блюёт</Vomit.reportString>
  
  <!-- EN: standing. -->
  <Wait.reportString>стоит</Wait.reportString>
  
  <!-- EN: watching for targets. -->
  <Wait_Combat.reportString>ищет цель</Wait_Combat.reportString>
  
  <!-- EN: downed. -->
  <Wait_Downed.reportString>сражён</Wait_Downed.reportString>
  
  <!-- EN: standing. -->
  <Wait_MaintainPosture.reportString>стоит</Wait_MaintainPosture.reportString>
  
  <!-- EN: waiting in safe temperature. -->
  <Wait_SafeTemperature.reportString>ожидает в комфортной температуре</Wait_SafeTemperature.reportString>
  
  <!-- EN: wandering. -->
  <Wait_Wander.reportString>дышит свежим воздухом</Wait_Wander.reportString>
  
  <!-- EN: wearing TargetA. -->
  <Wear.reportString>надевает TargetA</Wear.reportString>
  
</LanguageData>