﻿<?xml version="1.0" encoding="UTF-8"?>
<LanguageData>
  
  <!-- EN: talking. -->
  <GiveSpeech.reportString>произносит речь</GiveSpeech.reportString>
  
  <!-- EN: marrying TargetA. -->
  <MarryAdjacentPawn.reportString>женится на TargetA</MarryAdjacentPawn.reportString>
  
  <!-- EN: spectating. -->
  <SpectateCeremony.reportString>наблюдает за церемонией</SpectateCeremony.reportString>
  
  <!-- EN: relaxing socially. -->
  <StandAndBeSociallyActive.reportString>социально отдыхает</StandAndBeSociallyActive.reportString>
  
</LanguageData>