﻿<?xml version="1.0" encoding="UTF-8"?>
<LanguageData>
  
  <!-- EN: drifter -->
  <Drifter.label>бродяга</Drifter.label>
  <Drifter.labelPlural>бродяги</Drifter.labelPlural>
  
  <!-- EN: pirate gunner -->
  <Pirate.label>пират</Pirate.label>
  <Pirate.labelPlural>пираты</Pirate.labelPlural>
  
  <!-- EN: scavenger gunner -->
  <Scavenger.label>стервятник</Scavenger.label>
  <Scavenger.labelFemale>стервятница</Scavenger.labelFemale>
  <Scavenger.labelPlural>стервятники</Scavenger.labelPlural>
  
  <!-- EN: scavenger thrasher -->
  <Thrasher.label>вышибала</Thrasher.label>
  <Thrasher.labelPlural>вышибалы</Thrasher.labelPlural>
  
</LanguageData>