﻿<?xml version="1.0" encoding="UTF-8"?>
<LanguageData>
  
  <!-- EN: colonist -->
  <Colonist.label>житель</Colonist.label>
  <Colonist.labelFemale>жительница</Colonist.labelFemale>
  <Colonist.labelPlural>жители</Colonist.labelPlural>
  
  <!-- EN: member -->
  <Tribesperson.label>абориген</Tribesperson.label>
  <Tribesperson.labelFemale>аборигенка</Tribesperson.labelFemale>
  <Tribesperson.labelPlural>аборигены</Tribesperson.labelPlural>
  
</LanguageData>