﻿<?xml version="1.0" encoding="UTF-8"?>
<LanguageData>
  
  <!-- EN: archer -->
  <Tribal_Archer.label>лучник</Tribal_Archer.label>
  <Tribal_Archer.labelFemale>лучница</Tribal_Archer.labelFemale>
  <Tribal_Archer.labelMale>лучник</Tribal_Archer.labelMale>
  <Tribal_Archer.labelPlural>лучники</Tribal_Archer.labelPlural>
  
  <!-- EN: berserker -->
  <Tribal_Berserker.label>берсерк</Tribal_Berserker.label>
  <Tribal_Berserker.labelPlural>берсерки</Tribal_Berserker.labelPlural>
  
  <!-- EN: berserker chief -->
  <Tribal_ChiefMelee.label>вождь-берсерк</Tribal_ChiefMelee.label>
  <Tribal_ChiefMelee.labelPlural>вожди-берсерки</Tribal_ChiefMelee.labelPlural>
  
  <!-- EN: archer chief -->
  <Tribal_ChiefRanged.label>вождь-лучник</Tribal_ChiefRanged.label>
  <Tribal_ChiefRanged.labelPlural>вожди-лучники</Tribal_ChiefRanged.labelPlural>
  
  <!-- EN: heavy archer -->
  <Tribal_HeavyArcher.label>тяжёлый лучник</Tribal_HeavyArcher.label>
  <Tribal_HeavyArcher.labelFemale>тяжёлая лучница</Tribal_HeavyArcher.labelFemale>
  <Tribal_HeavyArcher.labelMale>тяжёлый лучник</Tribal_HeavyArcher.labelMale>
  <Tribal_HeavyArcher.labelPlural>тяжёлые лучники</Tribal_HeavyArcher.labelPlural>
  
  <!-- EN: hunter -->
  <Tribal_Hunter.label>охотник</Tribal_Hunter.label>
  <Tribal_Hunter.labelFemale>охотница</Tribal_Hunter.labelFemale>
  <Tribal_Hunter.labelMale>охотник</Tribal_Hunter.labelMale>
  <Tribal_Hunter.labelPlural>охотники</Tribal_Hunter.labelPlural>
  
  <!-- EN: penitent -->
  <Tribal_Penitent.label>изгой</Tribal_Penitent.label>
  <Tribal_Penitent.labelPlural>изгои</Tribal_Penitent.labelPlural>
  
  <!-- EN: trader -->
  <Tribal_Trader.label>торговец</Tribal_Trader.label>
  <Tribal_Trader.labelFemale>торговка</Tribal_Trader.labelFemale>
  <Tribal_Trader.labelMale>торговец</Tribal_Trader.labelMale>
  <Tribal_Trader.labelPlural>торговцы</Tribal_Trader.labelPlural>
  
  <!-- EN: warrior -->
  <Tribal_Warrior.label>воин</Tribal_Warrior.label>
  <Tribal_Warrior.labelFemale>воительница</Tribal_Warrior.labelFemale>
  <Tribal_Warrior.labelMale>воин</Tribal_Warrior.labelMale>
  <Tribal_Warrior.labelPlural>воины</Tribal_Warrior.labelPlural>
  
</LanguageData>