﻿<?xml version="1.0" encoding="UTF-8"?>
<LanguageData>
  
  <!-- EN: slave -->
  <Slave.label>раб</Slave.label>
  <Slave.labelFemale>рабыня</Slave.labelFemale>
  <Slave.labelPlural>рабы</Slave.labelPlural>
  
  <!-- EN: stranger in black -->
  <StrangerInBlack.label>незнакомец в чёрном</StrangerInBlack.label>
  <!-- EN: woman in black -->
  <StrangerInBlack.labelFemale>незнакомка в чёрном</StrangerInBlack.labelFemale>
  <!-- EN: man in black -->
  <StrangerInBlack.labelMale>незнакомец в чёрном</StrangerInBlack.labelMale>
  <!-- EN: strangers in black -->
  <StrangerInBlack.labelPlural>незнакомцы в чёрном</StrangerInBlack.labelPlural>
  
  <!-- EN: wild man -->
  <WildMan.label>дикарь</WildMan.label>
  <!-- EN: wild woman -->
  <WildMan.labelFemale>дикарка</WildMan.labelFemale>
  <!-- EN: wild women -->
  <WildMan.labelFemalePlural>дикарки</WildMan.labelFemalePlural>
  <WildMan.labelMale>дикарь</WildMan.labelMale>
  <WildMan.labelMalePlural>дикари</WildMan.labelMalePlural>
  <!-- EN: wild men -->
  <WildMan.labelPlural>дикари</WildMan.labelPlural>
  
</LanguageData>