﻿<?xml version="1.0" encoding="UTF-8"?>
<LanguageData>
  
  <!-- EN: town councilman -->
  <Town_Councilman.label>городской советник</Town_Councilman.label>
  <!-- EN: town councilmen -->
  <Town_Councilman.labelPlural>городские советники</Town_Councilman.labelPlural>
  
  <!-- EN: town guard -->
  <Town_Guard.label>городской стражник</Town_Guard.label>
  <Town_Guard.labelPlural>городские стражники</Town_Guard.labelPlural>
  
  <!-- EN: town trader -->
  <Town_Trader.label>городской торговец</Town_Trader.label>
  <Town_Trader.labelPlural>городские торговцы</Town_Trader.labelPlural>
  
  <!-- EN: villager -->
  <Villager.label>житель</Villager.label>
  <Villager.labelFemale>жительница</Villager.labelFemale>
  <Villager.labelMale>житель</Villager.labelMale>
  <Villager.labelPlural>жители</Villager.labelPlural>
  
</LanguageData>