﻿<?xml version="1.0" encoding="UTF-8"?>
<LanguageData>
  
  <!-- EN: ancient soldier -->
  <AncientSoldier.label>древний солдат</AncientSoldier.label>
  <AncientSoldier.labelPlural>древние солдаты</AncientSoldier.labelPlural>
  
  <!-- EN: space refugee -->
  <SpaceRefugee.label>космический беженец</SpaceRefugee.label>
  <SpaceRefugee.labelFemale>космическая беженка</SpaceRefugee.labelFemale>
  <SpaceRefugee.labelMale>космический беженец</SpaceRefugee.labelMale>
  <SpaceRefugee.labelPlural>космические беженцы</SpaceRefugee.labelPlural>
  
  <!-- EN: space refugee -->
  <SpaceRefugee_Clothed.label>космический беженец</SpaceRefugee_Clothed.label>
  <SpaceRefugee_Clothed.labelFemale>космическая беженка</SpaceRefugee_Clothed.labelFemale>
  <SpaceRefugee_Clothed.labelMale>космический беженец</SpaceRefugee_Clothed.labelMale>
  <SpaceRefugee_Clothed.labelPlural>космические беженцы</SpaceRefugee_Clothed.labelPlural>
  
</LanguageData>