﻿<?xml version="1.0" encoding="UTF-8"?>
<LanguageData>
  
  <!-- EN: grenadier -->
  <Grenadier_Destructive.label>гренадер</Grenadier_Destructive.label>
  <Grenadier_Destructive.labelPlural>гренадеры</Grenadier_Destructive.labelPlural>
  
  <!-- EN: EMP grenadier -->
  <Grenadier_EMP.label>ЭМИ-гренадер</Grenadier_EMP.label>
  <Grenadier_EMP.labelPlural>ЭМИ-гренадеры</Grenadier_EMP.labelPlural>
  
  <!-- EN: smoke grenadier -->
  <Grenadier_Smoke.label>дымовой гренадер</Grenadier_Smoke.label>
  <Grenadier_Smoke.labelPlural>дымовые гренадеры</Grenadier_Smoke.labelPlural>
  
  <!-- EN: elite mercenary -->
  <Mercenary_Elite.label>элитный наёмник</Mercenary_Elite.label>
  <!-- EN: elite mercenaries -->
  <Mercenary_Elite.labelPlural>элитные наёмники</Mercenary_Elite.labelPlural>
  
  <!-- EN: elite mercenary -->
  <Mercenary_Elite_Acidifier.label>элитный наёмник</Mercenary_Elite_Acidifier.label>
  <!-- EN: elite mercenaries -->
  <Mercenary_Elite_Acidifier.labelPlural>элитные наёмники</Mercenary_Elite_Acidifier.labelPlural>
  
  <!-- EN: mercenary gunner -->
  <Mercenary_Gunner.label>наёмник-стрелок</Mercenary_Gunner.label>
  <Mercenary_Gunner.labelPlural>наёмники-стрелки</Mercenary_Gunner.labelPlural>
  
  <!-- EN: mercenary gunner -->
  <Mercenary_Gunner_Acidifier.label>наёмник-стрелок</Mercenary_Gunner_Acidifier.label>
  <Mercenary_Gunner_Acidifier.labelPlural>наёмники-стрелки</Mercenary_Gunner_Acidifier.labelPlural>
  
  <!-- EN: heavy mercenary -->
  <Mercenary_Heavy.label>тяжеловооружённый наёмник</Mercenary_Heavy.label>
  <!-- EN: heavy mercenaries -->
  <Mercenary_Heavy.labelPlural>тяжеловооружённые наёмники</Mercenary_Heavy.labelPlural>
  
  <!-- EN: mercenary slasher -->
  <Mercenary_Slasher.label>наёмник-вышибала</Mercenary_Slasher.label>
  <Mercenary_Slasher.labelPlural>наёмники-вышибалы</Mercenary_Slasher.labelPlural>
  
  <!-- EN: mercenary slasher -->
  <Mercenary_Slasher_Acidifier.label>наёмник-вышибала</Mercenary_Slasher_Acidifier.label>
  <Mercenary_Slasher_Acidifier.labelPlural>наёмники-вышибалы</Mercenary_Slasher_Acidifier.labelPlural>
  
  <!-- EN: mercenary sniper -->
  <Mercenary_Sniper.label>наёмник-снайпер</Mercenary_Sniper.label>
  <Mercenary_Sniper.labelPlural>наёмники-снайперы</Mercenary_Sniper.labelPlural>
  
  <!-- EN: mercenary sniper -->
  <Mercenary_Sniper_Acidifier.label>наёмник-снайпер</Mercenary_Sniper_Acidifier.label>
  <Mercenary_Sniper_Acidifier.labelPlural>наёмники-снайперы</Mercenary_Sniper_Acidifier.labelPlural>
  
  <!-- EN: boss -->
  <PirateBoss.label>главарь</PirateBoss.label>
  <!-- EN: bosses -->
  <PirateBoss.labelPlural>главари</PirateBoss.labelPlural>
  
</LanguageData>