﻿<?xml version="1.0" encoding="UTF-8"?>
<LanguageData>
  
  <!-- EN: grizzly bear -->
  <Bear_Grizzly.label>медведь</Bear_Grizzly.label>
  <Bear_Grizzly.labelFemale>медведица</Bear_Grizzly.labelFemale>
  <Bear_Grizzly.labelPlural>медведи</Bear_Grizzly.labelPlural>
  <Bear_Grizzly.lifeStages.0.label>медвежонок</Bear_Grizzly.lifeStages.0.label>
  <Bear_Grizzly.lifeStages.0.labelPlural>медвежата</Bear_Grizzly.lifeStages.0.labelPlural>
  <Bear_Grizzly.lifeStages.1.label>молодой медведь</Bear_Grizzly.lifeStages.1.label>
  <Bear_Grizzly.lifeStages.1.labelFemale>молодая медведица</Bear_Grizzly.lifeStages.1.labelFemale>
  
  <!-- EN: polar bear -->
  <Bear_Polar.label>белый медведь</Bear_Polar.label>
  <Bear_Polar.labelFemale>белая медведица</Bear_Polar.labelFemale>
  <Bear_Polar.labelPlural>белые медведи</Bear_Polar.labelPlural>
  <Bear_Polar.lifeStages.0.label>белый медвежонок</Bear_Polar.lifeStages.0.label>
  <Bear_Polar.lifeStages.0.labelPlural>белые медвежата</Bear_Polar.lifeStages.0.labelPlural>
  <Bear_Polar.lifeStages.1.label>молодой белый медведь</Bear_Polar.lifeStages.1.label>
  <Bear_Polar.lifeStages.1.labelFemale>молодая белая медведица</Bear_Polar.lifeStages.1.labelFemale>
  
</LanguageData>