﻿<?xml version="1.0" encoding="UTF-8"?>
<LanguageData>
  
  <!-- EN: cougar -->
  <Cougar.label>пума</Cougar.label>
  <Cougar.labelPlural>пумы</Cougar.labelPlural>
  <Cougar.lifeStages.0.label>котёнок пумы</Cougar.lifeStages.0.label>
  <Cougar.lifeStages.0.labelPlural>котята пумы</Cougar.lifeStages.0.labelPlural>
  <Cougar.lifeStages.1.label>молодая пума</Cougar.lifeStages.1.label>
  
  <!-- EN: lynx -->
  <Lynx.label>рысь</Lynx.label>
  <!-- EN: lynx -->
  <Lynx.labelPlural>рыси</Lynx.labelPlural>
  <!-- EN: lynx kitten -->
  <Lynx.lifeStages.lynx_kitten.label>рысёнок</Lynx.lifeStages.lynx_kitten.label>
  <Lynx.lifeStages.lynx_kitten.labelPlural>рысята</Lynx.lifeStages.lynx_kitten.labelPlural>
  <Lynx.lifeStages.1.label>молодая рысь</Lynx.lifeStages.1.label>
  
  <!-- EN: panther -->
  <Panther.label>пантера</Panther.label>
  <Panther.labelPlural>пантеры</Panther.labelPlural>
  <Panther.lifeStages.0.label>котёнок пантеры</Panther.lifeStages.0.label>
  <Panther.lifeStages.0.labelPlural>котята пантеры</Panther.lifeStages.0.labelPlural>
  <Panther.lifeStages.1.label>молодая пантера</Panther.lifeStages.1.label>
  
</LanguageData>