﻿<?xml version="1.0" encoding="UTF-8"?>
<LanguageData>
  
  <!-- EN: alpaca -->
  <Alpaca.label>альпака</Alpaca.label>
  <Alpaca.labelPlural>альпака</Alpaca.labelPlural>
  <Alpaca.lifeStages.0.label>детёныш альпака</Alpaca.lifeStages.0.label>
  <Alpaca.lifeStages.1.label>молодая альпака</Alpaca.lifeStages.1.label>
  
  <!-- EN: bison -->
  <Bison.label>зубр</Bison.label>
  <Bison.labelPlural>зубры</Bison.labelPlural>
  <!-- EN: bison calf -->
  <Bison.lifeStages.bison_calf.label>зубрёнок</Bison.lifeStages.bison_calf.label>
  <!-- EN: bison calves -->
  <Bison.lifeStages.bison_calf.labelPlural>зубрята</Bison.lifeStages.bison_calf.labelPlural>
  <Bison.lifeStages.1.label>молодой зубр</Bison.lifeStages.1.label>
  
  <!-- EN: chicken -->
  <Chicken.label>курица</Chicken.label>
  <!-- EN: hen -->
  <Chicken.labelFemale>курица</Chicken.labelFemale>
  <!-- EN: rooster -->
  <Chicken.labelMale>петух</Chicken.labelMale>
  <Chicken.labelPlural>куры</Chicken.labelPlural>
  <!-- EN: chick -->
  <Chicken.lifeStages.chick.label>цыплёнок</Chicken.lifeStages.chick.label>
  <Chicken.lifeStages.chick.labelPlural>цыплята</Chicken.lifeStages.chick.labelPlural>
  <Chicken.lifeStages.cockerel.labelFemale>курочка</Chicken.lifeStages.cockerel.labelFemale>
  <!-- EN: cockerel -->
  <Chicken.lifeStages.cockerel.labelMale>петушок</Chicken.lifeStages.cockerel.labelMale>
  
  <!-- EN: cow -->
  <Cow.label>корова</Cow.label>
  <Cow.labelFemale>корова</Cow.labelFemale>
  <!-- EN: bull -->
  <Cow.labelMale>бык</Cow.labelMale>
  <Cow.labelPlural>коровы</Cow.labelPlural>
  <!-- EN: calf -->
  <Cow.lifeStages.calf.label>телёнок</Cow.lifeStages.calf.label>
  <!-- EN: calves -->
  <Cow.lifeStages.calf.labelPlural>телята</Cow.lifeStages.calf.labelPlural>
  <Cow.lifeStages.1.labelFemale>тёлка</Cow.lifeStages.1.labelFemale>
  <Cow.lifeStages.1.labelMale>бычок</Cow.lifeStages.1.labelMale>
  
  <!-- EN: donkey -->
  <Donkey.label>осёл</Donkey.label>
  <Donkey.labelFemale>ослица</Donkey.labelFemale>
  <Donkey.labelPlural>ослы</Donkey.labelPlural>
  <!-- EN: donkey foal -->
  <Donkey.lifeStages.donkey_foal.label>ослёнок</Donkey.lifeStages.donkey_foal.label>
  <Donkey.lifeStages.1.label>молодой осёл</Donkey.lifeStages.1.label>
  <Donkey.lifeStages.1.labelFemale>молодая ослица</Donkey.lifeStages.1.labelFemale>
  
  <!-- EN: duck -->
  <Duck.label>утка</Duck.label>
  <Duck.labelMale>селезень</Duck.labelMale>
  <Duck.labelPlural>утки</Duck.labelPlural>
  <!-- EN: duckling -->
  <Duck.lifeStages.duckling.label>утёнок</Duck.lifeStages.duckling.label>
  <Duck.lifeStages.1.label>молодая утка</Duck.lifeStages.1.label>
  <Duck.lifeStages.1.labelMale>молодой селезень</Duck.lifeStages.1.labelMale>
  
  <!-- EN: goat -->
  <Goat.label>коза</Goat.label>
  <!-- EN: goat doe -->
  <Goat.labelFemale>коза</Goat.labelFemale>
  <Goat.labelMale>козёл</Goat.labelMale>
  <Goat.labelPlural>козы</Goat.labelPlural>
  <!-- EN: baby goat -->
  <Goat.lifeStages.baby_goat.label>козлёнок</Goat.lifeStages.baby_goat.label>
  <Goat.lifeStages.1.label>молодая коза</Goat.lifeStages.1.label>
  <Goat.lifeStages.1.labelMale>молодой козёл</Goat.lifeStages.1.labelMale>
  
  <!-- EN: goose -->
  <Goose.label>гусь</Goose.label>
  <Goose.labelFemale>гусыня</Goose.labelFemale>
  <!-- EN: geese -->
  <Goose.labelPlural>гуси</Goose.labelPlural>
  <Goose.lifeStages.0.label>гусёнок</Goose.lifeStages.0.label>
  <Goose.lifeStages.1.label>молодая гусь</Goose.lifeStages.1.label>
  <Goose.lifeStages.1.labelFemale>молодая гусыня</Goose.lifeStages.1.labelFemale>
  
  <!-- EN: guinea pig -->
  <GuineaPig.label>морская свинка</GuineaPig.label>
  <GuineaPig.labelPlural>морские свинки</GuineaPig.labelPlural>
  
  <!-- EN: horse -->
  <Horse.label>лошадь</Horse.label>
  <!-- EN: mare -->
  <Horse.labelFemale>кобыла</Horse.labelFemale>
  <!-- EN: stallion -->
  <Horse.labelMale>конь</Horse.labelMale>
  <Horse.labelPlural>лошади</Horse.labelPlural>
  <!-- EN: foal -->
  <Horse.lifeStages.foal.label>жеребёнок</Horse.lifeStages.foal.label>
  <Horse.lifeStages.1.labelFemale>молодой жеребец</Horse.lifeStages.1.labelFemale>
  <Horse.lifeStages.1.labelMale>молодая кобыла</Horse.lifeStages.1.labelMale>
  
  <!-- EN: pig -->
  <Pig.label>свинья</Pig.label>
  <!-- EN: sow -->
  <Pig.labelFemale>свинья</Pig.labelFemale>
  <Pig.labelMale>хряк</Pig.labelMale>
  <Pig.labelPlural>свиньи</Pig.labelPlural>
  <!-- EN: piglet -->
  <Pig.lifeStages.piglet.label>поросёнок</Pig.lifeStages.piglet.label>
  <Pig.lifeStages.1.labelFemale>молодая свинья</Pig.lifeStages.1.labelFemale>
  <Pig.lifeStages.1.labelMale>молодой хряк</Pig.lifeStages.1.labelMale>
  
  <!-- EN: sheep -->
  <Sheep.label>овца</Sheep.label>
  <!-- EN: ewe -->
  <Sheep.labelFemale>овца</Sheep.labelFemale>
  <!-- EN: ram -->
  <Sheep.labelMale>баран</Sheep.labelMale>
  <!-- EN: sheep -->
  <Sheep.labelPlural>овцы</Sheep.labelPlural>
  <!-- EN: lamb -->
  <Sheep.lifeStages.lamb.label>ягнёнок</Sheep.lifeStages.lamb.label>
  <!-- EN: lambs -->
  <Sheep.lifeStages.lamb.labelPlural>ягнята</Sheep.lifeStages.lamb.labelPlural>
  <Sheep.lifeStages.1.labelFemale>молодая овца</Sheep.lifeStages.1.labelFemale>
  <Sheep.lifeStages.1.labelMale>молодой баран</Sheep.lifeStages.1.labelMale>
  
  <!-- EN: yak -->
  <Yak.label>як</Yak.label>
  <!-- EN: yak -->
  <Yak.labelMale>як</Yak.labelMale>
  <Yak.labelPlural>яки</Yak.labelPlural>
  <!-- EN: yak calf -->
  <Yak.lifeStages.yak_calf.label>телёнок яка</Yak.lifeStages.yak_calf.label>
  <!-- EN: yak calves -->
  <Yak.lifeStages.yak_calf.labelPlural>телята яка</Yak.lifeStages.yak_calf.labelPlural>
  <Yak.lifeStages.1.label>молодой як</Yak.lifeStages.1.label>
  
</LanguageData>