﻿<?xml version="1.0" encoding="UTF-8"?>
<LanguageData>
  
  <!-- EN: cat -->
  <Cat.label>кошка</Cat.label>
  <Cat.labelPlural>кошки</Cat.labelPlural>
  <!-- EN: kitten -->
  <Cat.lifeStages.kitten.label>котёнок</Cat.lifeStages.kitten.label>
  <Cat.lifeStages.1.labelFemale>молодая кошка</Cat.lifeStages.1.labelFemale>
  <Cat.lifeStages.1.labelMale>молодой кот</Cat.lifeStages.1.labelMale>
  <Cat.lifeStages.2.labelFemale>кошка</Cat.lifeStages.2.labelFemale>
  <Cat.lifeStages.2.labelMale>кот</Cat.lifeStages.2.labelMale>
  
  <!-- EN: husky -->
  <Husky.label>хаски</Husky.label>
  <!-- EN: huskies -->
  <Husky.labelPlural>хаски</Husky.labelPlural>
  <!-- EN: husky puppy -->
  <Husky.lifeStages.husky_puppy.label>щенок хаски</Husky.lifeStages.husky_puppy.label>
  <!-- EN: husky puppies -->
  <Husky.lifeStages.husky_puppy.labelPlural>щенки хаски</Husky.lifeStages.husky_puppy.labelPlural>
  <Husky.lifeStages.1.labelFemale>молодая хаски</Husky.lifeStages.1.labelFemale>
  <Husky.lifeStages.1.labelMale>молодой хаски</Husky.lifeStages.1.labelMale>
  
  <!-- EN: labrador retriever -->
  <LabradorRetriever.label>лабрадор-ретривер</LabradorRetriever.label>
  <LabradorRetriever.labelPlural>лабрадоры-ретриверы</LabradorRetriever.labelPlural>
  <!-- EN: labrador puppy -->
  <LabradorRetriever.lifeStages.labrador_puppy.label>щенок лабрадора-ретривера</LabradorRetriever.lifeStages.labrador_puppy.label>
  <!-- EN: labrador puppies -->
  <LabradorRetriever.lifeStages.labrador_puppy.labelPlural>щенки лабрадора-ретривера</LabradorRetriever.lifeStages.labrador_puppy.labelPlural>
  <LabradorRetriever.lifeStages.1.label>молодой лабрадор-ретривер</LabradorRetriever.lifeStages.1.label>
  
  <!-- EN: yorkshire terrier -->
  <YorkshireTerrier.label>йоркширский терьер</YorkshireTerrier.label>
  <YorkshireTerrier.labelPlural>йоркширские терьеры</YorkshireTerrier.labelPlural>
  <!-- EN: yorkshire terrier puppy -->
  <YorkshireTerrier.lifeStages.yorkshire_terrier_puppy.label>щенок йоркширского терьера</YorkshireTerrier.lifeStages.yorkshire_terrier_puppy.label>
  <!-- EN: yorkshire terrier puppies -->
  <YorkshireTerrier.lifeStages.yorkshire_terrier_puppy.labelPlural>щенки йоркширского терьера</YorkshireTerrier.lifeStages.yorkshire_terrier_puppy.labelPlural>
  <YorkshireTerrier.lifeStages.1.label>молодой йоркширский терьер</YorkshireTerrier.lifeStages.1.label>
  
</LanguageData>