﻿<?xml version="1.0" encoding="UTF-8"?>
<LanguageData>
  
  <!-- EN: cassowary -->
  <Cassowary.label>казуар</Cassowary.label>
  <!-- EN: cassowaries -->
  <Cassowary.labelPlural>казуары</Cassowary.labelPlural>
  <Cassowary.lifeStages.0.label>птенец казуара</Cassowary.lifeStages.0.label>
  <Cassowary.lifeStages.1.label>молодой казуар</Cassowary.lifeStages.1.label>
  
  <!-- EN: emu -->
  <Emu.label>эму</Emu.label>
  <Emu.labelPlural>эму</Emu.labelPlural>
  <Emu.lifeStages.0.label>птенец эму</Emu.lifeStages.0.label>
  <Emu.lifeStages.1.label>молодой эму</Emu.lifeStages.1.label>
  
  <!-- EN: ostrich -->
  <Ostrich.label>страус</Ostrich.label>
  <!-- EN: ostriches -->
  <Ostrich.labelPlural>страусы</Ostrich.labelPlural>
  <Ostrich.lifeStages.0.label>страусёнок</Ostrich.lifeStages.0.label>
  <Ostrich.lifeStages.1.label>молодой страус</Ostrich.lifeStages.1.label>
  
  <!-- EN: turkey -->
  <Turkey.label>индейка</Turkey.label>
  <Turkey.labelFemale>индюшка</Turkey.labelFemale>
  <Turkey.labelMale>индюк</Turkey.labelMale>
  <Turkey.labelPlural>индейки</Turkey.labelPlural>
  <Turkey.lifeStages.0.label>индюшонок</Turkey.lifeStages.0.label>
  <Turkey.lifeStages.1.labelFemale>молодая индюшка</Turkey.lifeStages.1.labelFemale>
  <Turkey.lifeStages.1.labelMale>молодой индюк</Turkey.lifeStages.1.labelMale>
  
</LanguageData>