﻿<?xml version="1.0" encoding="UTF-8"?>
<LanguageData>
  
  <!-- EN: alphabeaver -->
  <Alphabeaver.label>альфабобёр</Alphabeaver.label>
  <Alphabeaver.labelFemale>альфабобриха</Alphabeaver.labelFemale>
  <Alphabeaver.labelPlural>альфабобры</Alphabeaver.labelPlural>
  <Alphabeaver.lifeStages.0.label>альфабобрёнок</Alphabeaver.lifeStages.0.label>
  <Alphabeaver.lifeStages.1.label>молодой альфабобёр</Alphabeaver.lifeStages.1.label>
  <Alphabeaver.lifeStages.1.labelFemale>молодая альфабобриха</Alphabeaver.lifeStages.1.labelFemale>
  
  <!-- EN: boomrat -->
  <Boomrat.label>бумкрыса</Boomrat.label>
  <Boomrat.labelPlural>бумкрысы</Boomrat.labelPlural>
  <Boomrat.lifeStages.0.label>бумкрысёнок</Boomrat.lifeStages.0.label>
  <Boomrat.lifeStages.1.label>молодая бумкрыса</Boomrat.lifeStages.1.label>
  
  <!-- EN: capybara -->
  <Capybara.label>капибара</Capybara.label>
  <Capybara.labelPlural>капибары</Capybara.labelPlural>
  <Capybara.lifeStages.0.label>детёныш капибары</Capybara.lifeStages.0.label>
  <Capybara.lifeStages.1.label>молодая капибара</Capybara.lifeStages.1.label>
  
  <!-- EN: chinchilla -->
  <Chinchilla.label>шиншилла</Chinchilla.label>
  <Chinchilla.labelPlural>шиншиллы</Chinchilla.labelPlural>
  <Chinchilla.lifeStages.0.label>детёныш шиншиллы</Chinchilla.lifeStages.0.label>
  <Chinchilla.lifeStages.1.label>молодая шиншилла</Chinchilla.lifeStages.1.label>
  
  <!-- EN: raccoon -->
  <Raccoon.label>енот</Raccoon.label>
  <Raccoon.labelPlural>еноты</Raccoon.labelPlural>
  <Raccoon.lifeStages.0.label>щенок енота</Raccoon.lifeStages.0.label>
  <Raccoon.lifeStages.1.label>молодой енот</Raccoon.lifeStages.1.label>
  
  <!-- EN: rat -->
  <Rat.label>крыса</Rat.label>
  <Rat.labelPlural>крысы</Rat.labelPlural>
  <Rat.lifeStages.0.label>крысёнок</Rat.lifeStages.0.label>
  <Rat.lifeStages.1.label>молодая крыса</Rat.lifeStages.1.label>
  
  <!-- EN: squirrel -->
  <Squirrel.label>белка</Squirrel.label>
  <Squirrel.labelPlural>белки</Squirrel.labelPlural>
  <Squirrel.lifeStages.0.label>бельчонок</Squirrel.lifeStages.0.label>
  <Squirrel.lifeStages.1.label>молодая белка</Squirrel.lifeStages.1.label>
  
</LanguageData>