﻿<?xml version="1.0" encoding="UTF-8"?>
<LanguageData>
  
  <!-- EN: centipede -->
  <Mech_Centipede.label>сентипеда</Mech_Centipede.label>
  <Mech_Centipede.labelPlural>сентипеды</Mech_Centipede.labelPlural>
  
  <!-- EN: lancer -->
  <Mech_Lancer.label>улан</Mech_Lancer.label>
  <Mech_Lancer.labelPlural>уланы</Mech_Lancer.labelPlural>
  
  <!-- EN: pikeman -->
  <Mech_Pikeman.label>драгун</Mech_Pikeman.label>
  <!-- EN: pikemen -->
  <Mech_Pikeman.labelPlural>драгуны</Mech_Pikeman.labelPlural>
  
  <!-- EN: scyther -->
  <Mech_Scyther.label>жнец</Mech_Scyther.label>
  <Mech_Scyther.labelPlural>жнецы</Mech_Scyther.labelPlural>
  
</LanguageData>