﻿<?xml version="1.0" encoding="UTF-8"?>
<LanguageData>
  
  <!-- EN: dromedary -->
  <Dromedary.label>верблюд</Dromedary.label>
  <Dromedary.labelFemale>верблюдица</Dromedary.labelFemale>
  <!-- EN: dromedaries -->
  <Dromedary.labelPlural>верблюды</Dromedary.labelPlural>
  <!-- EN: dromedary calf -->
  <Dromedary.lifeStages.dromedary_calf.label>верблюжонок</Dromedary.lifeStages.dromedary_calf.label>
  <!-- EN: dromedary calves -->
  <Dromedary.lifeStages.dromedary_calf.labelPlural>верблюжата</Dromedary.lifeStages.dromedary_calf.labelPlural>
  <Dromedary.lifeStages.1.label>молодой верблюд</Dromedary.lifeStages.1.label>
  <Dromedary.lifeStages.1.labelFemale>молодая верблюдица</Dromedary.lifeStages.1.labelFemale>
  
  <!-- EN: gazelle -->
  <Gazelle.label>газель</Gazelle.label>
  <Gazelle.labelPlural>газели</Gazelle.labelPlural>
  <Gazelle.lifeStages.0.label>козлёнок газели</Gazelle.lifeStages.0.label>
  <Gazelle.lifeStages.0.labelPlural>козлята газели</Gazelle.lifeStages.0.labelPlural>
  <Gazelle.lifeStages.1.label>молодая газель</Gazelle.lifeStages.1.label>
  
  <!-- EN: iguana -->
  <Iguana.label>игуана</Iguana.label>
  <Iguana.labelPlural>игуаны</Iguana.labelPlural>
  <Iguana.lifeStages.0.label>детёныш игуаны</Iguana.lifeStages.0.label>
  <Iguana.lifeStages.1.label>молодая игуана</Iguana.lifeStages.1.label>
  
  <!-- EN: muffalo -->
  <Muffalo.label>муффало</Muffalo.label>
  <Muffalo.labelPlural>муффало</Muffalo.labelPlural>
  <!-- EN: muffalo calf -->
  <Muffalo.lifeStages.muffalo_calf.label>телёнок муффало</Muffalo.lifeStages.muffalo_calf.label>
  <!-- EN: muffalo calves -->
  <Muffalo.lifeStages.muffalo_calf.labelPlural>телята муффало</Muffalo.lifeStages.muffalo_calf.labelPlural>
  <Muffalo.lifeStages.1.label>молодой муффало</Muffalo.lifeStages.1.label>
  
</LanguageData>