﻿<?xml version="1.0" encoding="UTF-8"?>
<LanguageData>
  
  <!-- EN: boomalope -->
  <Boomalope.label>бумалопа</Boomalope.label>
  <Boomalope.labelPlural>бумалопы</Boomalope.labelPlural>
  <!-- EN: boomalope calf -->
  <Boomalope.lifeStages.boomalope_calf.label>телёнок бумалопы</Boomalope.lifeStages.boomalope_calf.label>
  <!-- EN: boomalope calves -->
  <Boomalope.lifeStages.boomalope_calf.labelPlural>телята бумалопы</Boomalope.lifeStages.boomalope_calf.labelPlural>
  <Boomalope.lifeStages.1.label>молодая бумалопа</Boomalope.lifeStages.1.label>
  
  <!-- EN: cobra -->
  <Cobra.label>кобра</Cobra.label>
  <Cobra.labelPlural>кобры</Cobra.labelPlural>
  <Cobra.lifeStages.0.label>детёныш кобры</Cobra.lifeStages.0.label>
  <Cobra.lifeStages.1.label>молодая кобра</Cobra.lifeStages.1.label>
  
  <!-- EN: monkey -->
  <Monkey.label>обезьяна</Monkey.label>
  <Monkey.labelPlural>обезьяны</Monkey.labelPlural>
  <Monkey.lifeStages.0.label>детёныш обезьяны</Monkey.lifeStages.0.label>
  <Monkey.lifeStages.1.label>молодая обезьяна</Monkey.lifeStages.1.label>
  
</LanguageData>