﻿<?xml version="1.0" encoding="UTF-8"?>
<LanguageData>
  
  <!-- EN: megascarab -->
  <Megascarab.label>мегаскарабей</Megascarab.label>
  <Megascarab.labelPlural>мегаскарабеи</Megascarab.labelPlural>
  <Megascarab.lifeStages.0.label>личинка мегаскарабея</Megascarab.lifeStages.0.label>
  <Megascarab.lifeStages.1.label>нимфа мегаскарабея</Megascarab.lifeStages.1.label>
  
  <!-- EN: megaspider -->
  <Megaspider.label>мегапаук</Megaspider.label>
  <Megaspider.labelPlural>мегапауки</Megaspider.labelPlural>
  <Megaspider.lifeStages.0.label>личинка мегапаука</Megaspider.lifeStages.0.label>
  
  <!-- EN: spelopede -->
  <Spelopede.label>пещерный жук</Spelopede.label>
  <Spelopede.labelPlural>пещерные жуки</Spelopede.labelPlural>
  <Spelopede.lifeStages.0.label>личинка пещерного жука</Spelopede.lifeStages.0.label>
  <Spelopede.lifeStages.1.label>нимфа пещерного жука</Spelopede.lifeStages.1.label>
  
</LanguageData>