﻿<?xml version="1.0" encoding="UTF-8"?>
<LanguageData>
  
  <!-- EN: hare -->
  <Hare.label>заяц</Hare.label>
  <Hare.labelFemale>зайчиха</Hare.labelFemale>
  <Hare.labelPlural>зайцы</Hare.labelPlural>
  <Hare.lifeStages.0.label>зайчонок</Hare.lifeStages.0.label>
  <Hare.lifeStages.1.label>молодой заяц</Hare.lifeStages.1.label>
  <Hare.lifeStages.1.labelFemale>молодая зайчиха</Hare.lifeStages.1.labelFemale>
  
  <!-- EN: snowhare -->
  <Snowhare.label>заяц-беляк</Snowhare.label>
  <Snowhare.labelFemale>самка беляка</Snowhare.labelFemale>
  <Snowhare.labelPlural>зайцы-беляки</Snowhare.labelPlural>
  <Snowhare.lifeStages.0.label>зайчонок-беляк</Snowhare.lifeStages.0.label>
  <Snowhare.lifeStages.1.label>молодой заяц-беляк</Snowhare.lifeStages.1.label>
  <Snowhare.lifeStages.1.labelFemale>молодая самка беляка</Snowhare.lifeStages.1.labelFemale>
  
</LanguageData>