﻿<?xml version="1.0" encoding="UTF-8"?>
<LanguageData>
  
  <!-- EN: elephant -->
  <Elephant.label>слон</Elephant.label>
  <Elephant.labelFemale>слониха</Elephant.labelFemale>
  <Elephant.labelPlural>слоны</Elephant.labelPlural>
  <!-- EN: elephant calf -->
  <Elephant.lifeStages.elephant_calf.label>слонёнок</Elephant.lifeStages.elephant_calf.label>
  <Elephant.lifeStages.1.label>молодой слон</Elephant.lifeStages.1.label>
  <Elephant.lifeStages.1.labelFemale>молодая слониха</Elephant.lifeStages.1.labelFemale>
  
  <!-- EN: megasloth -->
  <Megasloth.label>гигантский ленивец</Megasloth.label>
  <Megasloth.labelPlural>гигантские ленивцы</Megasloth.labelPlural>
  <Megasloth.lifeStages.0.label>детёныш гигантского ленивца</Megasloth.lifeStages.0.label>
  <Megasloth.lifeStages.1.label>молодой гигантский ленивец</Megasloth.lifeStages.1.label>
  
  <!-- EN: rhinoceros -->
  <Rhinoceros.label>носорог</Rhinoceros.label>
  <!-- EN: rhinoceroses -->
  <Rhinoceros.labelPlural>носороги</Rhinoceros.labelPlural>
  <Rhinoceros.lifeStages.0.label>телёнок носорога</Rhinoceros.lifeStages.0.label>
  <Rhinoceros.lifeStages.0.labelPlural>телята носорога</Rhinoceros.lifeStages.0.labelPlural>
  <Rhinoceros.lifeStages.1.label>молодой носорог</Rhinoceros.lifeStages.1.label>
  
  <!-- EN: thrumbo -->
  <Thrumbo.label>трумбо</Thrumbo.label>
  <Thrumbo.labelPlural>трумбо</Thrumbo.labelPlural>
  <!-- EN: thrumbo calf -->
  <Thrumbo.lifeStages.thrumbo_calf.label>телёнок трумбо</Thrumbo.lifeStages.thrumbo_calf.label>
  <!-- EN: thrumbo calves -->
  <Thrumbo.lifeStages.thrumbo_calf.labelPlural>телята трумбо</Thrumbo.lifeStages.thrumbo_calf.labelPlural>
  <Thrumbo.lifeStages.1.label>молодой трумбо</Thrumbo.lifeStages.1.label>
  
</LanguageData>