﻿<?xml version="1.0" encoding="UTF-8"?>
<LanguageData>
  
  <!-- EN: caribou -->
  <Caribou.label>северный олень</Caribou.label>
  <Caribou.labelFemale>северная олениха</Caribou.labelFemale>
  <!-- EN: caribou -->
  <Caribou.labelPlural>северные олени</Caribou.labelPlural>
  <!-- EN: caribou calf -->
  <Caribou.lifeStages.caribou_calf.label>северный оленёнок</Caribou.lifeStages.caribou_calf.label>
  <!-- EN: caribou calves -->
  <Caribou.lifeStages.caribou_calf.labelPlural>северные оленята</Caribou.lifeStages.caribou_calf.labelPlural>
  <Caribou.lifeStages.1.label>молодой северный олень</Caribou.lifeStages.1.label>
  <Caribou.lifeStages.1.labelFemale>молодая северная олениха</Caribou.lifeStages.1.labelFemale>
  
  <!-- EN: deer -->
  <Deer.label>олень</Deer.label>
  <!-- EN: doe -->
  <Deer.labelFemale>олениха</Deer.labelFemale>
  <!-- EN: buck -->
  <Deer.labelMale>олень</Deer.labelMale>
  <!-- EN: deer -->
  <Deer.labelPlural>олени</Deer.labelPlural>
  <Deer.lifeStages.0.label>оленёнок</Deer.lifeStages.0.label>
  <Deer.lifeStages.1.label>молодой олень</Deer.lifeStages.1.label>
  <Deer.lifeStages.1.labelFemale>молодая олениха</Deer.lifeStages.1.labelFemale>
  
  <!-- EN: elk -->
  <Elk.label>марал</Elk.label>
  <!-- EN: elk -->
  <Elk.labelPlural>маралы</Elk.labelPlural>
  <!-- EN: elk calf -->
  <Elk.lifeStages.elk_calf.label>телёнок марала</Elk.lifeStages.elk_calf.label>
  <!-- EN: elk calves -->
  <Elk.lifeStages.elk_calf.labelPlural>телята марала</Elk.lifeStages.elk_calf.labelPlural>
  <Elk.lifeStages.1.label>молодой марал</Elk.lifeStages.1.label>
  
  <!-- EN: ibex -->
  <Ibex.label>горный козёл</Ibex.label>
  <!-- EN: ibex doe -->
  <Ibex.labelFemale>горная коза</Ibex.labelFemale>
  <!-- EN: ibex ram -->
  <Ibex.labelMale>горный козёл</Ibex.labelMale>
  <!-- EN: ibexes -->
  <Ibex.labelPlural>горные козлы</Ibex.labelPlural>
  <Ibex.lifeStages.0.label>горный козлёнок</Ibex.lifeStages.0.label>
  <Ibex.lifeStages.1.label>молодой горный козёл</Ibex.lifeStages.1.label>
  <Ibex.lifeStages.1.labelFemale>молодая горная коза</Ibex.lifeStages.1.labelFemale>
  
  <!-- EN: tortoise -->
  <Tortoise.label>черепаха</Tortoise.label>
  <Tortoise.labelPlural>черепахи</Tortoise.labelPlural>
  <Tortoise.lifeStages.0.label>черепашонок</Tortoise.lifeStages.0.label>
  <Tortoise.lifeStages.1.label>молодая черепаха</Tortoise.lifeStages.1.label>
  
  <!-- EN: wild boar -->
  <WildBoar.label>кабан</WildBoar.label>
  <WildBoar.labelFemale>кабаниха</WildBoar.labelFemale>
  <WildBoar.labelPlural>кабаны</WildBoar.labelPlural>
  <WildBoar.lifeStages.0.label>кабанёнок</WildBoar.lifeStages.0.label>
  <WildBoar.lifeStages.1.labelFemale>молодая кабаниха</WildBoar.lifeStages.1.labelFemale>
  <WildBoar.lifeStages.1.labelMale>молодой кабан</WildBoar.lifeStages.1.labelMale>
  
</LanguageData>