﻿<?xml version="1.0" encoding="UTF-8"?>
<LanguageData>
  
  <!-- EN: arctic fox -->
  <Fox_Arctic.label>песец</Fox_Arctic.label>
  <!-- EN: arctic foxes -->
  <Fox_Arctic.labelPlural>песцы</Fox_Arctic.labelPlural>
  <!-- EN: arctic fox puppy -->
  <Fox_Arctic.lifeStages.arctic_fox_puppy.label>щенок песца</Fox_Arctic.lifeStages.arctic_fox_puppy.label>
  <!-- EN: arctic fox puppies -->
  <Fox_Arctic.lifeStages.arctic_fox_puppy.labelPlural>щенки песца</Fox_Arctic.lifeStages.arctic_fox_puppy.labelPlural>
  <Fox_Arctic.lifeStages.1.label>молодой песец</Fox_Arctic.lifeStages.1.label>
  
  <!-- EN: fennec fox -->
  <Fox_Fennec.label>фенек</Fox_Fennec.label>
  <!-- EN: fennec foxes -->
  <Fox_Fennec.labelPlural>фенеки</Fox_Fennec.labelPlural>
  <!-- EN: fennec fox puppy -->
  <Fox_Fennec.lifeStages.fennec_fox_puppy.label>щенок фенека</Fox_Fennec.lifeStages.fennec_fox_puppy.label>
  <!-- EN: fennec fox puppies -->
  <Fox_Fennec.lifeStages.fennec_fox_puppy.labelPlural>щенки фенека</Fox_Fennec.lifeStages.fennec_fox_puppy.labelPlural>
  <Fox_Fennec.lifeStages.1.label>молодой фенек</Fox_Fennec.lifeStages.1.label>
  
  <!-- EN: red fox -->
  <Fox_Red.label>лисица</Fox_Red.label>
  <Fox_Red.labelMale>лис</Fox_Red.labelMale>
  <!-- EN: red foxes -->
  <Fox_Red.labelPlural>лисицы</Fox_Red.labelPlural>
  <!-- EN: red fox puppy -->
  <Fox_Red.lifeStages.red_fox_puppy.label>лисёнок</Fox_Red.lifeStages.red_fox_puppy.label>
  <!-- EN: red fox puppies -->
  <Fox_Red.lifeStages.red_fox_puppy.labelPlural>лисята</Fox_Red.lifeStages.red_fox_puppy.labelPlural>
  <Fox_Red.lifeStages.1.label>молодая лисица</Fox_Red.lifeStages.1.label>
  <Fox_Red.lifeStages.1.labelMale>молодой лис</Fox_Red.lifeStages.1.labelMale>
  
  <!-- EN: warg -->
  <Warg.label>варг</Warg.label>
  <Warg.labelPlural>варги</Warg.labelPlural>
  <!-- EN: warg puppy -->
  <Warg.lifeStages.warg_puppy.label>щенок варга</Warg.lifeStages.warg_puppy.label>
  <!-- EN: warg puppies -->
  <Warg.lifeStages.warg_puppy.labelPlural>щенки варга</Warg.lifeStages.warg_puppy.labelPlural>
  <Warg.lifeStages.1.label>молодой варг</Warg.lifeStages.1.label>
  
  <!-- EN: arctic wolf -->
  <Wolf_Arctic.label>полярный волк</Wolf_Arctic.label>
  <Wolf_Arctic.labelFemale>полярная волчица</Wolf_Arctic.labelFemale>
  <!-- EN: arctic wolves -->
  <Wolf_Arctic.labelPlural>полярные волки</Wolf_Arctic.labelPlural>
  <!-- EN: arctic wolf puppy -->
  <Wolf_Arctic.lifeStages.arctic_wolf_puppy.label>полярный волчонок</Wolf_Arctic.lifeStages.arctic_wolf_puppy.label>
  <!-- EN: arctic wolf puppies -->
  <Wolf_Arctic.lifeStages.arctic_wolf_puppy.labelPlural>полярные волчата</Wolf_Arctic.lifeStages.arctic_wolf_puppy.labelPlural>
  <Wolf_Arctic.lifeStages.1.label>молодой полярный волк</Wolf_Arctic.lifeStages.1.label>
  <Wolf_Arctic.lifeStages.1.labelFemale>молодая полярная волчица</Wolf_Arctic.lifeStages.1.labelFemale>
  
  <!-- EN: timber wolf -->
  <Wolf_Timber.label>волк</Wolf_Timber.label>
  <Wolf_Timber.labelFemale>волчица</Wolf_Timber.labelFemale>
  <!-- EN: timber wolves -->
  <Wolf_Timber.labelPlural>волки</Wolf_Timber.labelPlural>
  <!-- EN: timber wolf puppy -->
  <Wolf_Timber.lifeStages.timber_wolf_puppy.label>волчонок</Wolf_Timber.lifeStages.timber_wolf_puppy.label>
  <!-- EN: timber wolf puppies -->
  <Wolf_Timber.lifeStages.timber_wolf_puppy.labelPlural>волчата</Wolf_Timber.lifeStages.timber_wolf_puppy.labelPlural>
  <Wolf_Timber.lifeStages.1.label>молодой волк</Wolf_Timber.lifeStages.1.label>
  <Wolf_Timber.lifeStages.1.labelFemale>молодая волчица</Wolf_Timber.lifeStages.1.labelFemale>
  
</LanguageData>