<?xml version="1.0" encoding="UTF-8"?>

<Defs>

   <ThingDef ParentName="BodyPartNaturalBase">
      <defName>OTail</defName>
      <label>orassan tail</label>
      <description>An Orassan tail.</description>
      <graphicData>
         <texPath>Things/Item/Health/HealthItem</texPath>
         <graphicClass>Graphic_Single</graphicClass>
      </graphicData>
	  <descriptionHyperlinks><RecipeDef>InstallOrassanTail</RecipeDef></descriptionHyperlinks>
      <statBases>
         <MarketValue>200</MarketValue>
		 <Mass>2</Mass>
      </statBases>
   </ThingDef>

  <HediffDef ParentName="AddedBodyPartBase">
    <defName>OClothTail</defName>
    <label>cloth orassan tail</label>
    <description>Simple prosthesis made to replace a missing tail. It's better than nothing...</description>
    <addedPartProps>
      <solid>true</solid>
      <partEfficiency>0.8</partEfficiency>
    </addedPartProps>
  </HediffDef>

  <HediffDef ParentName="AddedBodyPartBase">
    <defName>PlasteelClaws</defName>
    <label>orassan plasteel claws</label>
    <description>Even sharper claws capable of murdering many more couches!</description>
    <addedPartProps>
      <solid>true</solid>
      <partEfficiency>1</partEfficiency>
    </addedPartProps>
    <comps>
      <li Class="HediffCompProperties_VerbGiver">
        <tools>
          <li>
            <label>plasteel claws</label>
            <capacities>
              <li>Scratch</li>
            </capacities>
            <power>20</power>
            <cooldownTime>1.3</cooldownTime>
          </li>
        </tools>
      </li>
    </comps>
  </HediffDef>
  
     <ThingDef ParentName="BodyPartNaturalBase">
      <defName>OClaws</defName>
      <label>orassan claws</label>
      <description>Sharp claws capable of murdering many couches.</description>
	  <descriptionHyperlinks><RecipeDef>InstallOrassanClaws</RecipeDef></descriptionHyperlinks>
      <statBases>
         <MarketValue>200</MarketValue>
		 <Mass>.2</Mass>
      </statBases>
   </ThingDef>

  <ThingDef ParentName="BodyPartBionicBase">
    <defName>OBionicTail</defName>
    <label>bionic orassan tail</label>
    <description>A sophisticated prehensile tail replacement. It's like having another hand!</description>
    <graphicData>
      <texPath>Things/Item/Health/HealthItem</texPath>
      <graphicClass>Graphic_Single</graphicClass>
    </graphicData>
    <statBases>
      <MarketValue>1500</MarketValue>
      <Mass>1</Mass>
    </statBases>
	<costList>
      <Plasteel>15</Plasteel>
      <ComponentSpacer>2</ComponentSpacer>
    </costList>
    <techHediffsTags>
      <li>Advanced</li>
    </techHediffsTags>
  </ThingDef>
  
    <HediffDef ParentName="AddedBodyPartBase">
    <defName>OBionicTail</defName>
    <label>bionic orassan tail</label>
    <spawnThingOnRemoved>OBionicTail</spawnThingOnRemoved>
	<description>Includes an integrated gyroscope to help maintain balance and imrpove manipulation.</description>
    <addedPartProps>
      <solid>true</solid>
      <partEfficiency>1.0</partEfficiency>
    </addedPartProps>
    <stages>
      <li>
          <capMods>
            <li>
              <capacity>Manipulation</capacity>
              <offset>0.2</offset>
            </li>
          </capMods>
      </li>
    </stages>
  </HediffDef>

</Defs>