<?xml version="1.0" encoding="utf-8" ?>
<Defs>
   <ThingDef Name="BaseOrassan" Abstract="True">
        <thingClass>Pawn</thingClass>
        <category>Pawn</category>
        <selectable>true</selectable>
        <tickerType>Normal</tickerType>
        <altitudeLayer>Pawn</altitudeLayer>
        <useHitPoints>false</useHitPoints>
        <hasTooltip>true</hasTooltip>
        <soundImpactDefault>BulletImpactFlesh</soundImpactDefault>
        <inspectorTabs>
            <li>ITab_Pawn_Health</li>
            <li>ITab_Pawn_Needs</li>
            <li>ITab_Pawn_Character</li>
            <li>ITab_Pawn_Training</li>
            <li>ITab_Pawn_Gear</li>
            <li>ITab_Pawn_Guest</li>
            <li>ITab_Pawn_Prisoner</li>
            <li>ITab_Pawn_Social</li>
        </inspectorTabs>
        <comps>
            <li>
                <compClass>CompAttachBase</compClass>
            </li>
        </comps>
        <drawGUIOverlay>true</drawGUIOverlay>
    </ThingDef>

    <!-- ============================ Orassan ========================== -->

<AlienRace.ThingDef_AlienRace ParentName="BasePawn">
        <defName>Alien_Orassan</defName>
        <label>orassan</label>
        <description>A baseline orassan, mostly unmodified by gene engineering and mostly unchanged by evolutionary pressures on non-Orassia planets. A mammalian humanoid feline race. Evolving in cold caves and life on space ships make it so they don't mind the dark or being ineast for long periods of time.</description>
		<alienRace>
			<generalSettings>
			<minAgeForAdulthood>16</minAgeForAdulthood>
					<factionRelations>
					<li>
						<factions>
							<li>Orassan</li>
						</factions>
						<goodwill>
							<min>100</min>
							<max>100</max>
						</goodwill>
					</li>               
				</factionRelations>
				<maleGenderProbability>0.3</maleGenderProbability>
				<!-- ниже добавил: -->
				<disallowedTraits>
					<li> <defName>Asexual</defName> </li>
					<li> <defName>Bisexual</defName> </li>
					<li> <defName>Cannibal</defName> </li>
					<li> <defName>Gay</defName> </li>
					<li> <defName>Masochist</defName> </li>
					<li> <defName>Pyromaniac</defName> </li>
				</disallowedTraits>
				<forcedRaceTraitEntries>
                    <li>
                        <defName>Beauty</defName>
                        <degree>2</degree>
                        <chance>10</chance>
                    </li>
                    <li>
                        <defName>Beauty</defName>
                        <degree>1</degree>
                        <chance>25</chance>
                    </li>
                    <!-- отключил ниже:
					<li>
                        <defName>Gay</defName>
                        <chance>50</chance>
                    </li> -->
                    <li>
                        <defName>Nudist</defName>
                        <chance>10</chance>
                    </li>
					<li>
                        <defName>Xenophobia</defName>
						<degree>1</degree>
                        <chance>0</chance>
                    </li>
					<li>
                        <defName>Xenophobia</defName>
						<degree>-1</degree>
                        <chance>10</chance>
                    </li>
										<li>
                        <defName>Nimble</defName>
                        <chance>35</chance>
                    </li>
                </forcedRaceTraitEntries>
				<maxDamageForSocialfight>6</maxDamageForSocialfight>
				<alienPartGenerator>   
					<headOffset>(0.0, -0.06)</headOffset>
					<aliencrowntypes>
						<li>Average_Normal</li>
					</aliencrowntypes>
                    <alienbodytypes>
                        <li>Hulk</li>
                        <li>Thin</li>
                        <li>Male</li>
                        <li>Female</li>
                    </alienbodytypes>
					<useGenderedHeads>true</useGenderedHeads>
                    <bodyAddons>
						<li>
							<drawSize>.75</drawSize>
							<path>Things/Pawn/Humanlike/Tails/OTail</path>
							<bodyPart>tail</bodyPart>
							<backstoryGraphics>
							<Orassan_GeneWarrior>Things/Pawn/Humanlike/Tails/OTailG</Orassan_GeneWarrior>
							</backstoryGraphics>
							<inFrontOfBody>true</inFrontOfBody>
							<colorChannel>skin</colorChannel>
							<drawnInBed>false</drawnInBed>
							<offsets>
								<south>
									<bodyTypes>
										<Male>(-0.25,-0.2)</Male>
										<Female>(-.1,-0.2)</Female>
										<Thin>(-.1,-0.2)</Thin>
										<Hulk>(-.1,-0.2)</Hulk>
									</bodyTypes>
									<crownTypes>
										<Normal_Average>(0,0)</Normal_Average>
									</crownTypes>
								</south>
								<north>
									<bodyTypes>
										<Male>(0,-0.05)</Male>
										<Female>(0,-0.05)</Female>
										<Thin>(0,-0.05)</Thin>
										<Hulk>(0,-0.05)</Hulk>
									</bodyTypes>
									<crownTypes>
										<Normal_Average>(0,0)</Normal_Average>
									</crownTypes>
								</north>
								<east>
									<bodyTypes>
										<Male>(0.1,-0.2)</Male>
										<Female>(0.1,-0.2)</Female>
										<Thin>(0.05,-0.2)</Thin>
										<Hulk>(0.2,-0.25)</Hulk>
									</bodyTypes>
									<crownTypes>
										<Normal_Average>(0,0)</Normal_Average>
									</crownTypes>
								</east>
							</offsets>
						</li>
						<li>
						<drawSize>.75</drawSize>
							<path>EarLeft</path>
							<bodyPart>left ear</bodyPart>
							<inFrontOfBody>true</inFrontOfBody>
							<colorChannel>skin</colorChannel>
							<offsets>
								<south>
									<bodyTypes>
										<Male>(-0.475,.67)</Male>
										<Female>(-0.475,.67)</Female>
										<Thin>(-0.475,.67)</Thin>
										<Hulk>(-0.475,.67)</Hulk>
									</bodyTypes>
									<portraitBodyTypes>
										<Male>(-0.45,.67)</Male>
										<Female>(-0.45,.67)</Female>
										<Thin>(-0.45,.67)</Thin>
										<Hulk>(-0.45,.67)</Hulk>
									</portraitBodyTypes>
									<crownTypes>
										<Normal_Average>(0,0)</Normal_Average>
									</crownTypes>
								</south>
								<north>
									<bodyTypes>
										<Male>(0.05,.98)</Male>
										<Female>(0.05,.98)</Female>
										<Thin>(0.05,.98)</Thin>
										<Hulk>(0.05,.98)</Hulk>
									</bodyTypes>
									<portraitBodyTypes>
										<Male>(-0.04,.89)</Male>
										<Female>(-0.04,.89)</Female>
										<Thin>(-0.04,.89)</Thin>
										<Hulk>(-0.04,.89)</Hulk>
									</portraitBodyTypes>
									<crownTypes>
										<Normal_Average>(0,0)</Normal_Average>
									</crownTypes>
								</north>
								<east>
									<bodyTypes>
										<Male>(-0.44,.75)</Male>
										<Female>(-0.44,.75)</Female>
										<Thin>(-0.44,.75)</Thin>
										<Hulk>(-0.44,.75)</Hulk>
									</bodyTypes>
									<portraitBodyTypes>
										<Male>(-0.44,.58)</Male>
										<Female>(-0.44,.58)</Female>
										<Thin>(-0.44,.58)</Thin>
										<Hulk>(-0.44,.58)</Hulk>
									</portraitBodyTypes>
									<crownTypes>
										<Normal_Average>(0,0)</Normal_Average>
									</crownTypes>
								</east>
							</offsets>
							
                <hiddenUnderApparelFor>
                      <li>FullHead</li>
                </hiddenUnderApparelFor>
						</li>
						<li>
						<drawSize>.75</drawSize>
							<path>EarRight</path>
							<bodyPart>right ear</bodyPart>
							<inFrontOfBody>true</inFrontOfBody>
							<colorChannel>skin</colorChannel>
							<offsets>
								<south>
									<bodyTypes>
										<Male>(-0.375,.67)</Male>
										<Female>(-0.375,.67)</Female>
										<Thin>(-0.375,.67)</Thin>
										<Hulk>(-0.375,.67)</Hulk>
									</bodyTypes>
																		<portraitBodyTypes>
										<Male>(-0.4,.67)</Male>
										<Female>(-0.4,.67)</Female>
										<Thin>(-0.4,.67)</Thin>
										<Hulk>(-0.4,.67)</Hulk>
									</portraitBodyTypes>
									<crownTypes>
										<Normal_Average>(0,0)</Normal_Average>
									</crownTypes>
								</south>
								<north>
									<bodyTypes>
										<Male>(-0.038,.98)</Male>
										<Female>(-0.038,.98)</Female>
										<Thin>(-0.038,.98)</Thin>
										<Hulk>(-0.038,.98)</Hulk>
									</bodyTypes>
																		<portraitBodyTypes>
										<Male>(-0.01,1)</Male>
										<Female>(-0.01,1)</Female>
										<Thin>(-0.01,1)</Thin>
										<Hulk>(-0.01,1)</Hulk>
									</portraitBodyTypes>
									<crownTypes>
										<Normal_Average>(0,0)</Normal_Average>
									</crownTypes>
								</north>
								<east>
									<bodyTypes>
										<Male>(-0.44,.75)</Male>
										<Female>(-0.44,.75)</Female>
										<Thin>(-0.44,.75)</Thin>
										<Hulk>(-0.44,.75)</Hulk>
									</bodyTypes>
																		<portraitBodyTypes>
										<Male>(-0.44,.58)</Male>
										<Female>(-0.44,.58)</Female>
										<Thin>(-0.44,.58)</Thin>
										<Hulk>(-0.44,.58)</Hulk>
									</portraitBodyTypes>
									<crownTypes>
										<Normal_Average>(0,0)</Normal_Average>
									</crownTypes>
								</east>
							</offsets>
							
                <hiddenUnderApparelFor>
                      <li>FullHead</li>
                </hiddenUnderApparelFor>
						</li>
					</bodyAddons>
			<colorChannels>
				<li>
					<name>skin</name>
                    <first Class="ColorGenerator_Options">
                        <options>
                        <li>
                            <weight>10</weight>
                            <only>RGBA(1.0,1.0,1.0,1)</only>
                        </li>
                        <li>
                            <weight>10</weight>
                            <only>RGBA(0.5,0.5,0.5,1)</only>
                        </li>
                        <li>
                            <weight>10</weight>
                            <only>RGBA(0.3,0.3,0.3,1)</only>
                        </li>
                        <li>
                            <weight>5</weight>
                            <only>RGBA(0.8,0.5,0.5,1)</only>
                        </li>
                        <li>
                            <weight>5</weight>
                            <only>RGBA(0.6,0.3,0.0,1)</only>
                        </li>
												 <li>
                        <weight>5</weight>
                        <only>RGBA(0.576,0.475,0.4,1)</only>
						</li>
						 <li>
                        <weight>1</weight>
                        <only>RGBA(0.502,0.071,0.145,1)</only>
						</li>
                        </options>
					</first>
				</li>
            </colorChannels>
                    <customDrawSize>(0.7, 0.7)</customDrawSize>
                    <customPortraitDrawSize>(.7, .7)</customPortraitDrawSize>
                </alienPartGenerator>
				<humanRecipeImport>true</humanRecipeImport>
		    </generalSettings>
		
            <graphicPaths>
                <li>
                    <head>Things/Orassan/Heads/</head>
					<skeleton>Things/Pawn/Humanlike/Bodies/Dessicated/Dessicated_Thin</skeleton>
                </li>
            </graphicPaths>
		
            <hairSettings>
                <hasHair>true</hasHair>
                <getsGreyAt>50</getsGreyAt>
            </hairSettings>
            
            <thoughtSettings>
                <cannotReceiveThoughts>
                <li>EnvironmentDark</li>
                <li>CabinFever</li>
				<li>SleptInCold</li>
				<li>Naked</li>
				<!-- ниже добавил: -->
				<li>ButcheredHumanlikeCorpse</li>
				<li>KilledHumanlikeBloodlust</li>
				<li>KnowButcheredHumanlikeCorpse</li>
				<li>WitnessedDeathBloodlust</li>
				<li>MasochistPain</li>
				<li>PyromaniacHappy</li>
                </cannotReceiveThoughts>
            </thoughtSettings>
        </alienRace>
        <!--<uiIconPath>Things/Pawn/Humanlike/UI/IconHuman</uiIconPath>-->
        <statBases>
            <MarketValue>1900</MarketValue>
            <MoveSpeed>7.85</MoveSpeed> <!--Nyooooooooom-->
            <Flammability>1.0</Flammability>
            <ComfyTemperatureMin>-60</ComfyTemperatureMin>
            <ComfyTemperatureMax>26</ComfyTemperatureMax>
            <!-- <LeatherAmount>35</LeatherAmount> и мясо -->
			<LeatherAmount>0</LeatherAmount>
			<MeatAmount>0</MeatAmount>
            <ResearchSpeed>1.20</ResearchSpeed>
            <MiningSpeed>0.95</MiningSpeed>
            <SocialImpact>1.20</SocialImpact>
			<MeleeDodgeChance>1.25</MeleeDodgeChance>
        </statBases>
		<tools>
      <li>
        <label>left fist</label>
        <capacities>
          <li>Blunt</li>
        </capacities>
        <power>5</power>
        <cooldownTime>1.4</cooldownTime>
        <linkedBodyPartsGroup>LeftHand</linkedBodyPartsGroup>
        <surpriseAttack>
          <extraMeleeDamages>
            <li>
              <def>Stun</def>
              <amount>18</amount>
            </li>
          </extraMeleeDamages>
        </surpriseAttack>
      </li>
      <li>
        <label>right fist</label>
        <capacities>
          <li>Blunt</li>
        </capacities>
        <power>5</power>
        <cooldownTime>1.4</cooldownTime>
        <linkedBodyPartsGroup>RightHand</linkedBodyPartsGroup>
        <surpriseAttack>
          <extraMeleeDamages>
            <li>
              <def>Stun</def>
              <amount>18</amount>
            </li>
          </extraMeleeDamages>
        </surpriseAttack>
      </li>
	        <li>
        <label>left claws</label>
        <capacities>
          <li>Scratch</li>
        </capacities>
        <power>10</power>
        <cooldownTime>1.3</cooldownTime>
        <linkedBodyPartsGroup>LeftHandClawsGroup</linkedBodyPartsGroup>
        <surpriseAttack>
          <extraMeleeDamages>
            <li>
              <def>Stun</def>
              <amount>20</amount>
            </li>
          </extraMeleeDamages>
        </surpriseAttack>
      </li>
      <li>
        <label>right claws</label>
        <capacities>
          <li>Scratch</li>
        </capacities>
        <power>10</power>
        <cooldownTime>1.3</cooldownTime>
        <linkedBodyPartsGroup>RightHandClawsGroup</linkedBodyPartsGroup>
        <surpriseAttack>
          <extraMeleeDamages>
            <li>
              <def>Stun</def>
              <amount>20</amount>
            </li>
          </extraMeleeDamages>
        </surpriseAttack>
      </li>
      <li>
        <label>teeth</label>
        <capacities>
          <li>Bite</li>
        </capacities>
        <power>14</power>
        <cooldownTime>1.6</cooldownTime>
        <linkedBodyPartsGroup>Teeth</linkedBodyPartsGroup>
        <chanceFactor>0.2</chanceFactor>
      </li>
    </tools>
        <race>
            <thinkTreeMain>Humanlike</thinkTreeMain>
            <thinkTreeConstant>HumanlikeConstant</thinkTreeConstant>
            <intelligence>Humanlike</intelligence>
            <makesFootprints>true</makesFootprints>
            <lifeExpectancy>80</lifeExpectancy>
			<leatherDef>Leather_Orassan</leatherDef>
            <nameCategory>HumanStandard</nameCategory>
            <body>Orassan</body>
            <baseBodySize>.75</baseBodySize>
            <baseHealthScale>.9</baseHealthScale>
            <foodType>OmnivoreHuman</foodType>
            <nuzzleMtbHours>3</nuzzleMtbHours>
			<!-- добавил ниже 2 группы: -->
			<willNeverEat>
				<li>Corpse_Human</li>
				<li>Meat_Human</li>
				<li>Corpse_Alien_Orassan</li>
				<!-- <li>Meat_Alien_Orassan</li> -->
			</willNeverEat>
			<useMeatFrom>Human</useMeatFrom>

      <gestationPeriodDays>32.5</gestationPeriodDays>
      <litterSizeCurve>
        <points>
          <li>(0.5, 0)</li>
          <li>(1, .30)</li>
          <li>(2, .40)</li>
          <li>(3, .10)</li>
		  <li>(4, .20)</li>
		  <li>(5, 0)</li>
        </points>
      </litterSizeCurve>
            <lifeStageAges>
                <li>
                    <def>HumanlikeBaby</def>
                    <minAge>0</minAge>
                </li>
                <li>
                    <def>HumanlikeToddler</def>
                    <minAge>1.2</minAge>
                </li>
                <li>
                    <def>HumanlikeChild</def>
                    <minAge>4</minAge>
                </li>
                <li>
                    <def>HumanlikeTeenager</def>
                    <minAge>11</minAge>
                </li>
                <li>
                    <def>HumanlikeAdult</def>
                    <minAge>16</minAge>
                </li>
            </lifeStageAges>
            <soundMeleeHitPawn>Pawn_Melee_Punch_HitPawn</soundMeleeHitPawn>
            <soundMeleeHitBuilding>Pawn_Melee_Punch_HitBuilding</soundMeleeHitBuilding>
            <soundMeleeMiss>Pawn_Melee_Punch_Miss</soundMeleeMiss>
            <specialShadowData>
                <volume>(0.3, 0.8, 0.4)</volume>
                <offset>(0,0,-0.3)</offset>
            </specialShadowData>
            <ageGenerationCurve>
                <points>
                    <li>(10,0)</li>
					<li>(11,20)</li>
					<li>(12,30)</li>
					<li>(14,75)</li>
                    <li>(16,100)</li>
                    <li>(40,100)</li>
                    <li>(60,30)</li>
                    <li>(70,18)</li>
                    <li>(80,10)</li>
                    <li>(90,3)</li>
                    <li>(100,0)</li>
                </points>
            </ageGenerationCurve>
            <hediffGiverSets>
                <li>OrganicStandard</li>
            </hediffGiverSets>
        </race>
        <recipes>
		    <li>InstallArchotechEye</li>
			<li>InstallArchotechArm</li>
			<li>InstallArchotechLeg</li>
			<li>InstallPowerClaw</li>
			<li>InstallBionicEye</li>
			<li>InstallBionicArm</li>
			<li>InstallBionicLeg</li>
			<li>InstallBionicSpine</li>
			<li>InstallBionicHeart</li>
			<li>InstallBionicStomach</li>
			<li>InstallBionicEar</li>
			<li>InstallSimpleProstheticArm</li>
			<li>InstallSimpleProstheticLeg</li>
			<li>InstallSimpleProstheticHeart</li>
			<li>InstallCochlearImplant</li>
			<li>InstallPegLeg</li>
			<li>InstallWoodenFoot</li>
			<li>InstallDenture</li>
			<li>InstallJoywire</li>
			<li>InstallPainstopper</li>
			<li>InstallNaturalHeart</li>
			<li>InstallNaturalLung</li>
			<li>InstallNaturalKidney</li>
			<li>InstallNaturalLiver</li>
			<li>ExciseCarcinoma</li>
			<li>AdministerMechSerumHealer</li>
			<li>RemoveBodyPart</li>
			<li>Euthanize</li>
			<li>Anesthetize</li>
            <li>InstallOrassanTail</li>
            <li>InstallBionicTail</li>
            <li>InstallClothTail</li>
            <li>InstallPlasteelClaws</li>         
        </recipes>
</AlienRace.ThingDef_AlienRace>
</Defs>