<?xml version="1.0" encoding="utf-8" ?>
<Defs>
  <ThingDef ParentName="AnimalThingBase">
    <defName>Ori</defName>
    <label>ori</label>
    <description>Native to Orassia, this monkey-like creature can use its curly tail to grab on to branches, leaving its hands free to do other things. Its natural habitat is in the equatorial region of the arctic planet. Due to it's curious nature, long lifespan, and friendly demeanor, it's a popular pet. Due to its popularity, Orassan colonists have brought them along on their journey, leading to many escaping on various planets across the galaxy.</description>
    <statBases>
      <MoveSpeed>4.84</MoveSpeed>
      <ComfyTemperatureMin>-75</ComfyTemperatureMin>
      <MarketValue>550</MarketValue>
    </statBases>
    <tools>
      <li>
        <label>left fist</label>
        <capacities>
          <li>Blunt</li>
        </capacities>
        <power>4</power>
        <cooldownTime>1.3</cooldownTime>
        <linkedBodyPartsGroup>LeftHand</linkedBodyPartsGroup>
      </li>
      <li>
        <label>right fist</label>
        <capacities>
          <li>Blunt</li>
        </capacities>
        <power>4</power>
        <cooldownTime>1.3</cooldownTime>
        <linkedBodyPartsGroup>RightHand</linkedBodyPartsGroup>
      </li>
      <li>
	    <label>teeth</label>
        <capacities>
          <li>Bite</li>
        </capacities>
        <power>3</power>
        <cooldownTime>1.65</cooldownTime>
        <linkedBodyPartsGroup>Teeth</linkedBodyPartsGroup>
      </li>
      <li>
        <label>head</label>
        <capacities>
          <li>Blunt</li>
        </capacities>
        <power>1</power>
        <cooldownTime>1.65</cooldownTime>
        <linkedBodyPartsGroup>HeadAttackTool</linkedBodyPartsGroup>
        <ensureLinkedBodyPartsGroupAlwaysUsable>true</ensureLinkedBodyPartsGroupAlwaysUsable>
        <chanceFactor>0.2</chanceFactor>
      </li>
    </tools>
    <race>
      <body>Monkey</body>
			<wildBiomes>
				<BorealForest>0.12</BorealForest>
				<Tundra>0.07</Tundra>
				<ColdBog>0.07</ColdBog>
				<TemperateForest>0.12</TemperateForest>
				<TemperateSwamp>0.12</TemperateSwamp>
				<TropicalRainforest>0.12</TropicalRainforest>
				<TropicalSwamp>0.12</TropicalSwamp>
				<AridShrubland>0.1</AridShrubland>


			</wildBiomes>

      <herdAnimal>true</herdAnimal>
      <petness>0.4</petness>
      <baseBodySize>0.55</baseBodySize>
      <baseHungerRate>0.25</baseHungerRate>
      <baseHealthScale>0.45</baseHealthScale>
      <foodType>OmnivoreRoughAnimal</foodType>
      <leatherDef>Leather_Ori</leatherDef>
      <trainability>Advanced</trainability>
      <wildness>0.40</wildness>
      <nuzzleMtbHours>24</nuzzleMtbHours>
      <gestationPeriodDays>16</gestationPeriodDays>
      <lifeExpectancy>30</lifeExpectancy>
      <lifeStageAges>
        <li>
          <def>AnimalBaby</def>
          <minAge>0</minAge>
        </li>
        <li>
          <def>AnimalJuvenile</def>
          <minAge>0.15</minAge>
        </li>
        <li>
          <def>AnimalAdult</def>
          <minAge>0.25</minAge>
          <soundWounded>Pawn_Monkey_Wounded</soundWounded>
          <soundDeath>Pawn_Monkey_Death</soundDeath>
          <soundCall>Pawn_Monkey_Call</soundCall>
          <soundAngry>Pawn_Monkey_Angry</soundAngry>
        </li>
      </lifeStageAges>
      <soundMeleeHitPawn>Pawn_Melee_SmallScratch_HitPawn</soundMeleeHitPawn>
      <soundMeleeHitBuilding>Pawn_Melee_SmallScratch_HitBuilding</soundMeleeHitBuilding>
      <soundMeleeMiss>Pawn_Melee_SmallScratch_Miss</soundMeleeMiss>
    </race>
    <tradeTags>
          <li>AnimalUncommon</li>
          <li>AnimalExotic</li>
		  <li>AnimalPet</li>
    </tradeTags>
  </ThingDef>

  <PawnKindDef ParentName="AnimalKindBase">
    <defName>Ori</defName>
    <label>ori</label>
    <race>Ori</race>
    <combatPower>40</combatPower>
    <ecoSystemWeight>0.25</ecoSystemWeight>
    <labelMale>ori</labelMale>
    <labelFemale>ori</labelFemale>
    <wildGroupSize>
      <min>3</min>
      <max>7</max>
    </wildGroupSize>
    <lifeStages>
      <li>
        <bodyGraphicData>
          <texPath>Things/Pawn/Ori/M</texPath>
          <drawSize>.65</drawSize>
        </bodyGraphicData>
        <femaleGraphicData>
          <texPath>Things/Pawn/Ori/M</texPath>
          <drawSize>.65</drawSize>
        </femaleGraphicData>
        <dessicatedBodyGraphicData>
          <texPath>Things/Pawn/Animal/Monkey/Dessicated_Monkey</texPath>
          <drawSize>.65</drawSize>
        </dessicatedBodyGraphicData>
      </li>
      <li>
        <bodyGraphicData>
          <texPath>Things/Pawn/Ori/M</texPath>
          <drawSize>.85</drawSize>
          <shadowData>
            <volume>(0.2, 0.2, 0.2)</volume>
            <offset>(0,0,-0.2)</offset>
          </shadowData>
        </bodyGraphicData>
        <femaleGraphicData>
          <texPath>Things/Pawn/Ori/F</texPath>
          <drawSize>.85</drawSize>
          <shadowData>
            <volume>(0.2, 0.2, 0.2)</volume>
            <offset>(0,0,-0.2)</offset>
          </shadowData>
        </femaleGraphicData>
        <dessicatedBodyGraphicData>
          <texPath>Things/Pawn/Animal/Monkey/Dessicated_Monkey</texPath>
          <drawSize>1.75</drawSize>
        </dessicatedBodyGraphicData>
      </li>
      <li>
        <bodyGraphicData>
          <texPath>Things/Pawn/Ori/M</texPath>
          <drawSize>1.2</drawSize>
          <shadowData>
            <volume>(0.3, 0.3, 0.3)</volume>
            <offset>(0,0,-0.2)</offset>
          </shadowData>
        </bodyGraphicData>
        <femaleGraphicData>
          <texPath>Things/Pawn/Ori/F</texPath>
          <drawSize>1.2</drawSize>
          <shadowData>
            <volume>(0.3, 0.3, 0.3)</volume>
            <offset>(0,0,-0.2)</offset>
          </shadowData>
        </femaleGraphicData>
        <dessicatedBodyGraphicData>
          <texPath>Things/Pawn/Animal/Monkey/Dessicated_Monkey</texPath>
          <drawSize>1.5</drawSize>
        </dessicatedBodyGraphicData>
      </li>
    </lifeStages>
  </PawnKindDef>
  
  
  <!-- Desiri-->
  
    <ThingDef Name="ThingBaseDesiri" ParentName="AnimalThingBase" Abstract="True">
    <statBases>
      <MoveSpeed>4.6</MoveSpeed>
      <ComfyTemperatureMin>-35</ComfyTemperatureMin>
      <MarketValue>200</MarketValue>
    </statBases>
    <tools>
      <li>
        <label>left claw</label>
        <capacities>
          <li>Scratch</li>
        </capacities>
        <power>8</power>
        <cooldownTime>2</cooldownTime>
        <linkedBodyPartsGroup>FrontLeftPaw</linkedBodyPartsGroup>
        <surpriseAttack>
          <extraMeleeDamages>
            <li>
              <def>Stun</def>
              <amount>14</amount>
            </li>
          </extraMeleeDamages>
        </surpriseAttack>
      </li>
      <li>
        <label>right claw</label>
        <capacities>
          <li>Scratch</li>
        </capacities>
        <power>8</power>
        <cooldownTime>2</cooldownTime>
        <linkedBodyPartsGroup>FrontRightPaw</linkedBodyPartsGroup>
        <surpriseAttack>
          <extraMeleeDamages>
            <li>
              <def>Stun</def>
              <amount>14</amount>
            </li>
          </extraMeleeDamages>
        </surpriseAttack>
      </li>
      <li>
        <capacities>
          <li>Bite</li>
		  <li>Blunt</li>
        </capacities>
        <power>15</power>
        <cooldownTime>2</cooldownTime>
        <linkedBodyPartsGroup>Teeth</linkedBodyPartsGroup>
        <chanceFactor>0.9</chanceFactor>
        <surpriseAttack>
          <extraMeleeDamages>
            <li>
              <def>Stun</def>
              <amount>23</amount>
            </li>
          </extraMeleeDamages>
        </surpriseAttack>
      </li>
      <li>
        <label>head</label>
        <capacities>
          <li>Blunt</li>
        </capacities>
        <power>4</power>
        <cooldownTime>2</cooldownTime>
        <linkedBodyPartsGroup>HeadAttackTool</linkedBodyPartsGroup>
        <ensureLinkedBodyPartsGroupAlwaysUsable>true</ensureLinkedBodyPartsGroupAlwaysUsable>
        <chanceFactor>0.2</chanceFactor>
      </li>
    </tools>
    <race>
      <body>QuadrupedAnimalWithPawsAndTail</body>
      <predator>true</predator>
      <maxPreyBodySize>1.2</maxPreyBodySize>
      <baseBodySize>0.75</baseBodySize>
      <baseHungerRate>0.12</baseHungerRate>
      <baseHealthScale>0.70</baseHealthScale>
      <foodType>CarnivoreAnimal</foodType>
      <leatherDef>Leather_Fox</leatherDef>
      <nameOnTameChance>1</nameOnTameChance>
      <trainability>Advanced</trainability>
      <wildness>0.75</wildness>
      <nuzzleMtbHours>60</nuzzleMtbHours>
      <gestationPeriodDays>21</gestationPeriodDays>
	  			<wildBiomes>
				<BorealForest>0.05</BorealForest>
				<Tundra>0.03</Tundra>
				<ColdBog>0.02</ColdBog>
				<TemperateForest>0.07</TemperateForest>
				<TemperateSwamp>0.07</TemperateSwamp>
				<TropicalRainforest>0.07</TropicalRainforest>
				<TropicalSwamp>0.07</TropicalSwamp>
				<AridShrubland>0.05</AridShrubland>


			</wildBiomes>
      <litterSizeCurve>
        <points>
          <li>(0.5, 0)</li>
          <li>(1, 1)</li>
          <li>(2, 1.7)</li>
          <li>(2.5, 0.7)</li>
          <li>(3, 0)</li>
        </points>
      </litterSizeCurve>
      <lifeExpectancy>9</lifeExpectancy>
      <lifeStageAges>
        <li>
          <def>AnimalBaby</def>
          <minAge>0</minAge>
        </li>
        <li>
          <def>AnimalJuvenile</def>
          <minAge>0.15</minAge>
        </li>
        <li>
          <def>AnimalAdult</def>
          <minAge>0.35</minAge>
          <!-- no sounds -->
        </li>
      </lifeStageAges>
      <soundMeleeHitPawn>Pawn_Melee_SmallScratch_HitPawn</soundMeleeHitPawn>
      <soundMeleeHitBuilding>Pawn_Melee_SmallScratch_HitBuilding</soundMeleeHitBuilding>
      <soundMeleeMiss>Pawn_Melee_SmallScratch_Miss</soundMeleeMiss>
    </race>
    <tradeTags>
      <li>AnimalCommon</li>
    </tradeTags>
  </ThingDef>

  <PawnKindDef ParentName="AnimalKindBase" Name="AnimalKindBaseDesiri" Abstract="True">
    <combatPower>45</combatPower>
    <ecoSystemWeight>0.50</ecoSystemWeight>
  </PawnKindDef>
  
  
    <ThingDef ParentName="ThingBaseDesiri">
    <defName>Animal_Desiri</defName>
    <label>desiri</label>
    <description>A small predator adapted for cold climates. It usually hunts small game like mice and voles, sometimes burrowing through a meter of snow to reach its prey... and the giant spiders native to Orassia. They use their strong jaws to crush their prey's exoskeleton and/or bones, and are surprisingly durable for their size. A somewhat popular pet among orassans. They typically live in pairs.</description>
    <race>
      <useMeatFrom>Fox_Fennec</useMeatFrom>
	        <petness>0.3</petness>
      <baseBodySize>0.75</baseBodySize>
      <baseHungerRate>0.3</baseHungerRate>
      <baseHealthScale>1</baseHealthScale>
      <foodType>OmnivoreRoughAnimal</foodType>
      <leatherDef>Leather_Desiri</leatherDef>
      <trainability>Advanced</trainability>
      <wildness>0.40</wildness>
      <nuzzleMtbHours>24</nuzzleMtbHours>
      <gestationPeriodDays>16</gestationPeriodDays>
      <lifeExpectancy>20</lifeExpectancy>
    </race>
	    <tradeTags>
          <li>AnimalUncommon</li>
          <li>AnimalExotic</li>
		  <li>AnimalPet</li>
    </tradeTags>
    <statBases>
      <ComfyTemperatureMin>-50</ComfyTemperatureMin>
    </statBases>
  </ThingDef>

  <PawnKindDef ParentName="AnimalKindBaseDesiri">
    <defName>Animal_Desiri</defName>
    <label>desiri</label>
    <labelPlural>desiri</labelPlural>
    <race>Animal_Desiri</race>
	    <wildGroupSize>
      <min>2</min>
      <max>2</max>
    </wildGroupSize>
    <lifeStages>
      <li>
        <label>desiri puppy</label>
        <labelPlural>desiri puppies</labelPlural>
        <bodyGraphicData>
          <texPath>Things/Pawn/Desiri/Desiri</texPath>
          <drawSize>1.0</drawSize>
        </bodyGraphicData>
        <dessicatedBodyGraphicData>
          <texPath>Things/Pawn/Animal/Fox_Arctic/Dessicated_Fox_Arctic</texPath>
          <drawSize>1.0</drawSize>
        </dessicatedBodyGraphicData>
      </li>
      <li>
        <bodyGraphicData>
          <texPath>Things/Pawn/Desiri/Desiri</texPath>
          <drawSize>1.35</drawSize>
          <shadowData>
            <volume>(0.25, 0.3, 0.25)</volume>
            <offset>(0,0,-0.15)</offset>
          </shadowData>
        </bodyGraphicData>
        <dessicatedBodyGraphicData>
          <texPath>Things/Pawn/Animal/Fox_Arctic/Dessicated_Fox_Arctic</texPath>
          <drawSize>1.35</drawSize>
        </dessicatedBodyGraphicData>
      </li>
      <li>
        <bodyGraphicData>
          <texPath>Things/Pawn/Desiri/Desiri</texPath>
          <drawSize>2</drawSize>
        </bodyGraphicData>
        <dessicatedBodyGraphicData>
          <texPath>Things/Pawn/Animal/Fox_Arctic/Dessicated_Fox_Arctic</texPath>
          <drawSize>2</drawSize>
        </dessicatedBodyGraphicData>
      </li>
    </lifeStages>
  </PawnKindDef>
  
</Defs>