﻿<?xml version="1.0" encoding="UTF-8"?>
<LanguageData>
  
  <!-- EN: You can dismiss letters by right-clicking on them. -->
  <GameplayTips.DismissLetters>Вы можете отклонять письма, щёлкая по ним правой кнопкой мыши.</GameplayTips.DismissLetters>
  <!-- EN: You can hold the shift key to queue orders on your colonists. -->
  <GameplayTips.QueueOrders>Вы можете удерживать клавишу Shift, чтобы ставить в очередь задания для ваших поселенцев.</GameplayTips.QueueOrders>
  <!-- EN: You can right-click and drag to reorder colonists on the colonist bar. -->
  <GameplayTips.ReorderColonistbar>Вы можете изменить порядок поселенцев на панели, перетащив их правой кнопкой мыши.</GameplayTips.ReorderColonistbar>
  <!-- EN: You can select previous/next colonist with the , and . keys. -->
  <GameplayTips.SelectPrevNextColonist>Вы можете выбрать предыдущего или следующего поселенца с помощью клавиш «&lt;» и «>» соответственно</GameplayTips.SelectPrevNextColonist>
  <!-- EN: Many menus allow you to click and drag a setting to 'paint' it over many entries. This even works for things like outfits or food restrictions. -->
  <GameplayTips.SettingPainting>Многие меню позволяют перемещением мыши с зажатой ЛКМ изменить сразу несколько строк. Это также работает для таких вещей, как одежда или ограничения в еде.</GameplayTips.SettingPainting>
  <!-- EN: In the work tab's manual priorities mode, 1 is first priority, while 4 is last priority. -->
  <GameplayTips.ManualPriorities>Во вкладке «Работа» при точной настройке «1» имеет больший приоритет, чем «4».</GameplayTips.ManualPriorities>
  <!-- EN: Each colonists' mood is displayed in the background of their icon in the colonist bar at the top of the screen. -->
  <GameplayTips.ColonistMood>Настроение поселенцев отображается цветом фона в панели поселенцев в верхней части экрана.</GameplayTips.ColonistMood>
  <!-- EN: Shift-clicking the name of a work type in the Work tab changes settings for all colonists at once. -->
  <GameplayTips.WorkTabChangeAllColonists>Во вкладке «Работа» можно зажать Shift и нажать на тип работы для применения политики сразу ко всем поселенцам.</GameplayTips.WorkTabChangeAllColonists>
  <!-- EN: Right-clicking a number in the Work tab using manual priorities will reduce the priority instead of increasing it. -->
  <GameplayTips.WorkTabDecreasePriority>При использовании точной настройки во вкладке «Работа» щелчок правой кнопкой мыши по приоритету приведёт к его уменьшению, а не увеличению.</GameplayTips.WorkTabDecreasePriority>
  <!-- EN: In a gunfight, always be behind cover! -->
  <GameplayTips.GunfightCover>Во время перестрелки всегда оставайтесь в укрытии!</GameplayTips.GunfightCover>
  <!-- EN: In a gunfight, spread your colonists out! Bunched-up targets are easy to hit. -->
  <GameplayTips.GunfightSpread>Во время перестрелки рассредоточьте своих поселенцев! В цели, находящиеся рядом, легче попасть.</GameplayTips.GunfightSpread>
  <!-- EN: Smoke totally prevents turrets from detecting targets, but people can still shoot with reduced accuracy. -->
  <GameplayTips.ShootingAccuracySmoke>Дым полностью скрывает цели от турелей, но люди могут стрелять, хоть и с пониженной точностью.</GameplayTips.ShootingAccuracySmoke>
  <!-- EN: When designing defences, assume enemies will get inside using drop pods or tunnels. Build internal defensive positions. -->
  <GameplayTips.DesignDefenses>При проектировании обороны учитывайте, что враги могут проникнуть внутрь при помощи транспортных капсул или взорвав часть стены. Стройте внутренние оборонительные позиции.</GameplayTips.DesignDefenses>
  <!-- EN: Foggy or rainy weather reduces the accuracy of ranged weapons. -->
  <GameplayTips.ShootingAccuracyFogRain>Туман и дождь снижают точность оружия дальнего боя.</GameplayTips.ShootingAccuracyFogRain>
  <!-- EN: You can analyze the chance a shot will hit by selecting the shooter and placing the mouse over the target. -->
  <GameplayTips.ShootingTooltip>Вы можете оценить вероятность попадания, выбрав стрелка и наведя курсор на цель.</GameplayTips.ShootingTooltip>
  <!-- EN: Turrets explode when they take a lot of damage. Don't put them too close together, and don't put your people too close to them. -->
  <GameplayTips.TurretsExplode>Турели взрываются после получения большого количества урона. Не ставьте их слишком близко друг к другу и не ставьте своих людей слишком близко к ним.</GameplayTips.TurretsExplode>
  <!-- EN: Some animals explode upon death. You can use transport pods to drop animals on enemies. Think about it. -->
  <GameplayTips.AnimalDeathExplosion>Некоторые животные взрываются после смерти. С помощью транспортных капсул их можно сбросить на врагов. Подумайте об этом!</GameplayTips.AnimalDeathExplosion>
  <!-- EN: If you need help in a fight, call your allies using the comms console. -->
  <GameplayTips.CallAllies>Если вам нужна помощь в бою, позовите своих союзников, используя консоль связи.</GameplayTips.CallAllies>
  <!-- EN: Maddened animals will attack any human, including your enemies. You can use this. -->
  <GameplayTips.MaddenedAnimals>Обезумевшие животные нападают на любых людей, включая ваших врагов. Вы можете этим воспользоваться.</GameplayTips.MaddenedAnimals>
  <!-- EN: EMP bursts will temporarily disable turrets and shields. -->
  <GameplayTips.EMPDisablesTurretsShields>Взрывы ЭМИ временно отключают турели и щиты.</GameplayTips.EMPDisablesTurretsShields>
  <!-- EN: EMP bursts instantly break personal shields. -->
  <GameplayTips.EMPDisablesPersonalShields>Взрывы ЭМИ мгновенно отключают пояса-щиты.</GameplayTips.EMPDisablesPersonalShields>
  <!-- EN: The hunter stealth stat reduces the chance of animal attacks. It is affected by the hunter's animals and shooting skills. -->
  <GameplayTips.HunterStealth>Скрытность охотника снижает шанс нападения животных. На неё влияют умение охотника обращаться с животными и его навык стрельбы.</GameplayTips.HunterStealth>
  <!-- EN: Animals are more likely to attack when harmed from close range. Long-range, slow-firing weapons are safest for hunting. -->
  <GameplayTips.AnimalsAttackCloseRange>Животные чаще нападают, когда их атакуют с близкого расстояния. Дальнобойное и нескорострельное оружие — лучший выбор для охоты.</GameplayTips.AnimalsAttackCloseRange>
  <!-- EN: Entire herds of animals may attack you when you try to hunt them. Accept the risk before hunting, or choose weaker prey. -->
  <GameplayTips.AnimalsMayAttack>Если вы нападёте на одно животное из целой группы, то всё стадо может атаковать вас. Будьте к этому готовы или выбирайте более слабые цели.</GameplayTips.AnimalsMayAttack>
  <!-- EN: If you hunt boomrats and boomalopes when it's raining, their deaths won't cause forest fires. -->
  <GameplayTips.AnimalDeathExplosionRain>Если вы охотитесь на бумкрыс и бумалоп во время дождя, то их смерть не вызовет лесных пожаров.</GameplayTips.AnimalDeathExplosionRain>
  <!-- EN: Carefully-slaughtered animals yield more meat and leather than those who were killed violently. -->
  <GameplayTips.GreaterSlaughterYield>Вы получите больше мяса и кожи при разделке забитых животных, чем при разделке убитых на охоте.</GameplayTips.GreaterSlaughterYield>
  <!-- EN: Place a caravan packing spot to designate where you want your caravans to form up. -->
  <GameplayTips.CaravanPackingSpot>Разместите место сбора караванов, чтобы обозначить точку, где будут формироваться ваши караваны.</GameplayTips.CaravanPackingSpot>
  <!-- EN: Single-person caravans can be very useful in certain situations. -->
  <GameplayTips.CaravanSinglePerson>В некоторых случаях одиночные караваны могут быть очень полезны.</GameplayTips.CaravanSinglePerson>
  <!-- EN: Faster animals make faster caravans. -->
  <GameplayTips.CaravanFasterAnimals>Караваны с быстрыми животными передвигаются быстрее.</GameplayTips.CaravanFasterAnimals>
  <!-- EN: Smaller caravans will be attacked less often because they're less visible. -->
  <GameplayTips.CaravanSmallerLessVisible>На небольшие караваны будут нападать реже, поскольку они менее заметны.</GameplayTips.CaravanSmallerLessVisible>
  <!-- EN: Before forming a caravan, collect the items you want to send in a stockpile near your caravan packing spot. This will make packing much faster. -->
  <GameplayTips.CaravanStockpileNearPackingSpot>Перед формированием каравана соберите предметы, которые вы хотите отправить вместе с ним, на складе рядом с местом сбора каравана. Это сильно ускорит процесс.</GameplayTips.CaravanStockpileNearPackingSpot>
  <!-- EN: If you have untrained animals in your caravan, you can split them into a separate caravan before attacking an enemy, to keep them out of the fight. -->
  <GameplayTips.CaravanUntrainedAnimals>Если у вас есть необученные животные в караване, то перед атакой на врага их можно выделить в отдельный караван. Это позволит держать их вне боя.</GameplayTips.CaravanUntrainedAnimals>
  <!-- EN: RimWorld is a story generator, not a skill test. A ruined colony is a dramatic tragedy, not a failure. -->
  <GameplayTips.StoryGenerator>RimWorld — это генератор историй, а не проверка навыков. Разрушенное поселение — лишь трагедия, но не провал.</GameplayTips.StoryGenerator>
  <!-- EN: Some colonists are worse than useless. Bad allies are part of the challenge. -->
  <GameplayTips.BadAllies>Некоторые поселенцы более чем бесполезны. Плохие союзники — серьёзная проблема.</GameplayTips.BadAllies>
  <!-- EN: If you can't defend against a threat, make a caravan and run. You may lose your home, but your story can continue. -->
  <GameplayTips.MakeCaravanRunBeforeDefeat>Если вы не можете защититься от угрозы, создайте караван и бегите. Вы потеряете дом, но ваша история продолжится.</GameplayTips.MakeCaravanRunBeforeDefeat>
  <!-- EN: Avoid using stone for doors. They open very slowly, which wastes your colonists' time. -->
  <GameplayTips.StoneDoors>Избегайте использования каменных дверей. Они открываются очень медленно, что отнимает время у ваших поселенцев.</GameplayTips.StoneDoors>
  <!-- EN: Put chairs in front of workbenches so workers can sit comfortably while working. -->
  <GameplayTips.ChairsWorkbench>Поставьте стулья перед верстаками, чтобы рабочие могли удобно сидеть во время работы.</GameplayTips.ChairsWorkbench>
  <!-- EN: Mechanical structures break down and require replacement components. Don't build things you don't need. -->
  <GameplayTips.MechanicalBreakdown>Механические конструкции разрушаются и требуют замены компонентов. Не стройте то, что вам не нужно.</GameplayTips.MechanicalBreakdown>
  <!-- EN: Be careful what you construct on bridges. Bridges collapse easily under explosions, and your buildings will go with them. -->
  <GameplayTips.CarefulConstructionOnBridges>Будьте осторожны со строительством на мостах. Они легко разрушатся при взрыве, и ваши сооружения пойдут на дно вместе с ними.</GameplayTips.CarefulConstructionOnBridges>
  <!-- EN: Clean rooms increase research speed, improve medical outcomes, and reduce food poisoning. Sterile tiles make rooms extra-clean. -->
  <GameplayTips.CleanRooms>Чистые комнаты увеличивают скорость исследования, улучшают исход лечения и уменьшают частоту пищевых отравлений. Стерильная плитка делает комнаты особо чистыми.</GameplayTips.CleanRooms>
  <!-- EN: Building your whole colony in one structure saves resources, but also makes it difficult to contain fires. -->
  <GameplayTips.ColonyOneStructure>Постройка всего поселения в виде одного здания сэкономит ресурсы, однако пожары станет тушить труднее.</GameplayTips.ColonyOneStructure>
  <!-- EN: Terrain affects movement speed. Build floors to help your colonists get around quicker. -->
  <GameplayTips.TerrainMovementSpeed>Рельеф местности влияет на скорость передвижения. Укладывайте полы, чтобы поселенцы передвигались быстрее.</GameplayTips.TerrainMovementSpeed>
  <!-- EN: Different terrain has different inherent cleanliness levels. Tiles are inherently clean; dirt is inherently dirty. -->
  <GameplayTips.TerrainCleanliness>Вид покрытия пола влияет на чистоту в помещении. Плитка по своей природе чистая, а земля — грязная.</GameplayTips.TerrainCleanliness>
  <!-- EN: You can give prisoners as gifts. Giving a prisoner back to his own faction will be highly appreciated. -->
  <GameplayTips.PrisonersAsGifts>Вы можете дарить пленников в качестве подарков. Возвращение пленника его собственной фракции будет высоко оценено.</GameplayTips.PrisonersAsGifts>
  <!-- EN: You can request specific types of trade caravans using the comms console. -->
  <GameplayTips.RequestTradeCaravans>Вы можете запросить определённые типы торговых караванов, используя консоль связи.</GameplayTips.RequestTradeCaravans>
  <!-- EN: You can use transport pods to send gifts directly to other factions' bases - even your enemies. This improves faction relations. -->
  <GameplayTips.TransportPodsSendGift>Вы можете использовать транспортные капсулы для отправки подарков на базы других фракций — даже вашим врагам. Это улучшает отношения между фракциями.</GameplayTips.TransportPodsSendGift>
  <!-- EN: Keeping prisoners together saves space. However, prisoners kept together will try to break out together. -->
  <GameplayTips.KeepingPrisonersTogether>Совместное содержание пленников экономит место. Однако пленники, удерживаемые вместе, будут предпринимать совместные попытки побега.</GameplayTips.KeepingPrisonersTogether>
  <!-- EN: Enemy faction bases are very well-defended. You don't need to attack them - but be well-prepared if you choose to try. -->
  <GameplayTips.EnemyFactionBaseDefenses>Базы вражеских фракций очень хорошо защищены. Вам не нужно на них нападать, а если решитесь — хорошо подготовьтесь.</GameplayTips.EnemyFactionBaseDefenses>
  <!-- EN: Cute tame animals will nuzzle your colonists, improving their mood. -->
  <GameplayTips.AnimalNuzzle>Милые ручные животные будут ласкаться к вашим поселенцам, улучшая их настроение.</GameplayTips.AnimalNuzzle>
  <!-- EN: Assign your herbivorous animals to areas with lots of grass. They'll eat the grass and spare you the need to feed them. -->
  <GameplayTips.AnimalHerbivorousGrassArea>Разрешите своим травоядным животным гулять по участкам с большим количеством травы. Они будут есть растения, что избавит вас от необходимости кормить их.</GameplayTips.AnimalHerbivorousGrassArea>
  <!-- EN: If someone has a serious infection in a limb, you can remove the limb to save their life. -->
  <GameplayTips.RemoveLimbInfection>Если у кого-то есть серьёзная инфекция в конечности, вы можете удалить конечность, чтобы спасти его жизнь.</GameplayTips.RemoveLimbInfection>
  <!-- EN: Sloshing through water makes people unhappy. Build a bridge when you can. -->
  <GameplayTips.SloshingWater>Переход вброд по воде портит людям настроение. Постройте мост как можно скорее.</GameplayTips.SloshingWater>
  <!-- EN: Luciferium can heal scars - even those on the eye or brain. It is, however, a permanent commitment. -->
  <GameplayTips.Luciferium>Люциферий может исцелять шрамы, даже те, что на глазу или мозгу. Однако приём люциферия вызывает сильную зависимость.</GameplayTips.Luciferium>
  <!-- EN: Work and movement speed are affected by lighting. Everything is slower in the dark. -->
  <GameplayTips.WorkMovementSpeedLighting>Освещение влияет на скорость работы и передвижения. В темноте всё замедляется.</GameplayTips.WorkMovementSpeedLighting>
  <!-- EN: Deep underground caverns have a naturally stable temperature, even if it's very hot or cold outside. -->
  <GameplayTips.DeepCavesTemperature>Глубокие подземные пещеры имеют естественную стабильную температуру, даже если снаружи очень жарко или холодно.</GameplayTips.DeepCavesTemperature>
  <!-- EN: Mountain bases are easy to defend. The downside is that people go crazy spending too long underground. And giant insects. -->
  <GameplayTips.MountainBases>Горные базы легко защищать. Недостатком является то, что люди сходят с ума, проводя слишком много времени под землёй. Ах да, ещё там живут гигантские насекомые.</GameplayTips.MountainBases>
  <!-- EN: Prisoners will join much quicker and attempt fewer breakouts when they're in a good mood. -->
  <GameplayTips.PrisonersGoodMood>Пленники присоединятся к вам гораздо быстрее и будут реже предпринимать попытки к бегству, если будут в хорошем настроении.</GameplayTips.PrisonersGoodMood>
  <!-- EN: You can have multiple researchers working simultaneously at multiple research tables. -->
  <GameplayTips.MultipleResearchers>У вас может быть несколько исследователей, работающих одновременно за несколькими исследовательскими столами.</GameplayTips.MultipleResearchers>
  <!-- EN: Geysers heat up rooms if enclosed. This can be dangerous, or useful. -->
  <GameplayTips.GeysersHeatRooms>Гейзеры нагревают закрытые помещения. Это может быть как полезным, так и нести в себе опасность.</GameplayTips.GeysersHeatRooms>
  <!-- EN: Explosions extinguish fires in their blast radius. This makes artillery shells useful for stopping fires when there is no other choice. -->
  <GameplayTips.ExtinguishFireArtillery>Взрывами можно тушить пожары. Если другого выбора нет, артиллерийские снаряды сгодятся для остановки огня.</GameplayTips.ExtinguishFireArtillery>
  <!-- EN: Even serious setbacks don't mean the game has to end. Try playing out a lost battle - often the best stories come from the darkest situations. -->
  <GameplayTips.BestStoriesFromDarkestSituations>Даже серьёзные неудачи не означают конец игры. Попробуйте продолжить после проигранной битвы — часто лучшие истории получаются из самых тяжёлых ситуаций.</GameplayTips.BestStoriesFromDarkestSituations>
  <!-- EN: Clean labs with sterile tile give research speed bonuses. -->
  <GameplayTips.CleanLabs>Чистые лаборатории со стерильной плиткой дают прирост к скорости исследования.</GameplayTips.CleanLabs>
  <!-- EN: You can change storyteller and playstyle at any time through the options menu. -->
  <GameplayTips.ChangeStoryteller>Рассказчика и сложность можно поменять в любой момент через меню настроек.</GameplayTips.ChangeStoryteller>
  <!-- EN: The more factions you are allied with, the more random traders and military aid you will receive. -->
  <GameplayTips.MoreAlliesMoreTraders>Чем больше у вас союзных фракций, тем больше торговцев будут вас посещать и тем чаще вам будут оказывать военную помощь.</GameplayTips.MoreAlliesMoreTraders>
  <!-- EN: You can use drug policies to have your fighters carry combat drugs like go-juice. A quick dose at the start of combat can win the battle. -->
  <GameplayTips.CombatDrugsFromInventory>Вы можете использовать политику назначения препаратов, чтобы ваши бойцы могли носить с собой боевые наркотики, такие как Go-сок. Приём препаратов прямо перед боем может решить исход сражения.</GameplayTips.CombatDrugsFromInventory>
  <!-- EN: Set schedules with long stretches of one activity to minimize travel time. -->
  <GameplayTips.SchedulesSetLong>При планировании режима дня поселенцев выделяйте больше времени на каждый вид занятий, чтобы минимизировать время, потраченное на перемещения.</GameplayTips.SchedulesSetLong>
  
</LanguageData>