﻿<?xml version="1.0" encoding="UTF-8"?>
<LanguageData>
  
  <!-- EN: release prisoners -->
  <BasicReleasePrisoner.label>отпускать пленных</BasicReleasePrisoner.label>
  <!-- EN: releasing -->
  <BasicReleasePrisoner.gerund>отпустить</BasicReleasePrisoner.gerund>
  <!-- EN: release -->
  <BasicReleasePrisoner.verb>отпустить</BasicReleasePrisoner.verb>
  
  <!-- EN: build roofs -->
  <BuildRoofs.label>сооружать крыши</BuildRoofs.label>
  <!-- EN: building roof -->
  <BuildRoofs.gerund>соорудить крышу</BuildRoofs.gerund>
  <!-- EN: build roof -->
  <BuildRoofs.verb>соорудить крышу</BuildRoofs.verb>
  
  <!-- EN: chat with prisoners -->
  <ChatWithPrisoner.label>разговаривать с пленными</ChatWithPrisoner.label>
  <!-- EN: chatting with -->
  <ChatWithPrisoner.gerund>разговаривать с</ChatWithPrisoner.gerund>
  <!-- EN: chat with -->
  <ChatWithPrisoner.verb>разговаривать с</ChatWithPrisoner.verb>
  
  <!-- EN: clear snow -->
  <CleanClearSnow.label>убирать снег</CleanClearSnow.label>
  <!-- EN: clearing snow -->
  <CleanClearSnow.gerund>убрать снег</CleanClearSnow.gerund>
  <!-- EN: clear snow -->
  <CleanClearSnow.verb>убирать снег</CleanClearSnow.verb>
  
  <!-- EN: clean filth -->
  <CleanFilth.label>убирать грязь</CleanFilth.label>
  <!-- EN: cleaning -->
  <CleanFilth.gerund>убрать</CleanFilth.gerund>
  <!-- EN: clean -->
  <CleanFilth.verb>убирать</CleanFilth.verb>
  
  <!-- EN: deliver resources to blueprints -->
  <ConstructDeliverResourcesToBlueprints.label>доставлять ресурсы для проектов</ConstructDeliverResourcesToBlueprints.label>
  <!-- EN: working on -->
  <ConstructDeliverResourcesToBlueprints.gerund>работать над</ConstructDeliverResourcesToBlueprints.gerund>
  <!-- EN: work on -->
  <ConstructDeliverResourcesToBlueprints.verb>работать над</ConstructDeliverResourcesToBlueprints.verb>
  
  <!-- EN: deliver resources to frames -->
  <ConstructDeliverResourcesToFrames.label>доставлять ресурсы для построек</ConstructDeliverResourcesToFrames.label>
  <!-- EN: working on -->
  <ConstructDeliverResourcesToFrames.gerund>работать над</ConstructDeliverResourcesToFrames.gerund>
  <!-- EN: work on -->
  <ConstructDeliverResourcesToFrames.verb>работать над</ConstructDeliverResourcesToFrames.verb>
  
  <!-- EN: construct placed frames -->
  <ConstructFinishFrames.label>завершать постройки</ConstructFinishFrames.label>
  <!-- EN: constructing -->
  <ConstructFinishFrames.gerund>строить</ConstructFinishFrames.gerund>
  <!-- EN: construct -->
  <ConstructFinishFrames.verb>строить</ConstructFinishFrames.verb>
  
  <!-- EN: remove floors -->
  <ConstructRemoveFloors.label>снимать полы</ConstructRemoveFloors.label>
  <!-- EN: removing floor -->
  <ConstructRemoveFloors.gerund>снимать полы</ConstructRemoveFloors.gerund>
  <!-- EN: remove floor -->
  <ConstructRemoveFloors.verb>снимать полы</ConstructRemoveFloors.verb>
  
  <!-- EN: smooth floors -->
  <ConstructSmoothFloors.label>выравнивать полы</ConstructSmoothFloors.label>
  <!-- EN: smoothing -->
  <ConstructSmoothFloors.gerund>выравнивать</ConstructSmoothFloors.gerund>
  <!-- EN: smooth -->
  <ConstructSmoothFloors.verb>выравнивать</ConstructSmoothFloors.verb>
  
  <!-- EN: smooth walls -->
  <ConstructSmoothWalls.label>выравнивать стены</ConstructSmoothWalls.label>
  <!-- EN: smoothing -->
  <ConstructSmoothWalls.gerund>выравнивать</ConstructSmoothWalls.gerund>
  <!-- EN: smooth -->
  <ConstructSmoothWalls.verb>выравнивать</ConstructSmoothWalls.verb>
  
  <!-- EN: fill food hoppers -->
  <CookFillHopper.label>наполнять загрузочные воронки</CookFillHopper.label>
  <!-- EN: filling -->
  <CookFillHopper.gerund>наполнить</CookFillHopper.gerund>
  <!-- EN: fill -->
  <CookFillHopper.verb>наполнить</CookFillHopper.verb>
  
  <!-- EN: deconstruct structures -->
  <Deconstruct.label>разбирать постройки</Deconstruct.label>
  <!-- EN: deconstructing -->
  <Deconstruct.gerund>разобрать</Deconstruct.gerund>
  <!-- EN: deconstruct -->
  <Deconstruct.verb>разобрать</Deconstruct.verb>
  
  <!-- EN: deliver food to prisoners -->
  <DeliverFoodToPrisoner.label>относить еду пленникам</DeliverFoodToPrisoner.label>
  <!-- EN: delivering food for -->
  <DeliverFoodToPrisoner.gerund>отнести еду</DeliverFoodToPrisoner.gerund>
  <!-- EN: deliver food for -->
  <DeliverFoodToPrisoner.verb>нести еду</DeliverFoodToPrisoner.verb>
  
  <!-- EN: deliver resources to blueprints -->
  <DeliverResourcesToBlueprints.label>переносить материалы к проектам</DeliverResourcesToBlueprints.label>
  <!-- EN: delivering to -->
  <DeliverResourcesToBlueprints.gerund>нести материалы к</DeliverResourcesToBlueprints.gerund>
  <!-- EN: deliver to -->
  <DeliverResourcesToBlueprints.verb>нести материалы к</DeliverResourcesToBlueprints.verb>
  
  <!-- EN: deliver resources to frames -->
  <DeliverResourcesToFrames.label>переносить материалы к строящимся объектам</DeliverResourcesToFrames.label>
  <!-- EN: delivering to -->
  <DeliverResourcesToFrames.gerund>нести материалы к</DeliverResourcesToFrames.gerund>
  <!-- EN: deliver to -->
  <DeliverResourcesToFrames.verb>нести материалы к</DeliverResourcesToFrames.verb>
  
  <!-- EN: brew liquors -->
  <DoBillsBrew.label>варить пиво</DoBillsBrew.label>
  <!-- EN: brewing at -->
  <DoBillsBrew.gerund>варить пиво на</DoBillsBrew.gerund>
  <!-- EN: brew -->
  <DoBillsBrew.verb>варить пиво на</DoBillsBrew.verb>
  
  <!-- EN: butcher creatures -->
  <DoBillsButcherFlesh.label>разделывать животных</DoBillsButcherFlesh.label>
  <!-- EN: butchering at -->
  <DoBillsButcherFlesh.gerund>разделывать на</DoBillsButcherFlesh.gerund>
  <!-- EN: butcher -->
  <DoBillsButcherFlesh.verb>разделывать на</DoBillsButcherFlesh.verb>
  
  <!-- EN: cook meals at stove -->
  <DoBillsCook.label>готовить блюда у плиты</DoBillsCook.label>
  <!-- EN: cooking at -->
  <DoBillsCook.gerund>готовить на</DoBillsCook.gerund>
  <!-- EN: cook -->
  <DoBillsCook.verb>готовить на</DoBillsCook.verb>
  
  <!-- EN: cook meals at campfire -->
  <DoBillsCookCampfire.label>готовить блюда на костре</DoBillsCookCampfire.label>
  <!-- EN: cooking at -->
  <DoBillsCookCampfire.gerund>готовить, используя</DoBillsCookCampfire.gerund>
  <!-- EN: cook -->
  <DoBillsCookCampfire.verb>готовить, используя</DoBillsCookCampfire.verb>
  
  <!-- EN: do cremation bills -->
  <DoBillsCremate.label>кремировать тела</DoBillsCremate.label>
  <!-- EN: cremating at -->
  <DoBillsCremate.gerund>кремировать, используя</DoBillsCremate.gerund>
  <!-- EN: cremate -->
  <DoBillsCremate.verb>кремировать, используя</DoBillsCremate.verb>
  
  <!-- EN: fabricate things -->
  <DoBillsFabricationBench.label>производить высокоточные изделия</DoBillsFabricationBench.label>
  <!-- EN: fabricating things at -->
  <DoBillsFabricationBench.gerund>производить высокоточные изделия, используя</DoBillsFabricationBench.gerund>
  <!-- EN: fabricating things -->
  <DoBillsFabricationBench.verb>производить высокоточные изделия, используя</DoBillsFabricationBench.verb>
  
  <!-- EN: do bills at campfire -->
  <DoBillsHaulCampfire.label>сжигать на костре</DoBillsHaulCampfire.label>
  <!-- EN: working at -->
  <DoBillsHaulCampfire.gerund>сжигать, используя</DoBillsHaulCampfire.gerund>
  <!-- EN: work at -->
  <DoBillsHaulCampfire.verb>сжигать, используя</DoBillsHaulCampfire.verb>
  
  <!-- EN: make things at machining table -->
  <DoBillsMachiningTable.label>работать за верстаком</DoBillsMachiningTable.label>
  <!-- EN: working at -->
  <DoBillsMachiningTable.gerund>работать, используя</DoBillsMachiningTable.gerund>
  <!-- EN: work -->
  <DoBillsMachiningTable.verb>работать, используя</DoBillsMachiningTable.verb>
  
  <!-- EN: make apparel -->
  <DoBillsMakeApparel.label>шить одежду</DoBillsMakeApparel.label>
  <!-- EN: tailoring at -->
  <DoBillsMakeApparel.gerund>шить одежду, используя</DoBillsMakeApparel.gerund>
  <!-- EN: tailor -->
  <DoBillsMakeApparel.verb>шить одежду, используя</DoBillsMakeApparel.verb>
  
  <!-- EN: make weapons -->
  <DoBillsMakeWeapons.label>изготавливать оружие</DoBillsMakeWeapons.label>
  <!-- EN: smithing at -->
  <DoBillsMakeWeapons.gerund>изготовить оружие на</DoBillsMakeWeapons.gerund>
  <!-- EN: smith -->
  <DoBillsMakeWeapons.verb>изготавливать оружие на</DoBillsMakeWeapons.verb>
  
  <!-- EN: operate on animals -->
  <DoBillsMedicalAnimalOperation.label>проводить медпроцедуры животным</DoBillsMedicalAnimalOperation.label>
  <!-- EN: operating on -->
  <DoBillsMedicalAnimalOperation.gerund>провести медпроцедуру</DoBillsMedicalAnimalOperation.gerund>
  <!-- EN: operate on -->
  <DoBillsMedicalAnimalOperation.verb>проводить медпроцедуру</DoBillsMedicalAnimalOperation.verb>
  
  <!-- EN: operate on humanlikes -->
  <DoBillsMedicalHumanOperation.label>проводить медпроцедуры людям</DoBillsMedicalHumanOperation.label>
  <!-- EN: operating on -->
  <DoBillsMedicalHumanOperation.gerund>провести медпроцедуру</DoBillsMedicalHumanOperation.gerund>
  <!-- EN: operate on -->
  <DoBillsMedicalHumanOperation.verb>проводить медпроцедуру</DoBillsMedicalHumanOperation.verb>
  
  <!-- EN: synthesize drugs -->
  <DoBillsProduceDrugs.label>изготавливать препараты</DoBillsProduceDrugs.label>
  <!-- EN: producing drugs at -->
  <DoBillsProduceDrugs.gerund>изготавливать препараты, используя</DoBillsProduceDrugs.gerund>
  <!-- EN: produce drugs -->
  <DoBillsProduceDrugs.verb>изготавливать препараты, используя</DoBillsProduceDrugs.verb>
  
  <!-- EN: work at refinery -->
  <DoBillsRefinery.label>работать за перегонным аппаратом</DoBillsRefinery.label>
  <!-- EN: refining chemicals at -->
  <DoBillsRefinery.gerund>работать, используя</DoBillsRefinery.gerund>
  <!-- EN: refine chemicals -->
  <DoBillsRefinery.verb>работать, используя</DoBillsRefinery.verb>
  
  <!-- EN: make things at art bench -->
  <DoBillsSculpt.label>создавать предметы искусства</DoBillsSculpt.label>
  <!-- EN: sculpting at -->
  <DoBillsSculpt.gerund>творить, используя</DoBillsSculpt.gerund>
  <!-- EN: sculpt -->
  <DoBillsSculpt.verb>ваять, используя</DoBillsSculpt.verb>
  
  <!-- EN: smelt items -->
  <DoBillsSmelter.label>плавить предметы</DoBillsSmelter.label>
  <!-- EN: refining at -->
  <DoBillsSmelter.gerund>плавить в</DoBillsSmelter.gerund>
  <!-- EN: refine -->
  <DoBillsSmelter.verb>плавить в</DoBillsSmelter.verb>
  
  <!-- EN: make stone blocks -->
  <DoBillsStonecut.label>обтёсывать камень</DoBillsStonecut.label>
  <!-- EN: cutting stone blocks at -->
  <DoBillsStonecut.gerund>тесать камень, используя</DoBillsStonecut.gerund>
  <!-- EN: stonecut -->
  <DoBillsStonecut.verb>тесать камень, используя</DoBillsStonecut.verb>
  
  <!-- EN: make things at crafting spot -->
  <DoBillsUseCraftingSpot.label>выполнять задания на рабочем месте</DoBillsUseCraftingSpot.label>
  <!-- EN: crafting at -->
  <DoBillsUseCraftingSpot.gerund>работать на</DoBillsUseCraftingSpot.gerund>
  <!-- EN: craft -->
  <DoBillsUseCraftingSpot.verb>работать на</DoBillsUseCraftingSpot.verb>
  
  <!-- EN: feed animals -->
  <DoctorFeedAnimals.label>кормить животных</DoctorFeedAnimals.label>
  <!-- EN: feeding -->
  <DoctorFeedAnimals.gerund>кормить</DoctorFeedAnimals.gerund>
  <!-- EN: feed -->
  <DoctorFeedAnimals.verb>кормить</DoctorFeedAnimals.verb>
  
  <!-- EN: feed patients -->
  <DoctorFeedHumanlikes.label>кормить пациентов</DoctorFeedHumanlikes.label>
  <!-- EN: feeding -->
  <DoctorFeedHumanlikes.gerund>кормить</DoctorFeedHumanlikes.gerund>
  <!-- EN: feed -->
  <DoctorFeedHumanlikes.verb>кормить</DoctorFeedHumanlikes.verb>
  
  <!-- EN: rescue downed allies to bed -->
  <DoctorRescue.label>спасать сражённых союзников</DoctorRescue.label>
  <!-- EN: rescuing -->
  <DoctorRescue.gerund>спасти</DoctorRescue.gerund>
  <!-- EN: rescue -->
  <DoctorRescue.verb>спасать</DoctorRescue.verb>
  
  <!-- EN: tend to patients with urgent needs -->
  <DoctorTendEmergency.label>проводить неотложное лечение</DoctorTendEmergency.label>
  <!-- EN: tending to -->
  <DoctorTendEmergency.gerund>лечить</DoctorTendEmergency.gerund>
  <!-- EN: tend to -->
  <DoctorTendEmergency.verb>лечить</DoctorTendEmergency.verb>
  
  <!-- EN: tend to animals -->
  <DoctorTendToAnimals.label>лечить животных</DoctorTendToAnimals.label>
  <!-- EN: tending to -->
  <DoctorTendToAnimals.gerund>лечить</DoctorTendToAnimals.gerund>
  <!-- EN: tend to -->
  <DoctorTendToAnimals.verb>лечить</DoctorTendToAnimals.verb>
  
  <!-- EN: tend to patients -->
  <DoctorTendToHumanlikes.label>лечить пациентов</DoctorTendToHumanlikes.label>
  <!-- EN: tending to -->
  <DoctorTendToHumanlikes.gerund>лечить</DoctorTendToHumanlikes.gerund>
  <!-- EN: tend to -->
  <DoctorTendToHumanlikes.verb>лечить</DoctorTendToHumanlikes.verb>
  
  <!-- EN: tend to self -->
  <DoctorTendToSelf.label>лечить себя</DoctorTendToSelf.label>
  <!-- EN: tending to -->
  <DoctorTendToSelf.gerund>лечить себя</DoctorTendToSelf.gerund>
  <!-- EN: tend to -->
  <DoctorTendToSelf.verb>лечить себя</DoctorTendToSelf.verb>
  
  <!-- EN: tend to self -->
  <DoctorTendToSelfEmergency.label>лечить себя</DoctorTendToSelfEmergency.label>
  <!-- EN: tending to -->
  <DoctorTendToSelfEmergency.gerund>лечить себя</DoctorTendToSelfEmergency.gerund>
  <!-- EN: tend to -->
  <DoctorTendToSelfEmergency.verb>лечить себя</DoctorTendToSelfEmergency.verb>
  
  <!-- EN: execute prisoners -->
  <DoExecution.label>казнить пленных</DoExecution.label>
  <!-- EN: doing execution on -->
  <DoExecution.gerund>казнить</DoExecution.gerund>
  <!-- EN: do execution on -->
  <DoExecution.verb>казнить</DoExecution.verb>
  
  <!-- EN: drill at deep drill -->
  <Drill.label>выполнять бурение</Drill.label>
  <!-- EN: drilling -->
  <Drill.gerund>бурить, используя</Drill.gerund>
  <!-- EN: drill -->
  <Drill.verb>бурить, используя</Drill.verb>
  
  <!-- EN: feed prisoners -->
  <FeedPrisoner.label>кормить пленных</FeedPrisoner.label>
  <!-- EN: feeding -->
  <FeedPrisoner.gerund>кормить</FeedPrisoner.gerund>
  <!-- EN: feed -->
  <FeedPrisoner.verb>кормить</FeedPrisoner.verb>
  
  <!-- EN: fight fires -->
  <FightFires.label>тушить пожары</FightFires.label>
  <!-- EN: extinguishing -->
  <FightFires.gerund>тушить</FightFires.gerund>
  <!-- EN: extinguish -->
  <FightFires.verb>тушить</FightFires.verb>
  
  <!-- EN: fill fermenting barrels -->
  <FillFermentingBarrel.label>наполнять бочки для брожения</FillFermentingBarrel.label>
  <!-- EN: filling -->
  <FillFermentingBarrel.gerund>наполнить</FillFermentingBarrel.gerund>
  <!-- EN: fill -->
  <FillFermentingBarrel.verb>наполнить</FillFermentingBarrel.verb>
  
  <!-- EN: fix broken-down buildings -->
  <FixBrokenDownBuilding.label>чинить повреждённые строения</FixBrokenDownBuilding.label>
  <!-- EN: replacing broken components in -->
  <FixBrokenDownBuilding.gerund>заменить сломанные компоненты в</FixBrokenDownBuilding.gerund>
  <!-- EN: replace broken components in -->
  <FixBrokenDownBuilding.verb>заменить сломанные компоненты в</FixBrokenDownBuilding.verb>
  
  <!-- EN: flick switches -->
  <Flick.label>переключать</Flick.label>
  <!-- EN: flicking switch on -->
  <Flick.gerund>переключить</Flick.gerund>
  <!-- EN: flick switch on -->
  <Flick.verb>переключить</Flick.verb>
  
  <!-- EN: operate ground penetrating scanner -->
  <GroundPenetratingScan.label>работать с глубинным сканером</GroundPenetratingScan.label>
  <!-- EN: scanning at -->
  <GroundPenetratingScan.gerund>сканировать, используя</GroundPenetratingScan.gerund>
  <!-- EN: scan -->
  <GroundPenetratingScan.verb>сканировать</GroundPenetratingScan.verb>
  
  <!-- EN: harvest crops -->
  <GrowerHarvest.label>собирать урожай</GrowerHarvest.label>
  <!-- EN: harvesting -->
  <GrowerHarvest.gerund>собрать</GrowerHarvest.gerund>
  <!-- EN: harvest -->
  <GrowerHarvest.verb>собрать</GrowerHarvest.verb>
  
  <!-- EN: sow crops -->
  <GrowerSow.label>сажать растения</GrowerSow.label>
  <!-- EN: sowing -->
  <GrowerSow.gerund>засеивать</GrowerSow.gerund>
  <!-- EN: sow -->
  <GrowerSow.verb>засеивать</GrowerSow.verb>
  
  <!-- EN: feed animals -->
  <HandlingFeedPatientAnimals.label>кормить животных</HandlingFeedPatientAnimals.label>
  <!-- EN: feeding -->
  <HandlingFeedPatientAnimals.gerund>кормить</HandlingFeedPatientAnimals.gerund>
  <!-- EN: feed -->
  <HandlingFeedPatientAnimals.verb>кормить</HandlingFeedPatientAnimals.verb>
  
  <!-- EN: haul corpses -->
  <HaulCorpses.label>переносить тела</HaulCorpses.label>
  <!-- EN: hauling -->
  <HaulCorpses.gerund>перенести</HaulCorpses.gerund>
  <!-- EN: haul -->
  <HaulCorpses.verb>перенести</HaulCorpses.verb>
  
  <!-- EN: haul general things -->
  <HaulGeneral.label>переносить вещи</HaulGeneral.label>
  <!-- EN: hauling -->
  <HaulGeneral.gerund>перенести</HaulGeneral.gerund>
  <!-- EN: haul -->
  <HaulGeneral.verb>перенести</HaulGeneral.verb>
  
  <!-- EN: merge things -->
  <HaulMerge.label>объединять предметы</HaulMerge.label>
  <!-- EN: merging -->
  <HaulMerge.gerund>объединить</HaulMerge.gerund>
  <!-- EN: merge -->
  <HaulMerge.verb>объединить</HaulMerge.verb>
  
  <!-- EN: load caravan -->
  <HelpGatheringItemsForCaravan.label>нагружать караван</HelpGatheringItemsForCaravan.label>
  <!-- EN: loading -->
  <HelpGatheringItemsForCaravan.gerund>нагружать</HelpGatheringItemsForCaravan.gerund>
  <!-- EN: load -->
  <HelpGatheringItemsForCaravan.verb>нагружать</HelpGatheringItemsForCaravan.verb>
  
  <!-- EN: hunt -->
  <HunterHunt.label>охотиться</HunterHunt.label>
  <!-- EN: hunting -->
  <HunterHunt.gerund>охотиться на</HunterHunt.gerund>
  <!-- EN: hunt -->
  <HunterHunt.verb>охотиться на</HunterHunt.verb>
  
  <!-- EN: load transporters -->
  <LoadTransporters.label>загружать транспорт</LoadTransporters.label>
  <!-- EN: loading -->
  <LoadTransporters.gerund>загружать</LoadTransporters.gerund>
  <!-- EN: load -->
  <LoadTransporters.verb>загружать</LoadTransporters.verb>
  
  <!-- EN: operate long range scanner -->
  <LongRangeScan.label>работать со сканером дальнего действия</LongRangeScan.label>
  <!-- EN: scanning at -->
  <LongRangeScan.gerund>сканировать, используя</LongRangeScan.gerund>
  <!-- EN: scan -->
  <LongRangeScan.verb>сканировать</LongRangeScan.verb>
  
  <!-- EN: milk animals -->
  <Milk.label>доить животных</Milk.label>
  <!-- EN: milking -->
  <Milk.gerund>доить</Milk.gerund>
  <!-- EN: milk -->
  <Milk.verb>доить</Milk.verb>
  
  <!-- EN: mine -->
  <Mine.label>добывать породу</Mine.label>
  <!-- EN: mining -->
  <Mine.gerund>добывать</Mine.gerund>
  <!-- EN: mine -->
  <Mine.verb>добывать</Mine.verb>
  
  <!-- EN: open containers -->
  <Open.label>открывать контейнеры</Open.label>
  <!-- EN: opening -->
  <Open.gerund>открыть</Open.gerund>
  <!-- EN: open -->
  <Open.verb>открыть</Open.verb>
  
  <!-- EN: go to bed for emergency treatment -->
  <PatientGoToBedEmergencyTreatment.label>получать неотложную помощь</PatientGoToBedEmergencyTreatment.label>
  <!-- EN: receiving treatment in -->
  <PatientGoToBedEmergencyTreatment.gerund>лечиться в</PatientGoToBedEmergencyTreatment.gerund>
  <!-- EN: receive treatment in -->
  <PatientGoToBedEmergencyTreatment.verb>лечиться в</PatientGoToBedEmergencyTreatment.verb>
  
  <!-- EN: recuperate in bed -->
  <PatientGoToBedRecuperate.label>отдыхать в кровати</PatientGoToBedRecuperate.label>
  <!-- EN: getting bed rest in -->
  <PatientGoToBedRecuperate.gerund>отдохнуть в</PatientGoToBedRecuperate.gerund>
  <!-- EN: get bed rest in -->
  <PatientGoToBedRecuperate.verb>отдыхать</PatientGoToBedRecuperate.verb>
  
  <!-- EN: go to bed for treatment -->
  <PatientGoToBedTreatment.label>лечиться</PatientGoToBedTreatment.label>
  <!-- EN: receiving treatment in -->
  <PatientGoToBedTreatment.gerund>лечиться в</PatientGoToBedTreatment.gerund>
  <!-- EN: receive treatment in -->
  <PatientGoToBedTreatment.verb>лечиться в</PatientGoToBedTreatment.verb>
  
  <!-- EN: cut plants -->
  <PlantsCut.label>срезать растения</PlantsCut.label>
  <!-- EN: cutting -->
  <PlantsCut.gerund>срубить</PlantsCut.gerund>
  <!-- EN: cut -->
  <PlantsCut.verb>срубить</PlantsCut.verb>
  
  <!-- EN: rearm turrets -->
  <RearmTurrets.label>перезаряжать турели</RearmTurrets.label>
  <!-- EN: rearming -->
  <RearmTurrets.gerund>перезарядить</RearmTurrets.gerund>
  <!-- EN: rearm -->
  <RearmTurrets.verb>перезарядить</RearmTurrets.verb>
  
  <!-- EN: refuel fuelable buildings -->
  <Refuel.label>заправлять механизмы</Refuel.label>
  <!-- EN: refueling -->
  <Refuel.gerund>заправить</Refuel.gerund>
  <!-- EN: refuel -->
  <Refuel.verb>заправлять</Refuel.verb>
  
  <!-- EN: release prisoners -->
  <ReleasePrisoner.label>отпускать пленных</ReleasePrisoner.label>
  <!-- EN: releasing -->
  <ReleasePrisoner.gerund>отпустить</ReleasePrisoner.gerund>
  <!-- EN: release -->
  <ReleasePrisoner.verb>отпустить</ReleasePrisoner.verb>
  
  <!-- EN: remove roofs -->
  <RemoveRoofs.label>разбирать крыши</RemoveRoofs.label>
  <!-- EN: removing roof -->
  <RemoveRoofs.gerund>разобрать крышу</RemoveRoofs.gerund>
  <!-- EN: remove roof -->
  <RemoveRoofs.verb>разобрать крышу</RemoveRoofs.verb>
  
  <!-- EN: repair damaged things -->
  <Repair.label>чинить повреждённые вещи</Repair.label>
  <!-- EN: repairing -->
  <Repair.gerund>починить</Repair.gerund>
  <!-- EN: repair -->
  <Repair.verb>починить</Repair.verb>
  
  <!-- EN: do research -->
  <Research.label>проводить исследования</Research.label>
  <!-- EN: researching at -->
  <Research.gerund>исследовать</Research.gerund>
  <!-- EN: research -->
  <Research.verb>исследовать</Research.verb>
  
  <!-- EN: shear animals -->
  <Shear.label>стричь животных</Shear.label>
  <!-- EN: shearing -->
  <Shear.gerund>стричь</Shear.gerund>
  <!-- EN: shear -->
  <Shear.verb>стричь</Shear.verb>
  
  <!-- EN: slaughter animals -->
  <Slaughter.label>забивать животных</Slaughter.label>
  <!-- EN: slaughtering -->
  <Slaughter.gerund>забить</Slaughter.gerund>
  <!-- EN: slaughter -->
  <Slaughter.verb>забить</Slaughter.verb>
  
  <!-- EN: strip corpses -->
  <Strip.label>раздевать тела</Strip.label>
  <!-- EN: stripping -->
  <Strip.gerund>раздеть</Strip.gerund>
  <!-- EN: strip -->
  <Strip.verb>раздеть</Strip.verb>
  
  <!-- EN: take beer out of fermenting barrels -->
  <TakeBeerOutOfFermentingBarrel.label>сливать пиво из бочек для брожения</TakeBeerOutOfFermentingBarrel.label>
  <!-- EN: taking beer from -->
  <TakeBeerOutOfFermentingBarrel.gerund>слить пиво из</TakeBeerOutOfFermentingBarrel.gerund>
  <!-- EN: take beer -->
  <TakeBeerOutOfFermentingBarrel.verb>слить пиво из</TakeBeerOutOfFermentingBarrel.verb>
  
  <!-- EN: take prisoners to bed -->
  <TakePrisonerToBed.label>относить пленных в кровать</TakePrisonerToBed.label>
  <!-- EN: taking to bed -->
  <TakePrisonerToBed.gerund>отнести в кровать</TakePrisonerToBed.gerund>
  <!-- EN: take to bed -->
  <TakePrisonerToBed.verb>нести в кровать</TakePrisonerToBed.verb>
  
  <!-- EN: take patients to bed for operations -->
  <TakeToBedToOperate.label>относить пациентов на кровать для проведения операции</TakeToBedToOperate.label>
  <!-- EN: taking to operate -->
  <TakeToBedToOperate.gerund>отнести на операцию</TakeToBedToOperate.gerund>
  <!-- EN: take to operate -->
  <TakeToBedToOperate.verb>нести на операцию</TakeToBedToOperate.verb>
  
  <!-- EN: tame animals -->
  <Tame.label>приручать животных</Tame.label>
  <!-- EN: taming -->
  <Tame.gerund>попытаться приручить</Tame.gerund>
  <!-- EN: tame -->
  <Tame.verb>приручить</Tame.verb>
  
  <!-- EN: train animals -->
  <Train.label>тренировать животных</Train.label>
  <!-- EN: training -->
  <Train.gerund>тренировать</Train.gerund>
  <!-- EN: train -->
  <Train.verb>тренировать</Train.verb>
  
  <!-- EN: uninstall structures -->
  <Uninstall.label>демонтировать</Uninstall.label>
  <!-- EN: uninstalling -->
  <Uninstall.gerund>демонтировать</Uninstall.gerund>
  <!-- EN: uninstall -->
  <Uninstall.verb>демонтировать</Uninstall.verb>
  
  <!-- EN: unload carriers -->
  <UnloadCarriers.label>разгружать вещи</UnloadCarriers.label>
  <!-- EN: unloading -->
  <UnloadCarriers.gerund>разгружать</UnloadCarriers.gerund>
  <!-- EN: unload -->
  <UnloadCarriers.verb>разгружать</UnloadCarriers.verb>
  
  <!-- EN: visit sick people -->
  <VisitSickPawn.label>навещать больных</VisitSickPawn.label>
  <!-- EN: visiting -->
  <VisitSickPawn.gerund>навестить</VisitSickPawn.gerund>
  <!-- EN: visit -->
  <VisitSickPawn.verb>навещать</VisitSickPawn.verb>
  
</LanguageData>