﻿<?xml version="1.0" encoding="UTF-8"?>
<LanguageData>
  
  <!-- EN: try to get to know -->
  <BuildRapport.label>попытка наладить контакт</BuildRapport.label>
  <!-- EN:
    <li>r_logentry->[INITIATOR_nameDef] [toldastoryabout] [subject] to [RECIPIENT_nameDef].</li>
    <li>r_logentry->[INITIATOR_nameDef] told [RECIPIENT_nameDef] about [subject].</li>
    <li>r_logentry->[INITIATOR_nameDef] described [subject] to [RECIPIENT_nameDef].</li>
    <li>r_logentry->[INITIATOR_nameDef] encouraged [RECIPIENT_nameDef] to [talkabout] [subject].</li>
    <li>r_logentry->[INITIATOR_nameDef] offered a chance for [RECIPIENT_nameDef] to [talkabout] [subject].</li>
    <li>r_logentry->[INITIATOR_nameDef] expressed interest in [RECIPIENT_nameDef]'s [PersonalCharacteristic].</li>
    <li>r_logentry->[INITIATOR_nameDef] asked [RECIPIENT_nameDef] about [RECIPIENT_possessive] [PersonalCharacteristic].</li>
    <li>toldastoryabout(p=2)->told a story about</li>
    <li>toldastoryabout->told a funny story about</li>
    <li>toldastoryabout->told a heartfelt story about</li>
    <li>toldastoryabout->told an old story about</li>
    <li>toldastoryabout->told a family story about</li>
    <li>toldastoryabout->told a childhood story about</li>
    <li>toldastoryabout->mentioned an anecdote about</li>
    <li>talkabout->talk about</li>
    <li>talkabout->discuss</li>
    <li>talkabout->have a discussion about</li>
    <li>talkabout->ask about</li>
    <li>talkabout->think about</li>
    <li>talkabout->find common ground around</li>
    <li>subject->the colony</li>
    <li>subject->the community</li>
    <li>subject->joining the colony</li>
    <li>subject->changing teams</li>
    <li>subject->finding friends</li>
    <li>subject->meeting new people</li>
    <li>subject->reconsidering [RECIPIENT_possessive] ideas</li>
    <li>subject->rethinking [RECIPIENT_possessive] loyalties</li>
    <li>subject->health</li>
    <li>subject->the future</li>
    <li>subject->letting go</li>
    <li>subject(p=4)->[ConceptPositive]</li>
    <li>subject(p=2)->[INITIATOR_possessive] [PersonalCharacteristic]</li>
    <li>subject(p=8)->[TalkTopicLight]</li>
  -->
  <BuildRapport.logRulesInitiator.rulesStrings>
    <li>r_logentry(p=3)->[INITIATOR_nameDef] рассказывает [RECIPIENT_nameDef] [story_kind] [subject].</li>
    <li>r_logentry(p=3)->[INITIATOR_nameDef] и [RECIPIENT_nameDef] [talkabout] [subject].</li>
    <li>r_logentry->[INITIATOR_nameDef] приглашает [RECIPIENT_nameDef] к разговору [subject].</li>
    <li>r_logentry->[INITIATOR_nameDef] даёт [RECIPIENT_nameDef] возможность выразить свои мысли [subject].</li>
    <li>r_logentry->[INITIATOR_nameDef] спрашивает [RECIPIENT_nameDef] [subject].</li>
    <li>r_logentry->[INITIATOR_nameDef] просит [RECIPIENT_nameDef] рассказать [subject].</li>
    <li>story_kind->историю</li>
    <li>story_kind->весёлую историю</li>
    <li>story_kind->трогательную историю</li>
    <li>story_kind->старую историю</li>
    <li>story_kind->семейную историю</li>
    <li>story_kind->историю из детства</li>
    <li>story_kind->анекдот</li>
    <li>talkabout->говорят</li>
    <li>talkabout->болтают</li>
    <li>talkabout->рассуждают</li>
    <li>talkabout->беседуют</li>
    <li>talkabout->думают</li>
    <li>talkabout->ищут точки соприкосновения в вопросах</li>
    <li>subject->о жизни в поселении</li>
    <li>subject->о порядках в сообществе</li>
    <li>subject->о присоединении к поселению</li>
    <li>subject->о новых друзьях</li>
    <li>subject->о знакомстве с новыми людьми</li>
    <li>subject->о переосмыслении идеалов</li>
    <li>subject->о смене авторитетов</li>
    <li>subject->о здоровье</li>
    <li>subject->о будущем</li>
    <li>subject->о свободе выбора</li>
    <li>subject(p=4)->о важности [ConceptPositive]</li>
    <li>subject(p=2)->про [RECIPIENT_possessive] [PersonalCharacteristic]</li>
    <li>subject(p=8)->[TalkTopicLight]</li>
  </BuildRapport.logRulesInitiator.rulesStrings>
  
  <!-- EN: recruit attempt -->
  <RecruitAttempt.label>попытка завербовать</RecruitAttempt.label>
  <!-- EN:
    <li>r_logentry->[INITIATOR_nameDef] asked [RECIPIENT_nameDef] to join.</li>
    <li>r_logentry->[INITIATOR_nameDef] promised [goodthing] to [RECIPIENT_nameDef], and asked [RECIPIENT_objective] to join.</li>
    <li>goodthing(p=15)->[ConceptPositive]</li>
    <li>goodthing->free, fresh [Vegetable]s</li>
  -->
  <RecruitAttempt.logRulesInitiator.rulesStrings>
    <li>r_logentry->[INITIATOR_nameDef] просит [RECIPIENT_nameDef] присоединиться к поселению.</li>
    <li>r_logentry->[INITIATOR_nameDef] обещает [RECIPIENT_nameDef] [goodthing] и просит [RECIPIENT_possessive] присоединиться к поселению.</li>
    <li>goodthing(p=15)->много [ConceptPositive]</li>
    <li>goodthing->печеньки</li>
  </RecruitAttempt.logRulesInitiator.rulesStrings>
  
  <!-- EN: spark jailbreak -->
  <SparkJailbreak.label>склонение к побегу</SparkJailbreak.label>
  <!-- EN:
    <li>r_logentry->[INITIATOR_nameDef] spoke about the joy of [freedom], and offered a means of escape.</li>
    <li>r_logentry->[INITIATOR_nameDef] talked about how beautiful the [TerrainFeature] is, and offered freedom.</li>
    <li>r_logentry->[INITIATOR_nameDef] demonstrated a means of escape to [RECIPIENT_nameDef], and promised [freedom].</li>
    <li>r_logentry->[INITIATOR_nameDef] told [RECIPIENT_nameDef] that security is lax, and encouraged escape.</li>
    <li>freedom->freedom</li>
    <li>freedom->opportunity</li>
    <li>freedom->home</li>
    <li>freedom->self-determination</li>
  -->
  <SparkJailbreak.logRulesInitiator.rulesStrings>
    <li>r_logentry->[INITIATOR_nameDef] говорит о радости [freedom] и склоняет к побегу.</li>
    <li>r_logentry(p=1.5)->[INITIATOR_nameDef] описывает, как [beautiful_feature_today], и предлагает обрести свободу.</li>
    <li>r_logentry->[INITIATOR_nameDef] рассказывает [RECIPIENT_nameDef] о способе побега и обещает, что даст [RECIPIENT_objective] возможность [freedom].</li>
    <li>r_logentry->[INITIATOR_nameDef] говорит [RECIPIENT_nameDef], что охрана потеряла бдительность, и предлагает бежать.</li>
    <li>beautiful_feature_today->прекрасен [TerrainFeature_masc] [today]</li>
    <li>beautiful_feature_today->прекрасна [TerrainFeature_fem] [today]</li>
    <li>beautiful_feature_today->прекрасно [TerrainFeature_neutral] [today]</li>
    <li>today->по ночам</li>
    <li>today->среди дня</li>
    <li>today->по утрам</li>
    <li>today->по вечерам</li>
    <li>today->в это время года</li>
    <li>freedom->свободы</li>
    <li>freedom->новых перспектив</li>
    <li>freedom->оказаться дома</li>
    <li>freedom->самоопределения</li>
  </SparkJailbreak.logRulesInitiator.rulesStrings>
  
</LanguageData>