﻿<?xml version="1.0" encoding="UTF-8"?>
<LanguageData>
  
  <!-- EN: breakup -->
  <Breakup.label>расставание</Breakup.label>
  <!-- EN:
    <li>r_logentry->[INITIATOR_nameDef] asked [RECIPIENT_nameDef] for a break.</li>
    <li>r_logentry->[INITIATOR_nameDef] asked [RECIPIENT_nameDef] for some space.</li>
    <li>r_logentry->[INITIATOR_nameDef] told [RECIPIENT_nameDef] that it's not working out.</li>
    <li>r_logentry->[INITIATOR_nameDef] told [RECIPIENT_nameDef] that it would be best to see other people.</li>
  -->
  <Breakup.logRulesInitiator.rulesStrings>
    <li>r_logentry->[INITIATOR_nameDef] говорит [RECIPIENT_nameDef], что хочет расстаться.</li>
    <li>r_logentry->[INITIATOR_nameDef] просит [RECIPIENT_nameDef] дать [INITIATOR_objective] немного свободы.</li>
    <li>r_logentry->[INITIATOR_nameDef] говорит [RECIPIENT_nameDef], что их отношения зашли в тупик.</li>
    <li>r_logentry->[INITIATOR_nameDef] предлагает [RECIPIENT_nameDef] остаться друзьями.</li>
    <li>r_logentry->[INITIATOR_nameDef] предлагает [RECIPIENT_nameDef] сделать перерыв в отношениях.</li>
    <li>r_logentry->[INITIATOR_nameDef] предлагает [RECIPIENT_nameDef] отдохнуть друг от друга.</li>
  </Breakup.logRulesInitiator.rulesStrings>
  
  <!-- EN: marriage proposal -->
  <MarriageProposal.label>свадебное предложение</MarriageProposal.label>
  <!-- EN:
    <li>r_logentry->[INITIATOR_nameDef] proposed marriage to [RECIPIENT_nameDef].</li>
    <li>r_logentry->[INITIATOR_nameDef] proposed a lifelong commitment to [RECIPIENT_nameDef].</li>
    <li>r_logentry->[INITIATOR_nameDef] told [RECIPIENT_nameDef] that [INITIATOR_pronoun] wants to spend [INITIATOR_possessive] life with [RECIPIENT_objective].</li>
  -->
  <MarriageProposal.logRulesInitiator.rulesStrings>
    <li>r_logentry->[INITIATOR_nameDef] предлагает [RECIPIENT_nameDef] свои руку и сердце.</li>
    <li>r_logentry->[INITIATOR_nameDef] предлагает [RECIPIENT_nameDef] связать их судьбы узами брака.</li>
    <li>r_logentry->[INITIATOR_nameDef] предлагает [RECIPIENT_nameDef] прожить свои жизни рядом друг с другом.</li>
  </MarriageProposal.logRulesInitiator.rulesStrings>
  
  <!-- EN: romance attempt -->
  <RomanceAttempt.label>флирт</RomanceAttempt.label>
  <!-- EN:
    <li>r_logentry->[INITIATOR_nameDef] [wooed] [RECIPIENT_nameDef] by [wootactic].</li>
    <li>wooed->tried to flirt with</li>
    <li>wooed->flirted with</li>
    <li>wooed->tried to attract</li>
    <li>wooed->tried to romance</li>
    <li>wooed->tried to woo</li>
    <li>wooed->wooed</li>
    <li>wooed->pursued</li>
    <li>wooed->charmed</li>
    <li>wooed->courted</li>
    <li>wootactic(p=4)->[complimenting] [RECIPIENT_possessive] [PersonalCharacteristic]</li>
    <li>wootactic->telling a story about [TalkTopicAny]</li>
    <li>wootactic->telling a tale about [TalkTopicAny]</li>
    <li>wootactic->joking about [TalkTopicAny]</li>
    <li>wootactic->making an observation about [TalkTopicAny]</li>
    <li>wootactic(p=2)->[boasting] [INITIATOR_possessive] own [PersonalCharacteristic]</li>
    <li>wootactic->comparing [RECIPIENT_objective] to a [romantic_adj] [romantic_noun]</li>
    <li>wootactic->describing [RECIPIENT_objective] as a [romantic_adj] [romantic_noun]</li>
    <li>boasting->boasting about</li>
    <li>boasting->mentioning</li>
    <li>boasting->implying good things about</li>
    <li>boasting->exaggerating</li>
    <li>boasting->talking about</li>
    <li>boasting->drawing attention to</li>
    <li>complimenting(p=3)->complimenting</li>
    <li>complimenting->subtly complimenting</li>
    <li>complimenting->lauding</li>
    <li>complimenting->commending</li>
    <li>complimenting->saying good things about</li>
    <li>complimenting(p=2)->playfully making fun of</li>
    <li>complimenting->jokingly poking at</li>
    <li>complimenting->jokingly half-complimenting</li>
    <li>complimenting->impishly questioning</li>
    <li>complimenting->cheerfully making fun of</li>
    <li>romantic_adj->beautiful</li>
    <li>romantic_adj->shining</li>
    <li>romantic_adj->glimmering</li>
    <li>romantic_adj->heavenly</li>
    <li>romantic_adj->golden</li>
    <li>romantic_adj->bright</li>
    <li>romantic_adj->breathtaking</li>
    <li>romantic_adj->charming</li>
    <li>romantic_adj->dazzling</li>
    <li>romantic_adj->delicate</li>
    <li>romantic_adj->fine</li>
    <li>romantic_adj->magnificent</li>
    <li>romantic_adj->lovely</li>
    <li>romantic_adj->wonderful</li>
    <li>romantic_adj(p=3)->[AdjectiveBadass]</li>
    <li>romantic_noun->flower</li>
    <li>romantic_noun->spring</li>
    <li>romantic_noun->river</li>
    <li>romantic_noun->star</li>
    <li>romantic_noun->moon</li>
    <li>romantic_noun->sun</li>
    <li>romantic_noun->house</li>
    <li>romantic_noun->aurora</li>
    <li>romantic_noun->[TreeType] tree</li>
    <li>romantic_noun(p=2)->[TerrainFeature]</li>
    <li>romantic_noun(p=2)->[NaturalObject]</li>
  -->
  <RomanceAttempt.logRulesInitiator.rulesStrings>
    <li>r_logentry->[INITIATOR_nameDef] [wooed] [RECIPIENT_nameDef], [wootactic].</li>
    <li>wooed->пытается флиртовать с</li>
    <li>wooed->флиртует с</li>
    <li>wooed->пытается привлечь к себе внимание</li>
    <li>wooed->пытается добиться расположения</li>
    <li>wooed->пытается завести роман с</li>
    <li>wooed->пытается кадрить</li>
    <li>wooed->подкатывает к</li>
    <li>wooed->подбивает клинья к</li>
    <li>wooed->заигрывает с</li>
    <li>wooed->строит глазки</li>
    <li>wootactic(p=4)->[complimenting] [RECIPIENT_possessive] [PersonalCharacteristic]</li>
    <li>wootactic(p=0.5)->[boasting] свой [PersonalCharacteristic_masc]</li>
    <li>wootactic(p=0.5)->[boasting] свою [PersonalCharacteristic_fem]</li>
    <li>wootactic(p=0.5)->[boasting] своё [PersonalCharacteristic_neutral]</li>
    <li>wootactic(p=0.5)->[boasting] свои [PersonalCharacteristic_plural]</li>
    <li>wootactic(p=2)->рассказывая историю [TalkTopicLight]</li>
    <li>wootactic(p=2)->рассказывая историю [TalkTopicHeavy]</li>
    <li>wootactic->сравнивая [RECIPIENT_possessive] с [romantic_adj] [romantic_noun]</li>
    <li>wootactic->сравнивая [RECIPIENT_possessive] [PersonalCharacteristic] с [romantic_adj] [romantic_noun]</li>
    <li>boasting->[boasting_adverb] нахваливая</li>
    <li>boasting->[boasting_adverb] показывая</li>
    <li>boasting->[boasting_adverb] демонстрируя</li>
    <li>boasting->[boasting_adverb] упоминая в разговоре</li>
    <li>boasting->[boasting_adverb] преувеличивая</li>
    <li>boasting->[boasting_adverb] выпячивая</li>
    <li>boasting->[boasting_adverb] выставляя напоказ</li>
    <li>boasting_adverb(p=5)-></li>
    <li>boasting_adverb->важно</li>
    <li>boasting_adverb->изящно</li>
    <li>boasting_adverb->гордо</li>
    <li>boasting_adverb->горделиво</li>
    <li>boasting_adverb->хвастливо</li>
    <li>boasting_adverb->нескромно</li>
    <li>boasting_adverb->тонко</li>
    <li>boasting_adverb->навязчиво</li>
    <li>boasting_adverb->ненавязчиво</li>
    <li>boasting_adverb->как бы невзначай</li>
    <li>boasting_adverb->как бы ненароком</li>
    <li>boasting_adverb->с чувством собственной важности</li>
    <li>boasting_adverb->с выражением превосходства на лице</li>
    <li>complimenting(p=3)->[complimenting_adverb] хваля</li>
    <li>complimenting->[complimenting_adverb] осыпая комплиментами</li>
    <li>complimenting->[complimenting_adverb] нахваливая</li>
    <li>complimenting->по достоинству оценивая</li>
    <li>complimenting->[complimenting_adverb] говоря приятные слова про</li>
    <li>complimenting(p=2)->[complimenting_adverb] шутя про</li>
    <li>complimenting->задавая ехидный вопрос про</li>
    <li>complimenting->отпуская колкий комментарий про</li>
    <li>complimenting_adverb(p=3)-></li>
    <li>complimenting_adverb->тонко</li>
    <li>complimenting_adverb->изящно</li>
    <li>complimenting_adverb->игриво</li>
    <li>complimenting_adverb->заигрывающе</li>
    <li>complimenting_adverb->как бы между делом</li>
    <li>complimenting_adverb->бесстыдно</li>
    <li>complimenting_adverb->не стесняясь</li>
    <li>complimenting_adverb->самозабвенно</li>
    <li>romantic_adj->красотой</li>
    <li>romantic_adj->сиянием</li>
    <li>romantic_adj->мерцанием</li>
    <li>romantic_adj->золотом</li>
    <li>romantic_adj->очарованием</li>
    <li>romantic_adj->великолепием</li>
    <li>romantic_adj->нежностью</li>
    <li>romantic_adj->изяществом</li>
    <li>romantic_adj->величием</li>
    <li>romantic_adj(p=2)->[romantic_adj_badass]</li>
    <li>romantic_adj_badass->неудержимостью</li>
    <li>romantic_adj_badass->бешенством</li>
    <li>romantic_adj_badass->безумием</li>
    <li>romantic_adj_badass->дикостью</li>
    <li>romantic_adj_badass->огнём</li>
    <li>romantic_adj_badass->холодом</li>
    <li>romantic_adj_badass->гибельностью</li>
    <li>romantic_adj_badass->бессердечием</li>
    <li>romantic_adj_badass->ужасом</li>
    <li>romantic_adj_badass->тьмой</li>
    <li>romantic_adj_badass->лютостью</li>
    <li>romantic_adj_badass->суровостью</li>
    <li>romantic_adj_badass->гневом</li>
    <li>romantic_adj_badass->свирепостью</li>
    <li>romantic_adj_badass->яростью</li>
    <li>romantic_noun->цветка</li>
    <li>romantic_noun->ручья</li>
    <li>romantic_noun->реки</li>
    <li>romantic_noun->звезды</li>
    <li>romantic_noun->луны</li>
    <li>romantic_noun->солнца</li>
    <li>romantic_noun->полярного сияния</li>
  </RomanceAttempt.logRulesInitiator.rulesStrings>
  
</LanguageData>