﻿<?xml version="1.0" encoding="UTF-8"?>
<LanguageData>
  
  <!-- EN: animal chat -->
  <AnimalChat.label>общение с животным</AnimalChat.label>
  <!-- EN:
    <li>r_logentry(p=5)->[INITIATOR_nameDef] [tamed] [RECIPIENT_nameDef].</li>
    <li>r_logentry->[INITIATOR_nameDef] sat near [RECIPIENT_nameDef] and talked to [INITIATOR_objective]self about [TalkTopicAny].</li>
    <li>r_logentry->[INITIATOR_nameDef] approached [RECIPIENT_nameDef] while whispering to [INITIATOR_objective]self about [TalkTopicAny].</li>
    <li>r_logentry->[INITIATOR_nameDef] came near [RECIPIENT_nameDef] while talking to [INITIATOR_objective]self about [TalkTopicAny].</li>
    <li>tamed->made calming noises towards</li>
    <li>tamed->offered slow, friendly gestures to</li>
    <li>tamed->made shushing noises at</li>
    <li>tamed->made happy clicking noises at</li>
    <li>tamed->gestured gently and approached</li>
    <li>tamed->slowly approached</li>
    <li>tamed->gently touched</li>
    <li>tamed->calmed and encouraged</li>
    <li>tamed->matched breathing with</li>
    <li>tamed->took a low stance while approaching</li>
    <li>tamed->showed no fear or anger to</li>
    <li>tamed->feigned inattention towards</li>
    <li>tamed->gently hummed a song at</li>
    <li>tamed->sang an old lullaby at</li>
    <li>tamed->firmly yet softly touched</li>
    <li>tamed->showed a relaxed attitude towards</li>
    <li>tamed->sat patiently near</li>
    <li>tamed->whispered a story about [TalkTopicAny] to</li>
  -->
  <AnimalChat.logRulesInitiator.rulesStrings>
    <li>r_logentry(p=5)->[INITIATOR_nameDef] [tamed_animal].</li>
    <li>r_logentry->[INITIATOR_nameDef] садится рядом с [RECIPIENT_nameDef] и начинает говорить [TalkTopicAny].</li>
    <li>r_logentry->[INITIATOR_nameDef] подходит к [RECIPIENT_nameDef], что-то шепча [TalkTopicAny].</li>
    <li>r_logentry->[INITIATOR_nameDef] приближается к [RECIPIENT_nameDef], что-то тихо бормоча [TalkTopicAny].</li>
    <li>tamed_animal->издаёт в сторону [RECIPIENT_nameDef] успокаивающие звуки</li>
    <li>tamed_animal->делает медленные дружелюбные жесты в сторону [RECIPIENT_nameDef]</li>
    <li>tamed_animal->свистит в сторону [RECIPIENT_nameDef]</li>
    <li>tamed_animal->дружелюбно щёлкает языком, подзывая [RECIPIENT_nameDef]</li>
    <li>tamed_animal->медленно подходит к [RECIPIENT_nameDef]</li>
    <li>tamed_animal->мягко касается [RECIPIENT_nameDef]</li>
    <li>tamed_animal->успокаивает и подбадривает [RECIPIENT_nameDef]</li>
    <li>tamed_animal->дышит в унисон с [RECIPIENT_nameDef]</li>
    <li>tamed_animal->подходит к [RECIPIENT_nameDef] с мирными намерениями</li>
    <li>tamed_animal->тихо напевает песенку, смотря в сторону [RECIPIENT_nameDef]</li>
    <li>tamed_animal->поёт [RECIPIENT_nameDef] старую колыбельную</li>
    <li>tamed_animal->гладит [RECIPIENT_nameDef]</li>
    <li>tamed_animal->чешет [RECIPIENT_nameDef] за ухом</li>
    <li>tamed_animal->дружелюбно смотрит в сторону [RECIPIENT_nameDef]</li>
    <li>tamed_animal->говорит с [RECIPIENT_nameDef]</li>
    <li>tamed_animal->нашёптывает [RECIPIENT_nameDef] историю [TalkTopicAny]</li>
  </AnimalChat.logRulesInitiator.rulesStrings>
  
  <!-- EN: nuzzle -->
  <Nuzzle.label>ласка</Nuzzle.label>
  <!-- EN:
    <li>r_logentry(p=2)->[INITIATOR_nameDef] [nuzzleadverb] [nuzzled] [RECIPIENT_nameDef].</li>
    <li>r_logentry->[INITIATOR_nameDef] [nuzzleadverb] rubbed [INITIATOR_possessive] nose against [RECIPIENT_nameDef]'s [rubbedpart].</li>
    <li>nuzzled(p=2)->nuzzled</li>
    <li>nuzzled->snuggled up to</li>
    <li>nuzzleadverb(p=4)-></li>
    <li>nuzzleadverb->gently</li>
    <li>nuzzleadverb->encouragingly</li>
    <li>nuzzleadverb->happily</li>
    <li>nuzzleadverb->softly</li>
    <li>nuzzleadverb->supportively</li>
    <li>nuzzleadverb->lightly</li>
    <li>nuzzleadverb->warmly</li>
    <li>nuzzleadverb->plaintively</li>
    <li>nuzzleadverb->lovingly</li>
    <li>nuzzleadverb->affectionately</li>
    <li>rubbedpart->leg</li>
    <li>rubbedpart->knee</li>
    <li>rubbedpart->foot</li>
    <li>rubbedpart->elbow</li>
    <li>rubbedpart->hip</li>
    <li>rubbedpart->shoulder</li>
    <li>rubbedpart->hand</li>
    <li>rubbedpart->side</li>
    <li>rubbedpart->arm</li>
  -->
  <Nuzzle.logRulesInitiator.rulesStrings>
    <li>r_logentry(p=2)->[INITIATOR_nameDef] [nuzzleadverb] [nuzzled] об [RECIPIENT_nameDef].</li>
    <li>r_logentry->[INITIATOR_nameDef] [nuzzleadverb] [nuzzled] [rubbedpart] [RECIPIENT_nameDef].</li>
    <li>nuzzled(p=2)->ласкается</li>
    <li>nuzzled->трётся своим носом</li>
    <li>nuzzleadverb(p=4)-></li>
    <li>nuzzleadverb->мягко</li>
    <li>nuzzleadverb->ободряюще</li>
    <li>nuzzleadverb->радостно</li>
    <li>nuzzleadverb->нежно</li>
    <li>nuzzleadverb->одобрительно</li>
    <li>nuzzleadverb->легко</li>
    <li>nuzzleadverb->тепло</li>
    <li>nuzzleadverb->жалобно</li>
    <li>nuzzleadverb->ласково</li>
    <li>nuzzleadverb->любя</li>
    <li>rubbedpart->об ногу</li>
    <li>rubbedpart->об колено</li>
    <li>rubbedpart->о ступню</li>
    <li>rubbedpart->о щиколотку</li>
    <li>rubbedpart->о бедро</li>
    <li>rubbedpart->о плечо</li>
    <li>rubbedpart->об руку</li>
  </Nuzzle.logRulesInitiator.rulesStrings>
  
  <!-- EN: tame attempt -->
  <TameAttempt.label>попытка приручить</TameAttempt.label>
  <!-- EN:
    <li>r_logentry->[INITIATOR_nameDef] tried to tame [RECIPIENT_nameDef].</li>
    <li>r_logentry->[INITIATOR_nameDef] tried to bring [RECIPIENT_nameDef] under control.</li>
    <li>r_logentry->[INITIATOR_nameDef] attempted to collar [RECIPIENT_nameDef].</li>
    <li>r_logentry->[INITIATOR_nameDef] demanded obedience from [RECIPIENT_nameDef].</li>
    <li>r_logentry->[INITIATOR_nameDef] called [RECIPIENT_nameDef] to come to [INITIATOR_objective].</li>
    <li>r_logentry->[INITIATOR_nameDef] tried to make [RECIPIENT_nameDef] sit still.</li>
    <li>r_logentry->[INITIATOR_nameDef] seized [RECIPIENT_nameDef] sharply and barked a command.</li>
    <li>r_logentry->[INITIATOR_nameDef] attempted to hold [RECIPIENT_nameDef] still.</li>
    <li>r_logentry->[INITIATOR_nameDef] shouted a command at [RECIPIENT_nameDef].</li>
    <li>r_logentry->[INITIATOR_nameDef] slapped [RECIPIENT_nameDef] in a show of dominance.</li>
    <li>r_logentry->[INITIATOR_nameDef] directed [RECIPIENT_nameDef] back towards the community.</li>
    <li>r_logentry->[INITIATOR_nameDef] called [RECIPIENT_nameDef] to come back to the community.</li>
    <li>r_logentry->[INITIATOR_nameDef] touched a vulnerable body part of [RECIPIENT_nameDef], demanding obedience.</li>
    <li>r_logentry->[INITIATOR_nameDef] pointed at the ground, demanding that [RECIPIENT_nameDef] come.</li>
    <li>r_logentry->[INITIATOR_nameDef] gave [RECIPIENT_nameDef] a first command.</li>
  -->
  <TameAttempt.logRulesInitiator.rulesStrings>
    <li>r_logentry->[INITIATOR_nameDef] пытается приручить [RECIPIENT_nameDef].</li>
    <li>r_logentry->[INITIATOR_nameDef] пытается получить контроль над [RECIPIENT_nameDef].</li>
    <li>r_logentry->[INITIATOR_nameDef] пытается надеть на [RECIPIENT_nameDef] ошейник.</li>
    <li>r_logentry->[INITIATOR_nameDef] требует от [RECIPIENT_nameDef] покорности.</li>
    <li>r_logentry->[INITIATOR_nameDef] зовёт [RECIPIENT_nameDef] за собой.</li>
    <li>r_logentry->[INITIATOR_nameDef] пытается заставить [RECIPIENT_nameDef] сидеть.</li>
    <li>r_logentry->[INITIATOR_nameDef] крепко хватает [RECIPIENT_nameDef] и выкрикивает команду.</li>
    <li>r_logentry->[INITIATOR_nameDef] пытается усмирить [RECIPIENT_nameDef].</li>
    <li>r_logentry->[INITIATOR_nameDef] выкрикивает команду в сторону [RECIPIENT_nameDef].</li>
    <li>r_logentry->[INITIATOR_nameDef] шлёпает [RECIPIENT_nameDef], чтобы показать, кто здесь главный.</li>
    <li>r_logentry->[INITIATOR_nameDef] разворачивает морду [RECIPIENT_nameDef] в сторону поселения.</li>
    <li>r_logentry->[INITIATOR_nameDef] зовёт [RECIPIENT_nameDef] в поселение.</li>
    <li>r_logentry->[INITIATOR_nameDef] трогает [RECIPIENT_nameDef] за уязвимую часть тела, чтобы показать своё доминирование.</li>
    <li>r_logentry->[INITIATOR_nameDef] указывает пальцем на какую-то точку на земле, требуя от [RECIPIENT_nameDef] идти туда.</li>
    <li>r_logentry->[INITIATOR_nameDef] отдаёт [RECIPIENT_nameDef] первую команду.</li>
  </TameAttempt.logRulesInitiator.rulesStrings>
  
  <!-- EN: train attempt -->
  <TrainAttempt.label>попытка тренировки</TrainAttempt.label>
  <!-- EN:
    <li>r_logentry->[INITIATOR_nameDef] [trained] [RECIPIENT_nameDef].</li>
    <li>trained(p=2)->[tried] to train</li>
    <li>trained->[tried] to show a new trick to</li>
    <li>trained->[tried] to discipline</li>
    <li>trained->[tried] to instruct</li>
    <li>trained->[tried] to encourage a new skill in</li>
    <li>trained->demonstrated a skill to</li>
    <li>trained->encouraged a new response from</li>
    <li>tried->tried</li>
    <li>tried->attempted</li>
  -->
  <TrainAttempt.logRulesInitiator.rulesStrings>
    <li>r_logentry->[INITIATOR_nameDef] [trained_animal].</li>
    <li>trained_animal(p=2)->[tried] тренировать [RECIPIENT_nameDef]</li>
    <li>trained_animal(p=4)->[tried] [training_way] [to_train] [RECIPIENT_nameDef] [train_target]</li>
    <li>trained_animal->[tried] вышколить [RECIPIENT_nameDef]</li>
    <li>trained_animal->[tried] заставить [RECIPIENT_nameDef] заниматься новой для н[RECIPIENT_possessive] задачей</li>
    <li>training_way(p=2)-></li>
    <li>training_way->на собственном примере</li>
    <li>training_way->методом кнута и пряника</li>
    <li>tried->пробует</li>
    <li>tried->пытается</li>
    <li>to_train->обучить</li>
    <li>to_train->научить</li>
    <li>to_train->тренировать</li>
    <li>train_target->очередной команде</li>
    <li>train_target->новому приёму</li>
    <li>train_target->новым навыкам</li>
  </TrainAttempt.logRulesInitiator.rulesStrings>
  
</LanguageData>