﻿<?xml version="1.0" encoding="UTF-8"?>
<LanguageData>
  
  <!-- EN: animals -->
  <Animals.label>питомцы</Animals.label>
  <!-- EN: Configure how the colony's tame animals should be treated. -->
  <Animals.description>Правила пребывания в поселении для приручённых животных</Animals.description>
  
  <!-- EN: architect -->
  <Architect.label>проекты</Architect.label>
  <!-- EN: Designate where to build, farm, store items, and so on. -->
  <Architect.description>Указания поселенцам по строительству, выращиванию и хранению</Architect.description>
  
  <!-- EN: assign -->
  <Assign.label>назначения</Assign.label>
  <!-- EN: Assign behaviors to colonists like what they should wear, what drugs to take, or how to respond to enemies. -->
  <Assign.description>Правила ношения одежды поселенцами и способы реагирования на угрозы</Assign.description>
  
  <!-- EN: factions -->
  <Factions.label>фракции</Factions.label>
  <!-- EN: Review the other factions on this world and their relationships. -->
  <Factions.description>Известные поселению фракции и отношения между ними</Factions.description>
  
  <!-- EN: history -->
  <History.label>история</History.label>
  <!-- EN: Review historical records. -->
  <History.description>История поселения в числах и графиках</History.description>
  
  <!-- EN: inspect -->
  <Inspect.label>инспектировать</Inspect.label>
  
  <!-- EN: menu -->
  <Menu.label>меню</Menu.label>
  <!-- EN: Change options, save, load, or quit the game. -->
  <Menu.description>Настройки, сохранение, загрузка или выход из игры</Menu.description>
  
  <!-- EN: quests -->
  <Quests.label>задания</Quests.label>
  <!-- EN: View available, active, and historical quests. -->
  <Quests.description>Доступные, активные и оконченные задания.</Quests.description>
  
  <!-- EN: research -->
  <Research.label>технологии</Research.label>
  <!-- EN: Examine and decide on research projects. -->
  <Research.description>Доступные и текущие исследования</Research.description>
  
  <!-- EN: schedule -->
  <Restrict.label>режим дня</Restrict.label>
  <!-- EN: Schedule colonists' activities to certain times of day, and set their allowed areas. -->
  <Restrict.description>Режим дня поселенцев и доступные им области</Restrict.description>
  
  <!-- EN: wildlife -->
  <Wildlife.label>фауна</Wildlife.label>
  <!-- EN: List wild animals in the area and designate them for hunting or taming. -->
  <Wildlife.description>Список находящихся неподалёку диких животных, назначение их для приручения или охоты.</Wildlife.description>
  
  <!-- EN: work -->
  <Work.label>работа</Work.label>
  <!-- EN: Choose which colonist does what kinds of work, and in what order. -->
  <Work.description>Распределение работ и установка приоритетов</Work.description>
  
  <!-- EN: world -->
  <World.label>мир</World.label>
  <!-- EN: Examine the world map, form, and manage caravans. -->
  <World.description>Карта мира</World.description>
  
</LanguageData>