﻿<?xml version="1.0" encoding="UTF-8"?>
<LanguageData>
  
  <!-- EN: tantrum -->
  <BedroomTantrum.label>истерика</BedroomTantrum.label>
  <!-- EN: Mental state: Tantrum -->
  <BedroomTantrum.baseInspectLine>Душевное состояние: истерика</BedroomTantrum.baseInspectLine>
  <!-- EN: {0} is having a tantrum.\n\n[PAWN_pronoun] is going to smash things in [PAWN_possessive] room. -->
  <BedroomTantrum.beginLetter>{0} бьётся в истерике.\n\n{PAWN_pronoun} может разнести всю мебель в своей комнате.</BedroomTantrum.beginLetter>
  <BedroomTantrum.beginLetterLabel>истерика</BedroomTantrum.beginLetterLabel>
  <!-- EN: {0} is no longer having a tantrum. -->
  <BedroomTantrum.recoveryMessage>{0} больше не бьётся в истерике.</BedroomTantrum.recoveryMessage>
  
  <!-- EN: berserk -->
  <Berserk.label>ярость</Berserk.label>
  <!-- EN: Mental state: Berserk -->
  <Berserk.baseInspectLine>Душевное состояние: приступ ярости</Berserk.baseInspectLine>
  <!-- EN: {0} has gone berserk.\n\n[PAWN_pronoun] will attack anyone [PAWN_pronoun] sees. -->
  <Berserk.beginLetter>{0} впадает в ярость.\n\n{PAWN_pronoun} кидается на всех, кого увидит.</Berserk.beginLetter>
  <Berserk.beginLetterLabel>ярость</Berserk.beginLetterLabel>
  <!-- EN: {0}'s berserk rage has come to an end. -->
  <Berserk.recoveryMessage>{0} успокаивается.</Berserk.recoveryMessage>
  
  <!-- EN: binging on drug -->
  <Binging_DrugExtreme.label>тяга к наркотикам</Binging_DrugExtreme.label>
  <!-- EN: Mental state: Binging on {0} -->
  <Binging_DrugExtreme.baseInspectLine>Душевное состояние: тяга к {0}</Binging_DrugExtreme.baseInspectLine>
  
  <!-- EN: binging on drug -->
  <Binging_DrugMajor.label>тяга к лёгким наркотикам</Binging_DrugMajor.label>
  <!-- EN: Mental state: Binging on {0} -->
  <Binging_DrugMajor.baseInspectLine>Душевное состояние: тяга к {0}</Binging_DrugMajor.baseInspectLine>
  
  <!-- EN: binging on food -->
  <Binging_Food.label>обжорство</Binging_Food.label>
  <!-- EN: Mental state: Pigging out -->
  <Binging_Food.baseInspectLine>Душевное состояние: обжорство</Binging_Food.baseInspectLine>
  <!-- EN: {0} is pigging out on food. -->
  <Binging_Food.beginLetter>{0} объедается.</Binging_Food.beginLetter>
  <!-- EN: food binge -->
  <Binging_Food.beginLetterLabel>обжорство</Binging_Food.beginLetterLabel>
  <!-- EN: {0} is no longer pigging out on food. -->
  <Binging_Food.recoveryMessage>{0} перестаёт объедаться.</Binging_Food.recoveryMessage>
  
  <!-- EN: corpse obsession -->
  <CorpseObsession.label>осквернение могил</CorpseObsession.label>
  <!-- EN: Mental state: Corpse obsession -->
  <CorpseObsession.baseInspectLine>Душевное состояние: осквернение могил</CorpseObsession.baseInspectLine>
  <!-- EN: {0} has broken inside and become obsessed with corpses.\n\n[PAWN_pronoun] is going to dig up a corpse and present it for all to see. -->
  <CorpseObsession.beginLetter>{0} явно не в себе.\n\nПохоже, {PAWN_pronoun} собирается разорить могилу и выставить содержимое на всеобщее обозрение.</CorpseObsession.beginLetter>
  <CorpseObsession.beginLetterLabel>осквернение могил</CorpseObsession.beginLetterLabel>
  <!-- EN: {0} is no longer having a corpse obsession. -->
  <CorpseObsession.recoveryMessage>{0} больше не разоряет могилы.</CorpseObsession.recoveryMessage>
  
  <!-- EN: fire starting spree -->
  <FireStartingSpree.label>приступ пиромании</FireStartingSpree.label>
  <!-- EN: Mental state: Fire starting spree -->
  <FireStartingSpree.baseInspectLine>Душевное состояние: приступ пиромании</FireStartingSpree.baseInspectLine>
  <!-- EN: {0} is on a fire starting spree.\n\n[PAWN_pronoun] will wander around for a while, randomly starting fires. -->
  <FireStartingSpree.beginLetter>{0} испытывает приступ пиромании.\n\n{PAWN_pronoun} бесцельно бродит, поджигая всё подряд.</FireStartingSpree.beginLetter>
  <FireStartingSpree.beginLetterLabel>пиромания</FireStartingSpree.beginLetterLabel>
  <!-- EN: {0} is no longer on a fire starting spree. -->
  <FireStartingSpree.recoveryMessage>{0} больше не поджигает всё подряд.</FireStartingSpree.recoveryMessage>
  
  <!-- EN: giving up and leaving -->
  <GiveUpExit.label>уход</GiveUpExit.label>
  <!-- EN: Mental state: Given up and leaving -->
  <GiveUpExit.baseInspectLine>Душевное состояние: уход</GiveUpExit.baseInspectLine>
  <!-- EN: {0} has given up on this community.\n\n[PAWN_pronoun] has decided to leave and pursue a better life elsewhere. You can try to arrest [PAWN_objective] as [PAWN_pronoun] leaves. Otherwise, you may still see [PAWN_objective] again some day. -->
  <GiveUpExit.beginLetter>{0} разочаровывается в этом поселении.\n\n{PAWN_pronoun} решает уйти в поисках лучшей жизни. Вы можете попытаться {PAWN_possessive} арестовать, а можете дать {PAWN_objective} уйти. Возможно, однажды вам снова удастся {PAWN_possessive} увидеть.</GiveUpExit.beginLetter>
  <!-- EN: gave up -->
  <GiveUpExit.beginLetterLabel>уход</GiveUpExit.beginLetterLabel>
  <!-- EN: {0} has had a change of heart and is coming back to the colony. -->
  <GiveUpExit.recoveryMessage>{0} меняет своё мнение и возвращается в поселение.</GiveUpExit.recoveryMessage>
  
  <!-- EN: insulting spree -->
  <InsultingSpree.label>поток брани</InsultingSpree.label>
  <!-- EN: Mental state: Insulting spree -->
  <InsultingSpree.baseInspectLine>Душевное состояние: поток брани</InsultingSpree.baseInspectLine>
  <!-- EN: {0} is on an insulting spree.\n\n[PAWN_pronoun] will wander around, randomly insulting others. -->
  <InsultingSpree.beginLetter>{0} не может сдержать своих эмоций.\n\n{PAWN_pronoun} бесцельно бродит по поселению, осыпая всех оскорблениями.</InsultingSpree.beginLetter>
  <InsultingSpree.beginLetterLabel>поток брани</InsultingSpree.beginLetterLabel>
  <!-- EN: {0} is no longer on an insulting spree. -->
  <InsultingSpree.recoveryMessage>{0} больше не оскорбляет всех подряд.</InsultingSpree.recoveryMessage>
  
  <!-- EN: inducing prisoner to escape -->
  <Jailbreaker.label>подстрекательство к побегу</Jailbreaker.label>
  <!-- EN: Mental state: Jailbreaker -->
  <Jailbreaker.baseInspectLine>Душевное состояние: подстрекательство к побегу</Jailbreaker.baseInspectLine>
  <!-- EN: {0} has had a mental breakdown and is going to induce prisoners to escape. -->
  <Jailbreaker.beginLetter>У {0} случился нервный срыв, и {PAWN_pronoun} подстрекает пленников к побегу.</Jailbreaker.beginLetter>
  <!-- EN: jailbreaker -->
  <Jailbreaker.beginLetterLabel>побег</Jailbreaker.beginLetterLabel>
  <!-- EN: {0} is no longer inducing prisoners to escape. -->
  <Jailbreaker.recoveryMessage>{0} больше не подстрекает пленников к побегу.</Jailbreaker.recoveryMessage>
  
  <!-- EN: murderous rage -->
  <MurderousRage.label>неистовый гнев</MurderousRage.label>
  <!-- EN: Mental state: Murderous rage -->
  <MurderousRage.baseInspectLine>Душевное состояние: неистовство</MurderousRage.baseInspectLine>
  <!-- EN: {0} has flown into a murderous rage.\n\n[PAWN_pronoun] has decided to kill {1}. -->
  <MurderousRage.beginLetter>{0} испытывает неистовый гнев!\n\n{PAWN_pronoun} хочет избить {1}.</MurderousRage.beginLetter>
  <MurderousRage.beginLetterLabel>неистовство</MurderousRage.beginLetterLabel>
  <!-- EN: {0} is no longer in a murderous rage. -->
  <MurderousRage.recoveryMessage>{0} больше не испытывает гнев.</MurderousRage.recoveryMessage>
  
  <!-- EN: sadistic rage -->
  <SadisticRage.label>садизм</SadisticRage.label>
  <!-- EN: Mental state: Sadistic rage -->
  <SadisticRage.baseInspectLine>Душевное состояние: приступ садизма</SadisticRage.baseInspectLine>
  <!-- EN: {0} has flown into a sadistic rage.\n\n[PAWN_pronoun] is going to vent [PAWN_possessive] anger on the prisoners. -->
  <SadisticRage.beginLetter>{0} испытывает садистский гнев.\n\n{PAWN_pronoun} планирует выместить свою злобу на пленниках.</SadisticRage.beginLetter>
  <SadisticRage.beginLetterLabel>садизм</SadisticRage.beginLetterLabel>
  <!-- EN: {0} is no longer in a sadistic rage. -->
  <SadisticRage.recoveryMessage>{0} прекращает издеваться над пленниками.</SadisticRage.recoveryMessage>
  
  <!-- EN: slaughterer -->
  <Slaughterer.label>живодёрство</Slaughterer.label>
  <!-- EN: Mental state: Slaughterer -->
  <Slaughterer.baseInspectLine>Душевное состояние: живодёрство</Slaughterer.baseInspectLine>
  <!-- EN: {0} has had a mental breakdown and is going to vent [PAWN_possessive] anger on your animals. -->
  <Slaughterer.beginLetter>У {0} случился нервный срыв, и {PAWN_pronoun} мучает животных.</Slaughterer.beginLetter>
  <Slaughterer.beginLetterLabel>живодёрство</Slaughterer.beginLetterLabel>
  <!-- EN: {0} is no longer slaughtering random animals. -->
  <Slaughterer.recoveryMessage>{0} больше не мучает животных.</Slaughterer.recoveryMessage>
  
  <!-- EN: tantrum -->
  <Tantrum.label>истерика</Tantrum.label>
  <!-- EN: Mental state: Tantrum -->
  <Tantrum.baseInspectLine>Душевное состояние: истерика</Tantrum.baseInspectLine>
  <!-- EN: {0} is having a tantrum.\n\n[PAWN_pronoun] will smash up random furniture, items and structures. -->
  <Tantrum.beginLetter>{0} бьётся в истерике.\n\n{PAWN_pronoun} ломает мебель, предметы и стены.</Tantrum.beginLetter>
  <Tantrum.beginLetterLabel>истерика</Tantrum.beginLetterLabel>
  <!-- EN: {0} is no longer having a tantrum. -->
  <Tantrum.recoveryMessage>{0} больше не бьётся в истерике.</Tantrum.recoveryMessage>
  
  <!-- EN: insulting spree -->
  <TargetedInsultingSpree.label>поток брани</TargetedInsultingSpree.label>
  <!-- EN: Mental state: Insulting spree against {0} -->
  <TargetedInsultingSpree.baseInspectLine>Душевное состояние: поток брани в адрес {0}</TargetedInsultingSpree.baseInspectLine>
  <!-- EN: {0} has fixated [PAWN_possessive] rage on {1}.\n\n[PAWN_pronoun] will follow {1} around, hurling insults. -->
  <TargetedInsultingSpree.beginLetter>{0} находит выход своим эмоциям. Им становится {1}.\n\n{PAWN_pronoun} будет ходить за своей жертвой, осыпая её оскорблениями.</TargetedInsultingSpree.beginLetter>
  <TargetedInsultingSpree.beginLetterLabel>поток брани</TargetedInsultingSpree.beginLetterLabel>
  <TargetedInsultingSpree.recoveryMessage>{0} прекращает свой поток оскорблений.</TargetedInsultingSpree.recoveryMessage>
  
  <!-- EN: tantrum -->
  <TargetedTantrum.label>истерика</TargetedTantrum.label>
  <!-- EN: Mental state: Tantrum -->
  <TargetedTantrum.baseInspectLine>Душевное состояние: истерика</TargetedTantrum.baseInspectLine>
  <!-- EN: {0} is having a tantrum.\n\n[PAWN_pronoun] is going to destroy {1}. -->
  <TargetedTantrum.beginLetter>{0} бьётся в истерике.\n\n{PAWN_pronoun} собирается уничтожить {1}.</TargetedTantrum.beginLetter>
  <TargetedTantrum.beginLetterLabel>истерика</TargetedTantrum.beginLetterLabel>
  <!-- EN: {0} is no longer having a tantrum. -->
  <TargetedTantrum.recoveryMessage>{0} больше не бьётся в истерике.</TargetedTantrum.recoveryMessage>
  
  <!-- EN: sitting alone -->
  <Wander_OwnRoom.label>затворничество</Wander_OwnRoom.label>
  <!-- EN: Mental state: Hiding in room -->
  <Wander_OwnRoom.baseInspectLine>Душевное состояние: затворничество</Wander_OwnRoom.baseInspectLine>
  <!-- EN: {0} is hiding in [PAWN_possessive] room. -->
  <Wander_OwnRoom.beginLetter>{0} скрывается в своей комнате.</Wander_OwnRoom.beginLetter>
  <!-- EN: hide in room -->
  <Wander_OwnRoom.beginLetterLabel>затворничество</Wander_OwnRoom.beginLetterLabel>
  <!-- EN: {0} is no longer hiding in [PAWN_possessive] room. -->
  <Wander_OwnRoom.recoveryMessage>{0} больше не прячется в своей комнате.</Wander_OwnRoom.recoveryMessage>
  
  <!-- EN: wandering in psychosis -->
  <Wander_Psychotic.label>растерянность</Wander_Psychotic.label>
  <!-- EN: Mental state: Psychotic wandering -->
  <Wander_Psychotic.baseInspectLine>Душевное состояние: растерянность</Wander_Psychotic.baseInspectLine>
  <!-- EN: {0} is wandering around in a psychotic state. -->
  <Wander_Psychotic.beginLetter>{0} испытывает чувство растерянности и бесцельно бродит по поселению.</Wander_Psychotic.beginLetter>
  <!-- EN: daze -->
  <Wander_Psychotic.beginLetterLabel>растерянность</Wander_Psychotic.beginLetterLabel>
  <!-- EN: {0} is no longer wandering in a psychotic state. -->
  <Wander_Psychotic.recoveryMessage>{0} больше не испытывает растерянность.</Wander_Psychotic.recoveryMessage>
  
  <!-- EN: wandering in psychosis -->
  <Wander_Psychotic_Short.label>растерянность</Wander_Psychotic_Short.label>
  <!-- EN: Mental state: Psychotic wandering -->
  <Wander_Psychotic_Short.baseInspectLine>Душевное состояние: растерянность</Wander_Psychotic_Short.baseInspectLine>
  <!-- EN: {0} is wandering around in a psychotic state. -->
  <Wander_Psychotic_Short.beginLetter>{0} испытывает чувство растерянности и бесцельно бродит по поселению.</Wander_Psychotic_Short.beginLetter>
  <!-- EN: daze -->
  <Wander_Psychotic_Short.beginLetterLabel>растерянность</Wander_Psychotic_Short.beginLetterLabel>
  <!-- EN: {0} is no longer wandering in a psychotic state. -->
  <Wander_Psychotic_Short.recoveryMessage>{0} больше не испытывает растерянность.</Wander_Psychotic_Short.recoveryMessage>
  
  <!-- EN: sad wandering -->
  <Wander_Sad.label>уныние</Wander_Sad.label>
  <!-- EN: Mental state: Sad wandering -->
  <Wander_Sad.baseInspectLine>Душевное состояние: уныние</Wander_Sad.baseInspectLine>
  <!-- EN: {0} has broken down and is wandering around in sadness. -->
  <Wander_Sad.beginLetter>{0} бродит в печали.</Wander_Sad.beginLetter>
  <!-- EN: sad wander -->
  <Wander_Sad.beginLetterLabel>уныние</Wander_Sad.beginLetterLabel>
  <!-- EN: {0} is no longer wandering in sadness. -->
  <Wander_Sad.recoveryMessage>{0} больше не грустит.</Wander_Sad.recoveryMessage>
  
</LanguageData>