﻿<?xml version="1.0" encoding="UTF-8"?>
<LanguageData>
  
  <!-- EN: adult -->
  <AnimalAdult.label>взрослый</AnimalAdult.label>
  
  <!-- EN: baby -->
  <AnimalBaby.label>детёныш</AnimalBaby.label>
  
  <!-- EN: baby -->
  <AnimalBabyTiny.label>новорождённый</AnimalBabyTiny.label>
  
  <!-- EN: juvenile -->
  <AnimalJuvenile.label>молодой</AnimalJuvenile.label>
  
  <!-- EN: adult -->
  <EusocialInsectAdult.label>взрослый</EusocialInsectAdult.label>
  
  <!-- EN: immature -->
  <EusocialInsectJuvenile.label>незрелый</EusocialInsectJuvenile.label>
  
  <!-- EN: larva -->
  <EusocialInsectLarva.label>личинка</EusocialInsectLarva.label>
  
  <!-- EN: adult -->
  <HumanlikeAdult.label>взрослый</HumanlikeAdult.label>
  
  <!-- EN: baby -->
  <HumanlikeBaby.label>младенец</HumanlikeBaby.label>
  
  <!-- EN: child -->
  <HumanlikeChild.label>ребёнок</HumanlikeChild.label>
  
  <!-- EN: teenager -->
  <HumanlikeTeenager.label>подросток</HumanlikeTeenager.label>
  <!-- EN: teenage -->
  <HumanlikeTeenager.adjective>подросток</HumanlikeTeenager.adjective>
  
  <!-- EN: toddler -->
  <HumanlikeToddler.label>малыш</HumanlikeToddler.label>
  
  <!-- EN: fully-formed -->
  <MechanoidFullyFormed.label>полностью сформированный</MechanoidFullyFormed.label>
  
</LanguageData>