﻿<?xml version="1.0" encoding="UTF-8"?>
<LanguageData>
  
  <!-- EN: bite -->
  <Bite.label>укус</Bite.label>
  <!-- EN: {0} has been bitten to death. -->
  <Bite.deathMessage>{0} {0_gender ? растерзан : растерзана}.</Bite.deathMessage>
  
  <!-- EN: blunt -->
  <Blunt.label>удар</Blunt.label>
  <!-- EN: {0} has been beaten to death. -->
  <Blunt.deathMessage>{0} проигрывает из-за мощного удара.</Blunt.deathMessage>
  
  <!-- EN: crush -->
  <Crush.label>давка</Crush.label>
  <!-- EN: {0} has been crushed to death. -->
  <Crush.deathMessage>{0} {0_gender ? раздавлен : раздавлена}.</Crush.deathMessage>
  
  <!-- EN: cut -->
  <Cut.label>порез</Cut.label>
  <!-- EN: {0} has been cut to death. -->
  <Cut.deathMessage>{0} проигрывает из-за резаной раны.</Cut.deathMessage>
  
  <!-- EN: blunt -->
  <Poke.label>тычок</Poke.label>
  <!-- EN: {0} has been beaten to death. -->
  <Poke.deathMessage>{0} проигрывает из-за неслабого тычка.</Poke.deathMessage>
  
  <!-- EN: scratch -->
  <Scratch.label>рваная рана</Scratch.label>
  <!-- EN: {0} has been torn to death. -->
  <Scratch.deathMessage>{0} {0_gender ? растерзан : растерзана}.</Scratch.deathMessage>
  
  <!-- EN: toxic scratch -->
  <ScratchToxic.label>рана с ядом</ScratchToxic.label>
  <!-- EN: {0} has been torn to death. -->
  <ScratchToxic.deathMessage>{0} проигрывает из-за раны с ядом.</ScratchToxic.deathMessage>
  
  <!-- EN: stab -->
  <Stab.label>укол</Stab.label>
  <!-- EN: {0} has been stabbed to death. -->
  <Stab.deathMessage>{0} {0_gender ? заколот : заколота}.</Stab.deathMessage>
  
  <!-- EN: toxic bite -->
  <ToxicBite.label>ядовитый укус</ToxicBite.label>
  <!-- EN: {0} has been bitten to death. -->
  <ToxicBite.deathMessage>{0} проигрывает из-за ядовитого укуса.</ToxicBite.deathMessage>
  
</LanguageData>