﻿<?xml version="1.0" encoding="UTF-8"?>
<LanguageData>
  
  <!-- EN: execution cut -->
  <ExecutionCut.label>разрез от казни</ExecutionCut.label>
  <!-- EN: {0} has been executed by cutting. -->
  <ExecutionCut.deathMessage>{0} проигрывает в результате казни.</ExecutionCut.deathMessage>
  
  <!-- EN: surgical cut -->
  <SurgicalCut.label>хирургический порез</SurgicalCut.label>
  <!-- EN: {0} has died during surgery. -->
  <SurgicalCut.deathMessage>{0} проигрывает из-за фатальной операции.</SurgicalCut.deathMessage>
  
</LanguageData>