﻿<?xml version="1.0" encoding="UTF-8"?>
<LanguageData>
  
  <!-- EN: burn -->
  <Burn.label>ожог</Burn.label>
  <!-- EN: {0} has burned to death. -->
  <Burn.deathMessage>{0} получает фатальный ожог.</Burn.deathMessage>
  
  <!-- EN: flame -->
  <Flame.label>огонь</Flame.label>
  <!-- EN: {0} has burned to death. -->
  <Flame.deathMessage>{0} сгорает.</Flame.deathMessage>
  
  <!-- EN: frostbite -->
  <Frostbite.label>обморожение</Frostbite.label>
  <!-- EN: {0} has succumbed to frostbite. -->
  <Frostbite.deathMessage>{0} становится жертвой обморожения.</Frostbite.deathMessage>
  
  <!-- EN: scratch -->
  <TornadoScratch.label>разрыв</TornadoScratch.label>
  <!-- EN: {0} has been killed by a tornado. -->
  <TornadoScratch.deathMessage>{0} становится жертвой смерча.</TornadoScratch.deathMessage>
  
</LanguageData>