<?xml version="1.0" encoding="utf-8"?>
<ModMetaData>

	<name>12plus Before Core</name>
	<author>Uncle Shvya</author>
	<packageId>UncleShvya.12plus.BeforeCore</packageId>
	<url>https://github.com/uncleshvya/rimworld-mod-12plus</url>
	<supportedVersions>
		<li>1.2</li>
	</supportedVersions>
	<description>Это вспомогательный мод, для переводимых генераторов текста. Подробности в описании мода «12plus After Core».

It's an auxiliary mod for text generators translation. Read more in UncleShvya.12plus.AfterCore description.
	</description>
	<modDependencies>
		<li>
			<packageId>UncleShvya.12plus.AfterCore</packageId>
			<displayName>12plus After Core</displayName>
			<downloadUrl>https://github.com/uncleshvya/rimworld-mod-12plus</downloadUrl>
		</li>
	</modDependencies>
	<loadAfter>
		<li>brrainz.harmony</li>
	</loadAfter>
	<loadBefore>
		<li>Ludeon.RimWorld</li>
		<li>Ludeon.Royalty</li>
	</loadBefore>

</ModMetaData>
