<?xml version="1.0" encoding="UTF-8"?>
<LanguageData>

	<!-- EN <Numbers_Age.label>Age</Numbers_Age.label> -->
	<Numbers_Age.label>Возраст точный</Numbers_Age.label>
	<!-- EN <Numbers_AnimalEggProgress.label>Egg progress</Numbers_AnimalEggProgress.label> -->
	<Numbers_AnimalEggProgress.label>Яйцо созрело</Numbers_AnimalEggProgress.label>
	<!-- EN <Numbers_Milkfullness.label>Milk fullness</Numbers_Milkfullness.label> -->
	<Numbers_Milkfullness.label>Молока накоплено</Numbers_Milkfullness.label>
	<!-- EN <Numbers_AnimalWoolGrowth.label>Wool growth</Numbers_AnimalWoolGrowth.label> -->
	<Numbers_AnimalWoolGrowth.label>Шерсти выросло</Numbers_AnimalWoolGrowth.label>
	<!-- EN <Numbers_Race.label>Race</Numbers_Race.label> -->
	<Numbers_Race.label>Вид</Numbers_Race.label>
	<!-- EN <Numbers_Backstory.label>Title</Numbers_Backstory.label> -->
	<Numbers_Backstory.label>Профессия</Numbers_Backstory.label>
	<!-- EN <Numbers_Equipment.label>Equipment</Numbers_Equipment.label> -->
	<Numbers_Equipment.label>Снаряжение</Numbers_Equipment.label>
	<!-- EN <Numbers_Inventory.label>Inventory</Numbers_Inventory.label> -->
	<Numbers_Inventory.label>Инвентарь</Numbers_Inventory.label>
	<!-- EN <Numbers_JobCurrent.label>Current job</Numbers_JobCurrent.label> -->
	<Numbers_JobCurrent.label>Текущее задание</Numbers_JobCurrent.label>
	<!-- EN <Numbers_JobQueued.label>Queued job</Numbers_JobQueued.label> -->
	<Numbers_JobQueued.label>Задание в очереди</Numbers_JobQueued.label>
	<!-- EN <Numbers_MentalState.label>Mental state</Numbers_MentalState.label> -->
	<Numbers_MentalState.label>Состояние</Numbers_MentalState.label>
	<!-- EN <Numbers_PrisonerInteraction.label>Prisoner interaction</Numbers_PrisonerInteraction.label> -->
	<Numbers_PrisonerInteraction.label>Тип взаимодействия</Numbers_PrisonerInteraction.label>
	<!-- EN <Numbers_PrisonerRecruitmentDifficulty.label>Recruitment difficulty</Numbers_PrisonerRecruitmentDifficulty.label> -->
	<Numbers_PrisonerRecruitmentDifficulty.label>Сложность вербовки</Numbers_PrisonerRecruitmentDifficulty.label>
	<!-- EN <Numbers_PrisonerResistance.label>Resistance remaining</Numbers_PrisonerResistance.label> -->
	<Numbers_PrisonerResistance.label>Психологическое сопротивление</Numbers_PrisonerResistance.label>
	<!-- EN <Numbers_Pain.label>Pain</Numbers_Pain.label> -->
	<Numbers_Pain.label>Боль</Numbers_Pain.label>
	<!-- EN <Numbers_Bleedrate.label>Bleedrate</Numbers_Bleedrate.label> -->
	<Numbers_Bleedrate.label>Кровотечение</Numbers_Bleedrate.label>
	<!-- EN <Numbers_NeedsTreatment.label>Needs treatment</Numbers_NeedsTreatment.label> -->
	<Numbers_NeedsTreatment.label>Нужно лечение</Numbers_NeedsTreatment.label>
	<!-- EN <Numbers_Operations.label>Operations</Numbers_Operations.label> -->
	<Numbers_Operations.label>Процедуры</Numbers_Operations.label>
	<!-- EN <Numbers_Forbidden.label>Forbidden</Numbers_Forbidden.label> -->
	<Numbers_Forbidden.label>Запрещено</Numbers_Forbidden.label>
	<!-- EN <Numbers_Inspiration.label>Inspiration</Numbers_Inspiration.label> -->
	<Numbers_Inspiration.label>Воодушевление</Numbers_Inspiration.label>
	<!-- EN <Numbers_DiseaseProgress.label>Disease immunity margin</Numbers_DiseaseProgress.label> -->
	<Numbers_DiseaseProgress.label>Иммунитет к болезни</Numbers_DiseaseProgress.label>
	<Numbers_DiseaseProgress.headerTip>Насколько иммунитет обгоняет болезнь, и скорость изменения</Numbers_DiseaseProgress.headerTip>
	<!-- EN <Numbers_Wildness.label>Wildness</Numbers_Wildness.label> -->
	<Numbers_Wildness.label>Дикость</Numbers_Wildness.label>
	<!-- EN <Numbers_TameChance.label>Tame chance</Numbers_TameChance.label> -->
	<Numbers_TameChance.label>Шанс приручения</Numbers_TameChance.label>
	<!-- EN <Numbers_Faction.label>Faction</Numbers_Faction.label> -->
	<Numbers_Faction.label>Фракция</Numbers_Faction.label>
	<!-- EN <Numbers_AnimalFilthRate.label>Filth rate</Numbers_AnimalFilthRate.label> -->
	<Numbers_AnimalFilthRate.label>Скорость загрязнения поверхности</Numbers_AnimalFilthRate.label>
	<!-- EN <Numbers_Meditation.label>Focus</Numbers_Meditation.label> -->
	<Numbers_Meditation.label>Виды медитации</Numbers_Meditation.label>

	<!-- EN <Numbers_ManhunterOnTameFailChance.headerTip>Revenge chance on tame fail</Numbers_ManhunterOnTameFailChance.headerTip> -->
	<Numbers_ManhunterOnTameFailChance.headerTip>Шанс нападения при неудачном приручении</Numbers_ManhunterOnTameFailChance.headerTip>
	<!-- EN <Numbers_SelfTend.headerTip>Self-tend</Numbers_SelfTend.headerTip> -->
	<Numbers_SelfTend.headerTip>Самолечение</Numbers_SelfTend.headerTip>
	<!-- EN <Numbers_HediffList.headerTip>Hediffs</Numbers_HediffList.headerTip> -->
	<Numbers_HediffList.headerTip>Отличия</Numbers_HediffList.headerTip>

</LanguageData>
