﻿<?xml version="1.0" encoding="UTF-8"?>
<LanguageData>
  
  <!-- EN: animal products -->
  <AnimalProductRaw.label>животного происхождения</AnimalProductRaw.label>
  
  <!-- EN: apparel -->
  <Apparel.label>одежда</Apparel.label>
  
  <!-- EN: armor -->
  <ApparelArmor.label>броня</ApparelArmor.label>
  
  <!-- EN: noble apparel -->
  <ApparelNoble.label>одежда знати</ApparelNoble.label>
  
  <!-- EN: utility -->
  <ApparelUtility.label>доп. снаряжение</ApparelUtility.label>
  
  <!-- EN: headgear -->
  <ArmorHeadgear.label>головные уборы</ArmorHeadgear.label>
  
  <!-- EN: artifacts -->
  <Artifacts.label>артефакты</Artifacts.label>
  
  <!-- EN: body parts -->
  <BodyParts.label>части тел</BodyParts.label>
  
  <!-- EN: archotech -->
  <BodyPartsArchotech.label>архотехнологии</BodyPartsArchotech.label>
  
  <!-- EN: bionic -->
  <BodyPartsBionic.label>бионические</BodyPartsBionic.label>
  
  <!-- EN: natural -->
  <BodyPartsNatural.label>естественные</BodyPartsNatural.label>
  
  <!-- EN: prosthetic -->
  <BodyPartsProsthetic.label>протезы</BodyPartsProsthetic.label>
  
  <!-- EN: simple parts -->
  <BodyPartsSimple.label>простые части</BodyPartsSimple.label>
  
  <!-- EN: ultratech -->
  <BodyPartsUltra.label>ультратехнологии</BodyPartsUltra.label>
  
  <!-- EN: buildings -->
  <Buildings.label>конструкции</Buildings.label>
  
  <!-- EN: art -->
  <BuildingsArt.label>искусство</BuildingsArt.label>
  
  <!-- EN: furniture -->
  <BuildingsFurniture.label>мебель</BuildingsFurniture.label>
  
  <!-- EN: recreation -->
  <BuildingsJoy.label>развлечения</BuildingsJoy.label>
  
  <!-- EN: misc -->
  <BuildingsMisc.label>разное</BuildingsMisc.label>
  
  <!-- EN: power -->
  <BuildingsPower.label>энергия</BuildingsPower.label>
  
  <!-- EN: production -->
  <BuildingsProduction.label>производство</BuildingsProduction.label>
  
  <!-- EN: security -->
  <BuildingsSecurity.label>защита</BuildingsSecurity.label>
  
  <!-- EN: special -->
  <BuildingsSpecial.label>особое</BuildingsSpecial.label>
  
  <!-- EN: temperature -->
  <BuildingsTemperature.label>температура</BuildingsTemperature.label>
  
  <!-- EN: chunks -->
  <Chunks.label>обломки</Chunks.label>
  
  <!-- EN: corpses -->
  <Corpses.label>тела</Corpses.label>
  
  <!-- EN: animal corpses -->
  <CorpsesAnimal.label>туши животных</CorpsesAnimal.label>
  
  <!-- EN: humanlike corpses -->
  <CorpsesHumanlike.label>тела людей</CorpsesHumanlike.label>
  
  <!-- EN: insect corpses -->
  <CorpsesInsect.label>туши насекомых</CorpsesInsect.label>
  
  <!-- EN: mechanoid corpses -->
  <CorpsesMechanoid.label>останки механоидов</CorpsesMechanoid.label>
  
  <!-- EN: drugs -->
  <Drugs.label>наркотики</Drugs.label>
  
  <!-- EN: eggs (fert.) -->
  <EggsFertilized.label>яйца (опл.)</EggsFertilized.label>
  
  <!-- EN: eggs (unfert.) -->
  <EggsUnfertilized.label>яйца (неопл.)</EggsUnfertilized.label>
  
  <!-- EN: meals -->
  <FoodMeals.label>блюда</FoodMeals.label>
  
  <!-- EN: raw food -->
  <FoodRaw.label>продукты</FoodRaw.label>
  
  <!-- EN: foods -->
  <Foods.label>продовольствие</Foods.label>
  
  <!-- EN: grenades -->
  <Grenades.label>гранаты</Grenades.label>
  
  <!-- EN: headgear -->
  <Headgear.label>головные уборы</Headgear.label>
  
  <!-- EN: headgear -->
  <HeadgearNoble.label>головные уборы</HeadgearNoble.label>
  
  <!-- EN: items -->
  <Items.label>предметы</Items.label>
  
  <!-- EN: leathers -->
  <Leathers.label>шкура</Leathers.label>
  
  <!-- EN: manufactured -->
  <Manufactured.label>изделия</Manufactured.label>
  
  <!-- EN: meat -->
  <MeatRaw.label>мясо</MeatRaw.label>
  
  <!-- EN: medicine -->
  <Medicine.label>медикаменты</Medicine.label>
  
  <!-- EN: mortar shells -->
  <MortarShells.label>миномётные снаряды</MortarShells.label>
  
  <!-- EN: neurotrainers -->
  <Neurotrainers.label>нейротренеры</Neurotrainers.label>
  
  <!-- EN: psytrainers -->
  <NeurotrainersPsycast.label>пси-тренеры</NeurotrainersPsycast.label>
  
  <!-- EN: skilltrainers -->
  <NeurotrainersSkill.label>нейротренеры навыков</NeurotrainersSkill.label>
  
  <!-- EN: vegetarian -->
  <PlantFoodRaw.label>растительного происхождения</PlantFoodRaw.label>
  
  <!-- EN: plant matter -->
  <PlantMatter.label>растительное сырьё</PlantMatter.label>
  
  <!-- EN: raw resources -->
  <ResourcesRaw.label>материалы</ResourcesRaw.label>
  
  <!-- EN: root -->
  <Root.label>корень</Root.label>
  
  <!-- EN: stone blocks -->
  <StoneBlocks.label>каменные блоки</StoneBlocks.label>
  
  <!-- EN: stone chunks -->
  <StoneChunks.label>каменные обломки</StoneChunks.label>
  
  <!-- EN: techprints -->
  <Techprints.label>чертежи</Techprints.label>
  
  <!-- EN: textiles -->
  <Textiles.label>текстиль</Textiles.label>
  
  <!-- EN: unfinished -->
  <Unfinished.label>незаконченные</Unfinished.label>
  
  <!-- EN: weapons -->
  <Weapons.label>оружие</Weapons.label>
  
  <!-- EN: melee weapons -->
  <WeaponsMelee.label>оружие ближнего боя</WeaponsMelee.label>
  
  <!-- EN: persona weapons -->
  <WeaponsMeleeBladelink.label>оружие с личностью</WeaponsMeleeBladelink.label>
  
  <!-- EN: ranged weapons -->
  <WeaponsRanged.label>оружие дальнего боя</WeaponsRanged.label>
  
</LanguageData>