﻿<?xml version="1.0" encoding="UTF-8"?>
<LanguageData>
  
  <!-- EN: abandoned settlement -->
  <AbandonedSettlement.label>заброшенное поселение</AbandonedSettlement.label>
  <!-- EN: An abandoned settlement. -->
  <AbandonedSettlement.description>Заброшенное поселение.</AbandonedSettlement.description>
  
  <!-- EN: attacked caravan -->
  <AttackedNonPlayerCaravan.label>атакуемый караван</AttackedNonPlayerCaravan.label>
  <!-- EN: A caravan under attack. -->
  <AttackedNonPlayerCaravan.description>Этот караван атакуют.</AttackedNonPlayerCaravan.description>
  
  <!-- EN: caravan -->
  <Caravan.label>караван</Caravan.label>
  <!-- EN: A group of traveling people. -->
  <Caravan.description>Группа путешествующих людей.</Caravan.description>
  
  <!-- EN: destroyed settlement -->
  <DestroyedSettlement.label>разгромленное поселение фракции</DestroyedSettlement.label>
  <!-- EN: A destroyed settlement. -->
  <DestroyedSettlement.description>Разгромленное поселение одной из фракций.</DestroyedSettlement.description>
  
  <!-- EN: landed ship -->
  <EscapeShip.label>корабль</EscapeShip.label>
  <!-- EN: The location of a hidden ship which can help you escape the planet. -->
  <EscapeShip.description>Местоположение спрятанного корабля, который может помочь вам покинуть планету.</EscapeShip.description>
  
  <!-- EN: peace talks -->
  <PeaceTalks.label>мирные переговоры</PeaceTalks.label>
  <!-- EN: A site designated for peace talks. -->
  <PeaceTalks.description>Место, назначенное для проведения мирных переговоров.</PeaceTalks.description>
  
  <!-- EN: waypoint -->
  <RoutePlannerWaypoint.label>точка маршрута</RoutePlannerWaypoint.label>
  <!-- EN: A temporary waypoint. -->
  <RoutePlannerWaypoint.description>Временный маркер, обозначающий точку маршрута.</RoutePlannerWaypoint.description>
  
  <!-- EN: settlement -->
  <Settlement.label>поселение фракции</Settlement.label>
  <!-- EN: A base of one of the factions. -->
  <Settlement.description>Поселение одной из фракций.</Settlement.description>
  
  <!-- EN: transport pods -->
  <TravelingTransportPods.label>транспортные капсулы</TravelingTransportPods.label>
  <!-- EN: Transport pods in flight. -->
  <TravelingTransportPods.description>Транспортные капсулы летят.</TravelingTransportPods.description>
  
</LanguageData>