<?xml version="1.0" encoding="utf-8" ?>
<Defs>


			<!--=====Adulthood=====-->

<!-- Generic -->
<AlienRace.BackstoryDef>

    <defName>Orassan_Muscisian</defName>
    <title>Musician</title>
    <titleShort>Musician</titleShort>
    <baseDescription>[PAWN_nameDef] enjoyed making music, so much so [PAWN_pronoun] made a fairly sucessful career out of it.</baseDescription>

    <bodyTypeMale>Thin</bodyTypeMale>
    <bodyTypeFemale>Thin</bodyTypeFemale>

    <slot>Adulthood</slot>
    <skillGains>
      <li>
        <defName>Artistic</defName>
        <amount>4</amount>
      </li>
      <li>
        <defName>Social</defName>
        <amount>4</amount>
      </li>
    </skillGains>
    <spawnCategories>
      <li>Orassan</li>
    </spawnCategories>
	
		<requiredWorkTags>
			<li>Artistic</li>
			<li>Social</li>
	</requiredWorkTags>
	</AlienRace.BackstoryDef>
	
	<AlienRace.BackstoryDef>

    <defName>Orassan_Stylist</defName>
    <title>Stylist</title>
    <titleShort>Stylist</titleShort>
    <baseDescription>[PAWN_nameDef] was a stylist, chatting with clients, carefully trimming hair, and putting bows between ears to make anyone who sat in [PAWN_possessive] chair look nicer.</baseDescription>

    <bodyTypeMale>Thin</bodyTypeMale>
    <bodyTypeFemale>Thin</bodyTypeFemale>

    <slot>Adulthood</slot>
    <skillGains>
      <li>
        <defName>Artistic</defName>
        <amount>4</amount>
      </li>
      <li>
        <defName>Social</defName>
        <amount>4</amount>
      </li>
    </skillGains>
    <spawnCategories>
      <li>Orassan</li>
    </spawnCategories>
	
		<requiredWorkTags>
            <li>Social</li>
			<li>Artistic</li>
	</requiredWorkTags>
	
	</AlienRace.BackstoryDef>


    <AlienRace.BackstoryDef>

    <defName>Orassan_EcumenopolisA</defName>
    <title>Ecumenopolis worker</title>
    <titleShort>E-worker</titleShort>
    <baseDescription>[PAWN_nameDef] lived in a planet sized city. [PAWN_pronoun] worked in a massive production center with thousands or tens of thousands of other workers.</baseDescription>

    <bodyTypeMale>Thin</bodyTypeMale>
    <bodyTypeFemale>Thin</bodyTypeFemale>

    <slot>Adulthood</slot>
    <skillGains>
      <li>
        <defName>Construction</defName>
        <amount>4</amount>
      </li>
      <li>
        <defName>Crafting</defName>
        <amount>4</amount>
      </li>
    </skillGains>
    <spawnCategories>
      <li>Orassan</li>
    </spawnCategories>
	
			<requiredWorkTags>
            <li>ManualSkilled</li>
			<li>Crafting</li>
	</requiredWorkTags>
	
	</AlienRace.BackstoryDef>
	
	<AlienRace.BackstoryDef>
	    <defName>Orassan_PsiPolice</defName>
    <title>Specialist</title>
    <titleShort>Specialist</titleShort>
    <baseDescription>Dispite the Orassan's individualistic tendancies, there are limits to just how much one can express themselves without crossing the line. [PAWN_nameDef] was one of a specialised few who took care of incidents that required a more gentle approach then the general police force, to restrain others without inhibiting individuality.</baseDescription>

    <bodyTypeMale>Thin</bodyTypeMale>
    <bodyTypeFemale>Thin</bodyTypeFemale>

    <slot>Adulthood</slot>
    <skillGains>
      <li>
        <defName>Shooting</defName>
        <amount>4</amount>
      </li>
      <li>
        <defName>Social</defName>
        <amount>4</amount>
      </li>
    </skillGains>
    <spawnCategories>
      <li>Orassan</li>
    </spawnCategories>
	
	<requiredWorkTags>
			<li>Violent</li>
	</requiredWorkTags>
	
		<forcedTraits>
                    <li>
                        <defName>PsychicSensitivity</defName>
                        <degree>2</degree>
                        <chance>60</chance>
                    </li>
                    <li>
                        <defName>PsychicSensitivity</defName>
                        <degree>1</degree>
                        <chance>75</chance>
                    </li>
    </forcedTraits>
	
	</AlienRace.BackstoryDef>
	
		<AlienRace.BackstoryDef>
	    <defName>Orassan_PsiWarrior</defName>
    <title>Psionic warrior</title>
    <titleShort>Psionic</titleShort>
    <baseDescription>Few orassans display latent psionic abilities. [PAWN_nameDef] is one of them. Once the empire discovered, [PAWN_pronoun] was recuited to be a psionic warrior.</baseDescription>

    <bodyTypeMale>Thin</bodyTypeMale>
    <bodyTypeFemale>Thin</bodyTypeFemale>

    <slot>Adulthood</slot>
    <skillGains>
      <li>
        <defName>Melee</defName>
        <amount>4</amount>
      </li>
      <li>
        <defName>Social</defName>
        <amount>4</amount>
      </li>
    </skillGains>
    <spawnCategories>
      <li>Orassan</li>
    </spawnCategories>
	
	<requiredWorkTags>
			<li>Violent</li>
	</requiredWorkTags>
	
		<forcedTraits>
                    <li>
                        <defName>PsychicSensitivity</defName>
                        <degree>2</degree>
                        <chance>60</chance>
                    </li>
                    <li>
                        <defName>PsychicSensitivity</defName>
                        <degree>1</degree>
                        <chance>75</chance>
                    </li>
					                    <li>
                        <defName>PsychicSensitivity</defName>
                        <degree>-2</degree>
                        <chance>0</chance>
                    </li>
                    <li>
                        <defName>PsychicSensitivity</defName>
                        <degree>-1</degree>
                        <chance>0</chance>
                    </li>
					<li>
						<defName>Brawler</defName>
						<chance>50</chance>
					</li>
    </forcedTraits>
	
	</AlienRace.BackstoryDef>
	

	
	<AlienRace.BackstoryDef>
		    <defName>Orassan_Constructor</defName>
    <title>Construction worker</title>
    <titleShort>Constructor</titleShort>
    <baseDescription>[PAWN_nameDef] enjoyed [PAWN_possessive] work, building large structures both in space, and on solid ground. While [PAWN_pronoun] didn't plan the building themselves, [PAWN_pronoun] to pride in [PAWN_possessive] work.</baseDescription>

    <bodyTypeMale>Thin</bodyTypeMale>
    <bodyTypeFemale>Thin</bodyTypeFemale>

    <slot>Adulthood</slot>
    <skillGains>
      <li>
        <defName>Construction</defName>
        <amount>5</amount>
      </li>
    </skillGains>
    <spawnCategories>
      <li>Orassan</li>
    </spawnCategories>
	
			<requiredWorkTags>
            <li>ManualSkilled</li>
	</requiredWorkTags>
	
	</AlienRace.BackstoryDef>
	
		<AlienRace.BackstoryDef>
		    <defName>Orassan_SEngineer</defName>
    <title>Spaceport engineer</title>
    <titleShort>Engineer</titleShort>
    <baseDescription>[PAWN_nameDef] worked hard, day in, and day out, studying and fixing machines from all sorts of races that happened to need repairs at [PAWN_possessive] spaceport. [PAWN_pronoun] earned a reputation for being able to fix anything that was carried into [PAWN_possessive] shop, no matter it's origin.</baseDescription>

    <bodyTypeMale>Thin</bodyTypeMale>
    <bodyTypeFemale>Thin</bodyTypeFemale>

    <slot>Adulthood</slot>
    <skillGains>
      <li>
        <defName>Construction</defName>
        <amount>4</amount>
      </li>
	        <li>
        <defName>Crafting</defName>
        <amount>4</amount>
      </li>
    </skillGains>
    <spawnCategories>
      <li>Orassan</li>
    </spawnCategories>
	
			<requiredWorkTags>
            <li>ManualSkilled</li>
			<li>Crafting</li>
	</requiredWorkTags>
	
	</AlienRace.BackstoryDef>
			<AlienRace.BackstoryDef>
		    <defName>Orassan_FR</defName>
    <title>First responder</title>
    <titleShort>Paramedic</titleShort>
    <baseDescription>[PAWN_nameDef] frequently tended to minor workplace accidents, providing first-responce care, and first-aid to small injuries. While [PAWN_pronoun] scarcely had to deal with major accidents, [PAWN_possessive] work taught [PAWN_objective] much about patching wounds.</baseDescription>

    <bodyTypeMale>Thin</bodyTypeMale>
    <bodyTypeFemale>Thin</bodyTypeFemale>

    <slot>Adulthood</slot>
    <skillGains>
      <li>
        <defName>Medicine</defName>
        <amount>3</amount>
      </li>
    </skillGains>
    <spawnCategories>
      <li>Orassan</li>
    </spawnCategories>
	
			<requiredWorkTags>
			<li>Caring</li>
	</requiredWorkTags>
	
	</AlienRace.BackstoryDef>
	
	    <AlienRace.BackstoryDef>

    <defName>Orassan_EcumenopolisB</defName>
    <title>Ecumenopolis scientist</title>
    <titleShort>E-scientist</titleShort>
    <baseDescription>[PAWN_nameDef] lived in a planet sized city. [PAWN_pronoun] worked in a massive science center with thousands of other intellectuals.</baseDescription>

    <bodyTypeMale>Thin</bodyTypeMale>
    <bodyTypeFemale>Thin</bodyTypeFemale>

    <slot>Adulthood</slot>
    <skillGains>
      <li>
        <defName>Intellectual</defName>
        <amount>6</amount>
      </li>
    </skillGains>
    <spawnCategories>
      <li>Orassan</li>
    </spawnCategories>
	
			<requiredWorkTags>
			<li>Intellectual</li>
	</requiredWorkTags>
	
	
	</AlienRace.BackstoryDef>
	
		    <AlienRace.BackstoryDef>

    <defName>Orassan_Miner</defName>
    <title>Resource-procurement specialist</title>
    <titleShort>RPS</titleShort>
    <baseDescription>Resources are critical for expansion, and [PAWN_nameDef] was one of many in charge of gathering them. [PAWN_pronoun] would go to deposits, set up equiptment, and do what was nessessary to get the most out of them.</baseDescription>

    <bodyTypeMale>Male</bodyTypeMale>
    <bodyTypeFemale>Female</bodyTypeFemale>

    <slot>Adulthood</slot>
    <skillGains>
      <li>
        <defName>Mining</defName>
        <amount>3</amount>
      </li>
	        <li>
        <defName>Construction</defName>
        <amount>3</amount>
      </li>
    </skillGains>
    <spawnCategories>
      <li>Orassan</li>
    </spawnCategories>
	
			<requiredWorkTags>
            <li>Mining</li>
			<li>ManualSkilled</li>
	</requiredWorkTags>
	</AlienRace.BackstoryDef>
	
			    <AlienRace.BackstoryDef>

    <defName>Orassan_Explorer</defName>
    <title>Exploration officer</title>
    <titleShort>Explorer</titleShort>
    <baseDescription>Exploration is always needed, be it across the surface of a planet, down in the depths of the ocean, or up in the darkest reaches of space, and [PAWN_nameDef] was one who was out there searching. [PAWN_pronoun] searched, charted, logged, and explored, finding all sorts of things, from other races, to resource deposits.</baseDescription>

    <bodyTypeMale>Male</bodyTypeMale>
    <bodyTypeFemale>Female</bodyTypeFemale>

    <slot>Adulthood</slot>
    <skillGains>
      <li>
        <defName>Melee</defName>
        <amount>1</amount>
      </li>
	        <li>
        <defName>Shooting</defName>
        <amount>1</amount>
      </li>
	        <li>
        <defName>Artistic</defName>
        <amount>1</amount>
      </li>
	        <li>
        <defName>Intellectual</defName>
        <amount>1</amount>
      </li>
    </skillGains>
    <spawnCategories>
      <li>Orassan</li>
    </spawnCategories>
	</AlienRace.BackstoryDef>
	
				    <AlienRace.BackstoryDef>

    <defName>Orassan_Terrorist</defName>
    <title>Terrorist</title>
    <titleShort>Terrorist</titleShort>
    <baseDescription>There are many ways to express oneself, but [PAWN_nameDef] did so in a dangerous and illegal way. [PAWN_pronoun] spread terror in the [PAWN_nameDef] of their ideaology.</baseDescription>

    <bodyTypeMale>Male</bodyTypeMale>
    <bodyTypeFemale>Female</bodyTypeFemale>

    <slot>Adulthood</slot>
    <skillGains>
      <li>
        <defName>Melee</defName>
        <amount>4</amount>
      </li>
	        <li>
        <defName>Shooting</defName>
        <amount>4</amount>
      </li>
	        <li>
        <defName>Social</defName>
        <amount>-3</amount>
      </li>
	        <li>
        <defName>Intellectual</defName>
        <amount>-3</amount>
      </li>
    </skillGains>
    <spawnCategories>
      <li>Orassan</li>
    </spawnCategories>
	
			<requiredWorkTags>
			<li>Violent</li>
	</requiredWorkTags>
	
	</AlienRace.BackstoryDef>
	
					    <AlienRace.BackstoryDef>

    <defName>Orassan_Pirate</defName>
    <title>Pirate</title>
    <titleShort>Pirate</titleShort>
    <baseDescription>There are many ways to express oneself, but [PAWN_nameDef] did so in a dangerous and illegal way. [PAWN_pronoun] spread terror in pursuit of material wealth.</baseDescription>

    <bodyTypeMale>Male</bodyTypeMale>
    <bodyTypeFemale>Female</bodyTypeFemale>

    <slot>Adulthood</slot>
    <skillGains>
      <li>
        <defName>Melee</defName>
        <amount>4</amount>
      </li>
	        <li>
        <defName>Shooting</defName>
        <amount>4</amount>
      </li>
	   <li>
        <defName>Intellectual</defName>
        <amount>-3</amount>
      </li>
    </skillGains>
    <spawnCategories>
      <li>OrassanPirate</li>
    </spawnCategories>
	
			<requiredWorkTags>
			<li>Violent</li>
	</requiredWorkTags>
	
	</AlienRace.BackstoryDef>
	
						    <AlienRace.BackstoryDef>

    <defName>Orassan_Mercenary</defName>
    <title>Mercenary</title>
    <titleShort>Mercenary</titleShort>
    <baseDescription>While not a popular profession in the Orassan Empire, there are still those willing to do any job if the pay is right.</baseDescription>

    <bodyTypeMale>Male</bodyTypeMale>
    <bodyTypeFemale>Female</bodyTypeFemale>

    <slot>Adulthood</slot>
    <skillGains>
      <li>
        <defName>Melee</defName>
        <amount>4</amount>
      </li>
	        <li>
        <defName>Shooting</defName>
        <amount>6</amount>
      </li>
    </skillGains>
    <spawnCategories>
	  <li>Orassan</li>
      <li>OrassanPirate</li>
	  <li>OrassanMercenary</li>
    </spawnCategories>
	
			<requiredWorkTags>
			<li>Violent</li>
	</requiredWorkTags>
	
	</AlienRace.BackstoryDef>
	
					    <AlienRace.BackstoryDef>

    <defName>Orassan_Cultist</defName>
    <title>Cultist</title>
    <titleShort>Cultist</titleShort>
    <baseDescription>[PAWN_nameDef] was part of Dawn's Light, a religous cult that rebelled against the Orassan government near the begining of the Empire's space age with the help of newfound enemies of the Empire. The leader has since been killed, but the embers of the cult still flicker... awaiting to reignite.</baseDescription>

    <bodyTypeMale>Male</bodyTypeMale>
    <bodyTypeFemale>Female</bodyTypeFemale>

    <slot>Adulthood</slot>
    <skillGains>
      <li>
        <defName>Melee</defName>
        <amount>2</amount>
      </li>
	        <li>
        <defName>Shooting</defName>
        <amount>2</amount>
      </li>
	        <li>
        <defName>Social</defName>
        <amount>2</amount>
      </li>
	        <li>
        <defName>Intellectual</defName>
        <amount>-4</amount>
      </li>
    </skillGains>
    <spawnCategories>
      <li>Orassan</li>
    </spawnCategories>
	
		<requiredWorkTags>
			<li>Violent</li>
	</requiredWorkTags>
	
	</AlienRace.BackstoryDef>

  <AlienRace.BackstoryDef>

    <defName>Orassan_Crafter</defName>
    <title>Weaponsmith</title>
    <titleShort>Weaponsmith</titleShort>
    <baseDescription>Any civilization finds themselves eventuially in war, either with themselves, or others. [PAWN_nameDef] was a designer of weapons of war, and [PAWN_pronoun], along with others of [PAWN_possessive] design team, made and improved weapons that have killed many, many people.
</baseDescription>

    <bodyTypeMale>Male</bodyTypeMale>
    <bodyTypeFemale>Female</bodyTypeFemale>

    <slot>Adulthood</slot>
    <skillGains>
      <li>
        <defName>Shooting</defName>
        <amount>3</amount>
      </li>
      <li>
        <defName>Crafting</defName>
        <amount>5</amount>
      </li>
    </skillGains>
    <spawnCategories>
      <li>Orassan</li>
    </spawnCategories>
    
    <!--<saveKeyIdentifier>OrassanIDCraftsman</saveKeyIdentifier>-->
    
  </AlienRace.BackstoryDef>

  <AlienRace.BackstoryDef>

    <defName>Orassan_Scientist</defName>
    <title>Scientist</title>
    <titleShort>Scientist</titleShort>
    <baseDescription>[PAWN_nameDef] is a researcher for the Orassan Empire. [PAWN_pronoun] has dedicated [PAWN_possessive] life to discovering the unknown.
</baseDescription>

    <bodyTypeMale>Thin</bodyTypeMale>
    <bodyTypeFemale>Thin</bodyTypeFemale>

    <slot>Adulthood</slot>
    <skillGains>
      <li>
        <defName>Intellectual</defName>
        <amount>6</amount>
      </li>
    </skillGains>
    <spawnCategories>
      <li>Orassan</li>
    </spawnCategories>
	
			<requiredWorkTags>
			<li>Intellectual</li>
	</requiredWorkTags>
    
    <!--<saveKeyIdentifier>OrassanIDScientist</saveKeyIdentifier>-->
    
  </AlienRace.BackstoryDef>

  <AlienRace.BackstoryDef>

    <defName>Orassan_XenoZoo</defName>
    <title>Xeno zookeeper</title>
    <titleShort>Zookeeper</titleShort>
    <baseDescription>[PAWN_nameDef] works at one of the many Xeno Zoos in the Orassan Empire and is very fond of animals.
</baseDescription>

    <bodyTypeMale>Male</bodyTypeMale>
    <bodyTypeFemale>Female</bodyTypeFemale>

    <slot>Adulthood</slot>
    <skillGains>
      <li>
        <defName>Animals</defName>
        <amount>6</amount>
      </li>
      <li>
        <defName>Social</defName>
        <amount>2</amount>
      </li>
    </skillGains>
    
    <spawnCategories>
      <li>Orassan</li>
    </spawnCategories>
	
			<requiredWorkTags>
            <li>Social</li>
			<li>Animals</li>
	</requiredWorkTags>
    
    <!--<saveKeyIdentifier>OrassanIDZookeeper</saveKeyIdentifier>-->
    
  </AlienRace.BackstoryDef>

  <AlienRace.BackstoryDef>

    <defName>Orassan_Colinizer</defName>
    <title>Colonizer</title>
    <titleShort>Colonizer</titleShort>
    <baseDescription>[PAWN_nameDef] is part of the effort to expand the Orassan Empire.
</baseDescription>

    <bodyTypeMale>Male</bodyTypeMale>
    <bodyTypeFemale>Female</bodyTypeFemale>

    <slot>Adulthood</slot>
    <skillGains>
      <li>
        <defName>Shooting</defName>
        <amount>3</amount>
      </li>
      <li>
        <defName>Plants</defName>
        <amount>3</amount>
      </li>
      <li>
        <defName>Construction</defName>
        <amount>3</amount>
      </li>
    </skillGains>
	
			<requiredWorkTags>
            <li>PlantWork</li>
			<li>ManualSkilled</li>
	</requiredWorkTags>
    
    <spawnCategories>
      <li>Orassan</li>
    </spawnCategories>
    
    <!--<saveKeyIdentifier>OrassanIDColonizer</saveKeyIdentifier>-->
    
  </AlienRace.BackstoryDef>


<AlienRace.BackstoryDef>

    <defName>Orassan_Doctor</defName>
    <title>Doctor</title>
    <titleShort>Doctor</titleShort>
    <baseDescription>[PAWN_nameDef] has dedicated [PAWN_possessive] life to healing others.</baseDescription>

    <bodyTypeMale>Male</bodyTypeMale>
    <bodyTypeFemale>Female</bodyTypeFemale>

    <slot>Adulthood</slot>
    <skillGains>
      <li>
        <defName>Medicine</defName>
        <amount>8</amount>
      </li>
    </skillGains>
	
			<requiredWorkTags>
			<li>Caring</li>
	</requiredWorkTags>
    
    <spawnCategories>
	 <li>Orassan</li>
    </spawnCategories>
    
    <!--<saveKeyIdentifier>OrassanIDDoctor</saveKeyIdentifier>-->
    
  </AlienRace.BackstoryDef>


<AlienRace.BackstoryDef>

    <defName>Orassan_Soldier</defName>
    <title>Soldier</title>
    <titleShort>Soldier</titleShort>
    <baseDescription>[PAWN_nameDef] is a soldier for the Orassan Empire.
</baseDescription>

    <bodyTypeMale>Male</bodyTypeMale>
    <bodyTypeFemale>Female</bodyTypeFemale>

    <slot>Adulthood</slot>
    <skillGains>
      <li>
        <defName>Shooting</defName>
        <amount>5</amount>
      </li>
      <li>
        <defName>Melee</defName>
        <amount>5</amount>
      </li>
    </skillGains>
	
	<requiredWorkTags>
            <li>Violent</li>
	</requiredWorkTags>
    
    <spawnCategories>
      <li>Orassan</li>
      <li>OrassanSoldier</li>
    </spawnCategories>
    
    <!--<saveKeyIdentifier>OrassanIDSoldier</saveKeyIdentifier>-->
    
  </AlienRace.BackstoryDef>

<AlienRace.BackstoryDef>

    <defName>Orassan_Ambassador</defName>
    <title>Ambassador</title>
    <titleShort>Ambassador</titleShort>
    <baseDescription>With the largely acceptive opinion Orassans have with aliens, [PAWN_nameDef] took pride in [PAWN_possessive] work as a foreign ambassador. [PAWN_pronoun] regularly met, and kept goodwill with many xeno species.
</baseDescription>

    <bodyTypeMale>Thin</bodyTypeMale>
    <bodyTypeFemale>Thin</bodyTypeFemale>

    <slot>Adulthood</slot>
    <skillGains>
      <li>
        <defName>Social</defName>
        <amount>8</amount>
      </li>
    </skillGains>
    
    <spawnCategories>
      <li>Orassan</li>
    </spawnCategories>
	
			<requiredWorkTags>
            <li>Social</li>
	</requiredWorkTags>
    
    <!--<saveKeyIdentifier>NorbalIDLiaison</saveKeyIdentifier>-->
    
  </AlienRace.BackstoryDef>


<AlienRace.BackstoryDef>

    <defName>Orassan_Officer</defName>
    <title>Officer</title>
    <titleShort>Officer</titleShort>
    <baseDescription>[PAWN_nameDef] leads squads of soldiers in combat.
</baseDescription>

    <bodyTypeMale>Thin</bodyTypeMale>
    <bodyTypeFemale>Thin</bodyTypeFemale>

    <slot>Adulthood</slot>
    <skillGains>
      <li>
        <defName>Social</defName>
        <amount>3</amount>
      </li>
      <li>
        <defName>Shooting</defName>
        <amount>4</amount>
      </li>
      <li>
        <defName>Melee</defName>
        <amount>4</amount>
      </li>
    </skillGains>
    
    <spawnCategories>
      <li>Orassan</li>
      <li>OrassanOfficer</li>
    </spawnCategories>
	
			<requiredWorkTags>
            <li>Violent</li>
	</requiredWorkTags>
    
    <!--<saveKeyIdentifier>OrassanIDOfficer</saveKeyIdentifier>-->
    
  </AlienRace.BackstoryDef>

<AlienRace.BackstoryDef>

    <defName>Orassan_Nurse</defName>
    <title>Nurse</title>
    <titleShort>Nurse</titleShort>
    <baseDescription>[PAWN_nameDef] assists doctors in tending to various patients.
</baseDescription>

    <bodyTypeMale>Thin</bodyTypeMale>
    <bodyTypeFemale>Thin</bodyTypeFemale>

    <slot>Adulthood</slot>
    <skillGains>
      <li>
        <defName>Medicine</defName>
        <amount>3</amount>
      </li>
      <li>
        <defName>Social</defName>
        <amount>2</amount>
      </li>
    </skillGains>
	
			<requiredWorkTags>
            <li>Social</li>
			<li>Caring</li>
	</requiredWorkTags>
    
    <spawnCategories>
	 <li>Orassan</li>
    </spawnCategories>
    
    <!--<saveKeyIdentifier>OrassanIDNurse</saveKeyIdentifier>-->
    
  </AlienRace.BackstoryDef>


<AlienRace.BackstoryDef>

    <defName>Orassan_NavyCook</defName>
    <title>Navy cook</title>
    <titleShort>Cook</titleShort>
    <baseDescription>[PAWN_nameDef] serves as a chef in the Orassan navy.
</baseDescription>

    <bodyTypeMale>Male</bodyTypeMale>
    <bodyTypeFemale>Female</bodyTypeFemale>

    <slot>Adulthood</slot>
    <skillGains>
      <li>
        <defName>Cooking</defName>
        <amount>4</amount>
      </li>
    </skillGains>
    
    <spawnCategories>
	 <li>Orassan</li>
    </spawnCategories>
	
			<requiredWorkTags>
            <li>Cooking</li>
	</requiredWorkTags>
    
    <!--<saveKeyIdentifier>OrassanIDNavyCook</saveKeyIdentifier>-->
    
  </AlienRace.BackstoryDef>


<AlienRace.BackstoryDef>

    <defName>Orassan_Shellshocked</defName>
    <title>Survivor</title>
    <titleShort>Survivor</titleShort>
    <baseDescription>[PAWN_nameDef] served in the Orassan army. After serving on an invasion force against a rival army, [PAWN_pronoun] was the only survivor in their squad in a failed invasion attempt.
</baseDescription>

    <bodyTypeMale>Thin</bodyTypeMale>
    <bodyTypeFemale>Thin</bodyTypeFemale>

    <slot>Adulthood</slot>
    <skillGains>
      <li>
        <defName>Medicine</defName>
        <amount>2</amount>
      </li>
	        <li>
        <defName>Shooting</defName>
        <amount>2</amount>
      </li>
	</skillGains>
	
				<requiredWorkTags>
            <li>Violent</li>
	</requiredWorkTags>
    
    <spawnCategories>
	 <li>Orassan</li>
    </spawnCategories>
    
    <!--<saveKeyIdentifier>OrassanIDShellshocked</saveKeyIdentifier>-->
    
  </AlienRace.BackstoryDef>

  <AlienRace.BackstoryDef>
    <defName>Orassan_Hydro</defName>
    <title>Hydroponics worker</title>
    <titleShort>Grower</titleShort>
    <baseDescription>[PAWN_nameDef] worked in a giant hydroponics facility on one of the planets in the Orassan Empire to feed its many citizens. [PAWN_pronoun] was an expert in Plants food and maintaining the machinery that kept the facility operational.
</baseDescription>

    <bodyTypeMale>Thin</bodyTypeMale>
    <bodyTypeFemale>Thin</bodyTypeFemale>

    <slot>Adulthood</slot>
    <skillGains>
      <li>
        <defName>Plants</defName>
        <amount>4</amount>
      </li>
      <li>
        <defName>Construction</defName>
        <amount>4</amount>
      </li>
    </skillGains>	
    <spawnCategories>
	 <li>Orassan</li>
    </spawnCategories>
	
				<requiredWorkTags>
            <li>PlantWork</li>
			<li>ManualSkilled</li>
	</requiredWorkTags>
    
    <!--<saveKeyIdentifier>OrassanIDGrower</saveKeyIdentifier>-->
    
  </AlienRace.BackstoryDef>


<!-- Melee -->

  <AlienRace.BackstoryDef>

    <defName>Orassan_Slasher</defName>
    <title>Frontline soldier</title>
    <titleShort>Frontliner</titleShort>
    <baseDescription>[PAWN_nameDef] serves as a frontline soldier, typically in close quarters combat.</baseDescription>

    <bodyTypeMale>Male</bodyTypeMale>
    <bodyTypeFemale>Female</bodyTypeFemale>

    <slot>Adulthood</slot>
    <skillGains>
      <li>
        <defName>Melee</defName>
        <amount>6</amount>
      </li>
      <li>
        <defName>Shooting</defName>
        <amount>2</amount>
      </li>
    </skillGains>
	
	<requiredWorkTags>
            <li>Violent</li>
	</requiredWorkTags>
    
    <spawnCategories>
      <li>Orassan</li>
      <li>OrassanSoldier</li>
	  <li>OrassanFrontliner</li>
    </spawnCategories>
    
    <!--<saveKeyIdentifier>OrassanIDFrontliner</saveKeyIdentifier>-->
    
  </AlienRace.BackstoryDef>
  


  <AlienRace.BackstoryDef>

    <defName>Orassan_GeneWarrior</defName>
    <title>Gene warrior</title>
    <titleShort>Warrior</titleShort>
    <baseDescription>[PAWN_nameDef] is a genetically engineered supersoldier for the Orassan Empire.</baseDescription>

    <bodyTypeMale>Male</bodyTypeMale>
    <bodyTypeFemale>Female</bodyTypeFemale>

    <slot>Adulthood</slot>
    <skillGains>
      <li>
        <defName>Shooting</defName>
        <amount>7</amount>
      </li>
      <li>
        <defName>Melee</defName>
        <amount>7</amount>
      </li>
    </skillGains>
	
	<requiredWorkTags>
            <li>Violent</li>
	</requiredWorkTags>
    
    <spawnCategories>
      <li>OrassanSoldier</li>
      <li>Orassan</li>
    </spawnCategories>
    
    <!--<saveKeyIdentifier>OrassanIDGeneWarrior</saveKeyIdentifier>-->
    
  </AlienRace.BackstoryDef>
  
      <AlienRace.BackstoryDef>

    <defName>Orassan_GaiaA</defName>
    <title>Gaia citizen</title>
    <titleShort>Gaia</titleShort>
    <baseDescription>[PAWN_nameDef] lived on a Gaia planet; a planet perfectly suited for nearly any carbon based life form. [PAWN_pronoun] benifited from a near perfect enviroment to live and work in.</baseDescription>

    <bodyTypeMale>Thin</bodyTypeMale>
    <bodyTypeFemale>Female</bodyTypeFemale>

    <slot>Adulthood</slot>
    <skillGains>
      <li>
        <defName>Social</defName>
        <amount>2</amount>
      </li>
      <li>
        <defName>Plants</defName>
        <amount>3</amount>
      </li>
    </skillGains>
    <spawnCategories>
      <li>Orassan</li>
    </spawnCategories>
    
  </AlienRace.BackstoryDef>
  
  
      <AlienRace.BackstoryDef>

    <defName>Orassan_Stripper</defName>
    <title>Exotic dancer</title>
    <titleShort>Dancer</titleShort>
    <baseDescription>[PAWN_nameDef] worked at a nightclub and gave dances for patrons. Bouncers made sure that the patrons kept their hands to themselves. [PAWN_pronoun] was very proficient at getting tips.</baseDescription>

    <bodyTypeMale>Thin</bodyTypeMale>
    <bodyTypeFemale>Female</bodyTypeFemale>

    <slot>Adulthood</slot>
    <skillGains>
      <li>
        <defName>Social</defName>
        <amount>6</amount>
      </li>
    </skillGains>
	<forcedTraits>
                    <li>
                        <defName>Beauty</defName>
                        <degree>2</degree>
                        <chance>60</chance>
                    </li>
                    <li>
                        <defName>Beauty</defName>
                        <degree>1</degree>
                        <chance>75</chance>
                    </li>
    </forcedTraits>
    <spawnCategories>
      <li>Orassan</li>
    </spawnCategories>
	
			<requiredWorkTags>
            <li>Social</li>
	</requiredWorkTags>
    
  </AlienRace.BackstoryDef>
  
        <AlienRace.BackstoryDef>

    <defName>Orassan_Pornstar</defName>
    <title>Holovid star</title>
    <titleShort>Holo-star</titleShort>
    <baseDescription>[PAWN_nameDef] is well known for their performance in adult Holovids.</baseDescription>

    <bodyTypeMale>Thin</bodyTypeMale>
    <bodyTypeFemale>Female</bodyTypeFemale>

    <slot>Adulthood</slot>
    <skillGains>
      <li>
        <defName>Social</defName>
        <amount>3</amount>
      </li>
	  <li>
        <defName>Artistic</defName>
        <amount>1</amount>
      </li>
    </skillGains>
	<forcedTraits>
                    <li>
                        <defName>Beauty</defName>
                        <degree>2</degree>
                        <chance>60</chance>
                    </li>
                    <li>
                        <defName>Beauty</defName>
                        <degree>1</degree>
                        <chance>75</chance>
                    </li>
    </forcedTraits>
	
		<requiredWorkTags>
            <li>Social</li>
	</requiredWorkTags>
	
	
    <spawnCategories>
      <li>Orassan</li>
    </spawnCategories>
    
  </AlienRace.BackstoryDef>


			<!--=====Childhood=====-->


  <AlienRace.BackstoryDef>

    <defName>Orassan_CapitalChild</defName>
    <title>Orassia born</title>
    <titleShort>Orassan</titleShort>
    <baseDescription>[PAWN_nameDef] was born on the capital planet of Orassia. [PAWN_pronoun] was born to a wealthy family that lived in a mountain side estate.</baseDescription>

    <bodyTypeMale>Thin</bodyTypeMale>
    <bodyTypeFemale>Thin</bodyTypeFemale>

    <slot>Childhood</slot>
    <skillGains>
      <li>
        <defName>Social</defName>
        <amount>4</amount>
      </li>
    </skillGains>
    
    <spawnCategories>
      <li>Orassan</li>
	        <li>OrassanPirate</li>
	  <li>OrassanMercenary</li>
    </spawnCategories>
    
    <!--<saveKeyIdentifier>OrassanIDCapitalChild</saveKeyIdentifier>-->
    
  </AlienRace.BackstoryDef>

  <AlienRace.BackstoryDef>

    <defName>Orassan_GeneChild</defName>
    <title>Designer baby</title>
    <titleShort>Db</titleShort>
    <baseDescription>[PAWN_nameDef] was genetically engineered to be a perfect child.</baseDescription>

    <bodyTypeMale>Thin</bodyTypeMale>
    <bodyTypeFemale>Thin</bodyTypeFemale>

    <slot>Childhood</slot>

    <skillGains>
      <li>
        <defName>Construction</defName>
        <amount>2</amount>
      </li>
      <li>
        <defName>Social</defName>
        <amount>2</amount>
      </li>
      <li>
        <defName>Artistic</defName>
        <amount>2</amount>
      </li>
      <li>
        <defName>Crafting</defName>
        <amount>2</amount>
      </li>
    </skillGains>
    <forcedTraits>
                    <li>
                        <defName>Beauty</defName>
                        <degree>2</degree>
                        <chance>60</chance>
                    </li>
                    <li>
                        <defName>Beauty</defName>
                        <degree>1</degree>
                        <chance>75</chance>
                    </li>
    </forcedTraits>
    <spawnCategories>
      <li>Orassan</li>
	        <li>OrassanPirate</li>
	  <li>OrassanMercenary</li>
    </spawnCategories>
    
    <!--<saveKeyIdentifier>OrassanIDGeneChild</saveKeyIdentifier>-->
    
  </AlienRace.BackstoryDef>

  <AlienRace.BackstoryDef>

    <defName>Orassan_SpacerChild</defName>
    <title>Spacer</title>
    <titleShort>Spacer</titleShort>
    <baseDescription>[PAWN_nameDef] was born on a space ship and spent most of their childhood on one ship or another. The close quarters meant that [PAWN_pronoun] had to be friendly with [PAWN_possessive] neighbors and had to know how to maintain the ship [PAWN_pronoun] was on.</baseDescription>

    <bodyTypeMale>Thin</bodyTypeMale>
    <bodyTypeFemale>Thin</bodyTypeFemale>

    <slot>Childhood</slot>
    <skillGains>
      <li>
        <defName>Social</defName>
        <amount>3</amount>
      </li>
      <li>
        <defName>Construction</defName>
        <amount>3</amount>
      </li>
    </skillGains>
    
    <spawnCategories>
      <li>Orassan</li>
	        <li>OrassanPirate</li>
	  <li>OrassanMercenary</li>
    </spawnCategories>
    
    <!--<saveKeyIdentifier>OrassanIDCapitalChild</saveKeyIdentifier>-->
    
  </AlienRace.BackstoryDef>
  
    <AlienRace.BackstoryDef>

    <defName>Orassan_ColonyChild</defName>
    <title>Colonizer</title>
    <titleShort>Colonizer</titleShort>
    <baseDescription>[PAWN_nameDef] grew up in a fledgling colony. They had to help the community grow and thrive.</baseDescription>

    <bodyTypeMale>Thin</bodyTypeMale>
    <bodyTypeFemale>Thin</bodyTypeFemale>

    <slot>Childhood</slot>
    <skillGains>
      <li>
        <defName>Social</defName>
        <amount>1</amount>
      </li>
      <li>
        <defName>Plants</defName>
        <amount>2</amount>
      </li>
	        <li>
        <defName>Crafting</defName>
        <amount>2</amount>
      </li>
	  	        <li>
        <defName>Construction</defName>
        <amount>2</amount>
      </li>
    </skillGains>
    
    <spawnCategories>
      <li>Orassan</li>
	        <li>OrassanPirate</li>
	  <li>OrassanMercenary</li>
    </spawnCategories>
    
    
  </AlienRace.BackstoryDef>
  
      <AlienRace.BackstoryDef>

    <defName>Orassan_Kyle</defName>
    <title>Bully</title>
    <titleShort>Bully</titleShort>
    <baseDescription>[PAWN_nameDef] was a bully. [PAWN_pronoun] enjoyed roughing up the other children, and was very good at avoiding getting caught.</baseDescription>

    <bodyTypeMale>Thin</bodyTypeMale>
    <bodyTypeFemale>Thin</bodyTypeFemale>

    <slot>Childhood</slot>
    <skillGains>
      <li>
        <defName>Social</defName>
        <amount>1</amount>
      </li>
      <li>
        <defName>Melee</defName>
        <amount>3</amount>
      </li>
    </skillGains>
    
    <spawnCategories>
      <li>Orassan</li>
	        <li>OrassanPirate</li>
	  <li>OrassanMercenary</li>
    </spawnCategories>
    
    
  </AlienRace.BackstoryDef>

  <AlienRace.BackstoryDef>

    <defName>Orassan_Rbully</defName>
    <title>Repentant bully</title>
    <titleShort>Repentant</titleShort>
    <baseDescription>[PAWN_nameDef] used to be a bully, but then [PAWN_pronoun] messed with someone who fought back. The experience left [PAWN_objective] scarred, and [PAWN_pronoun] prefers to avoid fighting at all.</baseDescription>

    <bodyTypeMale>Thin</bodyTypeMale>
    <bodyTypeFemale>Thin</bodyTypeFemale>

    <slot>Childhood</slot>
    <skillGains>
      <li>
        <defName>Social</defName>
        <amount>1</amount>
      </li>
      <li>
        <defName>Melee</defName>
        <amount>-2</amount>
      </li>
      <li>
        <defName>Medicine</defName>
        <amount>1</amount>
      </li>
    </skillGains>
    <spawnCategories>
      <li>Orassan</li>
	        <li>OrassanPirate</li>
	  <li>OrassanMercenary</li>
    </spawnCategories>
    
    
  </AlienRace.BackstoryDef>
  
    <AlienRace.BackstoryDef>

    <defName>Orassan_Stargazer</defName>
    <title>Stargazer</title>
    <titleShort>Stargazer</titleShort>
    <baseDescription>The stars always facinated [PAWN_nameDef], and knowing that one day [PAWN_pronoun] could go out amongst them drove [PAWN_objective] through [PAWN_possessive] education at a very directed pace.</baseDescription>

    <bodyTypeMale>Thin</bodyTypeMale>
    <bodyTypeFemale>Thin</bodyTypeFemale>

    <slot>Childhood</slot>
    <skillGains>
      <li>
        <defName>Intellectual</defName>
        <amount>4</amount>
      </li>
    </skillGains>
	<forcedTraits>
                    <li>
                        <defName>Xenophobia</defName>
                        <degree>-1</degree>
                        <chance>60</chance>
                    </li>

    </forcedTraits>
    <spawnCategories>
      <li>Orassan</li>
    </spawnCategories>
    
    
  </AlienRace.BackstoryDef>
  
      <AlienRace.BackstoryDef>

    <defName>Orassan_MilitaryC</defName>
    <title>Military child</title>
    <titleShort>Militarist</titleShort>
    <baseDescription>The Orassan Navy always facinated [PAWN_nameDef]. [PAWN_pronoun] often visited military bases and watched weapon tests.</baseDescription>

    <bodyTypeMale>Thin</bodyTypeMale>
    <bodyTypeFemale>Thin</bodyTypeFemale>

    <slot>Childhood</slot>
    <skillGains>
      <li>
        <defName>Crafting</defName>
        <amount>2</amount>
      </li>
	        <li>
        <defName>Shooting</defName>
        <amount>2</amount>
      </li>
    </skillGains>
    <spawnCategories>
      <li>Orassan</li>
	        <li>OrassanPirate</li>
	  <li>OrassanMercenary</li>
    </spawnCategories>
    
    
  </AlienRace.BackstoryDef>
  
    <AlienRace.BackstoryDef>

    <defName>Orassan_GaiaChild</defName>
    <title>Gaia child</title>
    <titleShort>Gaia</titleShort>
    <baseDescription>[PAWN_nameDef] was born on a Gaia planet; a planet perfectly suited for nearly any carbon based life form. [PAWN_pronoun] benifited from a near perfect enviroment to grow up in.</baseDescription>

    <bodyTypeMale>Thin</bodyTypeMale>
    <bodyTypeFemale>Female</bodyTypeFemale>

    <slot>Childhood</slot>
    <skillGains>
      <li>
        <defName>Social</defName>
        <amount>2</amount>
      </li>
      <li>
        <defName>Plants</defName>
        <amount>3</amount>
      </li>
    </skillGains>
    <spawnCategories>
      <li>Orassan</li>
    </spawnCategories>
    
  </AlienRace.BackstoryDef>
  
    <AlienRace.BackstoryDef>

    <defName>Orassan_Ecumenopolis</defName>
    <title>Ecumenopolis child</title>
    <titleShort>E-child</titleShort>
    <baseDescription>[PAWN_nameDef] was born in a planet sized city. [PAWN_pronoun] had to grow up with a population of potentially trillions, crowded condtions, and a lifestyle geared towards industry and science.</baseDescription>

    <bodyTypeMale>Thin</bodyTypeMale>
    <bodyTypeFemale>Thin</bodyTypeFemale>

    <slot>Childhood</slot>
    <skillGains>
      <li>
        <defName>Intellectual</defName>
        <amount>1</amount>
      </li>
      <li>
        <defName>Construction</defName>
        <amount>2</amount>
      </li>
      <li>
        <defName>Crafting</defName>
        <amount>2</amount>
      </li>
    </skillGains>
    <spawnCategories>
      <li>Orassan</li>
    </spawnCategories>
	</AlienRace.BackstoryDef>
	
	<AlienRace.BackstoryDef>
	    <defName>Orassan_Gravity</defName>
    <title>Colonizer</title>
    <titleShort>Colonizer</titleShort>
    <baseDescription>[PAWN_nameDef] was from a high-gravity planet. As such, [PAWN_pronoun] is stronger then most.</baseDescription>

    <bodyTypeMale>Thin</bodyTypeMale>
    <bodyTypeFemale>Thin</bodyTypeFemale>

    <slot>Childhood</slot>
    <skillGains>
      <li>
        <defName>Melee</defName>
        <amount>2</amount>
      </li>
      <li>
        <defName>Mining</defName>
        <amount>2</amount>
      </li>
    </skillGains>
    <spawnCategories>
      <li>Orassan</li>
	        <li>OrassanPirate</li>
	  <li>OrassanMercenary</li>
    </spawnCategories>
	</AlienRace.BackstoryDef>
	
	<AlienRace.BackstoryDef>
		    <defName>Orassan_Climber</defName>
    <title>Climber</title>
    <titleShort>Climber</titleShort>
    <baseDescription>[PAWN_nameDef] was a climber as a kid, building strength by finding [PAWN_possessive] ways to tops of trees.</baseDescription>

    <bodyTypeMale>Thin</bodyTypeMale>
    <bodyTypeFemale>Thin</bodyTypeFemale>

    <slot>Childhood</slot>
    <skillGains>
      <li>
        <defName>Melee</defName>
        <amount>2</amount>
      </li>
      <li>
        <defName>Mining</defName>
        <amount>2</amount>
      </li>
    </skillGains>
    <spawnCategories>
      <li>Orassan</li>
	        <li>OrassanPirate</li>
	  <li>OrassanMercenary</li>
    </spawnCategories>
	</AlienRace.BackstoryDef>
	
	<AlienRace.BackstoryDef>
			    <defName>Orassan_Mud</defName>
    <title>Digger</title>
    <titleShort>Digger</titleShort>
    <baseDescription>[PAWN_nameDef] was born on a more temperate planet and could frequently be found digging in the mud as a child, excavating potholes in the garden. [PAWN_pronoun] also learned a little about re-planting, when [PAWN_pronoun] was forced to fix what was dug.
</baseDescription>

    <bodyTypeMale>Thin</bodyTypeMale>
    <bodyTypeFemale>Thin</bodyTypeFemale>

    <slot>Childhood</slot>
    <skillGains>
      <li>
        <defName>Mining</defName>
        <amount>2</amount>
      </li>
      <li>
        <defName>Plants</defName>
        <amount>1</amount>
      </li>
    </skillGains>
    <spawnCategories>
      <li>Orassan</li>
    </spawnCategories>
	</AlienRace.BackstoryDef>
	
</Defs>