﻿<?xml version="1.0" encoding="UTF-8"?>
<LanguageData>
  
  <!-- EN: Animals will attack doors -->
  <AnimalsDontAttackDoors.label>Животные могут атаковать двери</AnimalsDontAttackDoors.label>
  <!-- EN: Manhunting animals will attack doors if they see one of your colonists moving through them. They will also attack inactive turrets. -->
  <AnimalsDontAttackDoors.helpText>Если агрессивные животные заметят, что через дверь прошёл поселенец, то попытаются её выбить. Они также будут ломать неработающие турели.</AnimalsDontAttackDoors.helpText>
  
  <!-- EN: Bills tab -->
  <BillsTab.label>Вкладка «Задания»</BillsTab.label>
  <!-- EN: To make colonists work at a table, select the table and open the Bills tab. Here, you can say what meals to cook, what things to craft, what creatures to butcher. -->
  <BillsTab.helpText>Чтобы поселенцы работали за столами, выберите стол и откройте вкладку заданий. Здесь вы можете указать, какие готовить блюда, создавать вещи и каких существ разделывать.</BillsTab.helpText>
  
  <!-- EN: Build orbital trade beacon -->
  <BuildOrbitalTradeBeacon.label>Торговые маяки</BuildOrbitalTradeBeacon.label>
  <!-- EN: To send items or silver to orbital traders, you must build an ORBITAL TRADE BEACON and place a stockpile of items near it. -->
  <BuildOrbitalTradeBeacon.helpText>Чтобы отправлять товары или серебро орбитальным торговцам, вам нужно построить торговый маяк на открытой местности и разместить рядом с ним склад с товарами.</BuildOrbitalTradeBeacon.helpText>
  
  <!-- EN: Capturing -->
  <Capturing.label>Захват пленных</Capturing.label>
  <!-- EN: When an enemy is downed on the ground but not dead, you can CAPTURE them.\n\nTo capture, select a colonist, right-click on the incapacitated enemy, and select Capture.\n\nYou'll need an extra bed marked for prisoner use. -->
  <Capturing.helpText>Если враг упал на землю, но не умер, попробуйте захватить его.\n\nДля захвата выберите поселенца, щёлкните правой кнопкой мыши на обездвиженном противнике и выберите «Захватить».\n\nВам потребуется дополнительная кровать, специально назначенная для пленников.</Capturing.helpText>
  
  <!-- EN: Door opening speeds -->
  <DoorOpenSpeed.label>Скорость открывания дверей</DoorOpenSpeed.label>
  <!-- EN: Doors open at different speeds depending on what they're made of.\n\nWarning: Stone doors open very slowly. Anyone passing through will be significantly slowed down. -->
  <DoorOpenSpeed.helpText>Двери открываются с разной скоростью, в зависимости от того, из чего они сделаны.\n\nВнимание: каменные двери открываются очень медленно. Они сильно замедлят любого проходящего через них.</DoorOpenSpeed.helpText>
  
  <!-- EN: Drafting for combat -->
  <Drafting.label>Подготовка к бою</Drafting.label>
  <!-- EN: To control colonists directly for combat, Draft them by selecting them and hitting the DRAFT button.\n\nA drafted colonist will do only what you tell them, and can only take combat actions. Those with weapons will use them when possible.\n\nDon't leave colonists Drafted forever - they'll starve and become unhappy. -->
  <Drafting.helpText>Чтобы управлять поселенцами в бою напрямую, выберите их и нажмите кнопку «К бою».\n\nНаходясь в боевом режиме, поселенец будет делать только то, что ему прикажут и сможет выполнять только боевые действия. Те, у кого есть оружие, воспользуются им по возможности.\n\nНе оставляйте поселенцев в боевом режиме надолго, иначе они начнут голодать и их настроение испортится.</Drafting.helpText>
  
  <!-- EN: Drug addiction -->
  <DrugAddiction.label>Наркомания</DrugAddiction.label>
  <!-- EN: You can inspect your colonists' desire to take a drug in their Needs tab.\n\nAs long as their need level is at zero, their addiction changes to a "withdrawal" state which can have various negative side effects.\n\nHowever, after long enough in withdrawal, their addiction will end and the drug need will disappear. -->
  <DrugAddiction.helpText>Проверяйте желание поселенцев принять наркотики во вкладке «Нужды».\n\nЕсли показатель их потребности в наркотике упадёт до нуля, их зависимость вызовет «ломку», имеющую различные побочные эффекты.\n\nТем не менее, после достаточно длительного воздержания зависимость уйдёт, и вместе с ней отпадёт необходимость в приёме наркотиков.</DrugAddiction.helpText>
  
  <!-- EN: Drug burning -->
  <DrugBurning.label>Сжигание наркотиков</DrugBurning.label>
  <!-- EN: Drugs can be useful, but can also lead to harmful addictions.\n\nIf you want to avoid drugs in your colony, you have the option of burning them at a campfire. -->
  <DrugBurning.helpText>Наркотики могут пригодиться, но они также могут стать причиной пагубных зависимостей.\n\nЕсли в своём поселении вы хотите избежать связанных с наркотиками опасностей, воспользуйтесь возможностью сжечь их в костре.</DrugBurning.helpText>
  
  <!-- EN: Drug policies -->
  <DrugPolicies.label>Политика приёма препаратов</DrugPolicies.label>
  <!-- EN: You can assign colonists to take specific drugs on a specific schedule. For example, you can make them take infection-blocking drugs regularly, or drink a beer a day to stay happy.\n\nOpen the ASSIGN tab and press the 'Manage drug policies' button. Create a new drug policy. Then, you can assign this policy to colonists.\n\nColonists can still take drugs not in their policy. You can tell them what to do, but they also follow their own desires! -->
  <DrugPolicies.helpText>Вы можете назначать поселенцам приём определённых препаратов по расписанию. Например, назначить им регулярный приём пеноксицилина. Или же дать пить пиво раз в день для хорошего настроения.\n\nОткройте вкладку «Назначения» и нажмите кнопку «Управление приёмом препаратов». Создайте новую политику. Теперь вы можете назначить её своим поселенцам.\n\nОднако имейте ввиду, что поселенцы всё равно могут принимать наркотики вне назначенных им политик. Вы можете говорить им, что делать, но они также могут действовать согласно своим собственным желаниям.</DrugPolicies.helpText>
  
  <!-- EN: Interacting with traders -->
  <InteractingWithTraders.label>Торговцы</InteractingWithTraders.label>
  <!-- EN: You can talk to people with ? over their heads.\n\nSelect a colonist and right-click on the character with ? attached to his head. -->
  <InteractingWithTraders.helpText>Вы можете разговаривать с людьми со значком «?» над их головой.\n\nДля этого сначала выберите одного из поселенцев, а затем щёлкните правой кнопкой мыши по такому человеку.</InteractingWithTraders.helpText>
  
  <!-- EN: Using the comms console -->
  <OpeningComms.label>Консоль связи</OpeningComms.label>
  <!-- EN: To communicate, select a colonist and right-click on the comms console. -->
  <OpeningComms.helpText>Чтобы связаться с кем-либо, выберите поселенца и щёлкните правой кнопкой мыши на консоли связи.</OpeningComms.helpText>
  
  <!-- EN: Prisoner tab -->
  <PrisonerTab.label>Вкладка «Пленник»</PrisonerTab.label>
  <!-- EN: Look in a prisoner's 'Prisoner' tab to set how they'll be treated.\n\nYou can set whether they'll be recruited, ignored or executed, whether they eat, and what kind of medical care they get.\n\nColonists with the Warden work type will interact with the prisoner. -->
  <PrisonerTab.helpText>Загляните во вкладку «Пленник», чтобы выбрать, как к нему будут относиться, какую медицинскую помощь оказывать и будут ли его кормить.\n\nВам понадобится поселенец, назначенный на работу надзирателем, чтобы взаимодействовать с пленником.</PrisonerTab.helpText>
  
  <!-- EN: Order queueing -->
  <QueueOrders.label>Очередь команд</QueueOrders.label>
  <!-- EN: When giving commands to pawns, you can queue up multiple orders by holding "shift". This also works when giving jobs to undrafted pawns. -->
  <QueueOrders.helpText>Вы можете назначить сразу несколько задач поселенцу, зажав клавишу "shift". Это работает также и в небоевом режиме.</QueueOrders.helpText>
  
  <!-- EN: Reforming caravans -->
  <ReformCaravan.label>Продолжение пути</ReformCaravan.label>
  <!-- EN: After an encounter, you can easily re-form a caravan by using the RE-FORM CARAVAN command in the World view. -->
  <ReformCaravan.helpText>После боевого столкновения вы можете легко продолжить путешествие вашего каравана при помощи соответствующей команды во вкладе «Мир».</ReformCaravan.helpText>
  
  <!-- EN: Rescuing -->
  <Rescuing.label>Спасение</Rescuing.label>
  <!-- EN: To rescue a wounded person, select a healthy colonist and then right-click on the wounded one.\n\nIf you rescue a non-colonist, they won't necessarily join your colony. They may simply walk away after healing. If you want to guarantee that they join, capture them and recruit them. -->
  <Rescuing.helpText>Для спасения раненых выберите здорового поселенца и щёлкните правой кнопкой мыши на раненом.\n\nПри спасении людей, не входящих в состав жителей, они не обязательно захотят присоединиться к поселению. Они могут просто уйти после выздоровления. Если вы хотите, чтобы они гарантированно присоединились к вам, попробуйте захватить и завербовать этих людей.</Rescuing.helpText>
  
  <!-- EN: Set what plant to grow -->
  <SetGrowingZonePlant.label>Укажите, какое растение сажать</SetGrowingZonePlant.label>
  <!-- EN: You can set what to plant in a growing zone. You can even grow trees!\n\nJust select the growing zone, open the Growing tab, and click the 'plant' button. -->
  <SetGrowingZonePlant.helpText>Выберите, что поселенцы будут выращивать в обозначенных для этого областях.\n\nВыберите область выращивания, нажмите на кнопку «Растение» и выберите культуру, которую хотите посадить.</SetGrowingZonePlant.helpText>
  
  <!-- EN: Shield belts -->
  <ShieldBelts.label>Поясные генераторы щита</ShieldBelts.label>
  <!-- EN: Shield belts stop ranged attacks from coming in or out. They have no effect on melee attacks.\n\nTo fight against shield belts, either concentrate a lot of gunfire on the target, or fight hand-to-hand. -->
  <ShieldBelts.helpText>Защитное поле, создаваемое поясными генераторами щита, останавливает как входящие, так и исходящие дальние атаки, но не оказывает влияния на атаки ближнего боя.\n\nДля борьбы с противником, носящим пояс-щит, либо сконцентрируйте на нём огонь, либо бейтесь с ним врукопашную.</ShieldBelts.helpText>
  
  <!-- EN: TV for sick people -->
  <TVForSickPeople.label>Телевизоры для больных</TVForSickPeople.label>
  <!-- EN: Sick people can watch TV while laying in bed. -->
  <TVForSickPeople.helpText>Чтобы развлекать поселенцев, находящихся на лечении, устанавливайте неподалёку от их кроватей телевизоры.</TVForSickPeople.helpText>
  
</LanguageData>