﻿<?xml version="1.0" encoding="UTF-8"?>
<LanguageData>
  
  <!-- EN: Alerts -->
  <Alerts.label>Оповещения</Alerts.label>
  <!-- EN: The alerts at the right edge of the screen tell you about issues that need your attention.\n\nKeep an eye on the alerts. -->
  <Alerts.helpText>Оповещения в правом нижнем углу экрана сообщают о проблемах, требующих вашего внимания.\n\nНе игнорируйте их!</Alerts.helpText>
  
  <!-- EN: Allowed areas -->
  <AllowedAreas.label>Доступные области</AllowedAreas.label>
  <!-- EN: Colonists and colony animals can be assigned to ALLOWED AREAS. This forbids them from taking destinations outside their allowed area.\n\nThis can be used to, for example, forbid colonists from going outside.\n\nYou can create multiple allowed areas and assign them to different colonists and animals.\n\nCreate, delete, and assign allowed areas in the RESTRICT tab.\n\nPaint allowed areas onto the map using the EXPAND ALLOWED AREA and CLEAR ALLOWED AREA designators in the Architect tab. -->
  <AllowedAreas.helpText>Передвижение поселенцев и домашних животных можно ограничить доступными областями.\n\nИспользуйте их, чтобы запретить поселенцам, к примеру, выход на улицу или за пределы безопасных участков.\n\nСоздайте несколько областей для разных групп поселенцев и животных.\n\nСоздаются, удаляются и назначаются такие области во вкладке «Ограничения».\n\nЧтобы разметить новую разрешённую область, используйте инструменты «Расширить доступную область» и «Уменьшить доступную область» в меню «Проекты» в категории «Области».</AllowedAreas.helpText>
  
  <!-- EN: Animal taming -->
  <AnimalTaming.label>Приручение животных</AnimalTaming.label>
  <!-- EN: You can assign colonists to tame a wild animal with the TAME designator.\n\nColonists will offer the animal food and attempt to tame it.\n\nBeware: Some animals can respond violently to failed taming attempts. -->
  <AnimalTaming.helpText>Используйте команду «Приручить» на диких животных.\n\nПоселенцы будут предлагать им еду и пытаться приручить.\n\nОстерегайтесь: некоторые животные могут агрессивно реагировать на неудачные попытки приручения.</AnimalTaming.helpText>
  
  <!-- EN: Animal training -->
  <AnimalTraining.label>Обучение животных</AnimalTraining.label>
  <!-- EN: You can assign a tame animal to be trained in specific skills on its TRAINING tab.\n\nAnimals can't be trained continuously; they need time between training sessions. -->
  <AnimalTraining.helpText>Во вкладке «Обучение» приручённым животным можно назначить тренировку определённых навыков.\n\nЖивотных нельзя тренировать непрерывно, между попытками обучения должно пройти какое-то время.</AnimalTraining.helpText>
  
  <!-- EN: Camera dolly -->
  <CameraDolly.label>Перемещение камеры</CameraDolly.label>
  <!-- EN: Move the camera by clicking and dragging the MOUSE BUTTON 3 (middle button) or with the {Key:MapDolly_Up}-{Key:MapDolly_Left}-{Key:MapDolly_Down}-{Key:MapDolly_Right} keys. -->
  <CameraDolly.helpText>Перемещайте камеру, подводя курсор мыши к краям экрана, удерживая среднюю кнопку мыши, или клавишами {Key:MapDolly_Up}-{Key:MapDolly_Left}-{Key:MapDolly_Down}-{Key:MapDolly_Right}.</CameraDolly.helpText>
  
  <!-- EN: Camera zoom -->
  <CameraZoom.label>Приближение камеры</CameraZoom.label>
  <!-- EN: Zoom in and out with the MOUSEWHEEL or the {Key:MapZoom_In} and {Key:MapZoom_Out} keys. -->
  <CameraZoom.helpText>Увеличивайте и уменьшайте масштаб при помощи колёсика мыши или клавиш {Key:MapZoom_In} и {Key:MapZoom_Out}.</CameraZoom.helpText>
  
  <!-- EN: Clicking messages -->
  <ClickingMessages.label>Уведомления</ClickingMessages.label>
  <!-- EN: You can click on the notifications in the top-left of the screen to instantly center the camera on their subject. -->
  <ClickingMessages.helpText>Нажимайте на уведомления в верхней левой части экрана, чтобы мгновенно переместить камеру на вызвавшее их событие.</ClickingMessages.helpText>
  
  <!-- EN: Cover and shooting -->
  <CoverAndShooting.label>Укрытия и стрельба</CoverAndShooting.label>
  <!-- EN: The most important thing to do in ranged combat is to use cover.\n\nCover only works if your colonist is touching it, and it is between your colonist and the enemy.\n\nYou can also place colonists behind wall corners. They will lean out to shoot.\n\nMost things can be used as cover, but some things are better than others. Hiding behind a tree is better than nothing, but hiding behind sandbags is better than using a tree. -->
  <CoverAndShooting.helpText>Самым главным в бою на дальней дистанции является использование укрытий.\n\nУкрытие работает, только если поселенец находится непосредственно рядом с ним, а само укрытие — между поселенцем и противником.\n\nРазмещайте поселенцев за углами зданий. Они будут высовываться для стрельбы.\n\nБольшинство объектов можно использовать в качестве укрытия, но некоторые из них эффективнее других. Спрятаться за деревом лучше, чем стоять на открытом месте, но спрятаться за мешками с песком — лучше, чем использовать дерево.</CoverAndShooting.helpText>
  
  <!-- EN: Item deterioration -->
  <Deterioration.label>Ветшание предметов</Deterioration.label>
  <!-- EN: Items left outdoors will slowly deteriorate.\n\nIf you want to store items long-term, keep them in a roofed room. -->
  <Deterioration.helpText>Оставленные под открытым небом вещи будут медленно ветшать.\n\nЧтобы сохранить их в целости, перенесите вещи в закрытое помещение.</Deterioration.helpText>
  
  <!-- EN: Equipping weapons -->
  <EquippingWeapons.label>Экипировка оружием</EquippingWeapons.label>
  <!-- EN: Your colonists arrived with some weapons. Equip them!\n\nSelect each colonist and right-click on the weapon you want them to equip. -->
  <EquippingWeapons.helpText>Ваши поселенцы прибыли с кое-каким оружием. Экипируйте их!\n\nВыделите каждого поселенца и нажмите правую кнопку мыши на оружии, которое им следует использовать.</EquippingWeapons.helpText>
  
  <!-- EN: Fire preparation -->
  <FirePreparation.label>Пожарная безопасность</FirePreparation.label>
  <!-- EN: Fires can easily burn down a colony. To defeat them, you must prepare before they happen.\n\nThese design elements can help reduce the damage from fires:\n\n1. Instead of constructing one super-building, build separate buildings with spaces in between.\n\n2. Use less flammable materials. Wood is cheap and fast - but very flammable.\n\n3. Build firebreaks to stop wildfires approaching your base. A strip of concrete floor 3 or 4 cells wide will generally stop an advancing fire. -->
  <FirePreparation.helpText>Пожары могут с лёгкостью уничтожить целое поселение. Чтобы справиться с ними, лучше подготовиться заранее.\n\nДля снижения ущерба от пожара:\n\n1. Вместо одного большого дома стройте отдельные здания на расстоянии друг от друга.\n\n2. Используйте менее горючие материалы. Постройки из дерева дёшевы и быстры при создании, но они очень легко возгораются.\n\n3. Стройте просеки для остановки лесных пожаров, приближающихся к поселению. Полоса бетонного покрытия в 3 или 4 клетки шириной, как правило, остановит продвижение огня.</FirePreparation.helpText>
  
  <!-- EN: Forbid and allow -->
  <Forbidding.label>Запрещение и разрешение</Forbidding.label>
  <!-- EN: Colonists will not interact with items marked FORBIDDEN.\n\nForbidden items have a small red X attached. Select a forbidden item and use the controls at the bottom to ALLOW it. -->
  <Forbidding.helpText>Поселенцы не будут взаимодействовать с объектами с меткой «Запрещено».\n\nЗапрещённые предметы помечены красным крестиком. Выберите запрещённый предмет и разрешите использовать его, нажав соответствующую кнопку внизу экрана.</Forbidding.helpText>
  
  <!-- EN: Forbidding doors -->
  <ForbiddingDoors.label>Запрещение использования дверей</ForbiddingDoors.label>
  <!-- EN: You can FORBID doors so colonists and tame animals won't go through them.\n\nNote that this isn't a door lock. Doors are always locked, so enemies can't pass freely. Forbidding just directs your colonists not to use the door. Colonists who are going crazy might use the door anyway. -->
  <ForbiddingDoors.helpText>Запретите использование дверей, чтобы поселенцы и приручённые животные не смогли проходить через них.\n\nОбратите внимание: это не закроет их на замок. Двери всегда закрыты по умолчанию, и враги не смогут пройти в помещение, не выломав дверь. Запрет лишь указывает вашим поселенцам не использовать конкретную дверь. Поселенцы, находящиеся в состоянии нервного срыва, будут игнорировать подобные запреты.</ForbiddingDoors.helpText>
  
  <!-- EN: Forming caravans -->
  <FormCaravan.label>Отправка караванов</FormCaravan.label>
  <!-- EN: You can form a caravan to send groups of people traveling across the planet!\n\nIn the WORLD tab, select your home base and click the "form caravan" button. -->
  <FormCaravan.helpText>Вы можете снаряжать караваны, чтобы отправлять группы людей путешествовать по планете.\n\nДля этого во вкладке «Мир» выделите своё поселение и нажмите кнопку «Снарядить караван».</FormCaravan.helpText>
  
  <!-- EN: Friendly fire safety -->
  <FriendlyFireSafety.label>Огонь по своим</FriendlyFireSafety.label>
  <!-- EN: Friendly fire never occurs if the shooter is close to their ally.\n\nFor example, you can safely put a sword-wielding colonist directly in front of a gun-wielding one. The shooter will fire over his friend's shoulder.\n\nThis is a good way to combine ranged and melee fighters. -->
  <FriendlyFireSafety.helpText>Стрелок никогда не попадёт по своему союзнику, если тот стоит прямо рядом с ним, даже на линии огня.\n\nНапример, можете смело ставить поселенца с мечом перед автоматчиком. Стрелок будет производить выстрелы из-за плеча своего товарища.\n\nЭто хороший способ совмещать бойцов дальнего и ближнего боя.</FriendlyFireSafety.helpText>
  
  <!-- EN: Getting more traders -->
  <GettingMoreTraders.label>Торговые караваны</GettingMoreTraders.label>
  <!-- EN: More trader caravans will come to visit you if you're allied with more factions.\n\nIf you have no allies, no caravans will ever visit!\n\nYou can also pay allies to send trade caravans by calling them on the comms console. -->
  <GettingMoreTraders.helpText>Союзы с другими фракциями увеличат количество торговых караванов, приходящих в поселение.\n\nЕсли у вас не будет союзников — не будет и караванов!\n\nТакже, за определённую сумму, вы можете вызвать внеочередной торговый караван, связавшись через консоль связи с дружественным вам поселением.</GettingMoreTraders.helpText>
  
  <!-- EN: Growing zones -->
  <GrowingFood.label>Области для выращивания</GrowingFood.label>
  <!-- EN: To grow food, place GROWING ZONES using the Architect menu.\n\nThey can only be placed on fertile ground. -->
  <GrowingFood.helpText>Для выращивания культурных растений разметьте область для их посадки, используя меню «Проекты».\n\nОбласть для посадки может быть размещена только на плодородной земле.</GrowingFood.helpText>
  
  <!-- EN: History tab -->
  <HistoryTab.label>Вкладка «История»</HistoryTab.label>
  <!-- EN: You can see a record of your colony's fortunes over time in the HISTORY tab at the bottom of the screen. -->
  <HistoryTab.helpText>С событиями, выпавшими на долю вашего поселения, вы можете ознакомиться во вкладке «История» в нижней части экрана.</HistoryTab.helpText>
  
  <!-- EN: Home area -->
  <HomeArea.label>Домашняя область</HomeArea.label>
  <!-- EN: The HOME AREA tells your colonists which area to clean and where to extinguish fires.\n\nDefine the HOME AREA with the Zones category under the Architect menu. -->
  <HomeArea.helpText>Домашняя область укажет вашим поселенцам, где нужно заниматься уборкой и тушением пожаров.\n\nРазметьте домашнюю область при помощи соответствующего инструмента из категории «Области» в меню «Проекты».</HomeArea.helpText>
  
  <!-- EN: Hostility response modes -->
  <HostilityResponse.label>Реакция на угрозу</HostilityResponse.label>
  <!-- EN: You can configure how colonists should automatically respond to threats like predatory animals.\n\nChoose from FLEE, ATTACK, and IGNORE modes in the ASSIGN menu. -->
  <HostilityResponse.helpText>Укажите, как поселенцам следует реагировать на непосредственные угрозы их жизни и здоровью.\n\nДля этого во вкладке «Назначения» установите режимы «Убегать», «Атаковать» или «Игнорировать».</HostilityResponse.helpText>
  
  <!-- EN: Info card -->
  <InfoCard.label>Окно «Информация»</InfoCard.label>
  <!-- EN: The info card shows you detailed statistics about any item, person, or construction.\n\nSelect a person or item and open their info card with the 'i' button on the inspect pane. -->
  <InfoCard.helpText>Окно информации показывает детальные сведения о любом предмете, персонаже или конструкции.\n\nВыберите персонажа или предмет и откройте его окно информации с помощью кнопки "i" на панели обзора.</InfoCard.helpText>
  
  <!-- EN: Room stats inspector -->
  <InspectRoomStats.label>Обзор помещений</InspectRoomStats.label>
  <!-- EN: You can inspect the impressiveness, wealth, and beauty of individual rooms using the ROOM STATS INSPECT toggle in the bottom right. -->
  <InspectRoomStats.helpText>Проверяйте производимое впечатление, богатство и красоту каждой отдельной комнаты, используя кнопку «Характеристики комнаты» в правом нижнем углу экрана.</InspectRoomStats.helpText>
  
  <!-- EN: Manual work priorities -->
  <ManualWorkPriorities.label>Приоритеты в работе</ManualWorkPriorities.label>
  <!-- EN: One of the most important parts of RimWorld is choosing good work settings for your colonists.\n\nPoor work settings can leave essential work unfinished for a long time while colonists waste time on unimportant tasks.\n\nTo give more control over what work colonists do, you can use the Manual Priorities mode in the WORK tab.\n\nIn this mode, each colonist has a priority number for each work type. Colonists will do priority 1 work from left to right, then priority 2 work from left to right, and so on.\n\nIntelligent use of these setting is essential for a large, well-automated colony. -->
  <ManualWorkPriorities.helpText>Одна из важнейших составляющих RimWorld — оптимизация рабочего процесса поселенцев.\n\nОтсутствие оптимизации приведёт к тому, что важная работа останется незавершённой, пока поселенцы будут тратить время на неприоритетные задачи.\n\nЧтобы лучшим образом управлять работой поселенцев, воспользуйтесь «Тонкой настройкой» во вкладке «Работа».\n\nВ этом режиме для каждого поселенца настраивается приоритет выполнения разных типов задач. Сначала поселенцы будут выполнять работу с приоритетом 1, затем работу с приоритетом 2, и так далее. Для каждого уровня приоритета список работ обходится слева направо.\n\nРазумное использование этих параметров пригодится в больших, хорошо автоматизированных поселениях.</ManualWorkPriorities.helpText>
  
  <!-- EN: Medical operations -->
  <MedicalOperations.label>Медицинские процедуры</MedicalOperations.label>
  <!-- EN: To assign a medical operation, like organ harvesting or prosthetics installation, open a colonist's HEALTH tab, then switch to the OPERATIONS sub-tab. -->
  <MedicalOperations.helpText>Чтобы назначить медицинскую процедуру (например, извлечение органа или установку протеза), выберите поселенца, откройте вкладку «Здоровье» и перейдите в раздел «Операции».</MedicalOperations.helpText>
  
  <!-- EN: Mining -->
  <Mining.label>Добыча полезных ископаемых</Mining.label>
  <!-- EN: You can designate where to mine by opening the ARCHITECT menu and selecting the ORDERS tab.\n\nSome mineable blocks yield STEEL, GOLD, PLASTEEL, and other useful materials. -->
  <Mining.helpText>Обозначьте, где вашим поселенцам следует копать, через раздел «Приказы» в меню «Проекты».\n\nНекоторые пригодные для раскопок блоки содержат в себе сталь, золото, пласталь и другие полезные материалы.</Mining.helpText>
  
  <!-- EN: Outfits -->
  <Outfits.label>Одежда</Outfits.label>
  <!-- EN: Colonists will automatically try to wear the newest, highest-quality apparel they can.\n\nYou don't need to manually assign each piece of apparel to colonists (though you can, if you wish).\n\nTo assign colonists restrictions on how to dress, open the ASSIGN tab, use the "Manage outfits" dialog box to design a new outfit, and then assign the outfit to colonists. -->
  <Outfits.helpText>Поселенцы будут самостоятельно искать и надевать самую новую и качественную одежду, какую смогут найти.\n\nНет необходимости вручную назначать каждую часть гардероба конкретным поселенцам, хотя при желании это возможно.\n\nДля этого откройте вкладку «Назначения», а затем диалоговое окно «Управление гардеробом», создайте новый набор и назначьте поселенцам.</Outfits.helpText>
  
  <!-- EN: Pausing -->
  <Pause.label>Приостановка игры</Pause.label>
  <!-- EN: Hit {Key:TogglePause} to pause or unpause the game.\n\nYou can give orders while paused.\n\nRemember this - if things get hectic, just hit {Key:TogglePause}! -->
  <Pause.helpText>Нажмите {Key:TogglePause}, чтобы приостановить или продолжить игру.\n\nОтдавайте приказы во время паузы.\n\nЗапомните: если всё выходит из-под контроля — просто нажмите {Key:TogglePause}!</Pause.helpText>
  
  <!-- EN: Shot accuracy tooltip -->
  <ShotAccuracyTooltip.label>Точность выстрела</ShotAccuracyTooltip.label>
  <!-- EN: You can see the exact calculations behind the accuracy of any shot.\n\nTo do so, select the shooter, then rest the mouse over the target. The tooltip will show the chance to hit, and a breakdown of the contribution of various to-hit chance multipliers. -->
  <ShotAccuracyTooltip.helpText>Вам доступны расчёты точности любого выстрела.\n\nВыберите стрелка, затем наведите указатель мыши на цель. Всплывающая подсказка покажет вероятность попадания и все влияющие на неё коэффициенты.</ShotAccuracyTooltip.helpText>
  
  <!-- EN: Spoilage and freezers -->
  <SpoilageAndFreezers.label>Порча продуктов и холодильники</SpoilageAndFreezers.label>
  <!-- EN: Most foodstuffs will spoil after a relatively short time.\n\nTo prevent this, you can build a walk-in freezer.\n\nTo build a freezer, construct a closed room, and put one or two coolers into the wall. Set the coolers to a negative target temperature.\n\nFrozen foods won't ever spoil. -->
  <SpoilageAndFreezers.helpText>Большинство продуктов питания будут портиться через относительно короткий промежуток времени.\n\nДля предотвращения этого вы можете построить холодильную комнату.\n\nДля этого сначала постройте закрытое помещение, а затем разместите в стене один или два кондиционера (синими квадратиками внутрь, красными — наружу). Понизьте целевую температуру.\n\nЗамороженные до температуры ниже 0°C продукты никогда не испортятся.</SpoilageAndFreezers.helpText>
  
  <!-- EN: Stockpiles -->
  <Stockpiles.label>Склады</Stockpiles.label>
  <!-- EN: Your colonists need somewhere to store items. Designate a STOCKPILE for them to store things.\n\nFind the stockpile in the ZONES section of the ARCHITECT menu in the lower-left. -->
  <Stockpiles.helpText>Вашим поселенцам нужно где-то хранить вещи. Обозначьте для них склад.\n\nЧтобы разместить склад, зайдите в категорию «Области» в меню «Проекты» в левом нижнем углу экрана.</Stockpiles.helpText>
  
  <!-- EN: Storage tab -->
  <StorageTab.label>Вкладка «Склад»</StorageTab.label>
  <!-- EN: You can configure stockpiles and storage buildings by selecting them and opening the STORAGE TAB above the bottom-left inspector pane.\n\nIn the storage tab of a stockpile, you can expand categories to allow or deny specific items. Click the triangles to the left of category names.\n\nYou can change the PRIORITY of storage. Colonists will fill higher-priority storage first, and move items from lower to higher priority. -->
  <StorageTab.helpText>Настройте склады, выделив их и открыв вкладку «Склад» в левом нижнем углу панели обзора.\n\nОтметьте категории предметов, которые должны храниться на конкретном складе. Щёлкните на треугольниках слева от названий категорий.\n\nМожно изменить приоритет склада. Поселенцы сначала будут заполнять склады с более высоким приоритетом, а также перемещать предметы со складов с более низким приоритетом на склады с высоким.</StorageTab.helpText>
  
  <!-- EN: Time assignments -->
  <TimeAssignments.label>Расписание</TimeAssignments.label>
  <!-- EN: You can modify what time of day colonists should do different activities using the RESTRICT tab. -->
  <TimeAssignments.helpText>Настройте режим дня поселенцев во вкладке «Ограничения».</TimeAssignments.helpText>
  
  <!-- EN: Time controls -->
  <TimeControls.label>Управление временем</TimeControls.label>
  <!-- EN: You can speed up time.\n\nTry controlling time with the {Key:TimeSpeed_Normal}, {Key:TimeSpeed_Fast}, and {Key:TimeSpeed_Superfast} keys, or with the time controls in the bottom right. -->
  <TimeControls.helpText>Вы можете ускорять течение времени в игре.\n\nПопробуйте контролировать его скорость клавишами {Key:TimeSpeed_Normal}, {Key:TimeSpeed_Fast} и {Key:TimeSpeed_Superfast}.\n\nКроме того, ускорить, замедлить или остановить время можно с помощью клавиш управления в правом нижнем углу.</TimeControls.helpText>
  
  <!-- EN: Work settings -->
  <WorkTab.label>Приоритеты задач</WorkTab.label>
  <!-- EN: You can set each colonist's work settings in the WORK tab at the bottom left of the screen.\n\nThey will always do the highest priority work that they can find.\n\nIf nobody has a certain work type assigned, or if they are busy with higher-priority tasks, it will never get done. -->
  <WorkTab.helpText>Устанавливайте приоритеты работ во вкладке «Работа» в левом нижнем углу экрана.\n\nПоселенцы всегда будут выполнять задачи с самым высоким приоритетом.\n\nЕсли определённый тип работ никому не назначен или поселенцы заняты более приоритетными задачами, то эти задачи никогда не будут выполнены.</WorkTab.helpText>
  
</LanguageData>