﻿<?xml version="1.0" encoding="UTF-8"?>
<LanguageData>
  
  <!-- EN:
    <li>failLetterEndingCommon->You have failed the quest '[resolvedQuestName]'.</li>
    <li>successLetterEndingCommon->You have succesfully completed the quest '[resolvedQuestName]'.</li>
    <li>goodwillSomeCiviliansLost->Not all the [asker_faction_pawnSingular] [pawnLabel] could be rescued. [goodwillNegativelyAffected]</li>
    <li>goodwillAllCiviliansLost->None of the [asker_faction_pawnSingular] [pawnLabelPlural] could be rescued. [goodwillNegativelyAffected]</li>
    <li>goodwillNegativelyAffected->Your goodwill with [asker_faction_name] has been negatively affected for every [pawnLabel] left.</li>
    <li>commanderLandingDesc->[asker_nameDef], the commander who asked to land [asker_possessive] shuttle at [map_definite]</li>
    <li>raidArrivedLetterLabel->Raid: [enemyFaction_name]</li>
    <li>raidArrivedLetterText->[enemyFaction_pawnsPlural] from the [enemyFaction_name] have arrived. They will attack the [asker_faction_pawnsPlural] who crashed at [map_definite].\n\nDefend the [asker_faction_pawnsPlural] until their rescue shuttle arrives in [rescueShuttleAfterRaidDelay_duration].</li>
    <li>rescueShuttleArrivedLetterLabel->Rescue shuttle arrived</li>
    <li>rescueShuttleArrivedLetterText->The rescue shuttle has arrived to collect the [pawnLabelSingleOrPlural] who crashed landed. Make sure to have these people on the shuttle before it leaves in [rescueDelay_duration]:\n\n[civilians]</li>
    <li>questCompletedSuccessLetterLabel->Quest completed: [resolvedQuestName]</li>
    <li>questCompletedSuccessLetterText->[commanderLandingDesc], has escaped. [asker_pronoun] is grateful for the help [asker_pronoun] received at [map_definite].\n\n[successLetterEndingCommon]</li>
    <li>questCompletedCiviliansLostSuccessLetterLabel->Quest completed: [resolvedQuestName]</li>
    <li>questCompletedCiviliansLostSuccessLetterText->[commanderLandingDesc], has escaped.\n\n[goodwillSomeCiviliansLost]\n\n[successLetterEndingCommon]</li>
    <li>askerLostLetterLabel->Quest failed: [resolvedQuestName]</li>
    <li>askerLostLetterText->[commanderLandingDesc] was not on board when the shuttle departed.\n\n[goodwillSomeCiviliansLost]\n\n[failLetterEndingCommon]</li>
    <li>allLostLetterLabel->Quest failed: [resolvedQuestName]</li>
    <li>allLostLetterText->The rescue shuttle for the crashed [asker_faction_pawnsPlural] has departed without anyone on board.\n\n[goodwillAllCiviliansLost]\n\n[failLetterEndingCommon]</li>
    <li>askerDiedLetterLabel->Quest failed: [resolvedQuestName]</li>
    <li>askerDiedLetterText->[commanderLandingDesc] has died.\n\n[failLetterEndingCommon]</li>
    <li>shuttleDestroyedLetterLabel->Quest failed: [resolvedQuestName]</li>
    <li>shuttleDestroyedLetterText->The shuttle sent to collect the crashed [asker_faction_pawnsPlural] has been destroyed. The [asker_faction_pawnsPlural] will now leave on foot.\n\n[failLetterEndingCommon]</li>
  -->
  <ShuttleCrash_Rescue.questContentRules.rulesStrings>
    <li>failLetterEndingCommon->Вы провалили задание «[resolvedQuestName]».</li>
    <li>successLetterEndingCommon->Вы успешно выполнили задание «[resolvedQuestName]».</li>
    <li>goodwillSomeCiviliansLost->Не все [pawnLabelPlural] из фракции [asker_faction_pawnSingular] были спасены. [goodwillNegativelyAffected]</li>
    <li>goodwillAllCiviliansLost->Ни один [pawnLabel] из фракции [asker_faction_pawnSingular] не был спасён. [goodwillNegativelyAffected]</li>
    <li>goodwillNegativelyAffected->Ваша репутация у фракции [asker_faction_name] ухудшилась за каждого [pawnLabelAcc], которого не удалось спасти.</li>
    <li>commanderLandingDesc->[asker_nameDef] — командир, попросивший разрешения на посадку своего челнока в [map_definite]</li>
    <li>commanderLandingDescAcc->[asker_nameDef] — командира, попросившего разрешения на посадку своего челнока в [map_definite]</li>
    <li>raidArrivedLetterLabel->Налёт: [enemyFaction_name]</li>
    <li>raidArrivedLetterText->Прибыли [enemyFaction_pawnsPlural] из фракции [enemyFaction_name]. Они нападут на [asker_faction_pawnsPlural], совершивших аварийную посадку в [map_definite].\n\nЗащищайте [asker_faction_pawnsPlural], пока через [rescueShuttleAfterRaidDelay_duration] не прибудет спасательный челнок.</li>
    <li>rescueShuttleArrivedLetterLabel->спасательный челнок прибыл</li>
    <li>rescueShuttleArrivedLetterText->Прибыл спасательный челнок, посланный, чтобы забрать [pawnLabelSingleOrPlural]. Убедитесь, что в челноке на момент его отправления через [rescueDelay_duration] будут эти люди:\n\n[civilians]</li>
    <li>questCompletedSuccessLetterLabel->Задание выполнено: «[resolvedQuestName]»</li>
    <li>questCompletedSuccessLetterText->У [commanderLandingDescAcc], получается спастись. [asker_pronoun] благодарит вас за помощь в [map_definite].\n\n[successLetterEndingCommon]</li>
    <li>questCompletedCiviliansLostSuccessLetterLabel->Задание выполнено: «[resolvedQuestName]»</li>
    <li>questCompletedCiviliansLostSuccessLetterText->У [commanderLandingDescAcc], получается спастись.\n\n[goodwillSomeCiviliansLost]\n\n[successLetterEndingCommon]</li>
    <li>askerLostLetterLabel->Задание провалено: «[resolvedQuestName]»</li>
    <li>askerLostLetterText->[commanderLandingDescAcc], не было на борту челнока в момент его отбытия.\n\n[goodwillSomeCiviliansLost]\n\n[failLetterEndingCommon]</li>
    <li>allLostLetterLabel->Задание провалено: «[resolvedQuestName]»</li>
    <li>allLostLetterText->Спасательный челнок, посланный, чтобы забрать [asker_faction_pawnsPlural], отбыл пустым.\n\n[goodwillAllCiviliansLost]\n\n[failLetterEndingCommon]</li>
    <li>askerDiedLetterLabel->Задание провалено: «[resolvedQuestName]»</li>
    <li>askerDiedLetterText->[commanderLandingDesc], потерян.\n\n[failLetterEndingCommon]</li>
    <li>shuttleDestroyedLetterLabel->Задание провалено: «[resolvedQuestName]»</li>
    <li>shuttleDestroyedLetterText->Челнок, посланный, чтобы забрать [asker_faction_pawnsPlural], был уничтожен. [asker_faction_pawnsPlural] отправятся в путь пешком.\n\n[failLetterEndingCommon]</li>
  </ShuttleCrash_Rescue.questContentRules.rulesStrings>
  <!-- EN:
    <li>pawnLabel->civilian</li>
    <li>pawnLabelPlural->civilians</li>
  -->
  <ShuttleCrash_Rescue.questDescriptionAndNameRules.rulesStrings>
    <li>pawnLabelPlural->гражданские</li>
    <li>pawnLabel->гражданский</li>
    <li>pawnLabelGen->гражданских</li>
    <li>pawnLabelAcc->гражданского</li>
  </ShuttleCrash_Rescue.questDescriptionAndNameRules.rulesStrings>
  <!-- EN:
    <li>pawnLabelSingleOrPlural(civilians_count==1)->[pawnLabel]</li>
    <li>pawnLabelSingleOrPlural(civilians_count>=2)->[pawnLabelPlural]</li>
    <li>questDescription->A shuttle of [asker_faction_name] has taken damage and is seeking a place to land. Its commander [asker_nameDef] wants to land at [map_definite].\n\n[enemyFaction_pawnsPlural] from [enemyFaction_name] will attack the crashed shuttle site in an attempt to kill its occupants. You must defend them.\n\nThe shuttle contains [asker_nameDef][andOtherCivilians] and [soldiers_count] [soldiers0_kind]s. The commander [andCivilians] must be rescued, but the [soldiers0_kind]s may be sacrificed.\n\nAfter [rescueDelay_duration], a rescue shuttle will come to pick up the survivors. You'll need to get them all on board within [leaveDelay_duration].</li>
    <li>andOtherCivilians(civilians_count==1)-></li>
    <li>andOtherCivilians(civilians_count==2)->, another [pawnLabel],</li>
    <li>andOtherCivilians(civilians_count>=3)->, [civilianCountMinusOne] other [pawnLabelSingleOrPlural],</li>
    <li>andCivilians(civilians_count==1)-></li>
    <li>andCivilians(civilians_count==2)->and [pawnLabel]</li>
    <li>andCivilians(civilians_count>=3)->and [pawnLabelPlural]</li>
  -->
  <ShuttleCrash_Rescue.questDescriptionRules.rulesStrings>
    <li>pawnLabelSingleOrPlural(civilians_count==1)->[pawnLabel]</li>
    <li>pawnLabelSingleOrPlural(civilians_count>=2)->[pawnLabelPlural]</li>
    <li>questDescription->Челноку фракции [asker_faction_name] требуется аварийная посадка. Командир челнока, [asker_nameDef], хочет приземлиться в [map_definite].\n\nНа челнок будут нападать [enemyFaction_pawnsPlural] из фракции [enemyFaction_name]. Защитите экипаж.\n\nВ челноке находятся: [asker_nameDef][andOtherCivilians] и [soldiers_count] [soldiers0_kind]. Главное, командир [andCivilians] [shouldBeSaved], а при необходимости экипаж обойдётся без [soldiers0_kind].\n\nЧерез [rescueDelay_duration] за оставшимися прибудет спасательный челнок. Вы должны будете погрузить их всех на борт в течение [leaveDelay_duration].</li>
    <li>andOtherCivilians(civilians_count==1)-></li>
    <li>andOtherCivilians(civilians_count==2)->, другой [pawnLabel],</li>
    <li>andOtherCivilians(civilians_count>=3)->, [civilianCountMinusOne] других [pawnLabelGen],</li>
    <li>andCivilians(civilians_count==1)-></li>
    <li>andCivilians(civilians_count==2)->и [pawnLabel]</li>
    <li>andCivilians(civilians_count>=3)->и [pawnLabelPlural]</li>
    <li>shouldBeSaved(civilians_count==1)->должен быть спасён</li>
    <li>shouldBeSaved(civilians_count>=2)->должны быть спасены</li>
  </ShuttleCrash_Rescue.questDescriptionRules.rulesStrings>
  <!-- EN:
    <li>questName->[shuttle] [crash]</li>
    <li>questName->[asker_faction_pawnSingular] [shuttle] [crash]</li>
    <li>questName->[damaged] [shuttle]</li>
    <li>questName->[asker_nameDef]'s [damaged] [shuttle]</li>
    <li>questName->[emergency] [landing]</li>
    <li>questName->[asker_nameDef]'s [emergency] [landing]</li>
    <li>shuttle->shuttle</li>
    <li>shuttle->transporter</li>
    <li>shuttle->ship</li>
    <li>crash->crash</li>
    <li>crash->down</li>
    <li>damaged->damaged</li>
    <li>damaged->busted</li>
    <li>damaged->failing</li>
    <li>emergency->emergency</li>
    <li>emergency->forced</li>
    <li>landing->landing</li>
    <li>landing->descent</li>
    <li>landing->approach</li>
  -->
  <ShuttleCrash_Rescue.questNameRules.rulesStrings>
    <li>questName->[crash] [shuttleAcc]</li>
    <li>questName->[crash] [shuttleAcc] [asker_faction_pawnSingular] </li>
    <li>questName->[damaged] [shuttle]</li>
    <li>questName->[damaged] [shuttle] [asker_nameDef]</li>
    <li>questName->[emergency] [landing]</li>
    <li>questName->[emergency] [landing] [asker_nameDef]</li>
    <li>shuttle->челнок</li>
    <li>shuttle->транспорт</li>
    <li>shuttle->корабль</li>
    <li>shuttleAcc->челнока</li>
    <li>shuttleAcc->транспорта</li>
    <li>shuttleAcc->корабля</li>
    <li>crash->крушение</li>
    <li>crash->падение</li>
    <li>damaged->повреждённый</li>
    <li>damaged->поломанный</li>
    <li>damaged->сбоящий</li>
    <li>emergency->аварийная</li>
    <li>emergency->вынужденная</li>
    <li>landing->посадка</li>
    <li>landing->посадка</li>
    <li>landing->посадка</li>
  </ShuttleCrash_Rescue.questNameRules.rulesStrings>
  
</LanguageData>