﻿<?xml version="1.0" encoding="utf-8" ?>
<Defs>

  <ThingDef ParentName="BasePawn">
    <defName>Human</defName>
    <label>human</label>
    <description>A baseline human, mostly unmodified by gene engineering and mostly unchanged by evolutionary pressures on non-Earth planets.</description>
    <statBases>
      <MarketValue>1750</MarketValue>
      <MoveSpeed>4.6</MoveSpeed>
      <!-- <Flammability>1.0</Flammability> -->
      <ComfyTemperatureMin>16</ComfyTemperatureMin>
      <ComfyTemperatureMax>26</ComfyTemperatureMax>
      <LeatherAmount>0</LeatherAmount>
      <RoyalFavorValue>3</RoyalFavorValue>
      <MeatAmount>0</MeatAmount>
    </statBases>
    <tools>
      <li>
        <label>left fist</label>
        <capacities>
          <li>Blunt</li>
        </capacities>
        <power>8.2</power>
        <cooldownTime>2</cooldownTime>
        <linkedBodyPartsGroup>LeftHand</linkedBodyPartsGroup>
        <surpriseAttack>
          <extraMeleeDamages>
            <li>
              <def>Stun</def>
              <amount>14</amount>
            </li>
          </extraMeleeDamages>
        </surpriseAttack>
      </li>
      <li>
        <label>right fist</label>
        <capacities>
          <li>Blunt</li>
        </capacities>
        <power>8.2</power>
        <cooldownTime>2</cooldownTime>
        <linkedBodyPartsGroup>RightHand</linkedBodyPartsGroup>
        <surpriseAttack>
          <extraMeleeDamages>
            <li>
              <def>Stun</def>
              <amount>14</amount>
            </li>
          </extraMeleeDamages>
        </surpriseAttack>
      </li>
      <li>
        <label>teeth</label>
        <capacities>
          <li>Bite</li>
        </capacities>
        <power>8.2</power>
        <cooldownTime>2</cooldownTime>
        <linkedBodyPartsGroup>Teeth</linkedBodyPartsGroup>
        <chanceFactor>0.07</chanceFactor>
        <soundMeleeHit>Pawn_Melee_HumanBite_Hit</soundMeleeHit>
        <soundMeleeMiss>Pawn_Melee_HumanBite_Miss</soundMeleeMiss>
      </li>
      <li>
        <label>head</label>
        <capacities>
          <li>Blunt</li>
        </capacities>
        <power>5</power>
        <cooldownTime>2</cooldownTime>
        <linkedBodyPartsGroup>HeadAttackTool</linkedBodyPartsGroup>
        <ensureLinkedBodyPartsGroupAlwaysUsable>true</ensureLinkedBodyPartsGroupAlwaysUsable>
        <chanceFactor>0.2</chanceFactor>
      </li>
    </tools>
    <race>
      <fleshType>Mechanoid</fleshType>
      <!--bloodDef-->
      <!--needsRest-->
      <!--<hasGenders>true</hasGenders> -->
      <thinkTreeMain>Humanlike</thinkTreeMain>
      <thinkTreeConstant>HumanlikeConstant</thinkTreeConstant>
      <intelligence>Humanlike</intelligence>
      <makesFootprints>true</makesFootprints>
      <lifeExpectancy>80</lifeExpectancy>
      <!--herdAnimal стадное-->
      <!--herdMigrationAllowed-->
      <!--packAnimal-->
      <!--maxPreyBodySize-->
      <!--wildness-->
      <!--petness-->
      <!--nuzzleMtbHours-->
      <!--nameOnNuzzleChance-->
      <!--canBePredatorPrey-->
      <!--mateMtbHours - это можно как временное решение для инцеста-->
      <!--untrainableTags-->
      <!--trainableTags-->
      <!--trainability-->
      <leatherDef>Leather_Human</leatherDef>
      <!--useLeatherFrom-->
      <nameCategory>HumanStandard</nameCategory>
      <!--nameGeneratorFemale-->
      <!--nameOnTameChance-->
      <body>Human</body>
      <!-- <deathActionWorkerClass>DeathActionWorker_SmallExplosion</deathActionWorkerClass> -->
      <!-- <executionRange>4</executionRange> -->
      <baseBodySize>1</baseBodySize>
      <baseHealthScale>1</baseHealthScale>
      <!--baseHungerRate-->
      <foodType>OmnivoreHuman</foodType>
      <gestationPeriodDays>45</gestationPeriodDays>
      <meatMarketValue>0.8</meatMarketValue>
      <!--meatLabel-->
      <!--meatColor-->
      <!--useMeatFrom-->
      <manhunterOnDamageChance>0.20</manhunterOnDamageChance>
      <manhunterOnTameFailChance>0.02</manhunterOnTameFailChance>
      <litterSizeCurve>
        <points>
          <li>(0.5, 0)</li>
          <li>(1, 1)</li>
          <li>(1.01, 0.02)</li>
          <li>(3.5, 0)</li>
        </points>
      </litterSizeCurve>
      <lifeStageAges>
        <li>
          <def>HumanlikeBaby</def>
          <minAge>0</minAge>
        </li>
        <li>
          <def>HumanlikeToddler</def>
          <minAge>1.2</minAge>
        </li>
        <li>
          <def>HumanlikeChild</def>
          <minAge>4</minAge>
        </li>
        <li>
          <def>HumanlikeTeenager</def>
          <minAge>13</minAge>
        </li>
        <li>
          <def>HumanlikeAdult</def>
          <minAge>18</minAge>
        </li>
      </lifeStageAges>
      <soundMeleeHitPawn>Pawn_Melee_Punch_HitPawn</soundMeleeHitPawn>
      <soundMeleeHitBuilding>Pawn_Melee_Punch_HitBuilding</soundMeleeHitBuilding>
      <soundMeleeMiss>Pawn_Melee_Punch_Miss</soundMeleeMiss>
      <!--soundCallIntervalRange-->
      <soundMeleeDodge>Pawn_MeleeDodge</soundMeleeDodge>
      <specialShadowData>
        <volume>(0.3, 0.8, 0.4)</volume>
        <offset>(0,0,-0.3)</offset>
      </specialShadowData>
      <ageGenerationCurve>
        <points>
          <li>(14,0)</li>
          <li>(16,100)</li>
          <li>(50,100)</li>
          <li>(60,30)</li>
          <li>(70,18)</li>
          <li>(80,10)</li>
          <li>(90,3)</li>
          <li>(100,0)</li>
        </points>
      </ageGenerationCurve>
      <hediffGiverSets>
        <li>OrganicStandard</li>
        <li>Human</li>
      </hediffGiverSets>
      <!--проверить:-->
      <!--meatDef-->
      <!--corpseDef-->
      <!--cachedAnyPawnKind-->
      <!--productCount-->
    </race>
    <recipes>
      <li>ExciseCarcinoma</li>
      <li>AdministerMechSerumHealer</li>
      <li>RemoveBodyPart</li>
      <li>Euthanize</li>
      <li>Anesthetize</li>
      <li>CureScaria</li>
      <li MayRequire="Ludeon.RimWorld.Royalty">CureBloodRot</li>
      <li MayRequire="Ludeon.RimWorld.Royalty">CureAbasia</li>
    </recipes>
  </ThingDef>

</Defs>
