﻿<?xml version="1.0" encoding="UTF-8"?>
<LanguageData>
  
  <!-- EN: ambush -->
  <Ambush.label>засада</Ambush.label>
  <!-- EN: Caravan ambushed -->
  <Ambush.letterLabel>Караван попал в засаду</Ambush.letterLabel>
  <!-- EN: {0} has been ambushed by {1} from {2}! -->
  <Ambush.letterText>{0} поджидали в засаде {1} из фракции {2}!</Ambush.letterText>
  
  <!-- EN: payment demand -->
  <CaravanDemand.label>требование платы</CaravanDemand.label>
  <CaravanDemand.letterLabel>Караван попал в засаду</CaravanDemand.letterLabel>
  <CaravanDemand.letterText>{0} поджидали {1} из фракции {2}! Они требуют платы за проход.</CaravanDemand.letterText>
  
  <!-- EN: caravan meeting -->
  <CaravanMeeting.label>встреча караванов</CaravanMeeting.label>
  
  <!-- EN: manhunter ambush -->
  <ManhunterAmbush.label>нападение животных</ManhunterAmbush.label>
  <!-- EN: Caravan ambushed (manhunters) -->
  <ManhunterAmbush.letterLabel>На караван напали животные</ManhunterAmbush.letterLabel>
  <!-- EN: {0} has been ambushed by scaria-infected manhunting {1}! -->
  <ManhunterAmbush.letterText>На {0} напали агрессивные {1}, заражённые агриозом!</ManhunterAmbush.letterText>
  
</LanguageData>