﻿<?xml version="1.0" encoding="UTF-8"?>
<LanguageData>
  
  <!-- EN: aurora -->
  <Aurora.label>полярное сияние</Aurora.label>
  <!-- EN: Aurora -->
  <Aurora.letterLabel>Полярное сияние</Aurora.letterLabel>
  
  <!-- EN: eclipse -->
  <Eclipse.label>затмение</Eclipse.label>
  <!-- EN: Eclipse -->
  <Eclipse.letterLabel>Затмение</Eclipse.letterLabel>
  
  <!-- EN: solar flare -->
  <SolarFlare.label>солнечная вспышка</SolarFlare.label>
  <!-- EN: Solar flare -->
  <SolarFlare.letterLabel>Солнечная вспышка</SolarFlare.letterLabel>
  
</LanguageData>