﻿<?xml version="1.0" encoding="UTF-8"?>
<LanguageData>
  
  <!-- EN: alphabeavers -->
  <Alphabeavers.label>альфабобры</Alphabeavers.label>
  
  <!-- EN: ambrosia sprout -->
  <AmbrosiaSprout.label>заросли амброзии</AmbrosiaSprout.label>
  <!-- EN: Ambrosia sprout -->
  <AmbrosiaSprout.letterLabel>Заросли амброзии</AmbrosiaSprout.letterLabel>
  <!-- EN: A grove of the mysterious ambrosia bush has sprouted nearby! If you wait for the plants to grow, you'll be able to harvest the delicious, pleasurable, and slightly addictive fruit. -->
  <AmbrosiaSprout.letterText>Заросли загадочного кустарника, амброзии, раскинулись неподалёку! Если вы подождёте, пока она созреет, вы сможете собрать её соблазнительные, лакомые плоды, обладающие лёгкими наркотическими свойствами.</AmbrosiaSprout.letterText>
  
  <!-- EN: cold snap -->
  <ColdSnap.label>заморозки</ColdSnap.label>
  <!-- EN: Cold snap -->
  <ColdSnap.letterLabel>Заморозки</ColdSnap.letterLabel>
  
  <!-- EN: crop blight -->
  <CropBlight.label>болезнь растений</CropBlight.label>
  
  <!-- EN: farm animals wander in -->
  <FarmAnimalsWanderIn.label>животные присоединились</FarmAnimalsWanderIn.label>
  
  <!-- EN: flashstorm -->
  <Flashstorm.label>грозовой шторм</Flashstorm.label>
  <!-- EN: Flashstorm -->
  <Flashstorm.letterLabel>Грозовой шторм</Flashstorm.letterLabel>
  
  <!-- EN: heat wave -->
  <HeatWave.label>жара</HeatWave.label>
  <!-- EN: Heat wave -->
  <HeatWave.letterLabel>Жара</HeatWave.letterLabel>
  
  <!-- EN: herd migration -->
  <HerdMigration.label>миграция животных</HerdMigration.label>
  <!-- EN: Animal migration: {0} -->
  <HerdMigration.letterLabel>{0} мигрируют</HerdMigration.letterLabel>
  <!-- EN: A group of {0} is passing through the area.\n\nThey won't attack unless provoked. -->
  <HerdMigration.letterText>Мимо поселения крупным стадом мигрируют {0}.\n\nОни не нападут на вас, если их не провоцировать.</HerdMigration.letterText>
  
  <!-- EN: meteorite impact -->
  <MeteoriteImpact.label>метеорит</MeteoriteImpact.label>
  <!-- EN: Meteorite -->
  <MeteoriteImpact.letterLabel>Метеорит</MeteoriteImpact.letterLabel>
  <!-- EN: A large meteorite has struck ground in the area. It has left behind a lump of {0}. -->
  <MeteoriteImpact.letterText>Крупный метеорит упал неподалёку. В месте падения можно найти {0}.</MeteoriteImpact.letterText>
  
  <!-- EN: psychic drone -->
  <PsychicDrone.label>гул</PsychicDrone.label>
  
  <!-- EN: psychic soothe -->
  <PsychicSoothe.label>умиротворение</PsychicSoothe.label>
  
  <!-- EN: ransom demand -->
  <RansomDemand.label>требование выкупа</RansomDemand.label>
  <!-- EN: Ransom demand -->
  <RansomDemand.letterLabel>Требование выкупа</RansomDemand.letterLabel>
  
  <!-- EN: transport pod crash -->
  <RefugeePodCrash.label>крушение капсулы</RefugeePodCrash.label>
  
  <!-- EN: resource pod crash -->
  <ResourcePodCrash.label>грузовые контейнеры</ResourcePodCrash.label>
  
  <!-- EN: self-tame -->
  <SelfTame.label>животное одомашнилось</SelfTame.label>
  
  <!-- EN: short circuit -->
  <ShortCircuit.label>короткое замыкание</ShortCircuit.label>
  
  <!-- EN: thrumbos pass -->
  <ThrumboPasses.label>трумбо</ThrumboPasses.label>
  
  <!-- EN: toxic fallout -->
  <ToxicFallout.label>токсичные осадки</ToxicFallout.label>
  <!-- EN: Toxic fallout -->
  <ToxicFallout.letterLabel>Токсичные осадки</ToxicFallout.letterLabel>
  
  <!-- EN: volcanic winter -->
  <VolcanicWinter.label>вулканическая зима</VolcanicWinter.label>
  <!-- EN: Volcanic winter -->
  <VolcanicWinter.letterLabel>Вулканическая зима</VolcanicWinter.letterLabel>
  
  <!-- EN: wanderer join -->
  <WandererJoin.label>пополнение</WandererJoin.label>
  <!-- EN: Wanderer joins: {PAWN_nameDef} -->
  <WandererJoin.letterLabel>Пополнение: {PAWN_nameDef}</WandererJoin.letterLabel>
  <!-- EN: A {PAWN_title} named {PAWN_nameDef} has arrived and is joining the colony.\n\n[PAWN_pronoun] is willing to contribute, but will not leave voluntarily. If you don't want {PAWN_nameDef}, you can banish {PAWN_objective}, sell {PAWN_objective} into slavery, or simply kill {PAWN_objective}. However, your other colonists may find this disturbing. -->
  <WandererJoin.letterText>{PAWN_title} по имени {PAWN_nameDef} присоединяется к вашему поселению.\n\n{PAWN_pronoun} говорит, что будет с радостью оказывать вам посильную помощь и, кажется, не собирается никуда уходить. Если вы не желаете видеть {PAWN_possessive} в своём поселении, вы можете {PAWN_possessive} изгнать, продать в рабство или просто убить. Хотя другие поселенцы вряд ли будут этим довольны.</WandererJoin.letterText>
  
  <!-- EN: wild man wanders in -->
  <WildManWandersIn.label>дикарь</WildManWandersIn.label>
  <!-- EN: {PAWN_kind} wanders in -->
  <WildManWandersIn.letterLabel>{PAWN_kind}</WildManWandersIn.letterLabel>
  <!-- EN: A person living among wild animals has wandered into the area. {PAWN_pronoun}'s called {0}.\n\nYou can attempt to tame or arrest {PAWN_objective}. -->
  <WildManWandersIn.letterText>В эту местность забрёл человек, привыкший жить среди диких животных. {PAWN_possessive} зовут {0}.\n\nВы можете попробовать {PAWN_possessive} приручить.</WildManWandersIn.letterText>
  
</LanguageData>