﻿<?xml version="1.0" encoding="UTF-8"?>
<LanguageData>
  
  <!-- EN: orbital trader arrival -->
  <OrbitalTraderArrival.label>орбитальный торговец</OrbitalTraderArrival.label>
  
  <!-- EN: friendly raid -->
  <RaidFriendly.label>дружественный рейд</RaidFriendly.label>
  
  <!-- EN: ship chunk drop -->
  <ShipChunkDrop.label>обломок корабля</ShipChunkDrop.label>
  
  <!-- EN: man in black -->
  <StrangerInBlackJoin.label>незнакомец в чёрном</StrangerInBlackJoin.label>
  <!-- EN: Man in black -->
  <StrangerInBlackJoin.letterLabel>Незнакомец в чёрном</StrangerInBlackJoin.letterLabel>
  <!-- EN: Sensing trouble, a mysterious [PAWN_kind] has arrived.\n\nWill [PAWN_pronoun] be able to set things right in these parts? -->
  <StrangerInBlackJoin.letterText>Чувствуя беду, приходит {PAWN_gender ? таинственный : таинственная} {PAWN_kind}.\n\nСможет ли {PAWN_pronoun} навести порядок в этих краях?</StrangerInBlackJoin.letterText>
  
  <!-- EN: trader caravan arrival -->
  <TraderCaravanArrival.label>торговый караван</TraderCaravanArrival.label>
  
  <!-- EN: traveler group -->
  <TravelerGroup.label>путешественники</TravelerGroup.label>
  
  <!-- EN: visitor group -->
  <VisitorGroup.label>гости</VisitorGroup.label>
  
</LanguageData>