﻿<?xml version="1.0" encoding="UTF-8"?>
<LanguageData>
  
  <!-- EN: mass animal insanity -->
  <AnimalInsanityMass.label>массовая агрессия животных</AnimalInsanityMass.label>
  
  <!-- EN: single animal insanity -->
  <AnimalInsanitySingle.label>агрессивное животное</AnimalInsanitySingle.label>
  
  <!-- EN: deep drill infestation -->
  <DeepDrillInfestation.label>насекомые из недр</DeepDrillInfestation.label>
  <!-- EN: Too deep: Infestation -->
  <DeepDrillInfestation.letterLabel>Слишком глубоко: насекомые!</DeepDrillInfestation.letterLabel>
  <!-- EN: Vibrations from your deep drills have angered some underground insects. Now they're tunneling upwards to seek revenge!\n\nBeware - the insects have been angered and will try to destroy your base. -->
  <DeepDrillInfestation.letterText>Вибрации от вашей буровой установки пробудили и привели в ярость гигантских насекомых, живущих под землёй. Теперь они пробираются к вам наверх!\n\nБудьте начеку: они будут пытаться разрушить всю вашу базу.</DeepDrillInfestation.letterText>
  
  <!-- EN: ship part crash (defoliator) -->
  <DefoliatorShipPartCrash.label>корабль-дефолиатор</DefoliatorShipPartCrash.label>
  <!-- EN: Defoliator ship -->
  <DefoliatorShipPartCrash.letterLabel>Корабль-дефолиатор</DefoliatorShipPartCrash.letterLabel>
  <!-- EN: A large piece of an ancient ship has crashed nearby.\n\nIts mysterious influence will kill all plants in an expanding circle around itself.\n\nDestroy it as soon as possible. But beware - it will probably defend itself. -->
  <DefoliatorShipPartCrash.letterText>Крупный фрагмент древнего судна упал неподалёку.\n\nВы замечаете, что все растения в растущем радиусе вокруг корабля начинают загадочным образом погибать.\n\nУничтожьте его как можно скорее. Но будьте осторожны: корабль будут защищать.</DefoliatorShipPartCrash.letterText>
  
  <!-- EN: infestation -->
  <Infestation.label>насекомые</Infestation.label>
  <!-- EN: Infestation -->
  <Infestation.letterLabel>Насекомые!</Infestation.letterLabel>
  <!-- EN: Giant insects are tunneling towards you! They will break through in a few seconds and plant hives.\n\nThe hives will spawn more insects and more hives.\n\nIf you don't want the insects to infest the whole area, destroy the hives. But beware - the bugs will defend their home. -->
  <Infestation.letterText>К вам пробираются гигантские насекомые! Через несколько секунд они со своими ульями будут уже у вас.\n\nУльи порождают новых насекомых и новые ульи.\n\nЕсли вы не хотите, чтобы в будущем всё вокруг кишело ими, вам придётся собрать свои силы и избавиться от этих паразитов. Но будьте осторожны: насекомые будут защищать свой дом.</Infestation.letterText>
  
  <!-- EN: manhunter pack -->
  <ManhunterPack.label>агрессивные животные</ManhunterPack.label>
  
  <!-- EN: mech cluster -->
  <MechCluster.label>кластер механоидов</MechCluster.label>
  <!-- EN: Mechanoid cluster -->
  <MechCluster.letterLabel>Кластер механоидов</MechCluster.letterLabel>
  <!-- EN: A mechanoid combat cluster is landing nearby. The cluster will be initially dormant, so you can take time to decide how to attack it.\n\nIt may remain dormant until disturbed, or it may have a timer or proximity activators.\n\nEven dormant mech clusters aren't harmless. A dormant cluster may assemble mechanoid attackers from time to time, or have some broader negative effect that must be dealt with eventually. -->
  <MechCluster.letterText>Боевой кластер механоидов приземлился поблизости. Изначально он будет в неактивном состоянии, поэтому у вас есть время спланировать атаку.\n\nОн может оставаться неактивным, пока его не потревожат, не сработает таймер или датчик движения.\n\nДаже неактивный кластер представляет угрозу. Он может время от времени собирать атакующих механоидов или наносить вам более серьёзный ущерб иными способами. Уничтожьте его как можно скорее.</MechCluster.letterText>
  
  <!-- EN: ship part crash (psychic) -->
  <PsychicEmanatorShipPartCrash.label>пси-корабль</PsychicEmanatorShipPartCrash.label>
  <!-- EN: Psychic ship -->
  <PsychicEmanatorShipPartCrash.letterLabel>Пси-корабль</PsychicEmanatorShipPartCrash.letterLabel>
  <!-- EN: A large piece of an ancient ship has crashed nearby.\n\nYour colonists can feel it in the back of their mind, exhorting unspeakable acts. It must have an onboard machine persona with psychic projection ability. And this persona is not friendly.\n\nDestroy it as soon as possible. But beware - it will probably defend itself. -->
  <PsychicEmanatorShipPartCrash.letterText>Большой фрагмент древнего судна упал неподалёку.\n\nВаши поселенцы чувствуют, как что-то из глубин сознания подталкивает их совершать немыслимые вещи. Должно быть, на борту корабля находится действующий ИИ с невероятной психической силой, явно настроенный не дружественно.\n\nУничтожьте его как можно скорее. Но будьте осторожны: корабль будут защищать.</PsychicEmanatorShipPartCrash.letterText>
  
  <!-- EN: enemy raid -->
  <RaidEnemy.label>налёт</RaidEnemy.label>
  
</LanguageData>