﻿<?xml version="1.0" encoding="UTF-8"?>
<LanguageData>
  
  <!-- EN: journey offer -->
  <GiveQuest_EndGame_ShipEscape.label>спасительный корабль</GiveQuest_EndGame_ShipEscape.label>
  <!-- EN: Journey offer -->
  <GiveQuest_EndGame_ShipEscape.letterLabel>Спасительный корабль</GiveQuest_EndGame_ShipEscape.letterLabel>
  
  <!-- EN: quest -->
  <GiveQuest_Random.label>задание</GiveQuest_Random.label>
  <!-- EN: Quest available -->
  <GiveQuest_Random.letterLabel>Задание доступно</GiveQuest_Random.letterLabel>
  
</LanguageData>