﻿<?xml version="1.0" encoding="UTF-8"?>
<LanguageData>
  
  <!-- EN:
    <li>questDescription->Using your long-range mineral scanner, [worker_definite] has found a lump of [targetMineable_label] nearby.\n\nUnfortunately, it won't last - others will mine it first in [timeoutTicks_duration] if we don't.[lumpThreatDescription]</li>
  -->
  <LongRangeMineralScannerLump.questDescriptionRules.rulesStrings>
    <li>questDescription->При помощи сканера дальнего действия [worker_definite] обнаруживает неподалёку ценный ресурс, это — [targetMineable_label].\n\nК сожалению, он вряд ли надолго останется нетронутым: через [timeoutTicks_duration] его наверняка выкопают другие.[lumpThreatDescription]</li>
  </LongRangeMineralScannerLump.questDescriptionRules.rulesStrings>
  <!-- EN:
    <li>questName->[lump] of [targetMineableThing_label]</li>
    <li>questName->[targetMineableThing_label] [lump]</li>
    <li>questName->The [targetMineableThing_label] [lump]</li>
    <li>questName->[adj] [targetMineableThing_label]</li>
    <li>questName->[targetMineableThing_label] [discovered]</li>
    <li>lump->lump</li>
    <li>lump->pile</li>
    <li>lump->deposit</li>
    <li>lump->seam</li>
    <li>lump->chunk</li>
    <li>lump->pile</li>
    <li>adj->distant</li>
    <li>adj->far</li>
    <li>adj->unknown</li>
    <li>adj->scanned</li>
    <li>discovered->discovered</li>
    <li>discovered->detected</li>
    <li>discovered->found</li>
    <li>discovered->scanned</li>
  -->
  <LongRangeMineralScannerLump.questNameRules.rulesStrings>
    <li>questName->[adj] ресурсы</li>
    <li>questName->[adj] минералы</li>
    <li>questName->[adj] залежи</li>
    <li>questName->[adj] богатства</li>
    <li>adj->отдалённые</li>
    <li>adj->далёкие</li>
    <li>adj->неизведанные</li>
    <li>adj->загадочные</li>
    <li>adj->обнаружены</li>
    <li>adj->найдены</li>
  </LongRangeMineralScannerLump.questNameRules.rulesStrings>
  <!-- EN: Quest expired: [resolvedQuestName] -->
  <LongRangeMineralScannerLump.LetterLabelQuestExpired.slateRef>Время задания истекло: [resolvedQuestName]</LongRangeMineralScannerLump.LetterLabelQuestExpired.slateRef>
  <!-- EN: Others have mined the lump of [targetMineable_label]. The quest [resolvedQuestName] has expired. -->
  <LongRangeMineralScannerLump.LetterTextQuestExpired.slateRef>Ресурс [targetMineable_label] больше не отображается на нашем сканере. Должно быть, его выкопал кто-то другой. Время, отведённое для задания [resolvedQuestName], истекло.</LongRangeMineralScannerLump.LetterTextQuestExpired.slateRef>
  
</LanguageData>