﻿<?xml version="1.0" encoding="UTF-8"?>
<LanguageData>
  
  <!-- EN:
    <li>questDescription(askerIsNull==true)->We've intercepted messages about a collection of valuable items worth [itemStashContentsValue] not far from [map_definite]. The collection consists of:\n\n[itemStashContents]\n\nIt seems that [allSitePartsDescriptionsExceptFirst]</li>
    <li>questDescription(asker_factionLeader==True)->[asker_nameDef], [asker_faction_leaderTitle] of [asker_faction_name], has informed us of a collection of valuable items worth [itemStashContentsValue] not far from us. The collection consists of:\n\n[itemStashContents]\n\n[asker_label] says that [allSitePartsDescriptionsExceptFirst]</li>
  -->
  <OpportunitySite_ItemStash.questDescriptionRules.rulesStrings>
    <li>questDescription(askerIsNull==true)->Нам удалось перехватить сообщение о схроне с ценными вещами стоимостью [itemStashContentsValue] неподалёку от [map_definite]. В сообщении говорится, что там можно найти:\n\n[itemStashContents]\n\nКажется, что [allSitePartsDescriptionsExceptFirst]</li>
    <li>questDescription(asker_factionLeader==True)->[asker_nameDef], [asker_faction_leaderTitle] фракции [asker_faction_name], сообщает, что им удалось узнать координаты схрона с ценными вещами общей стоимостью [itemStashContentsValue], который расположен недалеко от нас. По [asker_possessive] словам там можно найти:\n\n[itemStashContents]\n\n[asker_label] говорит, что [allSitePartsDescriptionsExceptFirst]</li>
  </OpportunitySite_ItemStash.questDescriptionRules.rulesStrings>
  <!-- EN:
    <li>questName(priority=1)->[asker_nameDef]'s [stash] of [treasure]</li>
    <li>questName->[stash] of [treasure]</li>
    <li>stash->Stash</li>
    <li>stash->Cache</li>
    <li>stash->Collection</li>
    <li>stash->Shack</li>
    <li>treasure->Treasure</li>
    <li>treasure->Valuables</li>
    <li>treasure->Fortune</li>
    <li>treasure->Goodies</li>
    <li>treasure->Supplies</li>
  -->
  <OpportunitySite_ItemStash.questNameRules.rulesStrings>
    <li>questName(priority=1)->[stash] с [treasure] [asker_nameDef]</li>
    <li>questName->[stash] с [treasure]</li>
    <li>stash->клад</li>
    <li>stash->схрон</li>
    <li>stash->тайник</li>
    <li>stash->склад</li>
    <li>stash->хранилище</li>
    <li>treasure->вещами</li>
    <li>treasure->сокровищами</li>
    <li>treasure->ценностями</li>
    <li>treasure->богатствами</li>
    <li>treasure->ресурсами</li>
    <li>treasure->хабаром</li>
    <li>treasure->припасами</li>
  </OpportunitySite_ItemStash.questNameRules.rulesStrings>
  <!-- EN: Quest expired: [resolvedQuestName] -->
  <OpportunitySite_ItemStash.LetterLabelQuestExpired.slateRef>Время задания истекло: [resolvedQuestName]</OpportunitySite_ItemStash.LetterLabelQuestExpired.slateRef>
  <!-- EN: Intercepted communications indicate the item stash has been claimed by others. The quest [resolvedQuestName] has expired. -->
  <OpportunitySite_ItemStash.LetterTextQuestExpired.slateRef>Судя по перехваченным сообщениям, содержимым схрона завладел кто-то другой. Время, отведённое для задания [resolvedQuestName], истекло.</OpportunitySite_ItemStash.LetterTextQuestExpired.slateRef>
  
</LanguageData>