﻿<?xml version="1.0" encoding="UTF-8"?>
<LanguageData>
  
  <!-- EN: <rulesStrings><li>root(priority=1,sitePart==ClimateAdjuster)->there's (*Threat)a climate adjuster machine(/Threat) there shifting the regional temperature by [temperatureOffset]</li><li>root(priority=1,sitePart==PsychicDroner)->there's (*Threat)a psychic droner machine(/Threat) there tuned to the [affectedGender] gender</li><li>root(priority=1,sitePart==PsychicSuppressor)->there's (*Threat)a psychic suppressor machine(/Threat) there tuned to the [affectedGender] gender</li><li>root(priority=1,sitePart==WeatherController)->there's (*Threat)a weather controller machine(/Threat) there forcing weather in the whole region to [weather_label]</li><li>root(priority=1,sitePart==SmokeSpewer)->there's (*Threat)a smoke spewer machine(/Threat) there belching smoke over the whole region</li><li>root(priority=1,sitePart==SunBlocker)->there's (*Threat)a sun blocker machine(/Threat) there shadowing the whole region</li><li>root(priority=1,sitePart==EMIDynamo)->there's (*Threat)an EMI dynamo machine(/Threat) there which can disable electrical devices across the region</li><li>root(priority=1,sitePart==ToxicSpewer)->there's (*Threat)a toxic spewer machine(/Threat) there blanketing the whole region in poison</li><li>root(priority=1,sitePart==RaidSource)->there's a military staging area guarded by (*Threat)[enemiesCount] [enemiesLabel](/Threat) that will launch raids on you every [mtbDays]</li><li>root(priority=1,sitePart==Outpost)->there's an enemy outpost at the site guarded by (*Threat)[enemiesCount] [enemiesLabel](/Threat)</li><li>root(priority=1,sitePart==BanditCamp)->there's a bandit camp at the site guarded by (*Threat)[enemiesCount] [enemiesLabel](/Threat)</li><li>root(priority=1,sitePart==Manhunters,count==1)->(*Threat)a manhunting [kindLabel](/Threat) is wandering nearby</li><li>root(priority=1,sitePart==Manhunters,count>1)->(*Threat)[count] manhunting [kindLabel](/Threat) are wandering nearby</li><li>root(priority=1,sitePart==SleepingMechanoids,count==1)->(*Threat)a mechanoid(/Threat) is sleeping nearby</li><li>root(priority=1,sitePart==SleepingMechanoids,count>1)->(*Threat)[count] mechanoids(/Threat) are sleeping nearby</li><li>root(priority=1,sitePart==Turrets)->(*Threat)[threatsInfo](/Threat) defend the site</li><li>root(priority=1,sitePart==AmbushEdge)->(*Threat)an enemy force(/Threat) is waiting to ambush anyone who comes near</li><li>root(priority=1,sitePart==AmbushHidden)->(*Threat)an enemy force(/Threat) is waiting to ambush anyone who comes near</li><li>root(priority=1,sitePart==MechCluster)->there's (*Threat)a cluster of hostile mechanoid structures(/Threat)</li><li>root(priority=1,sitePart==PossibleUnknownThreatMarker)->there may be an (*Threat)unknown threat(/Threat)</li><li>root->there's [label]</li></rulesStrings> -->
  <Util_GenerateSite.root.singleSitePartRules.slateRef>
    <rulesStrings>
      <li>root(priority=1,sitePart==ClimateAdjuster)->в регионе находится (*Threat)регулятор климата,(/Threat) изменяющий температуру на [temperatureOffset]</li>
      <li>root(priority=1,sitePart==PsychicDroner)->в регионе находится (*Threat)источник гула,(/Threat) настроенный на ^Replace( [affectedGender] | 'мужчина'-'мужчин' | 'женщина'-'женщин')^</li>
      <li>root(priority=1,sitePart==PsychicSuppressor)->в регионе находится (*Threat)психический подавитель,(/Threat) настроенный на ^Replace( [affectedGender] | 'мужчина'-'мужчин' | 'женщина'-'женщин')^</li>
      <li>root(priority=1,sitePart==WeatherController)->в регионе находится (*Threat)контроллер погоды,(/Threat) меняющий погоду на [weather_label]</li>
      <li>root(priority=1,sitePart==SmokeSpewer)->в регионе находится (*Threat)дымогенератор,(/Threat) изрыгаемые которым клубы дыма покрывают весь регион</li>
      <li>root(priority=1,sitePart==SunBlocker)->весь регион находится в тени из-за активного над ним (*Threat)блокировщика солнечных лучей(/Threat)</li>
      <li>root(priority=1,sitePart==EMIDynamo)->там есть (*Threat)ЭМИ-генератор,(/Threat) способный отключить все электроприборы в регионе</li>
      <li>root(priority=1,sitePart==ToxicSpewer)->в регионе находится (*Threat)распылитель токсинов,(/Threat) из-за которого он весь окутан ядовитым туманом</li>
      <li>root(priority=1,sitePart==RaidSource)->там находится перебросочная база, охраняемая (*Threat)^Number( [enemiesCount] | '#-м противником' | '#-мя противниками' | '#-ю противниками')^,(/Threat) с которой на вас будут производиться атаки с промежутком в [mtbDays]</li>
      <li>root(priority=1,sitePart==Outpost)->там расположен бандитский форпост, охраняемый (*Threat)^Number( [enemiesCount] | '# противником' | '# противниками' | '# противниками')^(/Threat)</li>
      <li>root(priority=1,sitePart==BanditCamp)->там расположен лагерь бандитов, охраняемый (*Threat)^Number( [enemiesCount] | '# противником' | '# противниками' | '# противниками')^(/Threat)</li>
      <li>root(priority=1,sitePart==Manhunters,count==1)->(*Threat)[kindLabel](/Threat) в состоянии агрессии бродит неподалёку</li>
      <li>root(priority=1,sitePart==Manhunters,count>1)->(*Threat)[count] [kindLabel](/Threat) в состоянии агрессии бродят неподалёку</li>
      <li>root(priority=1,sitePart==SleepingMechanoids,count==1)->неподалёку «спит» один (*Threat)механоид(/Threat)</li>
      <li>root(priority=1,sitePart==SleepingMechanoids,count>1)->неподалёку «спят» (*Threat)^Number( [count] | '# механоид' | '# механоида' | '# механоидов')^(/Threat)</li>
      <li>root(priority=1,sitePart==Turrets)->(*Threat)[threatsInfo](/Threat) защищают это место</li>
      <li>root(priority=1,sitePart==AmbushEdge)->там затаились в засаде (*Threat)вражеские силы,(/Threat) и они готовы напасть на любого, кто подойдёт близко</li>
      <li>root(priority=1,sitePart==AmbushHidden)->там затаились в засаде (*Threat)вражеские силы,(/Threat) и они готовы напасть на любого, кто подойдёт близко</li>
      <li>root(priority=1,sitePart==MechCluster)->там (*Threat)кластер враждебно настроенных механоидов(/Threat)</li>
      <li>root(priority=1,sitePart==PossibleUnknownThreatMarker)->там может быть (*Threat)неизвестная угроза(/Threat)</li>
      <li>root->там [label]</li>
    </rulesStrings>
  </Util_GenerateSite.root.singleSitePartRules.slateRef>
  
  <!-- EN:
    <li>threatDescription->a mech cluster will land at [map_definite] containing:\n\n[allThreats]</li>
  -->
  <Util_MechCluster.questDescriptionRules.rulesStrings>
    <li>threatDescription->кластер механоидов приземлится в [map_definite]. В нём:\n\n[allThreats]</li>
  </Util_MechCluster.questDescriptionRules.rulesStrings>
  
  <!-- EN:
    <li>threatDescription->[enemyFaction_pawnsPlural] from [enemyFaction_name] will attack you. Their group is composed of:\n\n[raidPawnKinds]\n\n[raidArrivalModeInfo]</li>
  -->
  <Util_Raid.questDescriptionRules.rulesStrings>
    <li>threatDescription->вас атакуют [enemyFaction_pawnsPlural] из фракции [enemyFaction_name]. В их группе:\n\n[raidPawnKinds]\n\n[raidArrivalModeInfo]</li>
  </Util_Raid.questDescriptionRules.rulesStrings>
  
  <!-- EN:
    <li>pawnKindsParagraph(raidCount==1)->The group of [enemyFaction_pawnsPlural] is composed of: \n\n[raid0/raidPawnKinds]\n\n[raid0/raidArrivalModeInfo]</li>
    <li>pawnKindsParagraph(raidCount==2)->The first group of [enemyFaction_pawnsPlural] is composed of: \n\n[raid0/raidPawnKinds]\n\nThe second similar-sized group will follow soon after.</li>
    <li>pawnKindsParagraph(raidCount==3)->The first group of [enemyFaction_pawnsPlural] is composed of: \n\n[raid0/raidPawnKinds]\n\nTwo similar-sized groups will follow soon after.</li>
    <li>pawnKindsParagraph(raidCount>=4)->The first group of [enemyFaction_pawnsPlural] is composed of: \n\n[raid0/raidPawnKinds]\n\n[raidCountMinusOne] similar-sized groups will follow soon after.</li>
    <li>numGroupsOf(raidCount==1)-></li>
    <li>numGroupsOf(raidCount==2)->two groups of</li>
    <li>numGroupsOf(raidCount==3)->three groups of</li>
    <li>numGroupsOf(raidCount>=4)->[raidCount] groups of</li>
  -->
  <Util_RaidDelayRepeatable.questDescriptionRules.rulesStrings>
    <li>pawnKindsParagraph(raidCount==1)->Группа ^Replace( [enemyFaction_pawnsPlural] | 'чужеземцы'-'чужеземцев' | 'пираты'-'пиратов' | 'члены племени'-'членов племени')^ состоит из: \n\n[raid0/raidPawnKinds]\n\n[raid0/raidArrivalModeInfo]</li>
    <li>pawnKindsParagraph(raidCount==2)->Первая группа ^Replace( [enemyFaction_pawnsPlural] | 'чужеземцы'-'чужеземцев' | 'пираты'-'пиратов' | 'члены племени'-'членов племени')^ состоит из: \n\n[raid0/raidPawnKinds]\n\nВ скором времени за ними последует ещё одна группа с похожим составом.</li>
    <li>pawnKindsParagraph(raidCount==3)->Первая группа ^Replace( [enemyFaction_pawnsPlural] | 'чужеземцы'-'чужеземцев' | 'пираты'-'пиратов' | 'члены племени'-'членов племени')^ состоит из: \n\n[raid0/raidPawnKinds]\n\nВ скором времени за ними последует ещё две группы с похожим составом.</li>
    <li>pawnKindsParagraph(raidCount>=4)->Первая группа ^Replace( [enemyFaction_pawnsPlural] | 'чужеземцы'-'чужеземцев' | 'пираты'-'пиратов' | 'члены племени'-'членов племени')^ состоит из: \n\n[raid0/raidPawnKinds]\n\nВ скором времени за ними последуют ещё [raidCountMinusOne] групп с похожим составом.</li>
    <li>numGroupsOf(raidCount==1)-></li>
    <li>numGroupsOf(raidCount==2)->две группы</li>
    <li>numGroupsOf(raidCount==3)->три группы</li>
    <li>numGroupsOf(raidCount>=4)->[raidCount] групп</li>
  </Util_RaidDelayRepeatable.questDescriptionRules.rulesStrings>
  
</LanguageData>