﻿<?xml version="1.0" encoding="UTF-8"?>
<LanguageData>
  
  <!-- EN:
    <li>questDescription->A nearby settlement, [settlement_label], has a special trade request. They would like to purchase:\n\n  [requestedThingCount]x [requestedThing_label] [qualityInfo](worth [requestedThingMarketValue_money])\n\nIf you want to make the trade, send a caravan with the requested items. The estimated travel time is [estimatedTravelTime_duration].</li>
    <li>qualityInfo(requestedThingHasQuality==True,priority=1)->of normal+ quality </li>
    <li>qualityInfo-></li>
  -->
  <TradeRequest.questDescriptionRules.rulesStrings>
    <li>questDescription->Одно из соседних поселений, [settlement_label], связывается с вами с предложением об обмене. Они хотели бы приобрести:\n\n  [requestedThingCount]x [requestedThing_label] [qualityInfo](стоимостью [requestedThingMarketValue_money])\n\nЕсли вы хотите заключить эту сделку, отправьте караван с указанными товарами. Расчётное время в пути — [estimatedTravelTime_duration].</li>
    <li>qualityInfo(requestedThingHasQuality==True,priority=1)->качеством от нормального и выше </li>
    <li>qualityInfo-></li>
  </TradeRequest.questDescriptionRules.rulesStrings>
  <!-- EN:
    <li>questName->Caravan to [settlement_label]</li>
    <li>questName->Trade with [settlement_label]</li>
    <li>questName->Selling to [settlement_label]</li>
    <li>questName->Supplies for [settlement_label]</li>
    <li>questName->A [special] [trade]</li>
    <li>special->Special</li>
    <li>special->Unique</li>
    <li>special->Non-traditional</li>
    <li>trade->Trade</li>
    <li>trade->Exchange</li>
    <li>trade->Deal</li>
    <li>trade->Offer</li>
  -->
  <TradeRequest.questNameRules.rulesStrings>
    <li>questName->караван в [settlement_label]</li>
    <li>questName->торговля с [settlement_label]</li>
    <li>questName->обмен с [settlement_label]</li>
    <li>questName->припасы для [settlement_label]</li>
    <li>questName->[special_masc] [trade_masc]</li>
    <li>questName->[special_neutral] [trade_neutral]</li>
    <li>questName->[special_femine] [trade_femine]</li>
    <li>special_masc->специальный</li>
    <li>special_masc->уникальный</li>
    <li>special_masc->необычный</li>
    <li>special_neutral->специальное</li>
    <li>special_neutral->уникальное</li>
    <li>special_neutral->необычное</li>
    <li>special_femine->специальная</li>
    <li>special_femine->уникальная</li>
    <li>special_femine->необычная</li>
    <li>trade_masc->обмен</li>
    <li>trade_femine->продажа</li>
    <li>trade_femine->сделка</li>
    <li>trade_neutral->предложение</li>
  </TradeRequest.questNameRules.rulesStrings>
  <!-- EN: Quest failed: [resolvedQuestName] -->
  <TradeRequest.LetterLabelQuestFailed.slateRef>Задание провалено: «[resolvedQuestName]»</TradeRequest.LetterLabelQuestFailed.slateRef>
  <!-- EN: [faction_name] became hostile to you. -->
  <TradeRequest.LetterTextQuestFailed.slateRef>Фракция [faction_name] теперь враждебна к вам.</TradeRequest.LetterTextQuestFailed.slateRef>
  <!-- EN: [asker_faction_royalFavorLabel] -->
  <TradeRequest.LetterLabelFavorReceiver.slateRef>[asker_faction_royalFavorLabel]</TradeRequest.LetterLabelFavorReceiver.slateRef>
  <!-- EN: Who should be credited with [asker_faction_royalFavorLabel] for fulfilling the trade request? -->
  <TradeRequest.LetterTextFavorReceiver.slateRef>Кому причитается [asker_faction_royalFavorLabel] за успешное проведение сделки?</TradeRequest.LetterTextFavorReceiver.slateRef>
  
</LanguageData>