﻿<?xml version="1.0" encoding="UTF-8"?>
<LanguageData>
  
  <!-- EN:
    <li>questDescription->[asker_nameFull], [asker_faction_leaderTitle] of [asker_faction_name], has sent us a message. Apparently, [siteFaction_pawnsPlural] based in a nearby camp have been raiding their caravans. The camp is controlled by [siteFaction_name].\n\n[asker_nameDef] is asking us to destroy the camp, which means eliminating all enemies and turrets. [asker_label] says that [sitePart0_description].</li>
  -->
  <OpportunitySite_BanditCamp.questDescriptionRules.rulesStrings>
    <li>questDescription->[asker_nameFull], [asker_faction_leaderTitle] фракции [asker_faction_name], передаёт нам сообщение.\n\nПо всей видимости, [siteFaction_pawnsPlural] из фракции [siteFaction_name] устроили неподалёку лагерь и грабят их караваны.\n\n[asker_nameDef] просит стереть лагерь с лица земли: ликвидировать всех противников и уничтожить их турели. [asker_label] говорит, что [sitePart0_description].</li>
  </OpportunitySite_BanditCamp.questDescriptionRules.rulesStrings>
  <!-- EN:
    <li>questName->The [bandit] [camp]</li>
    <li>questName->[bandit] [camp]</li>
    <li>questName->[asker_nameDef] and the [camp]</li>
    <li>camp->Camp</li>
    <li>camp->Outpost</li>
    <li>camp->Lair</li>
    <li>camp->Encampment</li>
    <li>bandit->Bandit</li>
    <li>bandit->Raider</li>
    <li>bandit->Outlaw</li>
    <li>bandit->Desperado</li>
    <li>bandit->Fugitive</li>
    <li>bandit->Marauder</li>
    <li>bandit->Robber</li>
    <li>bandit->Brigand</li>
  -->
  <OpportunitySite_BanditCamp.questNameRules.rulesStrings>
    <li>questName->[camp] [of_bandits]</li>
    <li>questName->[asker_nameDef] и [camp] [of_bandits]</li>
    <li>camp->логово</li>
    <li>camp->лагерь</li>
    <li>camp->аванпост</li>
    <li>camp->убежище</li>
    <li>camp->стоянка</li>
    <li>of_bandits->бандитов</li>
    <li>of_bandits->налётчиков</li>
    <li>of_bandits->мародёров</li>
    <li>of_bandits->грабителей</li>
    <li>of_bandits->разбойников</li>
    <li>of_bandits->пиратов</li>
  </OpportunitySite_BanditCamp.questNameRules.rulesStrings>
  <!-- EN: Quest expired: [resolvedQuestName] -->
  <OpportunitySite_BanditCamp.LetterLabelQuestExpired.slateRef>Время задания истекло: [resolvedQuestName]</OpportunitySite_BanditCamp.LetterLabelQuestExpired.slateRef>
  <!-- EN: The bandit camp has packed up and moved on. The quest [resolvedQuestName] has expired. -->
  <OpportunitySite_BanditCamp.LetterTextQuestExpired.slateRef>Бандиты свернули лагерь и отправились в другое место. Время, отведённое для задания [resolvedQuestName], истекло.</OpportunitySite_BanditCamp.LetterTextQuestExpired.slateRef>
  <!-- EN: Quest failed: [resolvedQuestName] -->
  <OpportunitySite_BanditCamp.LetterLabelQuestFailed.slateRef>Задание провалено: «[resolvedQuestName]»</OpportunitySite_BanditCamp.LetterLabelQuestFailed.slateRef>
  <!-- EN: After being discovered, the bandit camp has dispersed. The quest [resolvedQuestName] has ended. -->
  <OpportunitySite_BanditCamp.LetterTextQuestFailed.slateRef>Поняв, что их местонахождение известно, бандиты свернули лагерь и отправились в другое место. Задание «[resolvedQuestName]» окончено.</OpportunitySite_BanditCamp.LetterTextQuestFailed.slateRef>
  <!-- EN: Payment arrived -->
  <OpportunitySite_BanditCamp.LetterLabelPaymentArrived.slateRef>Оплата прибыла</OpportunitySite_BanditCamp.LetterLabelPaymentArrived.slateRef>
  <!-- EN: You have defeated the bandit camp!\n\nThe payment from [asker_faction_name] has arrived. -->
  <OpportunitySite_BanditCamp.LetterTextPaymentArrived.slateRef>Вы уничтожили бандитский лагерь!\n\nПрибыла оплата от фракции [asker_faction_name].</OpportunitySite_BanditCamp.LetterTextPaymentArrived.slateRef>
  <!-- EN: [asker_faction_royalFavorLabel] -->
  <OpportunitySite_BanditCamp.LetterLabelFavorReceiver.slateRef>[asker_faction_royalFavorLabel]</OpportunitySite_BanditCamp.LetterLabelFavorReceiver.slateRef>
  <!-- EN: These colonists participated in the victory for the quest [resolvedQuestName]. [asker_definite] wants to know who should receive the [royalFavorReward_amount] [asker_faction_royalFavorLabel] for this service. -->
  <OpportunitySite_BanditCamp.LetterTextFavorReceiver.slateRef>Эти поселенцы приняли участие в успешном завершении задания [resolvedQuestName]. [asker_definite] спрашивает, кому из них за свою службу причитается [royalFavorReward_amount] ед. ^Replace( [asker_faction_royalFavorLabel] | 'милость короны'-'милости короны')^.</OpportunitySite_BanditCamp.LetterTextFavorReceiver.slateRef>
  
</LanguageData>