﻿<?xml version="1.0" encoding="UTF-8"?>
<LanguageData>
  
  <!-- EN:
    <li>questDescription->[faction_leader_nameFull], [faction_leaderTitle] of [faction_name], has sent us a message. [faction_leader_pronoun] wants to talk with us in a nearby location.\n\nIt could be a great opportunity to improve relations with their faction and receive gifts, but beware - a poor negotiator can cause more harm than good and may even anger them.[favorRewardDetails]</li>
    <li>favorRewardDetails(faction_leader_royalInCurrentFaction==True,priority=1)->\n\nSuccessful peace talks can earn your negotiator a small amount of personal [faction_royalFavorLabel] with [faction_name].</li>
    <li>favorRewardDetails-></li>
  -->
  <OpportunitySite_PeaceTalks.questDescriptionRules.rulesStrings>
    <li>questDescription->[faction_leader_nameFull], [faction_leaderTitle] фракции [faction_name], сообщает, что хочет встретиться с вами на нейтральной территории для переговоров.\n\nЭто хорошая возможность улучшить отношения с этой фракцией и получить ценные дипломатические подарки, но знайте: неумелый переговорщик может принести больше вреда, чем пользы.[favorRewardDetails]</li>
    <li>favorRewardDetails(faction_leader_royalInCurrentFaction==True,priority=1)->\n\nУспешная встреча может принести вашему переговорщику немного ^Replace( [faction_royalFavorLabel] | 'милость короны'-'милости короны')^ от фракции [faction_name].</li>
    <li>favorRewardDetails-></li>
  </OpportunitySite_PeaceTalks.questDescriptionRules.rulesStrings>
  <!-- EN:
    <li>questName->[faction_leader_nameDef]'s [peaceTalks]</li>
    <li>questName->[peaceTalks] with [faction_leader_nameDef]</li>
    <li>questName->The [peaceTalks]</li>
    <li>questName->[peaceTalks]</li>
    <li>peaceTalks->Peace Talks</li>
    <li>peaceTalks->Diplomacy</li>
    <li>peaceTalks->Meeting</li>
  -->
  <OpportunitySite_PeaceTalks.questNameRules.rulesStrings>
    <li>questName->[peaceTalks] [faction_leader_nameDef]</li>
    <li>questName->[peaceTalks] с [faction_leader_nameDef]</li>
    <li>questName->[peaceTalks] большой важности</li>
    <li>questName->[peaceTalks]</li>
    <li>peaceTalks->переговоры</li>
    <li>peaceTalks->собрание</li>
    <li>peaceTalks->встреча</li>
  </OpportunitySite_PeaceTalks.questNameRules.rulesStrings>
  <!-- EN: Quest expired: [resolvedQuestName] -->
  <OpportunitySite_PeaceTalks.LetterLabelQuestExpired.slateRef>Время задания истекло: [resolvedQuestName]</OpportunitySite_PeaceTalks.LetterLabelQuestExpired.slateRef>
  <!-- EN: The offer of peace talks with [faction_name] has expired. You have failed the quest [resolvedQuestName]. -->
  <OpportunitySite_PeaceTalks.LetterTextQuestExpired.slateRef>Срок предложения о встрече для переговоров с фракцией [faction_name] истёк. Вы не выполнили задание [resolvedQuestName].</OpportunitySite_PeaceTalks.LetterTextQuestExpired.slateRef>
  
</LanguageData>