﻿<?xml version="1.0" encoding="UTF-8"?>
<LanguageData>
  
  <!-- EN:
    <li>questDescription->A [joiner_age]-year-old [joiner_title] named [joiner_nameDef] is calling from nearby. [joiner_pronoun] is being chased by [enemyFaction_pawnsPlural] from [enemyFaction_name]!\n\n[joiner_pronoun] begs for safety and offers to join you at [map_definite].[joiner_relationInfo]\n\nIf you accept, you'll have to fight off the [enemyFaction_pawnsPluralDef] on [joiner_possessive] tail. The group of [enemyFaction_pawnsPlural] is composed of: \n\n[raid/raidPawnKinds]\n\n[joiner_nameDef] is too frantic to offer more information.</li>
  -->
  <ThreatReward_Raid_Joiner.questDescriptionRules.rulesStrings>
    <li>questDescription->[joiner_title] ^Number( [joiner_age] | '# года' | '# лет' | '# лет')^ по имени [joiner_nameDef] бежит и зовёт на помощь! [joiner_pronoun] говорит, что [joiner_possessive] преследуют [enemyFaction_pawnsPlural] из фракции [enemyFaction_name].\n\n[joiner_pronoun] умоляет о помощи и взамен обещает присоединиться к поселению.[joiner_relationInfo]\n\nЕсли вы согласитесь [joiner_possessive] принять, на вас нападут [enemyFaction_pawnsPluralDef], идущие у н[joiner_possessive] на хвосте. [joiner_nameDef] успевает сообщить, что в их группе: \n\n[raid/raidPawnKinds]</li>
  </ThreatReward_Raid_Joiner.questDescriptionRules.rulesStrings>
  <!-- EN:
    <li>questName->Saving [runnerIndef]</li>
    <li>questName->The Salvation of [runnerIndef]</li>
    <li>questName->Helping [runnerIndef]</li>
    <li>questName->Accepting [runnerIndef]</li>
    <li>questName->[enemyFaction_pawnsPlural] hunting [runnerIndef]</li>
    <li>questName->[runnerIndef] on the Run</li>
    <li>questName->[runnerIndef] Seeks a Home</li>
    <li>questName->[runnerIndef] Chased by [enemyFaction_pawnsPlural]</li>
    <li>questName->[runnerIndef] and [enemyFaction_pawnsPlural]</li>
    <li>runnerIndef->[joiner_titleIndef]</li>
    <li>runnerIndef->[joiner_nameIndef]</li>
    <li>runnerIndef->a Refugee</li>
  -->
  <ThreatReward_Raid_Joiner.questNameRules.rulesStrings>
    <li>questName(p=2)->спасение [runnerGenitive]</li>
    <li>questName(p=2)->помощь [runnerDative]</li>
    <li>questName(p=2)->принятие [runnerGenitive]</li>
    <li>questName->[runnerIndef] в беде</li>
    <li>questName->[runnerIndef] в бегах</li>
    <li>questName->[runnerIndef] ищет новый дом</li>
    <li>questName->[runnerIndef] и [enemyFaction_pawnsPlural]</li>
    <li>questName->[enemyFaction_pawnsPlural] охотятся на [runnerIndef]</li>
    <li>questName->[enemyFaction_pawnsPlural] охотятся на [runnerGenitive]</li>
    <li>questName->[enemyFaction_pawnsPlural] преследуют [runnerIndef]</li>
    <li>questName->[enemyFaction_pawnsPlural] преследуют [runnerGenitive]</li>
    <li>runnerIndef->[joiner_titleIndef]</li>
    <li>runnerIndef->[joiner_nameIndef]</li>
    <li>runnerNominative->беженец</li>
    <li>runnerGenitive->беженца</li>
    <li>runnerDative->беженцу</li>
  </ThreatReward_Raid_Joiner.questNameRules.rulesStrings>
  <!-- EN: {BASELABEL} chasing [../joiner_nameDef] -->
  <ThreatReward_Raid_Joiner.LetterLabelCashing.value.slateRef>{BASELABEL} преследуют [../joiner_nameDef]</ThreatReward_Raid_Joiner.LetterLabelCashing.value.slateRef>
  <!-- EN: {BASETEXT}\n              \nThe [enemyFaction_pawnsPlural] have come to get [../joiner_nameDef]. -->
  <ThreatReward_Raid_Joiner.LetterTextCashing.value.slateRef>{BASETEXT}\n              \n[enemyFaction_pawnsPlural] пришли за [../joiner_nameDef].</ThreatReward_Raid_Joiner.LetterTextCashing.value.slateRef>
  
</LanguageData>