﻿<?xml version="1.0" encoding="UTF-8"?>
<LanguageData>
  
  <!-- EN:
    <li>questDescription->A prisoner being held by [siteFaction_name] has managed to steal a radio and call you!\n\n[prisoner_nameDef] is being held at a camp near [map_definite][underArmedGuard]. Rescue [prisoner_objective], and [prisoner_pronoun] will join your colony. [prisoner_pronoun] is a [prisoner_age]-year-old [prisoner_title]. [prisoner_pronoun] says that [allSitePartsDescriptionsExceptFirst][formerColonistInfo][prisonerFullRelationInfo]\n\nIf you miss this opportunity, you may never hear from [prisoner_nameDef] again.</li>
    <li>formerColonistInfo(priority=1)->\n\n[prisoner_formerlyColonistInfo]</li>
    <li>formerColonistInfo-></li>
    <li>underArmedGuard(allowViolentQuests==true,priority=1)-> under armed guard</li>
    <li>underArmedGuard-></li>
  -->
  <OpportunitySite_PrisonerWillingToJoin.questDescriptionRules.rulesStrings>
    <li>questDescription->Пленник фракции [siteFaction_name] смог раздобыть радиопередатчик и вызывает вас!\n\n[prisoner_nameDef] держат в лагере неподалёку от [map_definite][underArmedGuard]. Спасите [prisoner_possessive], и [prisoner_pronoun] присоединится к вашему поселению. [prisoner_objective] ^Number( [prisoner_age] | '# год' | '# года' | '# лет')^ и [prisoner_pronoun] [prisoner_title]. [prisoner_pronoun] говорит, что [allSitePartsDescriptionsExceptFirst][formerColonistInfo][prisonerFullRelationInfo]\n\nЕсли вы упустите эту возможность, то рискуете больше никогда не увидеть [prisoner_nameDef].</li>
    <li>formerColonistInfo(priority=1)->\n\n[prisoner_formerlyColonistInfo]</li>
    <li>formerColonistInfo-></li>
    <li>underArmedGuard(allowViolentQuests==true,priority=1)-> под вооружённой охраной</li>
    <li>underArmedGuard-></li>
  </OpportunitySite_PrisonerWillingToJoin.questDescriptionRules.rulesStrings>
  <!-- EN:
    <li>questName->[prisoner_nameDef]'s Salvation</li>
    <li>questName->[prisoner_nameDef]'s Rescue</li>
    <li>questName->[prisoner_nameDef]'s Breakout</li>
    <li>questName->Rescuing [prisoner_nameDef]</li>
    <li>questName->Saving [prisoner_nameDef]</li>
    <li>questName->Breaking [prisoner_nameDef] Out</li>
  -->
  <OpportunitySite_PrisonerWillingToJoin.questNameRules.rulesStrings>
    <li>questName->спасение [prisoner_nameDef]</li>
    <li>questName->освобождение [prisoner_nameDef]</li>
    <li>questName->вызволение [prisoner_nameDef]</li>
    <li>questName->спасти [prisoner_nameDef]</li>
    <li>questName->освободить [prisoner_nameDef]</li>
    <li>questName->вызволить [prisoner_nameDef]</li>
  </OpportunitySite_PrisonerWillingToJoin.questNameRules.rulesStrings>
  
</LanguageData>