﻿<?xml version="1.0" encoding="UTF-8"?>
<LanguageData>
  
  <!-- EN:
    <li>questDescription->A friendly AI from your past named (*Name)Charlon Whitestone(/Name) has sent you a message!\n\nHe reveals that he has a starship hidden on this planet, and sends you its world coordinates.\n\nThe starship is in deep hibernation mode. You'll have to start it up when you arrive, then defend it from raiders trying to steal it until the startup sequence completes. It will be a long, difficult series of battles.\n\nIf you can get the ship off the ground, (*Name)Charlon Whitestone(/Name) will take you off this rimworld, to the stars.</li>
  -->
  <EndGame_ShipEscape.questDescriptionRules.rulesStrings>
    <li>questDescription->Знакомый вам дружелюбно настроенный ИИ по имени (*Name)Шарлон Вайтстоун(/Name) отправил вам сообщение!\n\nОн говорит, что на этой планете в тайном месте расположен его корабль, и сообщает вам координаты.\n\nВ данный момент корабль находится в режиме глубокой гибернации. По прибытии на место вам придётся запустить все его системы и приготовиться к нападению налётчиков, желающих захватить судно. Это будет долгая и непростая череда сражений.\n\nЕсли вам удастся взлететь, (*Name)Шарлон Вайтстоун(/Name) унесёт вас с этого окраинного мира вдаль, к звёздам.</li>
  </EndGame_ShipEscape.questDescriptionRules.rulesStrings>
  <!-- EN:
    <li>questName->Ship to the Stars</li>
  -->
  <EndGame_ShipEscape.questNameRules.rulesStrings>
    <li>questName->путь к звёздам</li>
  </EndGame_ShipEscape.questNameRules.rulesStrings>
  
</LanguageData>