﻿<?xml version="1.0" encoding="UTF-8"?>
<LanguageData>
  
  <!-- EN:
    <li>rewardDescription->a [joiner_age]-year-old [joiner_title] named [joiner_nameDef] will arrive in a transport pod.[joinerFactionInfo][joiner_relationInfo]</li>
    <li>joinerFactionInfo(priority=1)-> [joiner_pronoun] is a member of [joiner_factionName].</li>
    <li>joinerFactionInfo-></li>
  -->
  <Util_JoinerDropIn.questDescriptionRules.rulesStrings>
    <li>rewardDescription->[joiner_nameDef] — [joiner_title] возраста ^Number( [joiner_age] | '# года' | '# лет' | '# лет')^ прибудет в транспортной капсуле.[joinerFactionInfo][joiner_relationInfo]</li>
    <li>joinerFactionInfo(priority=1)-> [joiner_pronoun] член фракции [joiner_factionName].</li>
    <li>joinerFactionInfo-></li>
  </Util_JoinerDropIn.questDescriptionRules.rulesStrings>
  
  <!-- EN:
    <li>rewardDescription->a [joiner_age]-year-old [joiner_title] named [joiner_nameDef] will arrive and join you. [joiner_relationInfo]</li>
  -->
  <Util_JoinerWalkIn.questDescriptionRules.rulesStrings>
    <li>rewardDescription->[joiner_nameDef] — [joiner_title] возраста ^Number( [joiner_age] | '# года' | '# лет' | '# лет')^ присоединится к вам. [joiner_relationInfo]</li>
  </Util_JoinerWalkIn.questDescriptionRules.rulesStrings>
  
  <!-- EN:
    <li>rewardDescription->transport pods with the following resources will arrive (total value [itemPodsTotalMarketValue_money]):\n\n[itemPodsContents]</li>
  -->
  <Util_SendItemPods.questDescriptionRules.rulesStrings>
    <li>rewardDescription->прибудут транспортные капсулы со следующими ресурсами (общей ценностью [itemPodsTotalMarketValue_money]):\n\n[itemPodsContents]</li>
  </Util_SendItemPods.questDescriptionRules.rulesStrings>
  
</LanguageData>