﻿<?xml version="1.0" encoding="UTF-8"?>
<LanguageData>
  
  <!-- EN:
    <li>questDescription(askerIsNull==true)->[refugee_nameDef] contacts you and requests help. [refugee_pronoun] is wounded and unable to move.\n\n[refugee_nameDef] is a [refugee_age]-year-old [refugee_title]. [refugee_pronoun] promises to join you if you rescue [refugee_objective].\n\n[refugee_nameDef] says that [allSitePartsDescriptionsExceptFirst][pawnInvolvedInQuestInfo]</li>
    <li>questDescription(asker_factionLeader==True)->[asker_nameDef], [asker_faction_leaderTitle] of [asker_faction_name], says that [asker_possessive] friend has been wounded while traveling. The victim is [refugee_nameIndef], a [refugee_age]-year-old [refugee_title].\n\n[asker_nameDef] has nobody to spare to rescue [refugee_nameDef], but says that if you can make it to [refugee_nameDef]'s position and rescue [refugee_objective], [refugee_pronoun] will join you.\n\n[asker_nameDef] says that [allSitePartsDescriptionsExceptFirst][pawnInvolvedInQuestInfo]</li>
    <li>pawnInvolvedInQuestInfo(priority=1)->[refugee_pawnInvolvedInQuestInfo]</li>
    <li>pawnInvolvedInQuestInfo-></li>
  -->
  <OpportunitySite_DownedRefugee.questDescriptionRules.rulesStrings>
    <li>questDescription(askerIsNull==true)->[refugee_nameDef] связывается с вами по радио и умоляет о помощи. [refugee_objective] нанесли тяжёлые раны, и [refugee_pronoun] не в состоянии передвигаться самостоятельно.\n\n[refugee_nameDef] — [refugee_title] в возрасте ^Number( [refugee_age] | '# года' | '# лет' | '# лет')^. [refugee_pronoun] обещает присоединиться к вам, если вы спасёте [refugee_possessive].\n\n[refugee_nameDef] говорит, что [allSitePartsDescriptionsExceptFirst][pawnInvolvedInQuestInfo]</li>
    <li>questDescription(asker_factionLeader==True)->[asker_nameDef], [asker_faction_leaderTitle] фракции [asker_faction_name], говорит, что [asker_possessive] друга ранили, пока тот был в пути. Жертва — [refugee_nameIndef], [refugee_title] в возрасте ^Number( [refugee_age] | '# года' | '# лет' | '# лет')^.\n\nУ [asker_nameDef] нет людей, чтобы отправить на спасение [refugee_nameDef], но [asker_pronoun] заверяет, что если вы сможете добраться до [refugee_nameDef] и оказать [refugee_objective] помощь, то [refugee_pronoun] присоединится к вам.\n\n[asker_nameDef] говорит, что [allSitePartsDescriptionsExceptFirst][pawnInvolvedInQuestInfo]</li>
    <li>pawnInvolvedInQuestInfo(priority=1)->[refugee_pawnInvolvedInQuestInfo]</li>
    <li>pawnInvolvedInQuestInfo-></li>
  </OpportunitySite_DownedRefugee.questDescriptionRules.rulesStrings>
  <!-- EN:
    <li>questName->Saving [refugee_nameDef]</li>
    <li>questName->The Rescue of [refugee_nameDef]</li>
    <li>questName->[refugee_nameDef]'s Rescue</li>
    <li>questName->[refugee_nameDef]'s Salvation</li>
  -->
  <OpportunitySite_DownedRefugee.questNameRules.rulesStrings>
    <li>questName->спасая [refugee_nameDef]</li>
    <li>questName->помогая [refugee_nameDef]</li>
    <li>questName->спасение [refugee_nameDef]</li>
    <li>questName->помощь [refugee_nameDef]</li>
  </OpportunitySite_DownedRefugee.questNameRules.rulesStrings>
  <!-- EN: Quest expired: [resolvedQuestName] -->
  <OpportunitySite_DownedRefugee.LetterLabelQuestExpired.slateRef>Время задания истекло: [resolvedQuestName]</OpportunitySite_DownedRefugee.LetterLabelQuestExpired.slateRef>
  <!-- EN: [refugee_nameDef]'s signal has been lost, and [refugee_pronoun] can no longer be rescued. The quest [resolvedQuestName] has expired. -->
  <OpportunitySite_DownedRefugee.LetterTextQuestExpired.slateRef>Мы потеряли сигнал от [refugee_nameDef]. [refugee_possessive] больше не спасти. Время, отведённое для задания [resolvedQuestName], истекло.</OpportunitySite_DownedRefugee.LetterTextQuestExpired.slateRef>
  
</LanguageData>