﻿<?xml version="1.0" encoding="UTF-8"?>
<LanguageData>
  
  <!-- EN:
    <li>allLodgerInfo->[healthInfo][minMoodInfo][workInfo]</li>
    <li>lodgersLabelSingOrPlural(lodgersCount==1)->[lodgers0_nameDef]</li>
    <li>lodgersLabelSingOrPlural(lodgersCount>=2)->[lodgersLabelPlural]</li>
    <li>lodgersLabelSingOrPluralDef(lodgersCount==1)->[lodgers0_nameDef]</li>
    <li>lodgersLabelSingOrPluralDef(lodgersCount>=2)->the [lodgersLabelPlural]</li>
    <li>healthInfo-></li>
    <li>healthInfo(lodgersHaveBloodRotAndParalysis==true,priority=1)->\n\n[paralyzedInfo]\n\n[bloodRotInfo]</li>
    <li>healthInfo(lodgersAreParalyzed==true,priority=1)->\n\n[paralyzedInfo]</li>
    <li>healthInfo(lodgersHaveBloodRot==true,priority=1)->\n\n[bloodRotInfo]</li>
    <li>paralyzedInfo->[lodgersLabelSingOrPluralDef] [areIs] suffering from paralytic abasia and must be kept in bed.</li>
    <li>bloodRotInfo->[lodgersLabelSingOrPluralDef] [areIs] sick with blood rot and will require daily treatment. The disease can be slowed with high-quality care and medicine, but generally cannot be cured outright. If the disease becomes severe [lodgersLabelSingOrPluralDef] will die, so ensure you have the necessary medical supplies.</li>
    <li>minMoodInfo-></li>
    <li>minMoodInfo(lodgersCountWithMoodThreshold>0,priority=1)->\n\nyou must keep the mood of [lodgersLabelSingOrPluralDef] above [lodgersMoodThreshold_percent].</li>
    <li>workInfo-></li>
    <li>workInfo(lodgersWillNotWork==true,priority=1)->\n\n[lodgersLabelSingOrPluralDef] will not do any work.</li>
    <li>commonDescEnding->[helpersParagraph]</li>
    <li>enemyGroupsParagraph->[threatDescriptionParagraph]</li>
    <li>threatDescriptionParagraph(threatType==Raids,threatCount==1,threatSize==1)->there will be (*Threat)a raid(/Threat) of roughly this size:\n\n[threatExample]</li>
    <li>threatDescriptionParagraph(threatType==Raids,threatCount==1,threatSize>1)->there will be (*Threat)a raid(/Threat) of strength [threatSize]x and roughly this size:\n\n[threatExample]</li>
    <li>threatDescriptionParagraph(threatType==Raids,threatCount>1,threatSize==1)->there will be (*Threat)[threatCount] raids(/Threat) of roughly this size:\n\n[threatExample]</li>
    <li>threatDescriptionParagraph(threatType==Raids,threatCount>1,threatSize>1)->there will be (*Threat)[threatCount] raids(/Threat) of strength [threatSize]x and roughly this size:\n\n[threatExample]</li>
    <li>threatDescriptionParagraph(threatType==MechClusters,threatCount==1,threatSize==1)->(*Threat)a mech cluster(/Threat) will deploy nearby.</li>
    <li>threatDescriptionParagraph(threatType==MechClusters,threatCount==2,threatSize==1)->(*Threat)two mech clusters(/Threat) will deploy nearby.</li>
    <li>threatDescriptionParagraph(threatType==MechClusters,threatCount==1,threatSize>1)->(*Threat)a mech cluster(/Threat) of [threatSize]x size will deploy nearby.</li>
    <li>threatDescriptionParagraph(threatType==MechClusters,threatCount==2,threatSize>1)->(*Threat)two mech clusters(/Threat) of [threatSize]x size will deploy nearby.</li>
    <li>threatsInfoMechClustersSingleHuman->[lodgers0_nameDef] recently [mechViolation], and has been targeted by an orbiting mechanoid swarm.</li>
    <li>threatsInfoMechClustersMultiPrisoners->The prisoners recently [mechViolation], and have been targeted by an orbiting mechanoid swarm.</li>
    <li>threatsInfoMechRaidsSingleHuman->[lodgers0_nameDef] recently [mechViolation], and has been targeted by a mechanoid hive.</li>
    <li>threatsInfoMechRaidsMultiHuman->They recently [mechViolation], and have been targeted by a mechanoid hive.</li>
    <li>mechViolation->angered a machine persona somehow</li>
    <li>mechViolation->violated an ancient supercomputer terminal</li>
    <li>mechViolation->murdered a human child favored by an archotech</li>
    <li>mechViolation->attempted to hack a mechanoid control node</li>
    <li>mechViolation->attempted to steal from an ancient storage site</li>
    <li>letterSubject->{SUBJECT_definite}</li>
    <li>lodgersHasHave(lodgersCount==1)->has</li>
    <li>lodgersHasHave(lodgersCount>=2)->have</li>
    <li>lodgersObjective(lodgersCount==1)->[lodgers0_objective]</li>
    <li>lodgersObjective(lodgersCount>=2)->them</li>
    <li>areIs(lodgersCount==1)->is</li>
    <li>areIs(lodgersCount>=2)->are</li>
    <li>remainingWillNowLeave(lodgersCount==1)-></li>
    <li>remainingWillNowLeave(lodgersCount>=2)->Any remaining [lodgersLabelPlural] will now leave. </li>
    <li>failLetterEndingQuest->You have failed the quest '[resolvedQuestName]'.</li>
    <li>failLetterEndingCommon(askerIsNull==true,priority=1)->[failLetterEndingQuest]</li>
    <li>failLetterEndingCommon->[failLetterEndingQuest]\n\nYour relations with [asker_faction_name] have decreased by [goodwillPenalty].</li>
  -->
  <QuestHospitalityCommon.rulePack.rulesStrings>
    <li>allLodgerInfo->[healthInfo][minMoodInfo][workInfo]</li>
    <li>lodgersLabelSingOrPlural(lodgersCount==1)->[lodgers0_nameDef]</li>
    <li>lodgersLabelSingOrPlural(lodgersCount>=2)->[lodgersLabelPlural]</li>
    <li>lodgersLabelSingOrPlural_gen(lodgersCount==1)->[lodgersLabelGen]</li>
    <li>lodgersLabelSingOrPlural_gen(lodgersCount>=2)->[lodgersLabelPluralGen]</li>
    <li>lodgersLabelSingOrPlural_acc(lodgersCount==1)->[lodgers0_nameDef]</li>
    <li>lodgersLabelSingOrPlural_acc(lodgersCount>=2)->[lodgersLabelPluralAcc]</li>
    <li>lodgers_arrived(lodgersCount==1,lodgers0_gender==Male)->прибыл</li>
    <li>lodgers_arrived(lodgersCount==1,lodgers0_gender==Female)->прибыла</li>
    <li>lodgers_arrived(lodgersCount>=2)->прибыли</li>
    <li>lodgers_possessive(lodgersCount==1)->[lodgers0_possessive]</li>
    <li>lodgers_possessive(lodgersCount>=2)->их</li>
    <li>lodgers_pronoun(lodgersCount==1)->[lodgers0_pronoun]</li>
    <li>lodgers_pronoun(lodgersCount>=2)->они</li>
    <li>lodgers_these_people_will_be(lodgersCount==1)->этот человек будет</li>
    <li>lodgers_these_people_will_be(lodgersCount>=2)->эти люди будут</li>
    <li>lodgers_will_leave(lodgersCount==1)->покинет</li>
    <li>lodgers_will_leave(lodgersCount>=2)->покинут</li>
    <li>lodgers_should(lodgersCount==1,lodgers0_gender==Male)->должен</li>
    <li>lodgers_should(lodgersCount==1,lodgers0_gender==Female)->должна</li>
    <li>lodgers_should(lodgersCount>=2)->должны</li>
    <li>lodgers_sick(lodgersCount==1,lodgers0_gender==Male)->болен</li>
    <li>lodgers_sick(lodgersCount==1,lodgers0_gender==Female)->больна</li>
    <li>lodgers_sick(lodgersCount>=2)->больны</li>
    <li>lodgers_will(lodgersCount==1)->будет</li>
    <li>lodgers_will(lodgersCount>=2)->будут</li>
    <li>lodgers_suffer(lodgersCount==1)->страдает</li>
    <li>lodgers_suffer(lodgersCount>=2)->страдают</li>
    <li>healthInfo-></li>
    <li>healthInfo(lodgersHaveBloodRotAndParalysis==true,priority=1)->\n\n[paralyzedInfo]\n\n[bloodRotInfo]</li>
    <li>healthInfo(lodgersAreParalyzed==true,priority=1)->\n\n[paralyzedInfo]</li>
    <li>healthInfo(lodgersHaveBloodRot==true,priority=1)->\n\n[bloodRotInfo]</li>
    <li>paralyzedInfo->[lodgersLabelSingOrPlural] [lodgers_suffer] от паралитической абазии и [lodgers_should] находиться в кровати.</li>
    <li>bloodRotInfo->[lodgersLabelSingOrPlural] [lodgers_sick] гнилокровием и [lodgers_will] нуждаться в ежедневном лечении. Хороший уход и качественные лекарства помогут замедлить болезнь, но её невозможно вылечить сразу. Гнилокровие в запущенной стадии приводит к потере поселенца. Убедитесь, что у вас есть запас необходимых медикаментов.</li>
    <li>minMoodInfo-></li>
    <li>minMoodInfo(lodgersCountWithMoodThreshold>0,priority=1)->\n\nвы должны поддерживать настроение [lodgersLabelSingOrPlural_gen] выше [lodgersMoodThreshold_percent].</li>
    <li>workInfo-></li>
    <li>workInfo(lodgersWillNotWork==true,priority=1)->\n\n[lodgersLabelSingOrPlural] не [lodgers_will] работать.</li>
    <li>commonDescEnding->[helpersParagraph]</li>
    <li>enemyGroupsParagraph->[threatDescriptionParagraph]</li>
    <li>threatDescriptionParagraph(threatType==Raids,threatCount==1,threatSize==1)->на вас совершат налёт примерно в следующем составе:\n\n[threatExample]</li>
    <li>threatDescriptionParagraph(threatType==Raids,threatCount==1,threatSize>1)->на вас совершат налёт силой х[threatSize] примерно в следующем составе:\n\n[threatExample]</li>
    <li>threatDescriptionParagraph(threatType==Raids,threatCount>1,threatSize==1)->на вас совершат ^Number( [threatCount] | '# налёт' | '# налёта' | '# налётов')^ примерно в следующем составе:\n\n[threatExample]</li>
    <li>threatDescriptionParagraph(threatType==Raids,threatCount>1,threatSize>1)->на вас совершат ^Number( [threatCount] | '# налёт' | '# налёта' | '# налётов')^ силой х[threatSize] примерно в следующем составе:\n\n[threatExample]</li>
    <li>threatDescriptionParagraph(threatType==MechClusters,threatCount==1,threatSize==1)->неподалёку десантируется кластер механоидов.</li>
    <li>threatDescriptionParagraph(threatType==MechClusters,threatCount==2,threatSize==1)->неподалёку десантируются два кластера механоидов.</li>
    <li>threatDescriptionParagraph(threatType==MechClusters,threatCount==1,threatSize>1)->неподалёку десантируется кластер механоидов размера x[threatSize].</li>
    <li>threatDescriptionParagraph(threatType==MechClusters,threatCount==2,threatSize>1)->неподалёку десантируются два кластера механоидов размера x[threatSize].</li>
    <li>enemyGroupsParagraph->Налёты будут происходить примерно раз в [threatsIntervalTicks_duration]. В их составе будут:\n\n[threatExample]</li>
    <li>threatsInfoMechClustersSingleHuman->[lodgers0_nameDef] недавно [lodgers0_mechViolation], и преследуется роем механоидов, базирующимся на орбите.</li>
    <li>threatsInfoMechClustersMultiPrisoners->Эти заключённые недавно [mechViolation_plural], и преследуются роем механоидов, базирующимся на орбите.</li>
    <li>threatsInfoMechRaidsSingleHuman->[lodgers0_nameDef] недавно [lodgers0_mechViolation], и преследуется роем механоидов.</li>
    <li>threatsInfoMechRaidsMultiHuman->Они недавно [mechViolation_plural], и преследуются роем механоидов.</li>
    <li>lodgers0_mechViolation(lodgers0_gender==Male)->каким-то образом разозлил ИИ-архотека</li>
    <li>lodgers0_mechViolation(lodgers0_gender==Male)->осквернил древний терминал суперкомпьютера</li>
    <li>lodgers0_mechViolation(lodgers0_gender==Male)->обидел человеческого ребёнка, обожаемого ИИ-архотеком</li>
    <li>lodgers0_mechViolation(lodgers0_gender==Male)->попытался взломать управляющий узел механоидов</li>
    <li>lodgers0_mechViolation(lodgers0_gender==Male)->попытался совершить кражу из древнего хранилища</li>
    <li>lodgers0_mechViolation(lodgers0_gender==Female)->каким-то образом разозлила ИИ-архотека</li>
    <li>lodgers0_mechViolation(lodgers0_gender==Female)->осквернила древний терминал суперкомпьютера</li>
    <li>lodgers0_mechViolation(lodgers0_gender==Female)->обидела человеческого ребёнка, обожаемого ИИ-архотеком</li>
    <li>lodgers0_mechViolation(lodgers0_gender==Female)->попыталась взломать управляющий узел механоидов</li>
    <li>lodgers0_mechViolation(lodgers0_gender==Female)->попыталась совершить кражу из древнего хранилища</li>
    <li>mechViolation_plural->каким-то образом разозлили ИИ-архотека</li>
    <li>mechViolation_plural->осквернили древний терминал суперкомпьютера</li>
    <li>mechViolation_plural->обидели человеческого ребёнка, обожаемого ИИ-архотеком</li>
    <li>mechViolation_plural->попытались взломать управляющий узел механоидов</li>
    <li>mechViolation_plural->попытались совершить кражу из древнего хранилища</li>
    <li>letterSubject->{SUBJECT_definite}</li>
    <li>remainingWillNowLeave(lodgersCount==1)-></li>
    <li>remainingWillNowLeave(lodgersCount>=2)->Все оставшиеся [lodgersLabelPlural] покинут поселение.</li>
    <li>failLetterEndingQuest->Вы провалили задание «[resolvedQuestName]».</li>
    <li>failLetterEndingCommon(askerIsNull==true,priority=1)->[failLetterEndingQuest]</li>
    <li>failLetterEndingCommon->[failLetterEndingQuest]\n\nВаша репутация у фракции [asker_faction_name] ухудшилась на [goodwillPenalty].</li>
  </QuestHospitalityCommon.rulePack.rulesStrings>
  
</LanguageData>