﻿<?xml version="1.0" encoding="UTF-8"?>
<LanguageData>
  
  <!-- EN: carpet -->
  <Floor_Carpet.label>ковёр</Floor_Carpet.label>
  
  <!-- EN: fine carpet -->
  <Floor_Carpet_Fine.label>изысканный ковёр</Floor_Carpet_Fine.label>
  
  <!-- EN: flagstone -->
  <Floor_Flagstone.label>грубая плитка</Floor_Flagstone.label>
  
  <!-- EN: tile -->
  <Floor_Tile.label>плитка</Floor_Tile.label>
  
  <!-- EN: fine tile -->
  <Floor_Tile_Fine.label>изысканная плитка</Floor_Tile_Fine.label>
  
  <!-- EN: metal tile -->
  <Floor_Tile_Metal.label>металлическая плитка</Floor_Tile_Metal.label>
  
  <!-- EN: standing lamp -->
  <StandingLampColored.label>лампа</StandingLampColored.label>
  
</LanguageData>