<?xml version="1.0" encoding="utf-8" ?>
<Patch>
	<Operation MayRequire="Atlas.AndroidTiers" Class="PatchOperationSequence">
		<success>Always</success>
		<operations>

			<!-- Исправление согласно концепции «12+».

			Убираем разделку бывших людей -->
			<li Class="PatchOperationAdd">
				<!-- Внимание! При добавлении нового параметра важен алфавитный порядок файлов патчей! disallowedThingDefs создан в первом файле, а здесь можно использовать только ссылку -->
				<xpath>Defs/RecipeDef[defName = "ButcherCorpseFlesh"]/fixedIngredientFilter/disallowedThingDefs</xpath>
				<value>
					<li>Corpse_Abomination</li>
				</value>
			</li>
			<li Class="PatchOperationReplace">
				<xpath>Defs/ThingDef[defName = "Abomination"]/statBases/MeatAmount</xpath>
				<value>
					<MeatAmount>0</MeatAmount>
					<BoneAmount MayRequire="sihv.rombones">0</BoneAmount>
				</value>
			</li>
			<li Class="PatchOperationReplace">
				<xpath>Defs/ThingDef[defName = "Abomination"]/statBases/LeatherAmount/text()</xpath>
				<value>0</value>
			</li>

			<!-- Андроиды, 6 видов -->
			<li Class="PatchOperationAdd">
				<xpath>Defs/AlienRace.ThingDef_AlienRace[
				defName = "Android1Tier" or
				defName = "Android2Tier" or
				defName = "Android3Tier" or
				defName = "Android4Tier" or
				defName = "Android5Tier" or
				defName = "M7Mech"
				]/alienRace/generalSettings/disallowedTraits</xpath>
				<value>
					<li> <defName>Asexual</defName> </li>
					<li> <defName>Bisexual</defName> </li>
					<li> <defName>Cannibal</defName> </li>
					<li> <defName>Gay</defName> </li> <!-- Masochist уже отключен у всех 6 -->
					<li> <defName>Pyromaniac</defName> </li>
				</value>
			</li>
			<!-- У Т5 по умолчанию не была отключена черта Pyromaniac -->
			<li Class="PatchOperationAdd">
				<xpath>Defs/AlienRace.ThingDef_AlienRace[defName = "Android5Tier"]/alienRace/generalSettings/disallowedTraits</xpath>
				<value>
					<li> <defName>Asexual</defName> </li>
					<li> <defName>Bisexual</defName> </li>
					<li> <defName>Cannibal</defName> </li>
					<li> <defName>Gay</defName> </li>
				</value>
			</li>
			<!-- У М7 уже отключены все мысли.
			У Т1 и Т5 уже отключены мысли ButcheredHumanlikeCorpse и KnowButcheredHumanlikeCorpse -->
			<li Class="PatchOperationAdd">
				<xpath>Defs/AlienRace.ThingDef_AlienRace[
				defName = "Android1Tier" or
				defName = "Android5Tier"
				]/alienRace/thoughtSettings/cannotReceiveThoughts</xpath>
				<value>
					<li>KilledHumanlikeBloodlust</li>
					<li>MasochistPain</li>
					<li>PyromaniacHappy</li>
					<li>WitnessedDeathBloodlust</li>
				</value>
			</li>
			<li Class="PatchOperationAdd">
				<xpath>Defs/AlienRace.ThingDef_AlienRace[
				defName = "Android2Tier" or
				defName = "Android3Tier" or
				defName = "Android4Tier"
				]/alienRace/thoughtSettings/cannotReceiveThoughts</xpath>
				<value>
					<li>ButcheredHumanlikeCorpse</li>
					<li>KilledHumanlikeBloodlust</li>
					<li>KnowButcheredHumanlikeCorpse</li>
					<li>MasochistPain</li>
					<li>PyromaniacHappy</li>
					<li>WitnessedDeathBloodlust</li>
				</value>
			</li>
			<!-- Убираем кости -->
			<li Class="PatchOperationAdd">
				<xpath>Defs/AlienRace.ThingDef_AlienRace[
				defName = "Android1Tier" or
				defName = "Android2Tier" or
				defName = "Android3Tier" or
				defName = "Android4Tier" or
				defName = "Android5Tier"
				]/statBases</xpath>
				<value>
					<BoneAmount MayRequire="sihv.rombones">0</BoneAmount>
				</value>
			</li>
			<!-- Аналогично для М7, дрона и 5-и механических питомцев -->
			<li Class="PatchOperationAdd">
				<xpath>Defs/ThingDef[
				@Name = "AnimalAndroidThingBase" or
				@Name = "BasePawnMech" or
				defName = "RoboticCow"
				]/statBases</xpath>
				<value>
					<BoneAmount MayRequire="sihv.rombones">0</BoneAmount>
				</value>
			</li>

			<!-- В новой версии Римворлда отображается количество мяса даже при его нулевом значении.
			В лоре из книги Ф.К.Дика "Снятся ли андроидам электроовцы" не описана биохимия потребления пищи у андроидов, но косвенно можно понять, что она близка к человеческой.
			Вероятно, в них встроен биореактор, как у биороботов из вселенной "Кремль 2222".
			Было бы правильно заменить "мясо альпака" у андроидов на наше "мумиё".
			Но так как внешность андроидов нарисована не по лору, а ближе к роботам, то более логичным ресурсом будет сталь как в трупах механоидов -->
			<li Class="PatchOperationReplace">
				<xpath>Defs/AlienRace.ThingDef_AlienRace[
				defName = "Android1Tier" or
				defName = "Android2Tier" or
				defName = "Android3Tier" or
				defName = "Android4Tier" or
				defName = "Android5Tier" or
				defName = "M7Mech"
				]/race/useMeatFrom/text()</xpath>
				<value>Mech_Centipede</value>
			</li>
			<!-- Аналогично для дрона и 4-х механических питомцев -->
			<li Class="PatchOperationReplace">
				<xpath>Defs/ThingDef[
				defName = "MicroScyther" or
				@Name = "AnimalAndroidThingBase"
				]/race/useMeatFrom/text()</xpath>
				<value>Mech_Centipede</value>
			</li>
			<!-- Для механической коровы: -->
			<li Class="PatchOperationAdd">
				<xpath>Defs/ThingDef[defName = "RoboticCow"]/race</xpath>
				<value>
					<useMeatFrom>Mech_Centipede</useMeatFrom>
				</value>
			</li>

			<!-- Ещё в новой версии Римворлда отображается тип кожи даже при её нулевом значении.
			У всех 6 андроидов отключена ранее прописанная шкура мутанта -->
			<li Class="PatchOperationReplace">
				<xpath>Defs/AlienRace.ThingDef_AlienRace[
				defName = "Android1Tier" or
				defName = "Android2Tier" or
				defName = "Android3Tier" or
				defName = "Android4Tier" or
				defName = "Android5Tier" or
				defName = "M7Mech"
				]/race/leatherDef</xpath>
				<value>
					<useLeatherFrom>Mech_Centipede</useLeatherFrom>
				</value>
			</li>
			<!-- Аналогично для дрона -->
			<li Class="PatchOperationReplace">
				<xpath>Defs/ThingDef[defName = "MicroScyther"]/race/leatherDef</xpath>
				<value>
					<useLeatherFrom>Mech_Centipede</useLeatherFrom>
				</value>
			</li>
			<!-- Аналогично для 5-и механических питомцев.
			Кроме того, на данном этапе развития мода АТ, все робо-животные - металлические машины, поэтому не могут быть целью хищников -->
			<li Class="PatchOperationReplace">
				<xpath>Defs/ThingDef[
				defName = "AndroidMuff" or
				defName = "AndroidChicken" or
				defName = "RoboticSheep" or
				defName = "AndroidDog" or
				defName = "RoboticCow"
				]/race/leatherDef</xpath>
				<value>
					<useLeatherFrom>Mech_Centipede</useLeatherFrom>
					<canBePredatorPrey>false</canBePredatorPrey>
				</value>
			</li>

			<!-- Для замены разделки исправляем недоделанный автором рецепт разборки андроидов. -->
			<li Class="PatchOperationReplace">
				<xpath>Defs/RecipeDef[defName = "ATPP_DisassembleAndroid"]/ingredients/li[1]/filter/categories/li[1]/text()</xpath>
				<value>Corpses</value>
			</li>
			<li Class="PatchOperationReplace">
				<xpath>Defs/RecipeDef[defName = "ATPP_DisassembleAndroid"]/fixedIngredientFilter</xpath>
				<value>
					<uiIconThing>Steel</uiIconThing>
					<fixedIngredientFilter>
						<categories>
							<li>Corpses</li>
						</categories>
						<disallowedCategories>
							<li>CorpsesMechanoid</li>
							<li>CorpsesAnimal</li>
						</disallowedCategories>
					</fixedIngredientFilter>
				</value>
			</li>

			<!-- Убираем съедобность мёртвого мутанта и дрона. Почему-то из этого файла она не отключается, вероятно из-за алфавитного порядка файлов патчей. Решено методом переноса нужных строк в файл "ManEatingPatch.xml".
			<li Class="PatchOperationAdd">
				<xpath>Defs/ThingDef[@Name = "BasePawn"]/race/willNeverEat</xpath>
				<value>
					<li>Corpse_Abomination</li>
					<li>Corpse_MicroScyther</li>
				</value>
			</li>
			-->

			<!-- Скрипт MOARANDROIDS.Recipe_RerollTraits. использует все трейты, вместо разрешённых для конкретной расы.
			Кроме того, он добавляет черты характера даже андроидам без личности.
			Пока не найдено решение для этих багов, рецепт мягко отключён -->
			<li Class="PatchOperationReplace">
				<xpath>Defs/RecipeDef[defName = "RerollAndroidTraits"]/workerClass/text()</xpath>
				<value>MOARANDROIDS.Recipe_AndroidRewireSurgery</value>
			</li>

			<!-- Исправлена неточность, сообщите разработчику.

			У андроида М7 нет кнопки "Персона". Но у мёртвого М7 эта кнопка снова появляется! Надо или вернуть её живым, или убрать у мёртвых.
			Дополнительная информация по навыкам - в файле AndroidTiers_Rebalance.xml.
			Виден навык "Животноводство" у покойного М7, а в описании персонажа М7 отображаются лишние характеристики "Скорость поглощения пищи", "Шансы на приручение/обучение животных", "Качество/Скорость лечения", "Эффективность жатвы", "Скорость работы с растениями", "Эффективность/Скорость работы с животными", "Скорость переплавки", "Качество ремонта андроидов".
			Пока не найдено решение для этих багов, хотя бы сгладим явное несоответствие по животноводству в панели "Персона" у мёртвого М7: -->
			<li Class="PatchOperationAdd">
				<xpath>Defs/TraitDef[defName = "MechAtlas"]/degreeDatas/li[1]</xpath>
				<value>
					<skillGains>
						<li>
							<key>Animals</key>
							<value>-20</value>
						</li>
					</skillGains>
				</value>
			</li>

			<!-- Возраст андроидов и механоидов не может быть больше 3400 лет.
			Действующий же алгоритм приводил к появлению отрицательных дат рождения.
			Вероятнее, что все 6 моделей андроидов изобрели одновременно с механоидами -->
			<li Class="PatchOperationAdd">
				<xpath>Defs/PawnKindDef[
				defName = "AndroidT5Colonist" or
				defName = "M7MechPawn"
				]</xpath>
				<value>
					<maxGenerationAge>2500</maxGenerationAge>
				</value>
			</li>

			<!-- Возраст только что созданных андроидов должен быть равен 0, а не 5. Решение пока не найдено, нужно сделать отсчёт возраста от нуля, как у только что рождённых детёнышей животных.
			Стандартное решение приводит к ошибке, даже если выставить натуральное число:
			<li Class="PatchOperationReplace">
				<xpath>Defs/PawnKindDef[
				defName = "AndroidT1Colonist" or
				defName = "AndroidT2Colonist" or
				defName = "AndroidT3Colonist" or
				defName = "AndroidT4Colonist"
				]/maxGenerationAge/text()</xpath>
				<value>0</value>
			</li>
			Для М7 это тоже актуально, а там возможно надо будет создать отдельный PawnKindDef для суррогатов.
			-->

			<!-- Андроиды из пластали не могут заржаветь. Более вероятна запылённость суставов и других движущихся частей. Цвет описания подправлен соответственно. -->
			<li Class="PatchOperationReplace">
				<xpath>Defs/HediffDef[defName = "ATPP_Rusted"]/defaultLabelColor/text()</xpath>
				<value>(255, 255, 255)</value>
			</li>

		</operations>
	</Operation>
</Patch>
