<?xml version="1.0" encoding="utf-8" ?>
<Patch>
	<Operation MayRequire="Atlas.AndroidTiers" Class="PatchOperationSequence">
		<success>Always</success>
		<operations>

			<!-- Исправлен баланс, сообщите разработчику

			На данном этапе развития мода АТ, питательный раствор - это не животный продукт -->
			<li Class="PatchOperationReplace">
				<xpath>Defs/ThingDef[defName = "NSolution"]/thingCategories/li[1]/text()</xpath>
				<value>Foods</value>
			</li>
			<!-- Добавлен рецепт изготовления ножа для М7 -->
			<li Class="PatchOperationAdd">
				<xpath>Defs</xpath>
				<value>
					<RecipeDef>
						<defName>ATPP_Make_MeleeWeapon_MechKnife</defName>
						<label>make a blade for M7</label>
						<!-- Ask developers to add hyperlink, like in vanilla descriptions.
						Temporarely, added a tip -->
						<description>Forge a two-meter plasteel blade and put a durable steel handle, suitable for M7's "hand", on it. For details, press "Result" string or "i" button.</description>
						<jobString>making a blade for M7</jobString>
						<ingredients>
							<li>
								<filter>
									<thingDefs>
										<li>Plasteel</li>
									</thingDefs>
								</filter>
								<count>80</count>
							</li>
							<li>
								<filter>
									<thingDefs>
										<li>Steel</li>
									</thingDefs>
								</filter>
								<count>40</count>
							</li>
						</ingredients>
						<products>
							<MeleeWeapon_MechKnife>1</MeleeWeapon_MechKnife>
						</products>
						<workSpeedStat>GeneralLaborSpeed</workSpeedStat>
						<effectWorking>Cook</effectWorking>
						<soundWorking>Recipe_Machining</soundWorking>
						<workAmount>12000</workAmount>
						<unfinishedThingDef>UnfinishedComponent</unfinishedThingDef>
						<fixedIngredientFilter>
							<thingDefs>
								<li>Plasteel</li>
								<li>Steel</li>
							</thingDefs>
						</fixedIngredientFilter>
						<workSkill>Intellectual</workSkill>
						<skillRequirements>
							<Crafting>6</Crafting>
							<Intellectual>6</Intellectual>
						</skillRequirements>
						<researchPrerequisite>ATPP_ResearchSM7</researchPrerequisite>
						<recipeUsers>
							<li>AndroidPartsTable</li>
							<li>FueledSmithy</li>
							<li>ElectricSmithy</li>
						</recipeUsers>
					</RecipeDef>
				</value>
			</li>
			<!-- Добавлен рецепт разбивания андроидов на материалы для доиндустриальных поселений, по аналогии с ванилью -->
			<li Class="PatchOperationAdd">
				<xpath>Defs</xpath>
				<value>
					<RecipeDef>
						<defName>ATPP_SmashAndroid</defName>
						<label>smash body of android</label>
						<description>Smash a dead android with simple hand tools to salvage usable material.</description>
						<jobString>smashing android</jobString>
						<workAmount>450</workAmount>
						<workSpeedStat>ButcheryMechanoidSpeed</workSpeedStat>
						<workSkill>Crafting</workSkill>
						<efficiencyStat>ButcheryMechanoidEfficiency</efficiencyStat>
						<effectWorking>ButcherMechanoid</effectWorking>
						<uiIconThing>Steel</uiIconThing>
						<soundWorking>Recipe_SmashCorpseMechanoid</soundWorking>
						<ingredients>
							<li>
								<filter>
									<categories>
										<li>Corpses</li>
									</categories>
								</filter>
								<count>1</count>
							</li>
						</ingredients>
						<fixedIngredientFilter>
							<categories>
								<li>Corpses</li>
							</categories>
							<specialFiltersToDisallow>
								<li>AllowRotten</li>
							</specialFiltersToDisallow>
							<disallowedThingDefs>
								<!-- Трупы других рас следует добавлять сюда своими патчами, например как в файле OrassansLite_Patch.xml, причём обязательными, а не по желанию -->
								<li>Corpse_Human</li>
							</disallowedThingDefs>
							<!-- Эти строки почему-то убирают видимость списка, хотя кнопки "разрешить всё" и "запретить всё" по прежнему управляют невидимыми галочками -->
							<disallowedCategories>
								<li>CorpsesMechanoid</li>
								<li>CorpsesAnimal</li>
							</disallowedCategories>
						</fixedIngredientFilter>
						<defaultIngredientFilter>
							<thingDefs>
								<li>Corpse_Android1Tier</li>
								<li>Corpse_Android2Tier</li>
								<li>Corpse_Android3Tier</li>
								<li>Corpse_Android4Tier</li>
								<li>Corpse_Android5Tier</li>
								<li>Corpse_M7Mech</li>
							</thingDefs>
							<specialFiltersToAllow>
								<li>AllowCorpsesColonist</li>
								<li>AllowCorpsesStranger</li>
							</specialFiltersToAllow>
						</defaultIngredientFilter>
						<specialProducts>
							<li>Butchery</li>
						</specialProducts>
						<recipeUsers>
							<li>CraftingSpot</li>
						</recipeUsers>
					</RecipeDef>
				</value>
			</li>
			<!-- У андроидов М7 убрана возможность общения, иначе они могут торговаться и вести переговоры, а это противоречит лору.
			Ещё они шутят, переживают, обсуждают социальные взаимодействия и т.п. Для отключения этого бага пока не найдено решение.
			Дополнительная информация по навыкам - в файле AndroidTiers_Patch.xml -->
			<li Class="PatchOperationAdd">
				<xpath>Defs/AlienRace.BackstoryDef[defName = "MechanizedInfantry"]/workDisables</xpath>
				<value>
					<li>Social</li>
				</value>
			</li>

		</operations>
	</Operation>
</Patch>
