<?xml version="1.0" encoding="utf-8" ?>
<Patch>
	<Operation Class="PatchOperationSequence">
		<success>Always</success>
		<operations>

			<!-- Исправление согласно концепции «12+».

			Можно было бы совсем отключить текстильный ресурс с людей, но пусть вспомнится подвиг древнеримских женщин из г.Аквилея, отдавших свои волосы для ремонта катапульт -->
			<li Class="PatchOperationAttributeSet">
				<xpath>Defs/ThingDef[defName = "Leather_Human"]</xpath>
				<attribute>ParentName</attribute>
				<value>WoolBase</value>
			</li>
			<li Class="PatchOperationReplace">
				<xpath>Defs/ThingDef[defName = "Leather_Human"]/graphicData/color</xpath>
				<value>
					<color>(120, 98, 80)</color>
					<drawSize>0.5</drawSize>
				</value>
			</li>
			<li Class="PatchOperationReplace">
				<xpath>Defs/ThingDef[defName = "Human"]/statBases/LeatherAmount</xpath>
				<value>
					<LeatherAmount>0</LeatherAmount>
					<MeatAmount>0</MeatAmount>
					<BoneAmount MayRequire="sihv.rombones">0</BoneAmount>
				</value>
			</li>
			<li Class="PatchOperationAdd">
				<xpath>Defs/ThingDef[defName = "Human"]/race</xpath>
				<value>
					<meatColor>(125,125,0)</meatColor>
				</value>
			</li>
			<li Class="PatchOperationAdd">
				<xpath>Defs/ThingDef[defName = "Human"]/alienRace/generalSettings</xpath>
				<value>
					<disallowedTraits>
						<li> <defName>Asexual</defName> </li>
						<li> <defName>Bisexual</defName> </li>
						<li> <defName>Cannibal</defName> </li>
						<li> <defName>Gay</defName> </li>
						<li> <defName>Masochist</defName> </li>
						<li> <defName>Pyromaniac</defName> </li>
					</disallowedTraits>
				</value>
			</li>
			<li Class="PatchOperationAdd">
				<xpath>Defs/ThingDef[defName = "Human"]/alienRace/thoughtSettings/cannotReceiveThoughts</xpath>
				<value>
					<li>ButcheredHumanlikeCorpse</li>
					<li>KilledHumanlikeBloodlust</li>
					<li>KnowButcheredHumanlikeCorpse</li>
					<li>MasochistPain</li>
					<li>PyromaniacHappy</li>
					<li>WitnessedDeathBloodlust</li>
				</value>
			</li>

		</operations>
	</Operation>
</Patch>
