<?xml version="1.0" encoding="utf-8" ?>
<Patch>
	<Operation MayRequire="Ykara.EPOE" Class="PatchOperationSequence">
		<success>Always</success>
		<operations>

			<!-- Исправление согласно концепции «12+».

			Весь функционал следует синхронизировать с соответствующими описаниями
			Алкоголь -->
			<li Class="PatchOperationRemove">
				<xpath>Defs/RecipeDef[
				defName = "MinceOrgans" or
				defName = "MinceLimbs"
				]</xpath>
			</li>

		</operations>
	</Operation>
</Patch>
