<?xml version="1.0" encoding="utf-8" ?>
<Patch>
	<Operation MayRequire="jamaicancastle.RF.fertilefields" Class="PatchOperationSequence">
		<success>Always</success>
		<operations>

			<!-- Исправление согласно концепции «12+» -->

			<li Class="PatchOperationAdd">
				<xpath>Defs/RecipeDef[
				defName = "CompostCorpse" or
				defName = "CompostCorpseCampfire"
				]/fixedIngredientFilter/disallowedCategories</xpath>
				<value>
					<li>CorpsesHumanlike</li>
				</value>
			</li>

		</operations>
	</Operation>
</Patch>
