<?xml version="1.0" encoding="utf-8" ?>

<!-- MIT
Copyright (c) 2018 Simon Latusek
-->

<Patch>
	<Operation MayRequire="erdelf.HumanoidAlienRaces" Class="PatchOperationSequence">
		<success>Always</success>
		<operations>

			<!-- Исправлена неточность, сообщите разработчику -->

			<li Class="PatchOperationReplace">
				<xpath>Defs/ThingCategoryDef[defName = "alienCorpseCategory"]/parent/text()</xpath>
				<value>Corpses</value>
			</li>
			<li Class="PatchOperationReplace">
				<xpath>Defs/SpecialThingFilterDef[
				defName = "AllowCorpsesColonist" or
				defName = "AllowCorpsesStranger"
				]/parentCategory/text()</xpath>
				<value>alienCorpseCategory</value>
			</li>

		</operations>
	</Operation>
</Patch>
