<?xml version="1.0" encoding="utf-8" ?>

<!-- CC BY-SA 4.0 With Exeption.
Copyright (c) Haplo

Исправление согласно концепции «12+», сообщите разработчику -->

<Patch>
	<Operation MayRequire="Haplo.Miscellaneous.Training" Class="PatchOperationAdd">
		<success>Always</success>
		<xpath>Defs/ThingDef[
		defName = "ShootingRangeTarget" or
		defName = "MartialArtsTarget"
		]/graphicData</xpath>
		<value>
			<drawSize>1.45</drawSize>
		</value>
	</Operation>
</Patch>
