<?xml version="1.0" encoding="utf-8" ?>
<Patch>
	<Operation MayRequire="dianawinters.OrassansLite" Class="PatchOperationSequence">
		<success>Always</success>
		<operations>

			<!-- Исправление согласно концепции «12+».

			Расы: -->
			<li Class="PatchOperationRemove">
				<xpath>Defs/ThingDef[defName = "Leather_Orassan"]</xpath>
			</li>
			<li Class="PatchOperationReplace">
				<xpath>Defs/AlienRace.ThingDef_AlienRace[
				defName = "Alien_Orassan" or
				defName = "Alien_OrassanHumanHybrid"
				]/race/leatherDef</xpath>
				<value>
					<useMeatFrom>Human</useMeatFrom>
					<useLeatherFrom>Human</useLeatherFrom>
				</value>
			</li>
			<li Class="PatchOperationAdd">
				<xpath>Defs/AlienRace.ThingDef_AlienRace[
				defName = "Alien_Orassan" or
				defName = "Alien_OrassanHumanHybrid"
				]/alienRace/generalSettings</xpath>
				<value>
					<disallowedTraits>
						<li> <defName>Asexual</defName> </li>
						<li> <defName>Bisexual</defName> </li>
						<li> <defName>Cannibal</defName> </li>
						<li> <defName>Gay</defName> </li>
						<li> <defName>Masochist</defName> </li>
						<li> <defName>Pyromaniac</defName> </li>
					</disallowedTraits>
				</value>
			</li>
			<li Class="PatchOperationAdd">
				<xpath>Defs/AlienRace.ThingDef_AlienRace[
				defName = "Alien_Orassan" or
				defName = "Alien_OrassanHumanHybrid"
				]/alienRace/thoughtSettings/cannotReceiveThoughts</xpath>
				<value>
					<li>ButcheredHumanlikeCorpse</li>
					<li>KilledHumanlikeBloodlust</li>
					<li>KnowButcheredHumanlikeCorpse</li>
					<li>MasochistPain</li>
					<li>PyromaniacHappy</li>
					<li>WitnessedDeathBloodlust</li>
				</value>
			</li>
			<li Class="PatchOperationReplace">
				<xpath>Defs/AlienRace.ThingDef_AlienRace[
				defName = "Alien_Orassan" or
				defName = "Alien_OrassanHumanHybrid"
				]/statBases/LeatherAmount</xpath>
				<value>
					<LeatherAmount>0</LeatherAmount>
					<MeatAmount>0</MeatAmount>
					<BoneAmount MayRequire="sihv.rombones">0</BoneAmount>
				</value>
			</li>
			<!-- Отменяем действие патча, удаляя а потом перезаписывая параметр:
			\Mods\OrassansLite\1.2\Patches\meals.xml -->
			<li Class="PatchOperationRemove">
				<xpath>Defs/RecipeDef[@Name = "CookMealBase"]/defaultIngredientFilter/disallowedThingDefs</xpath>
			</li>
			<li Class="PatchOperationAdd">
				<xpath>Defs/RecipeDef[@Name = "CookMealBase"]/defaultIngredientFilter</xpath>
				<value>
					<disallowedThingDefs>
						<li>Meat_Human</li>
						<li>Meat_Megaspider</li>
						<li>InsectJelly</li>
					</disallowedThingDefs>
				</value>
			</li>
			<!-- Адаптация к моду Android Tiers -->
			<li MayRequire="Atlas.AndroidTiers" Class="PatchOperationAdd">
				<xpath>Defs/RecipeDef[defName = "ATPP_SmashAndroid"]/fixedIngredientFilter/disallowedThingDefs</xpath>
				<value>
					<li>Corpse_Alien_Orassan</li>
					<li>Corpse_Alien_OrassanHumanHybrid</li>
				</value>
			</li>
			<!-- Сок из кошачьих ягод: -->
			<li Class="PatchOperationAttributeSet">
				<xpath>Defs/ThingDef[defName = "Catberryjuice"]</xpath>
				<attribute>ParentName</attribute>
				<value>ResourceBase</value>
			</li>
			<li Class="PatchOperationAdd">
				<xpath>Defs/ThingDef[defName = "Catberryjuice"]</xpath>
				<value>
					<thingCategories>
						<li>Foods</li>
					</thingCategories>
				</value>
			</li>
			<li Class="PatchOperationReplace">
				<xpath>Defs/ThingDef[defName = "Catberryjuice"]/ingestible</xpath>
				<value>
					<ingestible>
						<preferability>DesperateOnly</preferability>
						<foodType>Fluid, Processed</foodType>
						<joyKind>Gluttonous</joyKind>
						<joy>0.15</joy>
						<nurseable>true</nurseable>
						<ingestSound>Ingest_Beer</ingestSound>
						<ingestHoldOffsetStanding>
							<northDefault>
								<offset>(0.18,0,0)</offset>
							</northDefault>
						</ingestHoldOffsetStanding>
						<ingestCommandString>Drink {0}</ingestCommandString>
						<ingestReportString>Drinking {0}.</ingestReportString>
						<maxNumToIngestAtOnce>1</maxNumToIngestAtOnce>
					</ingestible>
				</value>
			</li>
			<li Class="PatchOperationRemove">
				<xpath>Defs/ThingDef[defName = "Catberryjuice"]/comps/li[1]</xpath>
			</li>
			<!-- Мятное пирожное: -->
			<li Class="PatchOperationReplace">
				<xpath>Defs/ThingDef[defName = "CatnipJoint"]</xpath>
				<value>
					<ThingDef ParentName="ResourceBase">
						<defName>CatnipJoint</defName>
						<label>mint cake</label>
						<description>A tasty curds based cake with orassan catnip leaves added. It is rather nutritious and fulfills the need for recreation.</description>
						<thingCategories>
							<li>Foods</li>
						</thingCategories>
						<graphicData>
							<texPath>Things/Item/Drug/CatJoint</texPath>
							<graphicClass>Graphic_StackCount</graphicClass>
							<drawSize>0.75</drawSize>
						</graphicData>
						<stackLimit>8</stackLimit>
						<rotatable>false</rotatable>
						<statBases>
							<Mass>0.2</Mass>
							<WorkToMake>500</WorkToMake>
							<MarketValue>14</MarketValue>
							<Nutrition>0.4</Nutrition>
							<Flammability>1</Flammability>
						</statBases>
						<techLevel>Neolithic</techLevel>
						<ingestible>
							<preferability>DesperateOnly</preferability>
							<foodType>Processed</foodType>
							<joyKind>Gluttonous</joyKind>
							<joy>0.18</joy>
							<nurseable>true</nurseable>
							<ingestSound>Meal_Eat</ingestSound>
							<ingestHoldOffsetStanding>
								<northDefault>
									<offset>(0.35,0,0.1)</offset>
								</northDefault>
							</ingestHoldOffsetStanding>
							<ingestCommandString>Eat {0}</ingestCommandString>
							<ingestReportString>Eating {0}.</ingestReportString>
						</ingestible>
						<recipeMaker>
							<recipeUsers>
								<li>FueledStove</li>
								<li>ElectricStove</li>
							</recipeUsers>
							<workSpeedStat>CookSpeed</workSpeedStat>
							<workSkill>Cooking</workSkill>
							<skillRequirements>
								<Cooking>6</Cooking>
							</skillRequirements>
							<bulkRecipeCount>4</bulkRecipeCount>
						</recipeMaker>
						<costList>
							<CatnipLeaves>8</CatnipLeaves>
							<Milk>8</Milk>
						</costList>
						<comps>
							<li Class="CompProperties_Rottable">
								<daysToRotStart>14</daysToRotStart>
								<rotDestroys>true</rotDestroys>
							</li>
						</comps>
						<tickerType>Rare</tickerType>
					</ThingDef>
				</value>
			</li>
			<!-- Удаляем лишние нарко-эффекты: -->
			<li Class="PatchOperationRemove">
				<xpath>Defs/ThingDef[defName = "CateyeBerries"]/ingestible/outcomeDoers</xpath>
			</li>
			<li Class="PatchOperationRemove">
				<xpath>Defs/ThoughtDef[
				defName = "JuicinessThought" or
				defName = "CateyeWithdrawal" or
				defName = "CatnipHigh" or
				defName = "CatnipWithdrawal" or
				defName = "OrassanFoodOnHuman"
				]</xpath>
			</li>
			<li Class="PatchOperationRemove">
				<xpath>Defs/HediffDef[
				defName = "Catberries" or
				defName = "CatberryTolerance" or
				defName = "CateyeTolerance" or
				defName = "CateyeAddiction" or
				defName = "CatnipHigh" or
				defName = "CatnipTolerance" or
				defName = "CatnipAddiction"
				]</xpath>
			</li>
			<li Class="PatchOperationRemove">
				<xpath>Defs/ChemicalDef[
				defName = "Catberry" or
				defName = "Catnip"
				]</xpath>
			</li>
			<!-- Отлавливаем баг "Need". -->
			<li Class="PatchOperationRemove">
				<xpath>Defs/NeedDef[
				defName = "Chemical_Cateye" or
				defName = "Chemical_Catnip"
				]</xpath>
			</li>
			

			<!-- Исправлена неточность, сообщите разработчику.

			Эти 2 рецепта устарели -->
			<li Class="PatchOperationRemove">
				<xpath>Defs/RecipeDef[
				defName = "MakeCatnipJoint5" or
				defName = "MakeCatnipJoint15"
				]</xpath>
			</li>
			<!-- Иначе медпроцедур в 2 раза больше нужного -->
			<li Class="PatchOperationRemove">
				<xpath>Defs/AlienRace.ThingDef_AlienRace[
				defName = "Alien_Orassan" or
				defName = "Alien_OrassanHumanHybrid"
				]/recipes</xpath>
			</li>
			<!-- Иначе лёд орассан не удаляется -->
			<li Class="PatchOperationAdd">
				<xpath>Defs/TerrainDef[defName = "OrassanSoil"]</xpath>
				<value>
					<layerable>true</layerable>
				</value>
			</li>
			<!-- Иначе часто вылезает красная ошибка предысторий. Решена проблема для силовиков орассан.
			И почему то пропала красная ошибка из-за имён -->
			<li Class="PatchOperationAdd">
				<xpath>Defs/AlienRace.BackstoryDef[
				defName = "Orassan_EcumenopolisA" or
				defName = "Orassan_PsiPolice" or
				defName = "Orassan_PsiWarrior" or
				defName = "Orassan_Constructor" or
				defName = "Orassan_SEngineer" or
				defName = "Orassan_EcumenopolisB" or
				defName = "Orassan_Miner" or
				defName = "Orassan_Explorer" or
				defName = "Orassan_Mercenary" or
				defName = "Orassan_Cultist" or
				defName = "Orassan_Crafter" or
				defName = "Orassan_XenoZoo" or
				defName = "Orassan_Colinizer" or
				defName = "Orassan_Officer" or
				defName = "Orassan_NavyCook" or
				defName = "Orassan_Shellshocked" or
				defName = "Orassan_Hydro" or
				defName = "Orassan_Stripper" or
				defName = "Orassan_Pornstar" or
				defName = "Orassan_CapitalChild" or
				defName = "Orassan_GeneChild" or
				defName = "Orassan_SpacerChild" or
				defName = "Orassan_ColonyChild" or
				defName = "Orassan_Kyle" or
				defName = "Orassan_Stargazer" or
				defName = "Orassan_MilitaryC" or
				defName = "Orassan_GaiaChild" or
				defName = "Orassan_Ecumenopolis" or
				defName = "Orassan_Gravity" or
				defName = "Orassan_Climber" or
				defName = "Orassan_Mud"
				]/spawnCategories</xpath>
				<value>
					<li>OrassanSoldier</li>
				</value>
			</li>

		</operations>
	</Operation>
</Patch>
