<?xml version="1.0" encoding="utf-8" ?>

<!-- MIT
Copyright (c) 2018 Rim of Madness Team
-->

<Patch>
	<Operation MayRequire="sihv.rombones" Class="PatchOperationSequence">
		<success>Always</success>
		<operations>

			<!-- Исправлен баланс, сообщите разработчику.

			Оригинальный патч на механоидов устарел -->
			<li Class="PatchOperationAdd">
				<xpath>Defs/ThingDef[@Name = "BaseMechanoid"]/statBases</xpath>
				<value>
					<BoneAmount>0</BoneAmount>
				</value>
			</li>
			<!-- Иначе человек с костью в руках держит вентилятор -->
			<li Class="PatchOperationReplace">
				<xpath>Defs/ThingDef[defName = "BoneItem"]/graphicData/texPath/text()</xpath>
				<value>Things/Item/Resource/OldBone</value>
			</li>
			<li Class="PatchOperationReplace">
				<xpath>Defs/ThingDef[defName = "BoneItem"]/graphicData/graphicClass/text()</xpath>
				<value>Graphic_StackCount</value>
			</li>
			<!-- Убираем древние строения из кости, отключая возможность добывать из них съедобный костный мозг. Нужно решение поизящнее, как древесина интегрирована в генератор, но пока что найдено такое: -->
			<li Class="PatchOperationReplace">
				<xpath>Defs/ThingDef[defName = "BoneItem"]/stuffProps/commonality/text()</xpath>
				<value>0</value>
			</li>
			<!-- Рецепт пластали больше подходит плавильне, т.к. сплавы обычно требуют высоких температур.
			Приоритетное исправление, а то эта строка патча мешает делать модпак -->
			<li Class="PatchOperationRemove">
				<xpath>Defs/ThingDef[defName = "BiofuelRefinery"]/recipes/li[5]</xpath>
			</li>
			<li Class="PatchOperationAdd">
				<xpath>Defs/RecipeDef[defName = "MakeBonePlasteel"]</xpath>
				<value>
					<recipeUsers>
						<li>ElectricSmelter</li>
					</recipeUsers>
				</value>
			</li>
			<!-- В реале вытащенный костный мозг хранится дня 4, это игровых дня 2. А то выставленные 80 дней - это ни в какие ворота -->
			<li Class="PatchOperationReplace">
				<xpath>Defs/ThingDef[defName = "ROMB_Marrow"]/comps/li[1]/daysToRotStart/text()</xpath>
				<value>2</value>
			</li>

<!-- Далее - наработки кода, попытка приблизить кости к реальности. Нормальное решение пока не найдено -->
			<!-- Исправлен баланс, сообщите разработчику, что добавлено гниение костей, в реале 3 недели, то есть 11 игровых дней -->
<!-- Пока не получается стандартным способом, просто добавлю маркер, если швя одобрит идею. Только надо решить проблему быстрого гниения, вероятно по примеру древесины 0.5, но не факт
			<li Class="PatchOperationAdd">
				<xpath>Defs/ThingDef[defName = "BoneItem"]</xpath>
				<value>
					<comps>
						<li Class="CompProperties_Rottable">
							<daysToRotStart>11</daysToRotStart>
							<rotDestroys>false</rotDestroys>
						</li>
 -->
<!-- Сделал comps по примеру желатина, вообще нет эффекта:
						<li Class="CompProperties_Ingredients" />
-->
<!--
					</comps>
					<tickerType>Rare</tickerType>
				</value>
			</li>
-->
			<!-- И запрещаем добывать костный мозг из тухлятины -->

<!-- Не могу придумать как. Пока есть только кривой способ, поселенцы зависают около стола: -->
<!--
			<li Class="PatchOperationAdd">
				<xpath>Defs/RecipeDef[defName = "MakeMarrowFromBone"]</xpath>
				<value>
					<interruptIfIngredientIsRotting>true</interruptIfIngredientIsRotting>
				</value>
			</li>
-->
<!-- Сделал по примеру "разделать тушу", вообще нет эффекта:
			<li Class="PatchOperationAdd">
				<xpath>Defs/RecipeDef[defName = "MakeMarrowFromBone"]/fixedIngredientFilter</xpath>
				<value>
					<specialFiltersToDisallow>
						<li>AllowRotten</li>
					</specialFiltersToDisallow>
				</value>
			</li>
Возможно, есть путь раздвоения типов костей на сухие и съедобные. С односторонним превращением как в VE F Insectoids при ломки по королевскому желе. Или в Android Tiers при съедении фрактальных таблеток.
-->
		</operations>
	</Operation>
</Patch>
