<?xml version="1.0" encoding="utf-8" ?>
<Patch>
	<Operation MayRequire="rimsenal.feral" Class="PatchOperationSequence">
		<success>Always</success>
		<operations>

			<!-- Исправление согласно концепции «12+».

			Меняем путь на ванильный набор существительных -->
			<li Class="PatchOperationReplace">
				<xpath>Defs/RulePackDef[defName = "NamerFeralBase"]/rulePack/rulesRaw/li[1]/path/text()</xpath>
				<value>Words/Nouns/People_Enemies_Plural</value>
			</li>

		</operations>
	</Operation>
</Patch>
