<?xml version="1.0" encoding="utf-8" ?>
<Patch>
	<Operation MayRequire="nephlite.orbitaltradecolumn" Class="PatchOperationSequence">
		<success>Always</success>
		<operations>

			<!-- Исправлен конфликт модов, сообщите разработчикам:
			nephlite.orbitaltradecolumn;
			dismarzero.VGP.VGPGardenTools;
			jamaicancastle.rf.fertilefields это кстати ребаланс -->

			<li MayRequire="jamaicancastle.RF.fertilefields" Class="PatchOperationReplace">
				<xpath>Defs/ThingDef[defName = "SunColumnMod"]/designationCategory/text()</xpath>
				<value>RFF_Farm</value>
			</li>

			<!-- Исправлен баланс, сообщите разработчику.

			Теперь колонна заряжается химтопливом по аналогии со взрывчаткой из ванили -->
			<li Class="PatchOperationReplace">
				<xpath>Defs/ThingDef[defName = "DetColumnMod"]/comps/li[5]/fuelFilter/thingDefs/li[1]/text()</xpath>
				<value>Chemfuel</value>
			</li>

		</operations>
	</Operation>
</Patch>
