<?xml version="1.0" encoding="utf-8" ?>

<!-- CC BY-NC-ND 4.0
Copyright (c) Sarg Bjornson

Исправление согласно концепции «12+» -->

<Patch>
	<Operation MayRequire="VanillaExpanded.VCookE" Class="PatchOperationSequence">
		<success>Always</success>
		<operations>
			<!-- Эффекты масла -->
			<li Class="PatchOperationRemove">
				<xpath>Defs/ThoughtDef[defName = "VCE_SmokeleafButterHigh"]/hediff</xpath>
			</li>
			<li Class="PatchOperationReplace">
				<xpath>Defs/RecipeDef[defName = "VCE_SmokeleafButter"]/ingredients/li[2]/filter/thingDefs/li[1]/text()</xpath>
				<value>VCE_RawSpices</value>
			</li>
			<li Class="PatchOperationReplace">
				<xpath>Defs/RecipeDef[defName = "VCE_SmokeleafButter"]/fixedIngredientFilter/thingDefs/li[2]/text()</xpath>
				<value>VCE_RawSpices</value>
			</li>

		</operations>
	</Operation>
</Patch>
