<?xml version="1.0" encoding="utf-8" ?>

<!-- CC BY-NC-ND 4.0
Copyright (c) Sarg Bjornson
Копия лицензии - в файле VEcooking_License_CC_BY_NC_ND_4_0.txt.

CC BY-NC-ND 4.0
Copyright (c) Oskar Potocki
Копия лицензии - в файле VEstews_License_CC_BY_NC_ND_4_0.txt -->

<Patch>
	<Operation MayRequire="VanillaExpanded.VCookE" Class="PatchOperationSequence">
		<success>Always</success>
		<operations>

			<!-- Исправлен баланс, сообщите разработчику.

			Если поселенцы готовят выпечку за пару часов, то не может суп готовиться 48 часов, максимум 2 -->
			<li Class="PatchOperationReplace">
				<xpath>Defs/ItemProcessor.CombinationDef[
				defName = "VCE_SimpleSoupRecipe" or
				defName = "VCE_FineSoupRecipe" or
				defName = "VCE_LavishSoupRecipe" or
				defName = "VCE_GourmetSoupRecipe"
				]/singleTimeIfNotQualityIncreasing/text()</xpath>
				<value>0.08</value>
			</li>
			<!-- Сырые рагу и супы сделаны съедобными, но невкусными -->
			<li Class="PatchOperationAdd">
				<xpath>Defs/ThingDef[
				defName = "VCE_UncookedStewSimple" or
				defName = "VCE_UncookedStewFine" or
				defName = "VCE_UncookedStewLavish"
				]/statBases</xpath>
				<value>
					<Mass>4</Mass>
				</value>
			</li>
			<li MayRequire="VanillaExpanded.VCookEStews" Class="PatchOperationReplace">
				<xpath>Defs/ThingDef[
				defName = "VCE_UncookedStewSimple" or
				defName = "VCE_UncookedStewFine" or
				defName = "VCE_UncookedStewLavish" or
				defName = "VCE_UncookedSoupSimple" or
				defName = "VCE_UncookedSoupFine" or
				defName = "VCE_UncookedSoupLavish" or
				defName = "VCE_UncookedSoupGourmet"
				]/ingestible/preferability</xpath>
				<value>
					<preferability>MealAwful</preferability>
					<optimalityOffsetHumanlikes>-51</optimalityOffsetHumanlikes>
					<optimalityOffsetFeedingAnimals>-51</optimalityOffsetFeedingAnimals>
					<ingestSound>RawVegetable_Eat</ingestSound>
					<ingestEffect>EatVegetarian</ingestEffect>
					<tasteThought>AteAwfulMeal</tasteThought>
				</value>
			</li>
			<li MayRequire="VanillaExpanded.VCookEStews" Class="PatchOperationAttributeSet">
				<xpath>Defs/ThingDef[
				defName = "VCE_UncookedStewSimple" or
				defName = "VCE_UncookedStewFine" or
				defName = "VCE_UncookedStewLavish" or
				defName = "VCE_UncookedSoupSimple" or
				defName = "VCE_UncookedSoupFine" or
				defName = "VCE_UncookedSoupLavish" or
				defName = "VCE_UncookedSoupGourmet"
				]</xpath>
				<attribute>ParentName</attribute>
				<value>MealCooked</value>
			</li>
			<li MayRequire="VanillaExpanded.VCookEStews" Class="PatchOperationAdd">
				<xpath>Defs/ThingDef[
				defName = "VCE_UncookedStewSimple" or
				defName = "VCE_UncookedStewFine" or
				defName = "VCE_UncookedStewLavish" or
				defName = "VCE_UncookedSoupSimple" or
				defName = "VCE_UncookedSoupFine" or
				defName = "VCE_UncookedSoupLavish" or
				defName = "VCE_UncookedSoupGourmet"
				]/statBases</xpath>
				<value>
					<Nutrition>4.5</Nutrition>
				</value>
			</li>
			<!-- Лишние категории засоряют список.
			Рагу, супы и прожаренная еда: -->
			<li MayRequire="VanillaExpanded.VCookEStews" Class="PatchOperationRemove">
				<xpath>Defs/ThingDef[
				defName = "VCE_UncookedStewSimple" or
				defName = "VCE_UncookedStewFine" or
				defName = "VCE_UncookedStewLavish" or
				defName = "VCE_UncookedSoupSimple" or
				defName = "VCE_UncookedSoupFine" or
				defName = "VCE_UncookedSoupLavish" or
				defName = "VCE_UncookedSoupGourmet" or
				defName = "VCE_DeepFriedBigMeat" or
				defName = "VCE_DeepFriedVegetables" or
				defName = "VCE_DeepFriedFish"
				]/thingCategories</xpath>
			</li>
			<!-- Для сыра, он ведь есть в рецептах, пришлось подшаманить: -->
			<li Class="PatchOperationAttributeSet">
				<xpath>Defs/ThingDef[defName = "VCE_Cheese"]</xpath>
				<attribute>ParentName</attribute>
				<value>OrganicProductBase</value>
			</li>
			<li Class="PatchOperationReplace">
				<xpath>Defs/ThingDef[defName = "VCE_Cheese"]/ingestible/preferability</xpath>
				<value>
					<preferability>DesperateOnly</preferability>
					<foodType>Processed</foodType>
				</value>
			</li>
			<!-- Время приготовления рагу исправлено с 72 часов на 8 -->
			<li MayRequire="VanillaExpanded.VCookEStews" Class="PatchOperationReplace">
				<xpath>Defs/ItemProcessor.CombinationDef[
				defName = "VCE_SimpleStewRecipe" or
				defName = "VCE_FineStewRecipe" or
				defName = "VCE_LavishStewRecipe"
				]/singleTimeIfNotQualityIncreasing/text()</xpath>
				<value>0.34</value>
			</li>
			<!-- На индукционной плите теперь тоже можно приготовить рагу -->
			<li MayRequire="VanillaExpanded.VCookEStews" Class="PatchOperationAdd">
				<xpath>Defs/ItemProcessor.ItemAcceptedDef[defName = "IP_ElectricPotFirstItem"]/items</xpath>
				<value>
					<li>VCE_UncookedStewSimple</li>
					<li>VCE_UncookedStewFine</li>
					<li>VCE_UncookedStewLavish</li>
				</value>
			</li>
			<li MayRequire="VanillaExpanded.VCookEStews" Class="PatchOperationAdd">
				<xpath>Defs</xpath>
				<value>
					<ItemProcessor.CombinationDef>
						<defName>VCE_SimpleStewRecipe2</defName>
						<building>VCE_ElectricPot</building>
						<items>
							<li>VCE_UncookedStewSimple</li>
						</items>
						<amount>
							<li>1</li>
						</amount>
						<result>VCE_CookedStewSimple</result>
						<yield>10</yield>
						<useQualityIncreasing>false</useQualityIncreasing>
						<singleTimeIfNotQualityIncreasing>0.34</singleTimeIfNotQualityIncreasing>
						<finishedProductMessage>VCE_FinishedSimpleStew</finishedProductMessage>
					</ItemProcessor.CombinationDef>
					<ItemProcessor.CombinationDef>
						<defName>VCE_FineStewRecipe2</defName>
						<building>VCE_ElectricPot</building>
						<items>
							<li>VCE_UncookedStewFine</li>
						</items>
						<amount>
							<li>1</li>
						</amount>
						<result>VCE_CookedStewFine</result>	
						<yield>10</yield>
						<useQualityIncreasing>false</useQualityIncreasing>
						<singleTimeIfNotQualityIncreasing>0.34</singleTimeIfNotQualityIncreasing>
						<finishedProductMessage>VCE_FinishedFineStew</finishedProductMessage>
					</ItemProcessor.CombinationDef>
					<ItemProcessor.CombinationDef>
						<defName>VCE_LavishStewRecipe2</defName>
						<building>VCE_ElectricPot</building>
						<items>
							<li>VCE_UncookedStewLavish</li>
						</items>
						<amount>
							<li>1</li>
						</amount>
						<result>VCE_CookedStewLavish</result>
						<yield>10</yield>
						<useQualityIncreasing>false</useQualityIncreasing>
						<singleTimeIfNotQualityIncreasing>0.34</singleTimeIfNotQualityIncreasing>
						<finishedProductMessage>VCE_FinishedLavishStew</finishedProductMessage>
					</ItemProcessor.CombinationDef>
				</value>
			</li>
			<!-- Для чугунной плиты увеличено время поиска дров с 10 до 30, ведь она дольше остаётся горячей -->
			<li MayRequire="VanillaExpanded.VCookEStews" Class="PatchOperationReplace">
				<xpath>Defs/ThingDef[defName = "VCE_StewPot"]/comps/li[1]/rareTicksToDestroy/text()</xpath>
				<value>30</value>
			</li>

		</operations>
	</Operation>
</Patch>
