<?xml version="1.0" encoding="utf-8" ?>
<Patch>
	<Operation MayRequire="dismarzero.VGP.VGPGardenMedicine" Class="PatchOperationSequence">
		<success>Always</success>
		<operations>

			<!-- Исправление согласно концепции «12+». -->

			<li Class="PatchOperationRemove">
				<xpath>Defs/ThingDef[
				defName = "RawTobacco" or
				defName = "Cigarillos" or
				defName = "PlantTobacco"
				]</xpath>
			</li>
			<li Class="PatchOperationRemove">
				<xpath>Defs/RecipeDef[defName = "VG_BulkCigarillos"]</xpath>
			</li>
			<li Class="PatchOperationRemove">
				<xpath>Defs/ThoughtDef[
				defName = "Tobacco" or
				defName = "TobaccoWithdrawal"
				]</xpath>
			</li>
			<li Class="PatchOperationRemove">
				<xpath>Defs/HediffDef[
				defName = "Tobacco" or
				defName = "TobaccoTolerance" or
				defName = "TobaccoAddiction"
				]</xpath>
			</li>
			<li Class="PatchOperationRemove">
				<xpath>Defs/ChemicalDef[defName = "Tobacco"]</xpath>
			</li>
			<!-- Отлавливаем баг "Need". -->
			<li Class="PatchOperationRemove">
				<xpath>Defs/NeedDef[defName = "Chemical_Tobacco"]</xpath>
			</li>

		</operations>
	</Operation>
</Patch>
