﻿<?xml version="1.0" encoding="UTF-8"?>
<LanguageData>
  
  <!-- EN: Great!\n\nReorder and randomize more if you want - but don't try to get the perfect characters. Everyone has flaws, and it makes the story more interesting!\n\nYou can also re-name the characters by clicking on their names.\n\nClick START when you're ready. -->
  <AcceptStartingPawns.text>Великолепно!\n\nПопробуйте ещё раз, если хотите, но не пытайтесь создать идеального персонажа. У всех есть недостатки, и от этого история становится только интереснее!\n\nВы также можете переименовать персонажей, нажав на их имена.\n\nНажмите «Начать», когда будете готовы.</AcceptStartingPawns.text>
  
  <!-- EN: Select this -->
  <AddBillSimpleMeal.onMapInstruction>Выберите это</AddBillSimpleMeal.onMapInstruction>
  <!-- EN: Please add a bill to cook simple meals at your cook stove. -->
  <AddBillSimpleMeal.rejectInputMessage>Пожалуйста, добавьте в очередь заказов приготовление простой еды.</AddBillSimpleMeal.rejectInputMessage>
  <!-- EN: Colonists need to be told what to cook.\n\nCooking orders are added on the stove itself. Once a bill has been created, colonists will do the work automatically.\n\n1. Wait for the stove to be built.\n2. Click the stove to select it.\n3. Open the BILLS tab.\n4. Click ADD BILL.\n5. Select COOK SIMPLE MEAL on the context menu.\n6. Click the + button to increase the count to 10.\n\nRemember, you can speed up time if building is taking too long.\n\nYou can also select a colonist and right-click the stove to prioritize building it. -->
  <AddBillSimpleMeal.text>Объясните поселенцам, что готовить.\n\nКулинарные заказы добавляются через меню плиты. После добавления заказа поселенцы сами приступят к готовке.\n\n1. Дождитесь окончания постройки плиты.\n2. Выберите плиту.\n3. Откройте вкладку «Задания».\n4. Щёлкните «Добавить задание».\n5. Выберите «Приготовить простое блюдо» в контекстном меню.\n6. Щёлкните на кнопке "+" для увеличения количества порций до 10.\n\nЕсли выполнение задания затягивается, ускорьте время.\n\nИли выберите поселенца и прикажите ему готовить с помощью щелчка правой кнопки мыши на плите.</AddBillSimpleMeal.text>
  
  <!-- EN: Build an animal sleeping spot\ninside the room -->
  <BuildAnimalSleepingSpot.onMapInstruction>Постройте спальное место для животных\nвнутри помещения</BuildAnimalSleepingSpot.onMapInstruction>
  <!-- EN: Please place an animal sleeping spot inside the room. -->
  <BuildAnimalSleepingSpot.rejectInputMessage>Пожалуйста, разместите спальное место для животных внутри этого помещения.</BuildAnimalSleepingSpot.rejectInputMessage>
  <!-- EN: So your pet will sleep inside with you, place an ANIMAL SLEEPING SPOT inside the room.\n\nSleeping spots aren't real buildings - they're just spots on the ground designated for a sleeping. -->
  <BuildAnimalSleepingSpot.text>Чтобы питомец спал рядом с хозяевами, разместите спальное место внутри помещения.\n\nСпальные места — метки, обозначающие лежанки для животных.</BuildAnimalSleepingSpot.text>
  
  <!-- EN: Build three beds inside the room -->
  <BuildBeds.onMapInstruction>Постройте три кровати внутри помещения</BuildBeds.onMapInstruction>
  <!-- EN: Please build wooden beds inside the room. -->
  <BuildBeds.rejectInputMessage>Пожалуйста, постройте деревянные кровати внутри этого помещения.</BuildBeds.rejectInputMessage>
  <!-- EN: Your colonists will now build the room!\n\nNow they need somewhere to sleep. Place three BEDS inside the room.\n\nFind them in the FURNITURE category.\n\nYou can use the {Key:Designator_RotateLeft} and {Key:Designator_RotateRight} keys to rotate the building. -->
  <BuildBeds.text>Поселенцы скоро построят помещение!\n\nНо им требуется отдых и сон. Разместите три кровати внутри помещения.\n\nНайдите их в разделе «Мебель». Для поворота постройки используйте клавиши {Key:Designator_RotateLeft} и {Key:Designator_RotateRight}.</BuildBeds.text>
  
  <!-- EN: Build a fueled stove inside the room -->
  <BuildFueledStove.onMapInstruction>Постройте топливную плиту внутри этого помещения</BuildFueledStove.onMapInstruction>
  <!-- EN: Please build the fueled stove inside the room you built earlier. -->
  <BuildFueledStove.rejectInputMessage>Пожалуйста, постройте плиту внутри помещения, построенного вами ранее.</BuildFueledStove.rejectInputMessage>
  <!-- EN: Excellent!\n\nNow you'll need to make a stove to cook food.\n\nBuild a FUELED STOVE inside the room. -->
  <BuildFueledStove.text>Отлично!\n\nТеперь сделайте плиту для приготовления пищи.\n\nРазместите плиту внутри помещения.</BuildFueledStove.text>
  
  <!-- EN: Build a horseshoes pin\noutside the room -->
  <BuildHorseshoesPin.onMapInstruction>Установите колышек для метания подковы\nснаружи помещения</BuildHorseshoesPin.onMapInstruction>
  <!-- EN: Please place a horseshoes pin somewhere near the room. -->
  <BuildHorseshoesPin.rejectInputMessage>Пожалуйста, разместите колышек для метания подковы рядом с этим помещением.</BuildHorseshoesPin.rejectInputMessage>
  <!-- EN: Your colonists need sources of recreation or they'll get sad over time.\n\nBuild a HORSESHOES pin outside, near the room. -->
  <BuildHorseshoesPin.text>Поселенцам нужны развлечения, иначе со временем они начнут скучать.\n\nУстановите колышек для метания подковы снаружи, рядом с помещением.</BuildHorseshoesPin.text>
  
  <!-- EN: Build a door over one wall -->
  <BuildRoomDoor.onMapInstruction>Постройте дверь в одной из стен</BuildRoomDoor.onMapInstruction>
  <!-- EN: Please build a wooden door over one of your room walls. -->
  <BuildRoomDoor.rejectInputMessage>Пожалуйста, постройте деревянную дверь в одной из стен помещения.</BuildRoomDoor.rejectInputMessage>
  <!-- EN: Now just place a DOOR over any one of the room walls.\n\nDOOR is right beside WALL in the ARCHITECT menu. -->
  <BuildRoomDoor.text>Теперь разместите дверь в стене помещения.\n\nИнструмент «Дверь» доступен в разделе «Постройка» меню «Проекты».</BuildRoomDoor.text>
  
  <!-- EN: Build walls -->
  <BuildRoomWalls.onMapInstruction>Постройте стены</BuildRoomWalls.onMapInstruction>
  <!-- EN: Please build wooden walls along the edges of the highlighted rectangle. -->
  <BuildRoomWalls.rejectInputMessage>Пожалуйста, постройте деревянные стены по краям подсвеченного прямоугольника.</BuildRoomWalls.rejectInputMessage>
  <!-- EN: Awesome! Next, we'll build a room.\n\n1. Click ARCHITECT.\n2. Click STRUCTURE.\n3. Select WALL.\n4. Select WOOD as the material.\n5. Drag out four walls to form the shape indicated on the map. -->
  <BuildRoomWalls.text>Потрясающе! А теперь построим помещение.\n\n1. Выберите вкладку «Проекты».\n2. Выберите в открывшемся меню раздел «Постройка».\n3. Кликните на инструменте «Стена».\n4. Укажите древесину как материал.\n5. Разместите четыре стены в отмеченной области.</BuildRoomWalls.text>
  
  <!-- EN: Build sandbags here -->
  <BuildSandbags.onMapInstruction>Постройте здесь мешки с песком</BuildSandbags.onMapInstruction>
  <!-- EN: Please build sandbags in the highlighted area. -->
  <BuildSandbags.rejectInputMessage>Пожалуйста, постройте мешки с песком в отмеченной области.</BuildSandbags.rejectInputMessage>
  <!-- EN: Great! You've now got a basic colony running! Eventually, enemies will raid your colony. It's time to prepare for that.\n\nSelect the SANDBAGS designator and drag the sandbags out at the designated area. -->
  <BuildSandbags.text>Прекрасно! Ваше поселение работает! Однажды на вас нападут враги. Давайте подготовимся к защите.\n\nВыберите инструмент «Мешки с песком» и разместите в обозначенной области.</BuildSandbags.text>
  
  <!-- EN: Build a wooden simple research bench\ninside the room -->
  <BuildSimpleResearchBench.onMapInstruction>Постройте простой стол для исследований\nвнутри этого помещения</BuildSimpleResearchBench.onMapInstruction>
  <!-- EN: Please place a wooden simple research bench inside the room you built earlier. -->
  <BuildSimpleResearchBench.rejectInputMessage>Пожалуйста, разместите простой деревянный стол для исследований внутри помещения, построенного вами ранее.</BuildSimpleResearchBench.rejectInputMessage>
  <!-- EN: To advance, you'll need to research new technologies.\n\nBuild a wooden SIMPLE RESEARCH BENCH inside your room. -->
  <BuildSimpleResearchBench.text>Изучайте новые технологии на пути к прогрессу.\n\nПостройте простой стол для исследований внутри помещения.</BuildSimpleResearchBench.text>
  
  <!-- EN: Build a torch lamp inside the room -->
  <BuildTorchLamp.onMapInstruction>Разместите факел внутри помещения</BuildTorchLamp.onMapInstruction>
  <!-- EN: Please build a torch lamp inside the room. -->
  <BuildTorchLamp.rejectInputMessage>Пожалуйста, разместите факел внутри этого помещения.</BuildTorchLamp.rejectInputMessage>
  <!-- EN: You'll also want some light inside, or your colonists will get grumpy in the dark.\n\nBuild a TORCH LAMP inside the room. -->
  <BuildTorchLamp.text>Вам понадобится освещение внутри, иначе поселенцы занервничают.\n\nРазместите факел внутри помещения.</BuildTorchLamp.text>
  
  <!-- EN: Please open the 'Work' tab and change some settings. -->
  <ChangeWorkSettings.rejectInputMessage>Пожалуйста, откройте вкладку «Работа» и измените любые настройки.</ChangeWorkSettings.rejectInputMessage>
  <!-- EN: You can control who does what kinds of work using the checkboxes. Colonists will do tasks in order, from left to right.\n\nTry changing some settings now.\n\nBeware - Colonists always follow their work priorities, even if this makes them do dumb things! Setting up a smart work regime is an important skill in RimWorld. So set the work settings carefully, and review them often! -->
  <ChangeWorkSettings.text>Укажите занятия для каждого поселенца, расставив галочки в соответствующих ячейках. Поселенцы выполняют задачи по порядку, слева направо.\n\nПопробуйте изменить какие-нибудь установки.\n\nБудьте аккуратны: поселенцы следят за приоритетами в работе, даже если это приводит к глупостям! Грамотное планирование задач — важный навык для успешной игры в RimWorld. Настраивайте приоритеты тщательно, не забывая в дальнейшем их проверять.</ChangeWorkSettings.text>
  
  <!-- EN: Please choose a temperate forest site with no hills (light green with no brown dots). -->
  <ChooseLandingSite.rejectInputMessage>Пожалуйста, выберите место в умеренных лесах без холмов и гор (светло-зелёного цвета без бурых пятен)</ChooseLandingSite.rejectInputMessage>
  <!-- EN: Here you choose your starting site.\n\nClick a temperate forest (light green) with no brown hills. Then click NEXT.\n\nOptionally, you can use the TERRAIN tab to view information about the selected tile. -->
  <ChooseLandingSite.text>Выберите место для первого поселения.\n\nВыберите умеренные леса без горного рельефа. Такой тип местности обозначен светло-зелёным цветом, без бурых пятен. Для продолжения нажмите кнопку «Далее».\n\nБолее подробное описание выбранной местности находится во вкладке «Ландшафт».</ChooseLandingSite.text>
  
  <!-- EN: Please choose a storyteller in the Options menu to end the tutorial. -->
  <ChooseStoryteller.rejectInputMessage>Выберите рассказчика, чтобы закончить обучение.</ChooseStoryteller.rejectInputMessage>
  <!-- EN: This is the end of the tutorial!\n\nThere's still tons more to learn, including prisoners, hunting, trade, animal taming, and much more. But you've got the basics down.\n\nRandom incidents were disabled during this tutorial. To begin the real game:\n\n1. Open the MENU tab in the bottom-right.\n2. Select OPTIONS.\n3. Click STORYTELLER SETTINGS.\n4. Select a storyteller and playstyle that appeals to you.\n\nGood luck, and have fun. -->
  <ChooseStoryteller.text>Обучение закончено!\n\nОсновные навыки выживания получены. О пленниках, охоте, торговле, приручении животных и других нюансах игры вы узнаете уже самостоятельно.\n\nСлучайные происшествия на время этого задания отключались. Чтобы поиграть по-настоящему:\n\n1. Откройте вкладку «Меню» внизу справа.\n2. Выберите «Настройки».\n3. Щёлкните «Настройки рассказчика».\n4. Выберите рассказчика и желаемый стиль игры.\n\nУдачи.</ChooseStoryteller.text>
  
  <!-- EN: Please drag the 'chop wood' designator over some trees. -->
  <ChopTrees.rejectInputMessage>Пожалуйста, обведите инструментом «Срубить» несколько деревьев.</ChopTrees.rejectInputMessage>
  <!-- EN: You'll want to harvest some wood. Designate some trees to be chopped.\n\nSelect the CHOP WOOD designator and designate 10 trees to be chopped down.\n\n(Pro tip: You can drag a box over trees to designate several at once.) -->
  <ChopTrees.text>Почему бы не заготовить древесину? Пометьте деревья для рубки.\n\nДля этого воспользуйтесь инструментом «Срубить» и выделите 10 деревьев.\n\n(Совет: Обведите деревья прямоугольником для быстрого выделения.)</ChopTrees.text>
  
  <!-- EN: Welcome to RimWorld! This tutorial will teach you how to play the game.\n\nThe first step is to generate a world to play in.\n\nThis page configures how your world should be generated.\n\nThe default settings here are good - go ahead and click GENERATE! -->
  <CreateWorldParams.text>Добро пожаловать в RimWorld! В этом обучающем задании вы научитесь основам игры.\n\nСамый первый шаг — создание игрового мира.\n\nНа этой странице устанавливаются параметры генерации мира.\n\nНажмите кнопку «Создать»!</CreateWorldParams.text>
  
  <!-- EN: Send colonists here\ntouching sandbags for cover -->
  <DownRaider.onMapInstruction>Отправьте поселенцев сюда,\nпод защиту мешков с песком</DownRaider.onMapInstruction>
  <!-- EN: Please focus on winning the fight! -->
  <DownRaider.rejectInputMessage>Пожалуйста, сосредоточьтесь на бое!</DownRaider.rejectInputMessage>
  <!-- EN: I've now sent a raider to attack your colony!\n\n1. Pause the game by hitting {Key:TogglePause}!\n2. Read the red letter in the bottom-right of the screen.\n3. DRAFT your colonists by selecting them and hitting the DRAFT command.\n4. Right-click to them to positions inside the sandbag square, touching the sandbags.\n5. Unpause.\n\nColonists must be touching cover to benefit from it. Once you're in cover, wait for the attacker to approach. Your colonists will shoot automatically. -->
  <DownRaider.text>На поселение нападают!\n\n1. Приостановите игру, нажав {Key:TogglePause}!\n2. Прочитайте красный текст в правой нижней части экрана.\n3. Соберите поселенцев, выбрав их и нажав кнопку «К бою».\n4. Щёлкните правой кнопкой мыши на позиции внутри площади, огороженной мешками.\n5. Снимите игру с паузы.\n\nПоселенцы должны занять укрытие, чтобы атакующим было сложнее в них попасть, и ждать подхода противника. Стрелять они будут сами.</DownRaider.text>
  
  <!-- EN: Right-click to get out of stockpile designating mode. -->
  <EndStockpileDesignating.text>Щёлкните правой кнопкой мыши для выхода из режима проектирования.</EndStockpileDesignating.text>
  
  <!-- EN: Equip this -->
  <EquipWeapons.onMapInstruction>Возьмите это оружие</EquipWeapons.onMapInstruction>
  <!-- EN: Please have your colonists equip weapons. -->
  <EquipWeapons.rejectInputMessage>Пожалуйста, экипируйте своих поселенцев оружием.</EquipWeapons.rejectInputMessage>
  <!-- EN: Have your colonists equip the starting weapons. To equip a weapon:\n\n1. Click a colonist to select them.\n2. Right-click the weapon you want to equip.\n3. Click 'equip weapon' on the context menu.\n\nDo this for each colonist. -->
  <EquipWeapons.text>Снабдите поселенцев подходящим оружием. Для этого:\n\n1. Выберите поселенца.\n2. Щёлкните правой кнопкой мыши по оружию.\n3. Выберите «Взять оружие» в контекстном меню.\n\nПовторите так для каждого поселенца.</EquipWeapons.text>
  
  <!-- EN: Please expand the build roof area a bit, just for practice. -->
  <ExpandAreaBuildRoof.rejectInputMessage>Пожалуйста, попрактикуйтесь в расширении области крыши.</ExpandAreaBuildRoof.rejectInputMessage>
  <!-- EN: The BUILD ROOF AREA defines where your colonists will try to build roofs.\n\nIt auto-fills when you enclose a new room.\n\nSelect the EXPAND BUILD ROOF AREA tool and drag out the shape of a porch roof on the front of the house. -->
  <ExpandAreaBuildRoof.text>Укажите поселенцам, где строить крыши, а где нет.\n\nКрыши строятся автоматически при завершении строительства новых помещений.\n\nВыберите инструмент «Расширить область крыши» и обведите фундамент здания.</ExpandAreaBuildRoof.text>
  
  <!-- EN: Please expand the home area a bit, just for practice. -->
  <ExpandAreaHome.rejectInputMessage>Пожалуйста, немного расширьте текущую домашнюю область, для практики.</ExpandAreaHome.rejectInputMessage>
  <!-- EN: Next, you'll learn to expand the HOME AREA.\n\nColonists will clean floors and extinguish fires in the home area only, and ignore fires or filth outside of it.\n\nThe home area is added automatically when you build things - but you can also expand it manually.\n\nSelect the EXPAND HOME AREA tool and drag out a new area on the map. -->
  <ExpandAreaHome.text>Иногда требуется расширить домашнюю область.\n\nПоселенцы моют полы и тушат пожары только в своей домашней области, игнорируя огонь и грязь за её пределами.\n\nДомашняя область расширяется автоматически при постройке новых зданий — но при желании добавляется и вручную.\n\nДля этого выберите инструмент «Добавить домашнюю область» и обведите участок карты.</ExpandAreaHome.text>
  
  <!-- EN: Please wait for your colonists to finish building the sandbags. -->
  <FinishSandbags.rejectInputMessage>Пожалуйста, подождите, пока поселенцы достроят мешки с песком.</FinishSandbags.rejectInputMessage>
  <!-- EN: Let's just wait for all your constructions to be built.\n\nConsider using the WORK tab to assign more colonists to Construct.\n\nAlso, you can speed up time to shorten the wait.\n\nOnce everything's built, I'll send an attacker to test your defenses! -->
  <FinishSandbags.text>Давайте подождём, пока строительство завершится.\n\nДля ускорения попробуйте на вкладке «Работа» назначить ещё строителей.\n\nИли ускорьте время, чтобы сократить ожидание.\n\nПотом на вас нападут, для проверки обороноспособности поселения!</FinishSandbags.text>
  
  <!-- EN: Place growing zone here\n(drag corner-to-corner) -->
  <MakeGrowingZone.onMapInstruction>Пожалуйста, разместите посадки здесь\n(зажмите и тяните для размещения)</MakeGrowingZone.onMapInstruction>
  <!-- EN: Please make a growing zone on the indicated area. -->
  <MakeGrowingZone.rejectInputMessage>Разместите посадки в отмеченной области.</MakeGrowingZone.rejectInputMessage>
  <!-- EN: The house is being built!\n\nYour colonists will need something to eat, so place a GROWING ZONE as indicated on the map.\n\nThis is where your colonists will sow crops. -->
  <MakeGrowingZone.text>Постройка дома началась!\n\nПоселенцы нуждаются в пище, поэтому воспользуйтесь инструментом «Посадки» в отмеченном на карте месте.\n\nЗдесь поселенцы вырастят зерновые культуры.</MakeGrowingZone.text>
  
  <!-- EN: Place stockpile here\n(drag corner-to-corner) -->
  <MakeStockpile.onMapInstruction>Разместите склад здесь\n(зажмите и тяните для размещения)</MakeStockpile.onMapInstruction>
  <!-- EN: Please make a stockpile on the indicated area. -->
  <MakeStockpile.rejectInputMessage>Пожалуйста, разместите склад в отмеченной области.</MakeStockpile.rejectInputMessage>
  <!-- EN: Great!\n\nNow, make a stockpile so your colonists know where to keep items.\n\n1. Click ARCHITECT tab in the bottom left.\n2. Click the ZONE/AREA category.\n3. Select the CREATE STOCKPILE tool.\n4. Click and drag out a square as indicated on the map. -->
  <MakeStockpile.text>Здорово!\n\nТеперь разместите склад, чтобы поселенцы знали, где хранить ресурсы.\n\n1. Выберите вкладку «Проекты».\n2. Выберите в открывшемся меню раздел «Области».\n3. И, наконец, выберите инструмент «Склад».\n4. Разместите его в отмеченной области.</MakeStockpile.text>
  
  <!-- EN: Here you are on the surface!\n\nNow try moving the camera around.\n\nUse the {Key:MapDolly_Up}-{Key:MapDolly_Left}-{Key:MapDolly_Down}-{Key:MapDolly_Right} keys, or click and drag with the middle mouse button.\n\nTry it now! -->
  <MapCameraDolly.text>Итак, вы на поверхности!\n\nПопробуйте переместить камеру.\n\nИспользуйте клавиши {Key:MapDolly_Up}-{Key:MapDolly_Left}-{Key:MapDolly_Down}-{Key:MapDolly_Right} или зажмите среднюю кнопку мыши и перемещайте камеру.\n\nПопробуйте!</MapCameraDolly.text>
  
  <!-- EN: Great!\n\nYou can also zoom in and out with the mouse wheel, or the {Key:MapZoom_In} and {Key:MapZoom_Out} keys.\n\nTry it now! -->
  <MapCameraZoom.text>Отлично!\n\nУвеличивайте и уменьшайте масштаб с помощью колёсика мыши или клавишами {Key:MapZoom_In} и {Key:MapZoom_Out}.\n\nПопробуйте!</MapCameraZoom.text>
  
  <!-- EN: Designate all this\nfor mining -->
  <MineSteel.onMapInstruction>Пометьте это\nдля добычи</MineSteel.onMapInstruction>
  <!-- EN: Please use the 'mine' designator on the compacted steel. -->
  <MineSteel.rejectInputMessage>Пожалуйста, воспользуйтесь инструментом «Копать» на залежах стали.</MineSteel.rejectInputMessage>
  <!-- EN: Now your colonists will cook some food! Tasty!\n\nNext, you'll want to mine some minerals. I've spawned some mineable steel near your base.\n\nSelect the MINE designator and drag over the steel to designate it for mining. -->
  <MineSteel.text>Скоро поселенцы приготовят что-нибудь вкусненькое!\n\nА теперь перейдём к полезным ископаемым: в будущем они вам наверняка понадобятся. Рядом с поселением расположены залежи стали.\n\nВыберите инструмент «Копать» и обведите им залежи.</MineSteel.text>
  
  <!-- EN: Please open the 'Research' tab. -->
  <OpenMainTabResearch.rejectInputMessage>Пожалуйста, откройте вкладку «Технологии».</OpenMainTabResearch.rejectInputMessage>
  <!-- EN: Excellent! Next, you'll want to select what you want to be researched.\n\nOpen the RESEARCH tab. -->
  <OpenMainTabResearch.text>Чудесно! Выберите технологию для изучения.\n\nОткройте вкладку «Технологии».</OpenMainTabResearch.text>
  
  <!-- EN: Please open the 'Work' tab. -->
  <OpenMainTabWork.rejectInputMessage>Пожалуйста, откройте вкладку «Работа».</OpenMainTabWork.rejectInputMessage>
  <!-- EN: You can control which colonist does what kind of work.\n\nOpen the WORK tab at the bottom of the screen. -->
  <OpenMainTabWork.text>Контролируйте, чем занимается тот или иной поселенец.\n\nОткройте вкладку «Работа» на панели в нижней части экрана.</OpenMainTabWork.text>
  
  <!-- EN: You can pause time.\n\nThis means you never need to rush. You can always pause and take your time to issue orders.\n\nTry pausing with the {Key:TogglePause} key, or by using the time controls in the bottom right. -->
  <Pause.text>Теперь приостановите время.\n\nИграйте без спешки. Делайте паузу, когда хотите, и раздавайте необходимые приказы поселенцам.\n\nПопробуйте поставить игру на паузу с помощью клавиши {Key:TogglePause} или кнопок управления временем в нижней правой части экрана.</Pause.text>
  
  <!-- EN: Please click the RANDOMIZE button to randomize the character. -->
  <RandomizeCharacter.rejectInputMessage>Пожалуйста, попробуйте сначала создать персонажа со случайными характеристиками.</RandomizeCharacter.rejectInputMessage>
  <!-- EN: If you don't like a character, you can regenerate them!\n\nClick the RANDOMIZE button to randomize the character. -->
  <RandomizeCharacter.text>Теперь создадим персонажей!\n\nПопробуйте подобрать произвольного персонажа с помощью кнопки «Случайно».</RandomizeCharacter.text>
  
  <!-- EN: Please drag a character from the "left behind" group (at the bottom-left) into the "selected" group (at the upper-left). -->
  <ReorderCharacters.rejectInputMessage>Пожалуйста, попробуйте сначала выбрать персонажа.</ReorderCharacters.rejectInputMessage>
  <!-- EN: Now you choose which characters you want to use.\n\nDRAG a character from the "left behind" part of the character list (at the bottom) into the "selected" part (at the top).\n\nOptionally, clicking a character will allow you inspect him or her. -->
  <ReorderCharacters.text>Теперь вы можете выбрать персонажей!\n\nЧтобы выделить персонажа, щёлкните по области слева. Затем перетащите понравившегося вам персонажа в раздел «Выбраны».</ReorderCharacters.text>
  
  <!-- EN: Please choose a research project. -->
  <SelectResearchProject.rejectInputMessage>Пожалуйста, выберите технологию для исследования.</SelectResearchProject.rejectInputMessage>
  <!-- EN: Now just choose whatever you want to be researched first.\n\nYou might have to wait for the research bench to be constructed, or for trees to be chopped for wood.\n\nIf it's taking too long, use the WORK tab to assign more colonists to Construct. -->
  <SelectResearchProject.text>Теперь укажите, что исследовать в первую очередь.\n\nВозможно, придётся подождать постройки стола для исследований.\n\nИспользуйте вкладку «Работа» для назначения нескольких поселенцев для ускорения строительства.</SelectResearchProject.text>
  
  <!-- EN: Set this growing zone to grow rice -->
  <SetToGrowRice.onMapInstruction>Укажите рисовую культуру для засеивания указанной области</SetToGrowRice.onMapInstruction>
  <!-- EN: Please set your growing zone to grow rice. -->
  <SetToGrowRice.rejectInputMessage>Пожалуйста, выберите рис для посева.</SetToGrowRice.rejectInputMessage>
  <!-- EN: You can decide what plant your colonists should sow in a growing zone.\n\n1. Right-click to exit architect mode.\n2. Click your growing zone to select it.\n3. Click the plant selector at the bottom and change it to rice. -->
  <SetToGrowRice.text>Решите, что поселенцы посадят в размеченной области.\n\n1. Щелчком правой кнопкой мыши выйдите из режима проектирования.\n2. Щёлкните по полю для выделения.\n3. Выберите в списке культур рис.</SetToGrowRice.text>
  
  <!-- EN: You can also speed up time.\n\nTry controlling time with the {Key:TimeSpeed_Normal}, {Key:TimeSpeed_Fast}, and {Key:TimeSpeed_Superfast} keys, or with the time controls in the bottom right. -->
  <TimeControls.text>Ускорьте время.\n\nПопробуйте доступные режимы с помощью клавиш {Key:TimeSpeed_Normal}, {Key:TimeSpeed_Fast} и {Key:TimeSpeed_Superfast} или кнопок управления временем в нижней правой части экрана.</TimeControls.text>
  
  <!-- EN: Please un-draft your colonists. -->
  <UndraftAll.rejectInputMessage>Пожалуйста, распустите поселенцев.</UndraftAll.rejectInputMessage>
  <!-- EN: Success! Now UNDRAFT all your colonists using the same command as before.\n\nThis will let them return to their own schedules. -->
  <UndraftAll.text>Получилось! Теперь распустите поселенцев, используя ту же кнопку.\n\nЭто позволит им вернуться к прежним занятиям.</UndraftAll.text>
  
  <!-- EN: Allow this -->
  <UnforbidStartingResources.onMapInstruction>Снимите запрет</UnforbidStartingResources.onMapInstruction>
  <!-- EN: Please allow your starting items. -->
  <UnforbidStartingResources.rejectInputMessage>Пожалуйста, разрешите подбор разбросанных ресурсов.</UnforbidStartingResources.rejectInputMessage>
  <!-- EN: Now, to allow your colonists to bring your items to the stockpile, you must remove their "forbidden" designation.\n\n1. Clicking your starting items to select them.\n2. Click the ALLOW toggle button to allow them.\n\n(Pro tip: Double-click an item to select all on screen of the same type.) -->
  <UnforbidStartingResources.text>Теперь снимите запрет с разбросанных ресурсов, чтобы поселенцы перенесли их на склад.\n\n1. Для этого выберите один из отмеченных ресурсов.\n2. Щёлкните на переключатель «Разрешить» для снятия запрета на использование ресурса.\n\n(Совет: Используйте двойной щелчок на ресурсе для выделения ресурсов того же типа, видимых на экране.)</UnforbidStartingResources.text>
  
</LanguageData>