﻿<?xml version="1.0" encoding="UTF-8"?>
<LanguageData>
  
  <!-- EN: animals slaughtered -->
  <AnimalsSlaughtered.label>животных забито</AnimalsSlaughtered.label>
  <!-- EN: The number of animals I have slaughtered. -->
  <AnimalsSlaughtered.description>Число забитых мной животных.</AnimalsSlaughtered.description>
  
  <!-- EN: animals tamed -->
  <AnimalsTamed.label>животных приручено</AnimalsTamed.label>
  <!-- EN: The number of animals I have tamed. -->
  <AnimalsTamed.description>Число приручённых мной животных.</AnimalsTamed.description>
  
  <!-- EN: artifacts activated -->
  <ArtifactsActivated.label>артефактов активировано</ArtifactsActivated.label>
  <!-- EN: The number of artifacts I have activated. -->
  <ArtifactsActivated.description>Число активированных мной артефактов.</ArtifactsActivated.description>
  
  <!-- EN: bodies stripped -->
  <BodiesStripped.label>раздето</BodiesStripped.label>
  <!-- EN: The number of bodies I have stripped. -->
  <BodiesStripped.description>Число раздетых мной тел.</BodiesStripped.description>
  
  <!-- EN: cells mined -->
  <CellsMined.label>раскопано</CellsMined.label>
  <!-- EN: The number of cells I have mined out. -->
  <CellsMined.description>Число раскопанных мной клеток.</CellsMined.description>
  
  <!-- EN: containers opened -->
  <ContainersOpened.label>контейнеров открыто</ContainersOpened.label>
  <!-- EN: The number of containers I have opened. -->
  <ContainersOpened.description>Число открытых мной контейнеров.</ContainersOpened.description>
  
  <!-- EN: corpses buried -->
  <CorpsesBuried.label>похоронено</CorpsesBuried.label>
  <!-- EN: The number of corpses I have buried. -->
  <CorpsesBuried.description>Число похороненных мной трупов.</CorpsesBuried.description>
  
  <!-- EN: damage dealt -->
  <DamageDealt.label>урона нанесено</DamageDealt.label>
  <!-- EN: The amount of damage I have dealt. -->
  <DamageDealt.description>Сумма нанесённого мной урона.</DamageDealt.description>
  
  <!-- EN: damage taken -->
  <DamageTaken.label>урона получено</DamageTaken.label>
  <!-- EN: The amount of damage I have taken. -->
  <DamageTaken.description>Сумма полученного мной урона.</DamageTaken.description>
  
  <!-- EN: fires extinguished -->
  <FiresExtinguished.label>пожаров потушено</FiresExtinguished.label>
  <!-- EN: The number of fires I have extinguished. -->
  <FiresExtinguished.description>Число потушенных мной пожаров.</FiresExtinguished.description>
  
  <!-- EN: headshots -->
  <Headshots.label>выстрелов в голову</Headshots.label>
  <!-- EN: The number of headshots I have made. -->
  <Headshots.description>Число моих попаданий в голову противнику.</Headshots.description>
  
  <!-- EN: kills -->
  <Kills.label>убито</Kills.label>
  <!-- EN: The number of creatures I have killed. -->
  <Kills.description>Число убитых мной существ.</Kills.description>
  
  <!-- EN: kills (animals) -->
  <KillsAnimals.label>убито животных</KillsAnimals.label>
  <!-- EN: The number of animals I have killed. -->
  <KillsAnimals.description>Число убитых мной животных.</KillsAnimals.description>
  
  <!-- EN: kills (humanlikes) -->
  <KillsHumanlikes.label>убито человек</KillsHumanlikes.label>
  <!-- EN: The number of humanlike characters I have killed. -->
  <KillsHumanlikes.description>Число убитых мной людей.</KillsHumanlikes.description>
  
  <!-- EN: kills (mechanoids) -->
  <KillsMechanoids.label>убито механоидов</KillsMechanoids.label>
  <!-- EN: The number of mechanoids I have killed. -->
  <KillsMechanoids.description>Число убитых мной механоидов.</KillsMechanoids.description>
  
  <!-- EN: meals cooked -->
  <MealsCooked.label>блюд приготовлено</MealsCooked.label>
  <!-- EN: The number of meals I have cooked. -->
  <MealsCooked.description>Число приготовленных мной блюд.</MealsCooked.description>
  
  <!-- EN: messes cleaned -->
  <MessesCleaned.label>мусора убрано</MessesCleaned.label>
  <!-- EN: The number of messes I have cleaned up. -->
  <MessesCleaned.description>Количество убранной мной грязи.</MessesCleaned.description>
  
  <!-- EN: nutrition eaten -->
  <NutritionEaten.label>съедено</NutritionEaten.label>
  <!-- EN: The amount of nutrition I have eaten. -->
  <NutritionEaten.description>Количество съеденной мной еды.</NutritionEaten.description>
  
  <!-- EN: operations performed -->
  <OperationsPerformed.label>медпроцедур проведено</OperationsPerformed.label>
  <!-- EN: How many medical operations I have performed. -->
  <OperationsPerformed.description>Число проведённых мной медицинских процедур.</OperationsPerformed.description>
  
  <!-- EN: operations received -->
  <OperationsReceived.label>медпроцедур перенесено</OperationsReceived.label>
  <!-- EN: How many times I have been medically operated on. -->
  <OperationsReceived.description>Число проведённых мне медицинских процедур.</OperationsReceived.description>
  
  <!-- EN: enemies downed -->
  <PawnsDowned.label>сражено</PawnsDowned.label>
  <!-- EN: The number of creatures I have downed. -->
  <PawnsDowned.description>Число сражённых мной существ.</PawnsDowned.description>
  
  <!-- EN: enemies downed (animals) -->
  <PawnsDownedAnimals.label>сражено животных</PawnsDownedAnimals.label>
  <!-- EN: The number of animals I have downed, whether hunting or in combat. -->
  <PawnsDownedAnimals.description>Число сражённых мной животных.</PawnsDownedAnimals.description>
  
  <!-- EN: enemies downed (humanlikes) -->
  <PawnsDownedHumanlikes.label>сражено человек</PawnsDownedHumanlikes.label>
  <!-- EN: The number of humanlike creatures I have downed. -->
  <PawnsDownedHumanlikes.description>Число сражённых мной людей.</PawnsDownedHumanlikes.description>
  
  <!-- EN: enemies downed (mechanoids) -->
  <PawnsDownedMechanoids.label>сражено механоидов</PawnsDownedMechanoids.label>
  <!-- EN: The number of mechanoids I have downed. -->
  <PawnsDownedMechanoids.description>Число сражённых мной механоидов.</PawnsDownedMechanoids.description>
  
  <!-- EN: people captured -->
  <PeopleCaptured.label>людей захвачено</PeopleCaptured.label>
  <!-- EN: The number of people I have captured. -->
  <PeopleCaptured.description>Число захваченных мной людей.</PeopleCaptured.description>
  
  <!-- EN: plants harvested -->
  <PlantsHarvested.label>растений собрано</PlantsHarvested.label>
  <!-- EN: The number of plants I have harvested. -->
  <PlantsHarvested.description>Число собранных мной растений.</PlantsHarvested.description>
  
  <!-- EN: plants sown -->
  <PlantsSown.label>растений посажено</PlantsSown.label>
  <!-- EN: The number of plants I have sown. -->
  <PlantsSown.description>Число посаженных мной растений.</PlantsSown.description>
  
  <!-- EN: prisoners chatted -->
  <PrisonersChatted.label>беседы с пленниками</PrisonersChatted.label>
  <!-- EN: How many times I have chatted with prisoners. -->
  <PrisonersChatted.description>Число моих бесед с пленником.</PrisonersChatted.description>
  
  <!-- EN: prisoners recruited -->
  <PrisonersRecruited.label>пленников завербовано</PrisonersRecruited.label>
  <!-- EN: The number of prisoners I have recruited. -->
  <PrisonersRecruited.description>Число завербованных мной пленников.</PrisonersRecruited.description>
  
  <!-- EN: research points researched -->
  <ResearchPointsResearched.label>очков исследования</ResearchPointsResearched.label>
  <!-- EN: The number of research points I have researched. -->
  <ResearchPointsResearched.description>Число полученных с моей помощью очков исследования.</ResearchPointsResearched.description>
  
  <!-- EN: shots fired -->
  <ShotsFired.label>выстрелов</ShotsFired.label>
  <!-- EN: The number of shots I have fired. -->
  <ShotsFired.description>Число произведённых мной выстрелов.</ShotsFired.description>
  
  <!-- EN: switches flicked -->
  <SwitchesFlicked.label>выключателей переключено</SwitchesFlicked.label>
  <!-- EN: The number of switches I have flicked. -->
  <SwitchesFlicked.description>Число переключенных мной выключателей.</SwitchesFlicked.description>
  
  <!-- EN: things constructed -->
  <ThingsConstructed.label>построено</ThingsConstructed.label>
  <!-- EN: The number of things I have constructed. -->
  <ThingsConstructed.description>Число сконструированных мной построек.</ThingsConstructed.description>
  
  <!-- EN: things crafted -->
  <ThingsCrafted.label>предметов сделано</ThingsCrafted.label>
  <!-- EN: The number of things I have crafted. -->
  <ThingsCrafted.description>Число сделанных мной предметов.</ThingsCrafted.description>
  
  <!-- EN: things deconstructed -->
  <ThingsDeconstructed.label>предметов разобрано</ThingsDeconstructed.label>
  <!-- EN: The number of things I have deconstructed. -->
  <ThingsDeconstructed.description>Число разобранных предметов.</ThingsDeconstructed.description>
  
  <!-- EN: things hauled -->
  <ThingsHauled.label>предметов перенесено</ThingsHauled.label>
  <!-- EN: The number of things I have hauled. -->
  <ThingsHauled.description>Число перенесённых мной предметов.</ThingsHauled.description>
  
  <!-- EN: things installed -->
  <ThingsInstalled.label>предметов установлено</ThingsInstalled.label>
  <!-- EN: The number of things I have installed. -->
  <ThingsInstalled.description>Число установленных мной предметов.</ThingsInstalled.description>
  
  <!-- EN: things repaired -->
  <ThingsRepaired.label>ремонтов произведено</ThingsRepaired.label>
  <!-- EN: The number of things I have repaired. -->
  <ThingsRepaired.description>Число отремонтированных мной механизмов.</ThingsRepaired.description>
  
  <!-- EN: things uninstalled -->
  <ThingsUninstalled.label>предметов демонтировано</ThingsUninstalled.label>
  <!-- EN: The number of things I have uninstalled. -->
  <ThingsUninstalled.description>Число демонтированных мной предметов.</ThingsUninstalled.description>
  
  <!-- EN: times in mental state -->
  <TimesInMentalState.label>нервных срывов перенесено</TimesInMentalState.label>
  <!-- EN: How many times I have suffered a mental break. -->
  <TimesInMentalState.description>Число пережитых мной нервных срывов.</TimesInMentalState.description>
  
  <!-- EN: times on fire -->
  <TimesOnFire.label>горений пережито</TimesOnFire.label>
  <!-- EN: How many times I have been on fire. -->
  <TimesOnFire.description>Сколько раз мне пришлось гореть.</TimesOnFire.description>
  
  <!-- EN: tends given -->
  <TimesTendedOther.label>медицинской помощи оказано</TimesTendedOther.label>
  <!-- EN: How many times I have tended to others' medical conditions. -->
  <TimesTendedOther.description>Сколько раз мне довелось оказывать кому-то медицинскую помощь.</TimesTendedOther.description>
  
  <!-- EN: tends received -->
  <TimesTendedTo.label>медицинской помощи получено</TimesTendedTo.label>
  <!-- EN: How many times I have had my medical conditions tended. -->
  <TimesTendedTo.description>Сколько раз мне оказывали медицинскую помощь.</TimesTendedTo.description>
  
</LanguageData>