﻿<?xml version="1.0" encoding="UTF-8"?>
<LanguageData>
  
  <!-- EN: time as a colonist -->
  <TimeAsColonistOrColonyAnimal.label>как поселенец</TimeAsColonistOrColonyAnimal.label>
  <!-- EN: Total time spent loyal to your community. -->
  <TimeAsColonistOrColonyAnimal.description>Время, проведённое в статусе поселенца.</TimeAsColonistOrColonyAnimal.description>
  
  <!-- EN: time as a prisoner -->
  <TimeAsPrisoner.label>как пленник</TimeAsPrisoner.label>
  <!-- EN: Total time spent as a prisoner. -->
  <TimeAsPrisoner.description>Время, проведённое за решёткой.</TimeAsPrisoner.description>
  
  <!-- EN: time hosted -->
  <TimeAsQuestLodger.label>в гостях</TimeAsQuestLodger.label>
  <!-- EN: Total time spent hosted by your community through a quest. -->
  <TimeAsQuestLodger.description>Время, проведённое в у вас гостях во время выполнения вами задания.</TimeAsQuestLodger.description>
  
  <!-- EN: time cleaning -->
  <TimeCleaning.label>за уборкой</TimeCleaning.label>
  <!-- EN: Total time spent cleaning. -->
  <TimeCleaning.description>Время, проведённое за уборкой.</TimeCleaning.description>
  
  <!-- EN: time constructing -->
  <TimeConstructing.label>за постройкой</TimeConstructing.label>
  <!-- EN: Total time spent constructing and deconstructing buildings. -->
  <TimeConstructing.description>Время, проведённое за постройкой и разборкой объектов.</TimeConstructing.description>
  
  <!-- EN: time downed -->
  <TimeDowned.label>без сознания</TimeDowned.label>
  <!-- EN: Total time spent downed. -->
  <TimeDowned.description>Время, проведённое на земле без сознания.</TimeDowned.description>
  
  <!-- EN: time drafted -->
  <TimeDrafted.label>в бою</TimeDrafted.label>
  <!-- EN: Total time spent drafted. -->
  <TimeDrafted.description>Время, проведённое в режиме призыва.</TimeDrafted.description>
  
  <!-- EN: time firefighting -->
  <TimeFirefighting.label>туша пожары</TimeFirefighting.label>
  <!-- EN: Total time spent firefighting. -->
  <TimeFirefighting.description>Время, проведённое за тушением пожаров.</TimeFirefighting.description>
  
  <!-- EN: time finding food and eating -->
  <TimeGettingFood.label>за едой</TimeGettingFood.label>
  <!-- EN: Total time spent on finding food and eating. -->
  <TimeGettingFood.description>Время, проведённое в поисках еды и за едой.</TimeGettingFood.description>
  
  <!-- EN: time spent on entertainment -->
  <TimeGettingJoy.label>за развлечениями</TimeGettingJoy.label>
  <!-- EN: Total time spent on entertainment. -->
  <TimeGettingJoy.description>Время, проведённое за развлечениями.</TimeGettingJoy.description>
  
  <!-- EN: time handling animals -->
  <TimeHandlingAnimals.label>с животными</TimeHandlingAnimals.label>
  <!-- EN: Total time spent handling animals. -->
  <TimeHandlingAnimals.description>Время, проведённое с животными.</TimeHandlingAnimals.description>
  
  <!-- EN: time hauling -->
  <TimeHauling.label>перенося вещи</TimeHauling.label>
  <!-- EN: Total time spent hauling things. -->
  <TimeHauling.description>Время, проведённое за переноской вещей.</TimeHauling.description>
  
  <!-- EN: time hunting -->
  <TimeHunting.label>на охоте</TimeHunting.label>
  <!-- EN: Total time spent hunting. -->
  <TimeHunting.description>Время, проведённое на охоте.</TimeHunting.description>
  
  <!-- EN: time in a bed -->
  <TimeInBed.label>в кровати</TimeInBed.label>
  <!-- EN: Total time spent in bed. -->
  <TimeInBed.description>Время, проведённое в кровати.</TimeInBed.description>
  
  <!-- EN: time in a bed for medical reasons -->
  <TimeInBedForMedicalReasons.label>на лечении</TimeInBedForMedicalReasons.label>
  <!-- EN: Total time spent in bed for medical reasons: awaiting treatment, recovering from injuries or being operated on. -->
  <TimeInBedForMedicalReasons.description>Время, проведённое в медицинской кровати: на лечении, восстанавливаясь от ран или во время операции.</TimeInBedForMedicalReasons.description>
  
  <!-- EN: time in mental state -->
  <TimeInMentalState.label>в состоянии нервного срыва</TimeInMentalState.label>
  <!-- EN: Total time spent in an abnormal mental state. -->
  <TimeInMentalState.description>Время, проведённое в состоянии нервного срыва.</TimeInMentalState.description>
  
  <!-- EN: time mining -->
  <TimeMining.label>за раскопками</TimeMining.label>
  <!-- EN: Total time spent mining. -->
  <TimeMining.description>Время, проведённое за раскопками.</TimeMining.description>
  
  <!-- EN: time on fire -->
  <TimeOnFire.label>в огне</TimeOnFire.label>
  <!-- EN: Total time spent on fire. -->
  <TimeOnFire.description>Время, потраченное на беспорядочный бег и горение.</TimeOnFire.description>
  
  <!-- EN: time repairing -->
  <TimeRepairing.label>за ремонтом</TimeRepairing.label>
  <!-- EN: Total time spent repairing. -->
  <TimeRepairing.description>Время, проведённое за ремонтом.</TimeRepairing.description>
  
  <!-- EN: time researching -->
  <TimeResearching.label>за исследованиями</TimeResearching.label>
  <!-- EN: Total time spent researching. -->
  <TimeResearching.description>Время, проведённое за столом для исследований.</TimeResearching.description>
  
  <!-- EN: time sowing and harvesting -->
  <TimeSowingAndHarvesting.label>с растениями</TimeSowingAndHarvesting.label>
  <!-- EN: Total time spent sowing, harvesting and cutting plants. -->
  <TimeSowingAndHarvesting.description>Время, проведённое за срезанием растений, посадкой и сбором урожая.</TimeSowingAndHarvesting.description>
  
  <!-- EN: time treating and feeding -->
  <TimeTreatingAndFeeding.label>ухаживая за больными</TimeTreatingAndFeeding.label>
  <!-- EN: Total time spent treating and feeding patients. -->
  <TimeTreatingAndFeeding.description>Время, потраченное на уход за больными: лечение и кормление.</TimeTreatingAndFeeding.description>
  
  <!-- EN: time under a roof -->
  <TimeUnderRoof.label>под крышей</TimeUnderRoof.label>
  <!-- EN: Total time spent under a roof. -->
  <TimeUnderRoof.description>Время, проведённое под крышей.</TimeUnderRoof.description>
  
  <!-- EN: time wardening -->
  <TimeWardening.label>с пленниками</TimeWardening.label>
  <!-- EN: Total time spent wardening. -->
  <TimeWardening.description>Время, проведённое за вербовкой и кормлением пленников.</TimeWardening.description>
  
</LanguageData>