﻿<?xml version="1.0" encoding="UTF-8"?>
<LanguageData>
  
  <!-- EN: покрытие tab -->
  <Architect_Floors.label>меню «Покрытие»</Architect_Floors.label>
  <!-- EN: Key bindings for the "Покрытие" section of the Architect menu -->
  <Architect_Floors.description>Назначение клавиш в разделе «Покрытие» меню «Проекты»</Architect_Floors.description>
  
  <!-- EN: мебель tab -->
  <Architect_Furniture.label>меню «Мебель»</Architect_Furniture.label>
  <!-- EN: Key bindings for the "Мебель" section of the Architect menu -->
  <Architect_Furniture.description>Назначение клавиш в разделе «Мебель» меню «Проекты»</Architect_Furniture.description>
  
  <!-- EN: развлечения tab -->
  <Architect_Joy.label>меню «Развлечения»</Architect_Joy.label>
  <!-- EN: Key bindings for the "Развлечения" section of the Architect menu -->
  <Architect_Joy.description>Назначение клавиш в разделе «Развлечения» меню «Проекты»</Architect_Joy.description>
  
  <!-- EN: разное tab -->
  <Architect_Misc.label>меню «Разное»</Architect_Misc.label>
  <!-- EN: Key bindings for the "Разное" section of the Architect menu -->
  <Architect_Misc.description>Назначение клавиш в разделе «Разное» меню «Проекты»</Architect_Misc.description>
  
  <!-- EN: приказы tab -->
  <Architect_Orders.label>меню «Приказы»</Architect_Orders.label>
  <!-- EN: Key bindings for the "Приказы" section of the Architect menu -->
  <Architect_Orders.description>Назначение клавиш в разделе «Приказы» меню «Проекты»</Architect_Orders.description>
  
  <!-- EN: энергия tab -->
  <Architect_Power.label>меню «Энергия»</Architect_Power.label>
  <!-- EN: Key bindings for the "Энергия" section of the Architect menu -->
  <Architect_Power.description>Назначение клавиш в разделе «Энергия» меню «Проекты»</Architect_Power.description>
  
  <!-- EN: производство tab -->
  <Architect_Production.label>меню «Производство»</Architect_Production.label>
  <!-- EN: Key bindings for the "Производство" section of the Architect menu -->
  <Architect_Production.description>Назначение клавиш в разделе «Производство» меню «Проекты»</Architect_Production.description>
  
  <!-- EN: защита tab -->
  <Architect_Security.label>меню «Защита»</Architect_Security.label>
  <!-- EN: Key bindings for the "Защита" section of the Architect menu -->
  <Architect_Security.description>Назначение клавиш в разделе «Защита» меню «Проекты»</Architect_Security.description>
  
  <!-- EN: корабль tab -->
  <Architect_Ship.label>меню «Корабль»</Architect_Ship.label>
  <!-- EN: Key bindings for the "Корабль" section of the Architect menu -->
  <Architect_Ship.description>Назначение клавиш в разделе «Корабль» меню «Проекты»</Architect_Ship.description>
  
  <!-- EN: постройка tab -->
  <Architect_Structure.label>меню «Постройка»</Architect_Structure.label>
  <!-- EN: Key bindings for the "Постройка" section of the Architect menu -->
  <Architect_Structure.description>Назначение клавиш в разделе «Постройка» меню «Проекты»</Architect_Structure.description>
  
  <!-- EN: температура tab -->
  <Architect_Temperature.label>меню «Температура»</Architect_Temperature.label>
  <!-- EN: Key bindings for the "Температура" section of the Architect menu -->
  <Architect_Temperature.description>Назначение клавиш в разделе «Температура» меню «Проекты»</Architect_Temperature.description>
  
  <!-- EN: области tab -->
  <Architect_Zone.label>меню «Области»</Architect_Zone.label>
  <!-- EN: Key bindings for the "Области" section of the Architect menu -->
  <Architect_Zone.description>Назначение клавиш в разделе «Области» меню «Проекты»</Architect_Zone.description>
  
</LanguageData>