﻿<?xml version="1.0" encoding="UTF-8"?>
<LanguageData>
  
  <!-- EN: architect -->
  <Architect.label>создание</Architect.label>
  <!-- EN: General-use controls for the architect mode menu. -->
  <Architect.description>Управление для меню «Проекты».</Architect.description>
  
  <!-- EN: developer tools -->
  <Development.label>разработчикам</Development.label>
  <!-- EN: Controls for developers and modders. Active in development mode only. -->
  <Development.description>Клавиши для управления функциональностью режима разработчика.</Development.description>
  
  <!-- EN: in-game global -->
  <Game.label>общее игровое управление</Game.label>
  <!-- EN: Colony mode controls that apply in most situations. -->
  <Game.description>Клавиши для управления большинством аспектов игрового процесса.</Game.description>
  
  <!-- EN: camera -->
  <GameMapCamera.label>управление камерой</GameMapCamera.label>
  <!-- EN: Controls for the camera. -->
  <GameMapCamera.description>Управление камерой.</GameMapCamera.description>
  
  <!-- EN: main tabs -->
  <MainTabs.label>основные вкладки</MainTabs.label>
  <!-- EN: Controls for the main tabs. -->
  <MainTabs.description>Клавиши для основных вкладок.</MainTabs.description>
  
  <!-- EN: modifiers -->
  <Modifiers.label>модификаторы</Modifiers.label>
  <!-- EN: Controls used to modify other actions. -->
  <Modifiers.description>Клавиши для модификации других действий.</Modifiers.description>
  
  <!-- EN: misc -->
  <SelectionMisc.label>разное</SelectionMisc.label>
  <!-- EN: Generic controls that are re-used by many items and objects throughout the game. -->
  <SelectionMisc.description>Клавиши для управления большинством предметов и объектов в игре.</SelectionMisc.description>
  
  <!-- EN: special -->
  <SelectionSpecial.label>специальное</SelectionSpecial.label>
  <!-- EN: Special controls reserved for specific functions on specific objects. -->
  <SelectionSpecial.description>Клавиши для особых операций над некоторыми объектами.</SelectionSpecial.description>
  
</LanguageData>