﻿<?xml version="1.0" encoding="UTF-8"?>
<LanguageData>
  
  <!-- EN: son-in-law -->
  <ChildInLaw.label>зять</ChildInLaw.label>
  <!-- EN: daughter-in-law -->
  <ChildInLaw.labelFemale>невестка</ChildInLaw.labelFemale>
  
  <!-- EN: ex-lover -->
  <ExLover.label>бывший</ExLover.label>
  <ExLover.labelFemale>бывшая</ExLover.labelFemale>
  
  <!-- EN: ex-husband -->
  <ExSpouse.label>бывший муж</ExSpouse.label>
  <!-- EN: ex-wife -->
  <ExSpouse.labelFemale>бывшая жена</ExSpouse.labelFemale>
  
  <!-- EN: fiance -->
  <Fiance.label>жених</Fiance.label>
  <!-- EN: fiancée -->
  <Fiance.labelFemale>невеста</Fiance.labelFemale>
  
  <!-- EN: lover -->
  <Lover.label>любовник</Lover.label>
  <Lover.labelFemale>любовница</Lover.labelFemale>
  
  <!-- EN: father-in-law -->
  <ParentInLaw.label>тесть</ParentInLaw.label>
  <!-- EN: mother-in-law -->
  <ParentInLaw.labelFemale>свекровь</ParentInLaw.labelFemale>
  
  <!-- EN: husband -->
  <Spouse.label>муж</Spouse.label>
  <!-- EN: wife -->
  <Spouse.labelFemale>жена</Spouse.labelFemale>
  
  <!-- EN: stepson -->
  <Stepchild.label>пасынок</Stepchild.label>
  <!-- EN: stepdaughter -->
  <Stepchild.labelFemale>падчерица</Stepchild.labelFemale>
  
  <!-- EN: stepfather -->
  <Stepparent.label>отчим</Stepparent.label>
  <!-- EN: stepmother -->
  <Stepparent.labelFemale>мачеха</Stepparent.labelFemale>
  
</LanguageData>