﻿<?xml version="1.0" encoding="UTF-8"?>
<LanguageData>
  
  <!-- EN: son -->
  <Child.label>сын</Child.label>
  <!-- EN: daughter -->
  <Child.labelFemale>дочь</Child.labelFemale>
  
  <!-- EN: cousin -->
  <Cousin.label>двоюродный брат</Cousin.label>
  <Cousin.labelFemale>двоюродная сестра</Cousin.labelFemale>
  
  <!-- EN: cousin once removed -->
  <CousinOnceRemoved.label>двоюродный племянник</CousinOnceRemoved.label>
  <CousinOnceRemoved.labelFemale>двоюродная племянница</CousinOnceRemoved.labelFemale>
  
  <!-- EN: grandson -->
  <Grandchild.label>внук</Grandchild.label>
  <!-- EN: granddaughter -->
  <Grandchild.labelFemale>внучка</Grandchild.labelFemale>
  
  <!-- EN: grandnephew -->
  <GrandnephewOrGrandniece.label>праплемянник</GrandnephewOrGrandniece.label>
  <!-- EN: grandniece -->
  <GrandnephewOrGrandniece.labelFemale>праплемянница</GrandnephewOrGrandniece.labelFemale>
  
  <!-- EN: grandfather -->
  <Grandparent.label>дедушка</Grandparent.label>
  <!-- EN: grandmother -->
  <Grandparent.labelFemale>бабушка</Grandparent.labelFemale>
  
  <!-- EN: granduncle -->
  <GranduncleOrGrandaunt.label>прадядя</GranduncleOrGrandaunt.label>
  <!-- EN: grandaunt -->
  <GranduncleOrGrandaunt.labelFemale>пратётя</GranduncleOrGrandaunt.labelFemale>
  
  <!-- EN: great grandson -->
  <GreatGrandchild.label>правнук</GreatGrandchild.label>
  <!-- EN: great granddaughter -->
  <GreatGrandchild.labelFemale>правнучка</GreatGrandchild.labelFemale>
  
  <!-- EN: great grandfather -->
  <GreatGrandparent.label>прадедушка</GreatGrandparent.label>
  <!-- EN: great grandmother -->
  <GreatGrandparent.labelFemale>прабабушка</GreatGrandparent.labelFemale>
  
  <!-- EN: brother -->
  <HalfSibling.label>сводный брат</HalfSibling.label>
  <!-- EN: sister -->
  <HalfSibling.labelFemale>сводная сестра</HalfSibling.labelFemale>
  
  <!-- EN: kin -->
  <Kin.label>родственник</Kin.label>
  <Kin.labelFemale>родственница</Kin.labelFemale>
  
  <!-- EN: nephew -->
  <NephewOrNiece.label>племянник</NephewOrNiece.label>
  <!-- EN: niece -->
  <NephewOrNiece.labelFemale>племянница</NephewOrNiece.labelFemale>
  
  <!-- EN: father -->
  <Parent.label>отец</Parent.label>
  <!-- EN: mother -->
  <Parent.labelFemale>мать</Parent.labelFemale>
  
  <!-- EN: second cousin -->
  <SecondCousin.label>троюродный брат</SecondCousin.label>
  <SecondCousin.labelFemale>троюродная сестра</SecondCousin.labelFemale>
  
  <!-- EN: brother -->
  <Sibling.label>брат</Sibling.label>
  <!-- EN: sister -->
  <Sibling.labelFemale>сестра</Sibling.labelFemale>
  
  <!-- EN: uncle -->
  <UncleOrAunt.label>дядя</UncleOrAunt.label>
  <!-- EN: aunt -->
  <UncleOrAunt.labelFemale>тётя</UncleOrAunt.labelFemale>
  
</LanguageData>