﻿<?xml version="1.0" encoding="UTF-8"?>
<LanguageData>
  
  <!-- EN: biofuel refinery -->
  <BiofuelRefinery.label>перегонный аппарат</BiofuelRefinery.label>
  <!-- EN: Refines biological matter like wood or plant matter into chemfuel. -->
  <BiofuelRefinery.description>Используется для получения химического топлива из древесины или растительного сырья.</BiofuelRefinery.description>
  
  <!-- EN: brewery -->
  <Brewery.label>пивоварня</Brewery.label>
  <!-- EN: A work station with all the equipment needed to mix wort for beer production. Wort must be fermented to finally become beer. -->
  <Brewery.description>Рабочий стол, оснащённый всем необходимым для приготовления пивного сусла. Для получения пива сусло нужно подвергнуть брожению в специальных бочках.</Brewery.description>
  
  <!-- EN: butcher spot -->
  <ButcherSpot.label>место разделки</ButcherSpot.label>
  <!-- EN: A place for butchering animals. Due to the lack of equipment, butchering here yields only 70% of the meat and leather of each creature. -->
  <ButcherSpot.description>Необорудованное место для разделки. Позволяет получить лишь 70% мяса и шкуры разделываемого животного.</ButcherSpot.description>
  
  <!-- EN: crafting spot -->
  <CraftingSpot.label>рабочее место</CraftingSpot.label>
  <!-- EN: A place for crafting simple items like knives or bows. Production here is slow because of the lack of tools. -->
  <CraftingSpot.description>Место для создания простых вещей, таких как ножи и луки. Из-за нехватки инструментов производительность труда на таких местах невысока.</CraftingSpot.description>
  
  <!-- EN: deep drill -->
  <DeepDrill.label>буровая установка</DeepDrill.label>
  <!-- EN: A deep-crust drilling rig for extracting minerals from deep under the surface. Use a ground-penetrating scanner to detect the resources. This drill will yield stone chunks if no resources are present. Can be repositioned freely. -->
  <DeepDrill.description>Комплекс бурового оборудования, предназначенный для извлечения полезных ископаемых из недр. Для обнаружения месторождений следует использовать глубинный сканер. При отсутствии полезных ископаемых происходит добыча каменной породы. Можно перемещать с места на место.</DeepDrill.description>
  
  <!-- EN: drug lab -->
  <DrugLab.label>химическая лаборатория</DrugLab.label>
  <!-- EN: A work bench equipped with containers, heaters, and measurement devices for producing various drugs. -->
  <DrugLab.description>Рабочий стол, оснащённый различными ёмкостями, нагревателями и измерителями для изготовления разных видов препаратов и наркотиков.</DrugLab.description>
  
  <!-- EN: electric crematorium -->
  <ElectricCrematorium.label>электрический крематорий</ElectricCrematorium.label>
  <!-- EN: A huge stone crematorium which vaporizes corpses with extremely high temperatures. -->
  <ElectricCrematorium.description>Каменный электрический крематорий для сжигания тел и ненужных вещей.</ElectricCrematorium.description>
  
  <!-- EN: electric smelter -->
  <ElectricSmelter.label>электроплавильня</ElectricSmelter.label>
  <!-- EN: Extracts usable metal from slag chunks and other mixed metal items. Consumes a lot of power. -->
  <ElectricSmelter.description>Извлекает металл из кусков металлолома и других предметов, которые могут содержать металл. Потребляет много энергии.</ElectricSmelter.description>
  
  <!-- EN: electric smithy -->
  <ElectricSmithy.label>электрокузня</ElectricSmithy.label>
  <!-- EN: An electric-powered station for smithing non-mechanical weapons and tools. -->
  <ElectricSmithy.description>Работающая от электричества кузня, оборудованная для производства немеханического оружия и инструментов.</ElectricSmithy.description>
  
  <!-- EN: electric stove -->
  <ElectricStove.label>электроплита</ElectricStove.label>
  <!-- EN: An electrically-powered stove with an attached countertop for preparing meals. -->
  <ElectricStove.description>Стол для приготовления пищи с плитой, работающей от электричества.</ElectricStove.description>
  
  <!-- EN: electric tailor bench -->
  <ElectricTailoringBench.label>швейная машинка</ElectricTailoringBench.label>
  <!-- EN: A workbench with a sewing machine for rapid tailoring of clothes. Can work without electricity at 50% of normal speed. -->
  <ElectricTailoringBench.description>Верстак со швейной машиной для быстрого пошива одежды. Может использоваться без электроэнергии с эффективностью в 50% от обычной.</ElectricTailoringBench.description>
  
  <!-- EN: fabrication bench -->
  <FabricationBench.label>высокоточный станок</FabricationBench.label>
  <!-- EN: A workbench equipped with advanced tools for producing technological marvels from simpler materials. -->
  <FabricationBench.description>Станок, оборудованный продвинутыми инструментами для сборки разнообразных «чудес техники» из более простых материалов.</FabricationBench.description>
  
  <!-- EN: fermenting barrel -->
  <FermentingBarrel.label>бочка для брожения</FermentingBarrel.label>
  <!-- EN: A barrel for fermenting raw wort into beer. -->
  <FermentingBarrel.description>Бочка для получения пива из сусла путём брожения.</FermentingBarrel.description>
  
  <!-- EN: fueled smithy -->
  <FueledSmithy.label>топливная кузня</FueledSmithy.label>
  <!-- EN: A wood-fueled station for smithing non-mechanical weapons and tools. -->
  <FueledSmithy.description>Кузня, оборудованная для производства немеханического оружия и инструментов. Нуждается в дереве в качестве топлива.</FueledSmithy.description>
  
  <!-- EN: fueled stove -->
  <FueledStove.label>твердотопливная плита</FueledStove.label>
  <!-- EN: A wood-fueled stove with an attached countertop for preparing meals. -->
  <FueledStove.description>Стол для приготовления пищи, оборудованный дровяной печью.</FueledStove.description>
  
  <!-- EN: hand tailor bench -->
  <HandTailoringBench.label>стол портного</HandTailoringBench.label>
  <!-- EN: A workbench for tailoring clothes by hand. Works at 50% of the speed of an electric tailoring bench. -->
  <HandTailoringBench.description>Стол для ручного пошива одежды. Работает с эффективностью в 50% от электрического.</HandTailoringBench.description>
  
  <!-- EN: hi-tech research bench -->
  <HiTechResearchBench.label>высокотехнологичный стол для исследований</HiTechResearchBench.label>
  <!-- EN: A high-tech bench with computers and electronic measurement equipment. Allows more rapid research, and unlocks advanced research projects. -->
  <HiTechResearchBench.description>Стол для научных изысканий, укомплектованный компьютерами и электронными измерительными инструментами. Позволяет проводить исследования гораздо быстрее. Требует электричество.</HiTechResearchBench.description>
  
  <!-- EN: hopper -->
  <Hopper.label>загрузочная воронка</Hopper.label>
  <!-- EN: Holds resources for use by machines like nutrient paste dispensers. -->
  <Hopper.description>Позволяет складывать ресурсы для загрузки в различные аппараты. Например, в дозатор пасты.</Hopper.description>
  
  <!-- EN: hydroponics basin -->
  <HydroponicsBasin.label>гидропонная ферма</HydroponicsBasin.label>
  <!-- EN: An artificial nutrient bath for growing plants. The nutrients pumps must work continuously; the plants will die if power is cut. -->
  <HydroponicsBasin.description>Позволяет быстро выращивать растения в искусственной питательной среде. Требует электроэнергию; растения завянут, если её не будет.</HydroponicsBasin.description>
  
  <!-- EN: nutrient paste dispenser -->
  <NutrientPasteDispenser.label>дозатор пасты</NutrientPasteDispenser.label>
  <!-- EN: A machine that synthesizes edible nutrient paste from organic feedstocks placed in adjacent hoppers. It consumes less ingredients and time than any other meal production method - but nobody likes eating nutrient paste. Accepts raw food, but not rough plant matter like hay. -->
  <NutrientPasteDispenser.description>Аппарат для синтеза питательной пасты из органического сырья, помещённого в примыкающие воронки. Требует меньше ингредиентов и времени, чем приготовление пищи, но пасту никто не любит. С грубым растительным волокном (например, сеном) не работает.</NutrientPasteDispenser.description>
  
  <!-- EN: simple research bench -->
  <SimpleResearchBench.label>простой стол для исследований</SimpleResearchBench.label>
  <!-- EN: A simple bench with writing implements and simple measurement devices. Researchers work here to discover new things. -->
  <SimpleResearchBench.description>Стол для научных изысканий, снабжённый простейшими инструментами. Исследователи работают за ним над освоением новых технологий.</SimpleResearchBench.description>
  
  <!-- EN: butcher table -->
  <TableButcher.label>разделочный стол</TableButcher.label>
  <!-- EN: A heavy table for butchering dead creatures into pieces of raw meat. -->
  <TableButcher.description>Тяжёлый стол для разделки туш животных на куски сырого мяса и шкуру.</TableButcher.description>
  
  <!-- EN: machining table -->
  <TableMachining.label>верстак</TableMachining.label>
  <!-- EN: A work station for assembling machinery like guns and ammunition, or breaking down dead mechanoids. -->
  <TableMachining.description>Стол с инструментами для сборки механических изделий и разборки сломанных механоидов.</TableMachining.description>
  
  <!-- EN: art bench -->
  <TableSculpting.label>мастерская художника</TableSculpting.label>
  <!-- EN: A workbench equipped for creating art. -->
  <TableSculpting.description>Стол, оборудованный для создания произведений искусства.</TableSculpting.description>
  
  <!-- EN: stonecutter's table -->
  <TableStonecutter.label>стол для резки камня</TableStonecutter.label>
  <!-- EN: A work table with saws and chisels for cutting stone chunks into usable blocks. -->
  <TableStonecutter.description>Рабочий стол, оснащённый для резки кусков породы на каменные блоки.</TableStonecutter.description>
  
</LanguageData>