﻿<?xml version="1.0" encoding="UTF-8"?>
<LanguageData>
  
  <!-- EN: amniotic fluid -->
  <Filth_AmnioticFluid.label>плодные воды</Filth_AmnioticFluid.label>
  
  <!-- EN: animal filth -->
  <Filth_AnimalFilth.label>грязь от животных</Filth_AnimalFilth.label>
  
  <!-- EN: ash -->
  <Filth_Ash.label>пепел</Filth_Ash.label>
  
  <!-- EN: blood -->
  <Filth_Blood.label>кровь</Filth_Blood.label>
  
  <!-- EN: bugblood -->
  <Filth_BloodInsect.label>кровь насекомого</Filth_BloodInsect.label>
  
  <!-- EN: corpse bile -->
  <Filth_CorpseBile.label>непонятная жидкость</Filth_CorpseBile.label>
  
  <!-- EN: dirt -->
  <Filth_Dirt.label>земля</Filth_Dirt.label>
  
  <!-- EN: firefoam -->
  <Filth_FireFoam.label>пожарная пена</Filth_FireFoam.label>
  
  <!-- EN: chemfuel puddle -->
  <Filth_Fuel.label>топливная лужа</Filth_Fuel.label>
  <!-- EN: A puddle of flammable chemfuel. -->
  <Filth_Fuel.description>Загорится, если поджечь.</Filth_Fuel.description>
  
  <!-- EN: machine bits -->
  <Filth_MachineBits.label>осколки механизмов</Filth_MachineBits.label>
  
  <!-- EN: building rubble -->
  <Filth_RubbleBuilding.label>строительный мусор</Filth_RubbleBuilding.label>
  
  <!-- EN: rock rubble -->
  <Filth_RubbleRock.label>щебень</Filth_RubbleRock.label>
  
  <!-- EN: sand -->
  <Filth_Sand.label>песок</Filth_Sand.label>
  
  <!-- EN: slime -->
  <Filth_Slime.label>слизь</Filth_Slime.label>
  
  <!-- EN: trash -->
  <Filth_Trash.label>мусор</Filth_Trash.label>
  
  <!-- EN: vomit -->
  <Filth_Vomit.label>рвота</Filth_Vomit.label>
  
  <!-- EN: water puddle -->
  <Filth_Water.label>лужа</Filth_Water.label>
  
  <!-- EN: scattered sandbags -->
  <SandbagRubble.label>разбросанные мешки с песком</SandbagRubble.label>
  
  <!-- EN: scattered slag -->
  <SlagRubble.label>шлак</SlagRubble.label>
  
</LanguageData>