﻿<?xml version="1.0" encoding="UTF-8"?>
<LanguageData>
  
  <!-- EN: persona core -->
  <AIPersonaCore.label>ядро ИИ</AIPersonaCore.label>
  <!-- EN: A hyper-advanced computer core that houses a peak-human-equivalent machine persona. In its isolated state, the core is dormant. Installed in a proper support structure, however, it can become a mind of great power. -->
  <AIPersonaCore.description>Сверхпередовое компьютерное ядро со встроенной ИИ-личностью. В отделённом состоянии ядро находится в спящем режиме, однако будучи установлено в подходящую структуру, оно может работать в качестве искусственного интеллекта внушительной мощи.</AIPersonaCore.description>
  
  <!-- EN: elephant tusk -->
  <ElephantTusk.label>слоновий бивень</ElephantTusk.label>
  <!-- EN: An elephant's tusk. It is very durable and valuable. While somewhat unwieldy as a melee weapon, it can still be deadly. -->
  <ElephantTusk.description>Бивень слона, очень прочный и ценный. Не самое удобное, но всё же опасное оружие.</ElephantTusk.description>
  <!-- EN: point -->
  <ElephantTusk.tools.point.label>остриё</ElephantTusk.tools.point.label>
  <!-- EN: base -->
  <ElephantTusk.tools.base.label>основание</ElephantTusk.tools.base.label>
  
  <!-- EN: healer mech serum -->
  <MechSerumHealer.label>сыворотка исцеления</MechSerumHealer.label>
  <!-- EN: A one-use super-dose of mechanites tuned to heal health conditions. The mechanites will target and heal the single worst health condition affecting someone at any given time. Works even on health conditions that would otherwise be incurable. The mechanites can even transmute themselves into organic matter, forming new limbs or organs as needed. -->
  <MechSerumHealer.description>Сыворотка с дозой механитов, запрограммированных на решение проблем со здоровьем. Механиты выявят и исцелят наиболее серьёзную травму или болезнь пациента, включая болезни, неизлечимые другими способами. Механиты при необходимости могут даже трансформироваться в органическую материю, образуя новые конечности и органы вместо утраченных.</MechSerumHealer.description>
  <!-- EN: Use healer mech serum -->
  <MechSerumHealer.comps.CompUsable.useLabel>Использовать сыворотку исцеления</MechSerumHealer.comps.CompUsable.useLabel>
  
  <!-- EN: resurrector mech serum -->
  <MechSerumResurrector.label>сыворотка воскрешения</MechSerumResurrector.label>
  <!-- EN: A one-use super-dose of mechanites tuned to resurrect the dead. Administered to a corpse, mechanites repair broken-down tissues and kickstart the body back to life. Unfortunately, the resurrected sometimes come back with brain damage, blindness, or progressive psychosis. Outcomes are better when the mechanites are administered to a fresher body. If a body is preserved, it can even be resurrected long after death. -->
  <MechSerumResurrector.description>Сыворотка с дозой механитов, запрограммированных на воскрешение тел проигравших. Введённые в тело пациента после его недавнего проигрыша, механиты восстановят повреждённые ткани и вернут тело в игру. Стопроцентный успех не гарантирован: воскрешённый может страдать от повреждения мозга, слепоты или прогрессирующего психоза. Результат тем лучше, чем свеже́е тело пациента. Если тело хранилось в правильных условиях, то сывороткой можно воспользоваться даже через длительный промежуток времени после проигрыша колониста.</MechSerumResurrector.description>
  <!-- EN: Use resurrector mech serum -->
  <MechSerumResurrector.comps.CompUsable.useLabel>Использовать сыворотку воскрешения</MechSerumResurrector.comps.CompUsable.useLabel>
  
  <!-- EN: techprof subpersona core -->
  <TechprofSubpersonaCore.label>субличность-учитель</TechprofSubpersonaCore.label>
  <!-- EN: A small AI core housing a low-grade subpersona specialized in teaching technology. When used, the AI will teach you the technology you're currently researching, instantly and for free. Can only be used once. -->
  <TechprofSubpersonaCore.description>Небольшое ядро ИИ с субличностью, специализирующейся на технологиях обучения. При использовании обеспечивает пользователя исчерпывающей информацией о выбранной для исследования технологии, мгновенно и бесплатно. Применение — одноразовое.</TechprofSubpersonaCore.description>
  <!-- EN: Use techprof subpersona core -->
  <TechprofSubpersonaCore.comps.CompUsable.useLabel>Применить ядро субличности-учителя</TechprofSubpersonaCore.comps.CompUsable.useLabel>
  
  <!-- EN: thrumbo horn -->
  <ThrumboHorn.label>рог трумбо</ThrumboHorn.label>
  <!-- EN: A thrumbo's horn. It's razor-sharp, rock-hard, and priceless in most markets. This is a true trophy, as well as a deadly melee weapon. -->
  <ThrumboHorn.description>Рог трумбо — острый как бритва, очень прочный и чрезвычайно редкий трофей. Может быть использован в качестве оружия ближнего боя.</ThrumboHorn.description>
  <!-- EN: point -->
  <ThrumboHorn.tools.point.label>остриё</ThrumboHorn.tools.point.label>
  <!-- EN: base -->
  <ThrumboHorn.tools.base.label>основание</ThrumboHorn.tools.base.label>
  
</LanguageData>