﻿<?xml version="1.0" encoding="UTF-8"?>
<LanguageData>
  
  <!-- EN: corn plant -->
  <Plant_Corn.label>кукуруза</Plant_Corn.label>
  <!-- EN: A tall grain plant which produces ears of soft, edible seeds. While corn takes a long time to grow, it yields lots of food compared to other crops. Harvested corn takes a long time to spoil. -->
  <Plant_Corn.description>Злаковое травянистое растение, достигающее высоты трёх и более метров. Его початки содержат множество мягких зёрен, пригодных к употреблению в пищу даже в сыром виде. Растёт относительно долго, но приносит большой урожай, который хранится длительное время. Для хорошего роста необходима плодородная почва.</Plant_Corn.description>
  
  <!-- EN: cotton plant -->
  <Plant_Cotton.label>хлопчатник</Plant_Cotton.label>
  <!-- EN: A mid-size crop that yields fine white cotton fibers. These are used to make cloth. -->
  <Plant_Cotton.description>Низкорослое травянистое растение, из цветков которого получают хлопок — тонкое растительное волокно, используемое для создания одежды.</Plant_Cotton.description>
  
  <!-- EN: devilstrand -->
  <Plant_Devilstrand.label>дьявлонитник</Plant_Devilstrand.label>
  <!-- EN: This fragile mushroom was genetically engineered to produce a silk net that is both difficult to tear and soft to the touch. While the mushroom takes a very long time to grow, only exotic ultra-tech fabrics outperform its devilstrand fibers.\n\nSome say it's called devilstrand because of its red color. Others think it owes its name to the greed it inspires in people. -->
  <Plant_Devilstrand.description>Этот хрупкий гриб был генетически модифицирован для производства нитей высочайшего качества, мягких на ощупь, но прочных на разрыв. Несмотря на то, что дьявлонитник растёт очень медленно, его нити уступают по свойствам лишь сверхтехнологичным волокнам, что производят на утопических мирах.\n\nНекоторые считают, что гриб так назван из-за цвета своей шляпки. Другие же полагают, что своим названием он обязан алчности, которую пробуждает в людях.</Plant_Devilstrand.description>
  
  <!-- EN: haygrass -->
  <Plant_Haygrass.label>сенотрава</Plant_Haygrass.label>
  <!-- EN: A mixture of nutrient-rich grasses which yield large amounts of hay. Hay is edible for animals, but not humans. -->
  <Plant_Haygrass.description>Смесь травянистых растений, богатых питательными веществами. Скошенные и высушенные стебли и листья этих трав применяются в качестве продукта питания для сельскохозяйственных животных.</Plant_Haygrass.description>
  
  <!-- EN: healroot -->
  <Plant_Healroot.label>лечебный корень</Plant_Healroot.label>
  <!-- EN: A slow-growing plant which yields herbal medicine when harvested. Sowing and harvesting healroot are both very labor-intensive tasks because of its delicate shoots.\n\nHealroot was selectively bred for centuries by settlers. It is sometimes also called "healer's hand" by tribespeople - a nickname it owes to its five major medicinal virtues. -->
  <Plant_Healroot.description>Травянистое лекарственное растение. Посев и сбор лечебного корня требуют много труда и осторожности из-за очень хрупких побегов.\n\nЭто растение выводилось колонизаторами в течение столетий. За пять медицинских качеств аборигены иногда называют его «рукой целителя».</Plant_Healroot.description>
  
  <!-- EN: hop plant -->
  <Plant_Hops.label>хмель</Plant_Hops.label>
  <!-- EN: A flowering crop that yields hops, an essential ingredient in beer. -->
  <Plant_Hops.description>Цветковое растение, которое приносит хмель, — основной ингредиент пива.</Plant_Hops.description>
  
  <!-- EN: potato plant -->
  <Plant_Potato.label>картофель</Plant_Potato.label>
  <!-- EN: A highly nutritious tuber. Potatoes grow well even in somewhat poor soil, and form a delicious crispy outer coating when fried in oil. -->
  <Plant_Potato.description>Клубненосное травянистое растение. Хорошо растёт даже на бедных почвах. Картофельные клубни хорошо подходят для жарки — на них образуется вкусная золотистая корочка.</Plant_Potato.description>
  
  <!-- EN: psychoid plant -->
  <Plant_Psychoid.label>психолист</Plant_Psychoid.label>
  <!-- EN: A leafy plant which generates the chemical compound psychite. Originally evolved as a defense mechanism to ward off plant-eating animals by overstimulating and sickening them, the psychite drug can be extracted and refined into various forms for recreational use. It is addictive. -->
  <Plant_Psychoid.description>Лиственное растение, вырабатывающее вещество психин. Эволюционно это свойство служило защитным механизмом от травоядных животных, вызывая гиперстимуляцию их организма и рвоту. Человек научился извлекать и перерабатывать психин в различные виды психоактивных веществ. Вызывает привыкание.</Plant_Psychoid.description>
  
  <!-- EN: rice plant -->
  <Plant_Rice.label>рис</Plant_Rice.label>
  <!-- EN: A short, fast-growing crop that yields small edible grains. Its great nutritional ouput and ease of cultivation has made it the economic core of many great civilizations. While rice grows quickly, it is sensitive to soil fertility and will not fare well in poor soil. -->
  <Plant_Rice.description>Низкорослое зерновое травянистое растение. Высокая урожайность и простота возделывания сделали это растение экономической основой многих великих цивилизаций. Рис быстро растёт, но предъявляет высокие требования к плодородности почвы.</Plant_Rice.description>
  
  <!-- EN: smokeleaf plant -->
  <Plant_Smokeleaf.label>дымолист</Plant_Smokeleaf.label>
  <!-- EN: A leafy crop grown for the psychological effects of chemicals in its leaves. Smokeleaf leaves can be prepared into joints at the crafting spot. Smokeleaf makes a user feel relaxed, but reduces motivation, and can be addictive. -->
  <Plant_Smokeleaf.description>Лиственное растение, выращиваемое из-за своего воздействия на психику. На рабочем месте из его листьев можно крутить косяки. При курении дымолист помогает расслабиться и снижает мотивацию. Может вызвать привыкание.</Plant_Smokeleaf.description>
  
  <!-- EN: strawberry plant -->
  <Plant_Strawberry.label>клубника</Plant_Strawberry.label>
  <!-- EN: A low bush-like plant that yields fragile but delicious strawberries. While it isn't quite as productive calorie-for-calorie as other crops, strawberries are delicious even when raw. -->
  <Plant_Strawberry.description>Многолетнее травянистое растение, приносящее хрупкие, но очень вкусные ягоды. Клубника не даёт такой же высокий урожай, как другие культурные растения, зато её плоды восхитительны даже в сыром виде.</Plant_Strawberry.description>
  
  <!-- EN: cocoa tree -->
  <Plant_TreeCocoa.label>какао</Plant_TreeCocoa.label>
  <!-- EN: A tropical tree that produces chocolate, genetically engineered to sweeten its own product, and survive in slightly less-warm climates. -->
  <Plant_TreeCocoa.description>Тропическое дерево, дающее какао-бобы, из которых получают шоколад. Генетически изменено для большей сладости плодов и лучшей урожайности в менее тёплых условиях.</Plant_TreeCocoa.description>
  
</LanguageData>