﻿<?xml version="1.0" encoding="UTF-8"?>
<LanguageData>
  
  <!-- EN: alphabeaver -->
  <Alphabeaver.label>альфабобёр</Alphabeaver.label>
  <!-- EN: A large beaver-like creature genetically engineered to harvest wood with machine-like efficiency. In the absence of specialized feed, these animals will enter a manic state that compels them to eat trees whole, and are likely to attack if disturbed. -->
  <Alphabeaver.description>Крупный потомок бобра, генетически модифицированный для добычи древесины с эффективностью машины. В отсутствие специального корма эти животные впадают в маниакальное состояние, съедая деревья целиком и нападая, если их потревожат.</Alphabeaver.description>
  <!-- EN: left claw -->
  <Alphabeaver.tools.left_claw.label>левая лапа</Alphabeaver.tools.left_claw.label>
  <!-- EN: right claw -->
  <Alphabeaver.tools.right_claw.label>правая лапа</Alphabeaver.tools.right_claw.label>
  <!-- EN: head -->
  <Alphabeaver.tools.head.label>голова</Alphabeaver.tools.head.label>
  
  <!-- EN: boomrat -->
  <Boomrat.label>бумкрыса</Boomrat.label>
  <!-- EN: Either by deliberate genetic weaponization, or as an unusual defense mechanism, these rodent-like creatures create a powerful fire-starting explosion when killed. -->
  <Boomrat.description>Эти животные, похожие на грызунов, то ли были умышленно генетически модифицированы как оружие, то ли выработали такой необычный защитный механизм — взрываться при атаке на них, вызывая пожар.</Boomrat.description>
  <!-- EN: left claw -->
  <Boomrat.tools.left_claw.label>левая лапа</Boomrat.tools.left_claw.label>
  <!-- EN: right claw -->
  <Boomrat.tools.right_claw.label>правая лапа</Boomrat.tools.right_claw.label>
  <!-- EN: head -->
  <Boomrat.tools.head.label>голова</Boomrat.tools.head.label>
  
  <!-- EN: capybara -->
  <Capybara.label>капибара</Capybara.label>
  <!-- EN: The largest natural rodent, the capybara is well-adapted for steaming jungle environments. -->
  <Capybara.description>Крупнейший из грызунов, хорошо приспособлен для жизни в джунглях.</Capybara.description>
  <!-- EN: left claw -->
  <Capybara.tools.left_claw.label>левая лапа</Capybara.tools.left_claw.label>
  <!-- EN: right claw -->
  <Capybara.tools.right_claw.label>правая лапа</Capybara.tools.right_claw.label>
  <!-- EN: head -->
  <Capybara.tools.head.label>голова</Capybara.tools.head.label>
  
  <!-- EN: chinchilla -->
  <Chinchilla.label>шиншилла</Chinchilla.label>
  <!-- EN: A small, nimble rodent. Its fur is softer than just about anything in the universe, making it very valuable as a trade good. -->
  <Chinchilla.description>Небольшой проворный грызун. Во всей вселенной сложно найти-что либо мягче их меха, за что их шкурки очень ценят.</Chinchilla.description>
  <!-- EN: left claw -->
  <Chinchilla.tools.left_claw.label>левая лапа</Chinchilla.tools.left_claw.label>
  <!-- EN: right claw -->
  <Chinchilla.tools.right_claw.label>правая лапа</Chinchilla.tools.right_claw.label>
  <!-- EN: head -->
  <Chinchilla.tools.head.label>голова</Chinchilla.tools.head.label>
  
  <!-- EN: raccoon -->
  <Raccoon.label>енот</Raccoon.label>
  <!-- EN: A small, hardy animal that ranges wide across forests and shrubland. It is happy to break into your garbage container, or your kitchen, to eat almost anything. -->
  <Raccoon.description>Небольшое выносливое животное, обитающее в лесах и кустарниках. Без проблем сможет найти пропитание как в мусорной куче, так и на вашей кухне: ест почти что угодно.</Raccoon.description>
  <!-- EN: left claw -->
  <Raccoon.tools.left_claw.label>левая лапа</Raccoon.tools.left_claw.label>
  <!-- EN: right claw -->
  <Raccoon.tools.right_claw.label>правая лапа</Raccoon.tools.right_claw.label>
  <!-- EN: head -->
  <Raccoon.tools.head.label>голова</Raccoon.tools.head.label>
  
  <!-- EN: rat -->
  <Rat.label>крыса</Rat.label>
  <!-- EN: A widely-hated rodent known for soiling kitchens and spreading disease, rats have a way of following humans everywhere they go. It eats almost anything and lives almost anywhere. -->
  <Rat.description>Грызун, известный как переносчик множества заболеваний. Питается чем угодно, живёт практически везде.</Rat.description>
  <!-- EN: left claw -->
  <Rat.tools.left_claw.label>левая лапа</Rat.tools.left_claw.label>
  <!-- EN: right claw -->
  <Rat.tools.right_claw.label>правая лапа</Rat.tools.right_claw.label>
  <!-- EN: head -->
  <Rat.tools.head.label>голова</Rat.tools.head.label>
  
  <!-- EN: squirrel -->
  <Squirrel.label>белка</Squirrel.label>
  <!-- EN: One of the many hardy rodent species that follows humankind everywhere it spreads. Squirrels are distinguished by their bushy tails, which they use as umbrellas in bad weather. -->
  <Squirrel.description>Один из многих выносливых видов грызунов, следующих за человеком, какие бы миры он не колонизировал. Белок легко отличить благодаря их пушистому хвосту, который они в непогоду используют в качестве зонтика.</Squirrel.description>
  <!-- EN: left claw -->
  <Squirrel.tools.left_claw.label>левая лапа</Squirrel.tools.left_claw.label>
  <!-- EN: right claw -->
  <Squirrel.tools.right_claw.label>правая лапа</Squirrel.tools.right_claw.label>
  <!-- EN: head -->
  <Squirrel.tools.head.label>голова</Squirrel.tools.head.label>
  
</LanguageData>