﻿<?xml version="1.0" encoding="UTF-8"?>
<LanguageData>
  
  <!-- EN: megascarab -->
  <Megascarab.label>мегаскарабей</Megascarab.label>
  <!-- EN: A large, genetically-engineered beetle. Once the worker caste of an artifical ecosystem of insectoids designed to fight mechanoid invasions, it is now often seen without its deadlier insectoid cousins. Still, its size and hard shell make it dangerous when it attacks. A eusocial creature, it cannot reproduce individually. -->
  <Megascarab.description>Крупный генетически модифицированный жук. Когда-то они были рабочей кастой искусственной экосистемы инсектоидов, специально выведенной для борьбы с вторжениями механоидов. Теперь их часто можно увидеть без более опасных инсектоидных собратьев. Тем не менее, размер и твёрдый панцирь делают их опасными противниками в бою. Как и прочие общественные насекомые, не может размножаться в одиночку.</Megascarab.description>
  <!-- EN: mandibles -->
  <Megascarab.tools.mandibles.label>жвалы</Megascarab.tools.mandibles.label>
  <!-- EN: head -->
  <Megascarab.tools.head.label>голова</Megascarab.tools.head.label>
  
  <!-- EN: megaspider -->
  <Megaspider.label>мегапаук</Megaspider.label>
  <!-- EN: Not actually a spider, the megaspider is a genetically-engineered giant insectoid the size of a bear. Designed for heavy work and combat, its thick chitinous armor makes it hard to kill, while its long ripper-blades make it deadly at close quarters. It is, however, quite slow in open terrain. -->
  <Megaspider.description>Мегапаук на самом деле не паук, а гигантский генетически модифицированный инсектоид размером с медведя, созданный для тяжёлый работы и боя. Его защищает толстая хитиновая броня, а длинные потрошащие клинки предельно опасны в ближнем бою. На открытой местности весьма медлителен.</Megaspider.description>
  <!-- EN: insect meat -->
  <Megaspider.race.meatLabel>мясо насекомого</Megaspider.race.meatLabel>
  <!-- EN: head claw -->
  <Megaspider.tools.head_claw.label>жвалы</Megaspider.tools.head_claw.label>
  <!-- EN: head -->
  <Megaspider.tools.head.label>голова</Megaspider.tools.head.label>
  
  <!-- EN: spelopede -->
  <Spelopede.label>пещерный жук</Spelopede.label>
  <!-- EN: A medium-sized bioengineered insectoid the size of a sheep. The spelopede is the middle caste of a hive, taking care of most work tasks as well as fighting with its digging claws. It's dangerous in combat, but slow on open ground. -->
  <Spelopede.description>Генетически модифицированный инсектоид размером с овцу. Средняя каста в улье. Своими клешнями эти жуки как защищают улей, так и выполняют в нём львиную долю работы. Опасны в ближнем бою, но на открытой местности весьма медлительны.</Spelopede.description>
  <!-- EN: head claw -->
  <Spelopede.tools.head_claw.label>жвалы</Spelopede.tools.head_claw.label>
  <!-- EN: head -->
  <Spelopede.tools.head.label>голова</Spelopede.tools.head.label>
  
</LanguageData>