﻿<?xml version="1.0" encoding="UTF-8"?>
<LanguageData>
  
  <!-- EN: centipede -->
  <Mech_Centipede.label>сентипеда</Mech_Centipede.label>
  <!-- EN: Heavy combat mechanoids that glide on dozens of tiny legs. Their thick carpace and firepower makes them very effective against bunched-up static defenders. They are somewhat vulnerable to mobile hit-and-run tactics. -->
  <Mech_Centipede.description>Тяжёлые боевые механоиды, передвигающиеся на множестве крошечных ног. Тяжёлая броня и огневая мощь делают их очень эффективными против групп неподвижных защитников. Однако они уязвимы для мобильных отрядов с тактикой «ударил-убежал».</Mech_Centipede.description>
  <!-- EN: head -->
  <Mech_Centipede.tools.head.label>голова</Mech_Centipede.tools.head.label>
  
  <!-- EN: lancer -->
  <Mech_Lancer.label>улан</Mech_Lancer.label>
  <!-- EN: Fast human-sized combat mechanoids built for medium and long-range combat. Their bodies are light, making them vulnerable targets at close range - especially in melee combat. -->
  <Mech_Lancer.description>Боевые механоиды ростом с человека, оснащённые массивными оптическими сенсорами, идеальными для дальнего боя. В ближнем бою не так эффективны. Ветераны войн с механоидами знают, что зачастую самая безопасная тактика борьбы с уланами — лобовая атака.</Mech_Lancer.description>
  <!-- EN: left fist -->
  <Mech_Lancer.tools.left_fist.label>левый кулак</Mech_Lancer.tools.left_fist.label>
  <!-- EN: right fist -->
  <Mech_Lancer.tools.right_fist.label>правый кулак</Mech_Lancer.tools.right_fist.label>
  <!-- EN: head -->
  <Mech_Lancer.tools.head.label>голова</Mech_Lancer.tools.head.label>
  
  <!-- EN: pikeman -->
  <Mech_Pikeman.label>драгун</Mech_Pikeman.label>
  <!-- EN: A clunky multi-legged combat mechanoid specialized as a long-range weapons platform. While effective at distance, it is weak in close-range fights and in melee combat.\n\nVeterans of mechanoid wars know that often, the safest place to be around a pikeman is touching it. -->
  <Mech_Pikeman.description>Громоздкий многоногий боевой механоид, используемый в качестве платформы для дальнобойного оружия. Драгуны очень эффективны на большой дальности, но слабы на малых расстояниях и в рукопашном бою.\n\nВетераны войн с механоидами отмечают, что самая безопасная дистанция боя с ними — расстояние вытянутой руки.</Mech_Pikeman.description>
  <!-- EN: front left leg -->
  <Mech_Pikeman.tools.front_left_leg.label>передняя левая нога</Mech_Pikeman.tools.front_left_leg.label>
  <!-- EN: front right leg -->
  <Mech_Pikeman.tools.front_right_leg.label>передняя правая нога</Mech_Pikeman.tools.front_right_leg.label>
  <!-- EN: head -->
  <Mech_Pikeman.tools.head.label>голова</Mech_Pikeman.tools.head.label>
  
  <!-- EN: scyther -->
  <Mech_Scyther.label>жнец</Mech_Scyther.label>
  <!-- EN: Fast, spindly, human-sized combat mechanoids specializing in rapid approach and close-range combat. Their bodies are covered in points and blades, but their mostly use two arm blades to lop off limbs or gut their victims alive. -->
  <Mech_Scyther.description>Быстрые веретенообразные боевые механоиды ростом с человека. Их тактика — быстрое сближение и ближний бой с противником. Их тела усеяны шипами, а манипуляторы оснащены ужасными лезвиями, идеальными для отрубания конечностей.</Mech_Scyther.description>
  <!-- EN: left blade -->
  <Mech_Scyther.tools.left_blade.label>левый клинок</Mech_Scyther.tools.left_blade.label>
  <!-- EN: right blade -->
  <Mech_Scyther.tools.right_blade.label>правый клинок</Mech_Scyther.tools.right_blade.label>
  <!-- EN: head -->
  <Mech_Scyther.tools.head.label>голова</Mech_Scyther.tools.head.label>
  
</LanguageData>