﻿<?xml version="1.0" encoding="UTF-8"?>
<LanguageData>
  
  <!-- EN: alpaca -->
  <Alpaca.label>альпака</Alpaca.label>
  <!-- EN: A medium-sized ungulate closely related to the llama, the alpaca is usually raised for its remarkably soft and insulating wool. Alpacas have also been used as pack animals since they hauled cargo on the rugged mountain trails of ancient South America -->
  <Alpaca.description>Родственное ламам копытное средних размеров. В основном их разводят ради их исключительно тёплой и мягкой шерсти. Альпака применяются в качестве вьючных животных с тех пор, как на них возили грузы по опасным горным тропам древней Южной Америки.</Alpaca.description>
  <!-- EN: left hoof -->
  <Alpaca.tools.left_hoof.label>левое копыто</Alpaca.tools.left_hoof.label>
  <!-- EN: right hoof -->
  <Alpaca.tools.right_hoof.label>правое копыто</Alpaca.tools.right_hoof.label>
  <!-- EN: head -->
  <Alpaca.tools.head.label>голова</Alpaca.tools.head.label>
  
  <!-- EN: bison -->
  <Bison.label>зубр</Bison.label>
  <!-- EN: A large plant eating mammal appearing in the savannah wilderness. Tamed are quite docile, but enraged are fast and dangerous. -->
  <Bison.description>Крупное травоядное, обитающее в бескрайних саваннах. Зубры весьма покорны после приручения. Но если их разозлить, они быстры и опасны.</Bison.description>
  <!-- EN: head -->
  <Bison.tools.head.label>голова</Bison.tools.head.label>
  <!-- EN: left hoof -->
  <Bison.tools.left_hoof.label>левое копыто</Bison.tools.left_hoof.label>
  <!-- EN: right hoof -->
  <Bison.tools.right_hoof.label>правое копыто</Bison.tools.right_hoof.label>
  
  <!-- EN: chicken -->
  <Chicken.label>курица</Chicken.label>
  <!-- EN: The most traditional farm bird, the chicken is raised for its eggs and meat. It grows very quickly and lays eggs very often. -->
  <Chicken.description>Традиционная домашняя птица, разводится ради яиц и мяса: и растёт быстро, и яйца несёт часто.</Chicken.description>
  <!-- EN: claws -->
  <Chicken.tools.claws.label>когти</Chicken.tools.claws.label>
  <!-- EN: beak -->
  <Chicken.tools.beak.label>клюв</Chicken.tools.beak.label>
  <!-- EN: head -->
  <Chicken.tools.head.label>голова</Chicken.tools.head.label>
  
  <!-- EN: cow -->
  <Cow.label>корова</Cow.label>
  <!-- EN: A large domesticated ungulate, cows have been bred for millennia to produce huge amounts of milk, meat, and leather. They are exceptionally gentle creatures and will never seek revenge, no matter how many times they are harmed. Most of them are so adapted to farm life that they cannot survive in the wild. -->
  <Cow.description>Крупное одомашненное копытное животное. Люди на протяжении тысячелетий разводили коров ради молока, мяса и шкуры. Эти животные чрезвычайно спокойны и не нападут, даже если их бить. Большинство пород настолько приучены к человеку, что не смогут выжить в дикой природе.</Cow.description>
  <!-- EN: beef -->
  <Cow.race.meatLabel>говядина</Cow.race.meatLabel>
  <!-- EN: head -->
  <Cow.tools.head.label>голова</Cow.tools.head.label>
  <!-- EN: left hoof -->
  <Cow.tools.left_hoof.label>левое копыто</Cow.tools.left_hoof.label>
  <!-- EN: right hoof -->
  <Cow.tools.right_hoof.label>правое копыто</Cow.tools.right_hoof.label>
  
  <!-- EN: donkey -->
  <Donkey.label>осёл</Donkey.label>
  <!-- EN: A small relative of the horse, domesticated in ancient times for farm work. Its goofy call is simultaneously annoying and endearing. -->
  <Donkey.description>Родственник лошади небольшого размера, приручённый в древние времена для использования в сельском хозяйстве. Его нелепый крик одновременно раздражающий и милый.</Donkey.description>
  <!-- EN: head -->
  <Donkey.tools.head.label>голова</Donkey.tools.head.label>
  <!-- EN: left hoof -->
  <Donkey.tools.left_hoof.label>левое копыто</Donkey.tools.left_hoof.label>
  <!-- EN: right hoof -->
  <Donkey.tools.right_hoof.label>правое копыто</Donkey.tools.right_hoof.label>
  
  <!-- EN: duck -->
  <Duck.label>утка</Duck.label>
  <!-- EN: A very common type of farm bird, also appearing in the wild, the duck is raised for its delicious meat. It grows quick but lays eggs quite rarely. -->
  <Duck.description>Распространённый вид птиц, используемых как в сельском хозяйстве, так и встречающихся в дикой природе. Уток разводят ради их вкусного и питательного мяса. Они вырастают быстро, но откладывают яйца довольно редко.</Duck.description>
  <!-- EN: claws -->
  <Duck.tools.claws.label>когти</Duck.tools.claws.label>
  <!-- EN: beak -->
  <Duck.tools.beak.label>клюв</Duck.tools.beak.label>
  <!-- EN: head -->
  <Duck.tools.head.label>голова</Duck.tools.head.label>
  
  <!-- EN: goat -->
  <Goat.label>коза</Goat.label>
  <!-- EN: Naturally curious about the world, goats are among the friendliest domesticated creature bred by mankind. -->
  <Goat.description>Козы, обладая природным любопытством, стали одними из самых дружелюбных животных, когда либо одомашненных человеком.</Goat.description>
  <!-- EN: head -->
  <Goat.tools.head.label>голова</Goat.tools.head.label>
  
  <!-- EN: goose -->
  <Goose.label>гусь</Goose.label>
  <!-- EN: A domesticated bird kept by humans as poultry for it's eggs and meat. Lays eggs very often, however they take a long time to hatch. -->
  <Goose.description>Птица, одомашненная человеком ради яиц и мяса. Очень часто откладывает яйца, но срок их инкубации весьма долог.</Goose.description>
  <!-- EN: claws -->
  <Goose.tools.claws.label>когти</Goose.tools.claws.label>
  <!-- EN: beak -->
  <Goose.tools.beak.label>клюв</Goose.tools.beak.label>
  <!-- EN: head -->
  <Goose.tools.head.label>голова</Goose.tools.head.label>
  
  <!-- EN: guinea pig -->
  <GuineaPig.label>морская свинка</GuineaPig.label>
  <!-- EN: Neither a pig or a creature from Guinea, these little rodents are bred to be a household pet and a delicious dinner. -->
  <GuineaPig.description>Не является свиньёй и не имеет никакого отношения к морю. Этого небольшого грызуна разводят в качестве домашнего питомца и источника питательного мяса.</GuineaPig.description>
  <!-- EN: left claw -->
  <GuineaPig.tools.left_claw.label>левая лапа</GuineaPig.tools.left_claw.label>
  <!-- EN: right claw -->
  <GuineaPig.tools.right_claw.label>правая лапа</GuineaPig.tools.right_claw.label>
  <!-- EN: head -->
  <GuineaPig.tools.head.label>голова</GuineaPig.tools.head.label>
  
  <!-- EN: horse -->
  <Horse.label>лошадь</Horse.label>
  <!-- EN: A large hoofed mammal with a short coat, a long mane, and a long tail. Horses have been domesticated since ancient times. -->
  <Horse.description>Крупное копытное млекопитающее с короткой шерстью, косматой гривой и длинным хвостом. Человек одомашнил лошадь ещё в древние времена.</Horse.description>
  <!-- EN: horse meat -->
  <Horse.race.meatLabel>конина</Horse.race.meatLabel>
  <!-- EN: head -->
  <Horse.tools.head.label>голова</Horse.tools.head.label>
  <!-- EN: left hoof -->
  <Horse.tools.left_hoof.label>левое копыто</Horse.tools.left_hoof.label>
  <!-- EN: right hoof -->
  <Horse.tools.right_hoof.label>правое копыто</Horse.tools.right_hoof.label>
  
  <!-- EN: pig -->
  <Pig.label>свинья</Pig.label>
  <!-- EN: The pig was one of the first animals domesticated by humans. It is commonly raised for meat, and is easy to feed because of its omnivorous diet. Though pigs are self-serving by disposition, they can be trained in complex tasks. -->
  <Pig.description>Свинья была одним из первых одомашненных человеком животных. Разводится в основном ради мяса и характерно мягкой кожи. Свиньи всеядны, поэтому их легко прокормить. Несмотря на некоторый эгоизм, их довольно легко обучить сложным командам.</Pig.description>
  <!-- EN: pork -->
  <Pig.race.meatLabel>свинина</Pig.race.meatLabel>
  <!-- EN: head -->
  <Pig.tools.head.label>голова</Pig.tools.head.label>
  
  <!-- EN: sheep -->
  <Sheep.label>овца</Sheep.label>
  <!-- EN: Sheep husbandry is practised throughout the majority of the inhabited worlds, however only recently it has been introduced to the rimworlds. Domestic sheep are relatively small herbivores, usually with yellowish wool and medium sized horns. -->
  <Sheep.description>Овцеводство распространено в большинстве обитаемых миров, но лишь недавно пришло в окраинные миры. Домашние овцы — относительно небольшие травоядные, обычно с желтоватой шерстью и средних размеров рогами.</Sheep.description>
  <!-- EN: head -->
  <Sheep.tools.head.label>голова</Sheep.tools.head.label>
  <!-- EN: left hoof -->
  <Sheep.tools.left_hoof.label>левое копыто</Sheep.tools.left_hoof.label>
  <!-- EN: right hoof -->
  <Sheep.tools.right_hoof.label>правое копыто</Sheep.tools.right_hoof.label>
  
  <!-- EN: yak -->
  <Yak.label>як</Yak.label>
  <!-- EN: Yaks are robust cattle with a bulky frame, short but thick legs, and rounded cloven hooves that are splayed to help them walk in snow. -->
  <Yak.description>Яки — крупные выносливые животные с мощным телосложением, короткими, но толстыми ногами и широкими закруглёнными парными копытами, позволяющими ходить по снегу.</Yak.description>
  <!-- EN: yak beef -->
  <Yak.race.meatLabel>мясо яка</Yak.race.meatLabel>
  <!-- EN: head -->
  <Yak.tools.head.label>голова</Yak.tools.head.label>
  <!-- EN: left hoof -->
  <Yak.tools.left_hoof.label>левое копыто</Yak.tools.left_hoof.label>
  <!-- EN: right hoof -->
  <Yak.tools.right_hoof.label>правое копыто</Yak.tools.right_hoof.label>
  
</LanguageData>