﻿<?xml version="1.0" encoding="UTF-8"?>
<LanguageData>
  
  <!-- EN: grizzly bear -->
  <Bear_Grizzly.label>медведь</Bear_Grizzly.label>
  <!-- EN: A huge omnivorous mammal adapted for cold climates. Bears' thick blubber and fur keeps them warm in winter.\n\nWhile their usual diet consists of fish, berries, honey, and scavenged meat, the grizzly is capable of using its massive strength and deadly claws to kill live prey. They are startlingly quick for such lumbering creatures. -->
  <Bear_Grizzly.description>Огромные всеядные млекопитающие, приспособленные к холодному климату. Жировая прослойка и мех позволяют им не замёрзнуть зимой.\n\nНесмотря на то, что обычно их рацион состоит из рыбы, ягод, мёда и падали, медведи могут использовать свою огромную силу и опасные когти для охоты на живую добычу. Для таких, казалось бы, неуклюжих животных они поразительно проворны.</Bear_Grizzly.description>
  <!-- EN: bear meat -->
  <Bear_Grizzly.race.meatLabel>медвежатина</Bear_Grizzly.race.meatLabel>
  <!-- EN: left claw -->
  <Bear_Grizzly.tools.left_claw.label>левая лапа</Bear_Grizzly.tools.left_claw.label>
  <!-- EN: right claw -->
  <Bear_Grizzly.tools.right_claw.label>правая лапа</Bear_Grizzly.tools.right_claw.label>
  <!-- EN: head -->
  <Bear_Grizzly.tools.head.label>голова</Bear_Grizzly.tools.head.label>
  
  <!-- EN: polar bear -->
  <Bear_Polar.label>белый медведь</Bear_Polar.label>
  <!-- EN: A great white bear adapted for frozen climates. Their thick blubber and fur keep them warm in winter.\n\nWhile their usual diet consists of fish and scavenged meat, the polar bear can also use its massive strength and deadly claws to kill live prey. They are startlingly quick for such lumbering creatures. -->
  <Bear_Polar.description>Огромное всеядные млекопитающие, приспособленные к жизни в полярном климате. Жировая прослойка и мех позволяют им не замёрзнуть зимой.\n\nНесмотря на то, что обычно их рацион состоит из рыбы, ягод, мёда и падали, медведи могут использовать свою огромную силу и опасные когти для охоты на живую добычу. Для таких, казалось бы, неуклюжих животных они поразительно проворны.</Bear_Polar.description>
  <!-- EN: left claw -->
  <Bear_Polar.tools.left_claw.label>левая лапа</Bear_Polar.tools.left_claw.label>
  <!-- EN: right claw -->
  <Bear_Polar.tools.right_claw.label>правая лапа</Bear_Polar.tools.right_claw.label>
  <!-- EN: head -->
  <Bear_Polar.tools.head.label>голова</Bear_Polar.tools.head.label>
  
</LanguageData>