﻿<?xml version="1.0" encoding="UTF-8"?>
<LanguageData>
  
  <!-- EN: arctic fox -->
  <Fox_Arctic.label>песец</Fox_Arctic.label>
  <!-- EN: A small predator adapted for cold climates. It usually hunts small game like mice and voles, sometimes burrowing through a meter of snow to reach its prey. -->
  <Fox_Arctic.description>Небольшой хищник, приспособившийся к жизни в условиях крайнего севера. Обычно охотится на мелкую дичь вроде мышей и полёвок, иногда зарываясь на целый метр в снег, чтобы добраться до своей добычи.</Fox_Arctic.description>
  <!-- EN: left claw -->
  <Fox_Arctic.tools.left_claw.label>левая лапа</Fox_Arctic.tools.left_claw.label>
  <!-- EN: right claw -->
  <Fox_Arctic.tools.right_claw.label>правая лапа</Fox_Arctic.tools.right_claw.label>
  <!-- EN: head -->
  <Fox_Arctic.tools.head.label>голова</Fox_Arctic.tools.head.label>
  
  <!-- EN: fennec fox -->
  <Fox_Fennec.label>фенек</Fox_Fennec.label>
  <!-- EN: A small fox originally from the northern part of Earth's Africa continent. It hunts small creatures and has very large ears for cooling itself in the heat. -->
  <Fox_Fennec.description>Маленькая лиса родом из северной части Африки. Фенек известен своими непропорционально большими ушами. Охотится на мелких животных.</Fox_Fennec.description>
  <!-- EN: fox meat -->
  <Fox_Fennec.race.meatLabel>лисятина</Fox_Fennec.race.meatLabel>
  <!-- EN: left claw -->
  <Fox_Fennec.tools.left_claw.label>левая лапа</Fox_Fennec.tools.left_claw.label>
  <!-- EN: right claw -->
  <Fox_Fennec.tools.right_claw.label>правая лапа</Fox_Fennec.tools.right_claw.label>
  <!-- EN: head -->
  <Fox_Fennec.tools.head.label>голова</Fox_Fennec.tools.head.label>
  
  <!-- EN: red fox -->
  <Fox_Red.label>лисица</Fox_Red.label>
  <!-- EN: A small solitary canine evolved for hunting small prey in temperate climates. Chicken farmers hate foxes because of their ability to destroy a whole coop in minutes. -->
  <Fox_Red.description>Небольшое одиночное животное из семейства собачьих, приспособившееся для охоты на мелкую добычу в умеренном климате. Фермеры ненавидят лисиц за то, что они разоряют курятники.</Fox_Red.description>
  <!-- EN: left claw -->
  <Fox_Red.tools.left_claw.label>левая лапа</Fox_Red.tools.left_claw.label>
  <!-- EN: right claw -->
  <Fox_Red.tools.right_claw.label>правая лапа</Fox_Red.tools.right_claw.label>
  <!-- EN: head -->
  <Fox_Red.tools.head.label>голова</Fox_Red.tools.head.label>
  
  <!-- EN: warg -->
  <Warg.label>варг</Warg.label>
  <!-- EN: Heavily-muscled wolf-like creatures with vicious unnatural claws and an absurdly powerful bite. They will only eat meat or corpses. If disturbed in the wild, they are very likely to attack.\n\nScientists say wargs are the descendants of weaponized military animals created for population suppression. The superstitious see them as the tools of an angry god. -->
  <Warg.description>Мускулистые волкоподобные животные с неестественно острыми когтями и невероятно мощной пастью. Питаются исключительно мясом или падалью. При встрече в дикой природе велик риск нападения.\n\nПо мнению авторитетных учёных, варги — потомки боевых животных, созданных для усмирения населения. Суеверные же люди считают их орудием божьего гнева.</Warg.description>
  <!-- EN: left claw -->
  <Warg.tools.left_claw.label>левая лапа</Warg.tools.left_claw.label>
  <!-- EN: right claw -->
  <Warg.tools.right_claw.label>правая лапа</Warg.tools.right_claw.label>
  <!-- EN: razorfangs -->
  <Warg.tools.razorfangs.label>клыки-лезвия</Warg.tools.razorfangs.label>
  <!-- EN: head -->
  <Warg.tools.head.label>голова</Warg.tools.head.label>
  
  <!-- EN: arctic wolf -->
  <Wolf_Arctic.label>полярный волк</Wolf_Arctic.label>
  <!-- EN: An arctic variant of the old Earth wolf. As pack hunters, wolves have a complex social life and are fiercely intelligent. -->
  <Wolf_Arctic.description>Арктический подвид обычного волка. Будучи стайными охотниками, волки имеют сложную социальную жизнь и очень разумны.</Wolf_Arctic.description>
  <!-- EN: left claw -->
  <Wolf_Arctic.tools.left_claw.label>левая лапа</Wolf_Arctic.tools.left_claw.label>
  <!-- EN: right claw -->
  <Wolf_Arctic.tools.right_claw.label>правая лапа</Wolf_Arctic.tools.right_claw.label>
  <!-- EN: head -->
  <Wolf_Arctic.tools.head.label>голова</Wolf_Arctic.tools.head.label>
  
  <!-- EN: timber wolf -->
  <Wolf_Timber.label>волк</Wolf_Timber.label>
  <!-- EN: A rugged predator long feared by many ancient Earth cultures. As pack hunters, wolves have complex social lives and are fiercely intelligent. -->
  <Wolf_Timber.description>Суровый хищник, которого издревле боятся многие культуры Земли. Будучи стайными охотниками, волки ведут социальный образ жизни и весьма умны.</Wolf_Timber.description>
  <!-- EN: wolf meat -->
  <Wolf_Timber.race.meatLabel>волчатина</Wolf_Timber.race.meatLabel>
  <!-- EN: left claw -->
  <Wolf_Timber.tools.left_claw.label>левая лапа</Wolf_Timber.tools.left_claw.label>
  <!-- EN: right claw -->
  <Wolf_Timber.tools.right_claw.label>правая лапа</Wolf_Timber.tools.right_claw.label>
  <!-- EN: head -->
  <Wolf_Timber.tools.head.label>голова</Wolf_Timber.tools.head.label>
  
</LanguageData>