﻿<?xml version="1.0" encoding="UTF-8"?>
<LanguageData>
  
  <!-- EN: boomalope -->
  <Boomalope.label>бумалопа</Boomalope.label>
  <!-- EN: Engineered for chemicals production, the boomalope grows a large sac of volatile chemicals on its back. Though it is weak and fragile for its size, other animals have learned to avoid it because of the huge explosion it produces when it dies. It can be milked to produce chemfuel - very carefully. -->
  <Boomalope.description>Разработанная для химического производства, бумалопа отращивает на спине большой мешок с нестабильными химикатами. Несмотря на её слабость и уязвимость, другие животные научились обходить бумалопу стороной, из-за огромного взрыва, происходящего при атаке на неё. Бумалоп можно доить, получая химтопливо, но будьте очень аккуратны!</Boomalope.description>
  <!-- EN: head -->
  <Boomalope.tools.head.label>голова</Boomalope.tools.head.label>
  <!-- EN: left hoof -->
  <Boomalope.tools.left_hoof.label>левое копыто</Boomalope.tools.left_hoof.label>
  <!-- EN: right hoof -->
  <Boomalope.tools.right_hoof.label>правое копыто</Boomalope.tools.right_hoof.label>
  
  <!-- EN: cobra -->
  <Cobra.label>кобра</Cobra.label>
  <!-- EN: A large predatory snake. Cobras can be highly aggressive if provoked, and their bite injects toxic venom into the victim. -->
  <Cobra.description>Большая змея. Кобры могут быть очень агрессивны, если их спровоцировать. Их укус ядовит. Лучше держаться подальше от этих созданий.</Cobra.description>
  <!-- EN: cobraflesh -->
  <Cobra.race.meatLabel>мясо кобры</Cobra.race.meatLabel>
  <!-- EN: venom-fangs -->
  <Cobra.tools.venomfangs.label>ядовитые клыки</Cobra.tools.venomfangs.label>
  <!-- EN: head -->
  <Cobra.tools.head.label>голова</Cobra.tools.head.label>
  
  <!-- EN: monkey -->
  <Monkey.label>обезьяна</Monkey.label>
  <!-- EN: A small primate, the monkey can use its curly tail to grab on to branches, leaving its hands free to do other things. Monkeys are selfish but clever, and can be trained to carry out fairly complex tasks. -->
  <Monkey.description>Обезьяны пользуются своим изогнутым хвостом, чтобы держаться за ветви, оставляя руки свободными для чего-нибудь ещё. Обезьяны по природе весьма эгоистичны, но умны, и могут быть обучены выполнению сложных задач.</Monkey.description>
  <!-- EN: left fist -->
  <Monkey.tools.left_fist.label>левый кулак</Monkey.tools.left_fist.label>
  <!-- EN: right fist -->
  <Monkey.tools.right_fist.label>правый кулак</Monkey.tools.right_fist.label>
  <!-- EN: head -->
  <Monkey.tools.head.label>голова</Monkey.tools.head.label>
  
</LanguageData>