﻿<?xml version="1.0" encoding="UTF-8"?>
<LanguageData>
  
  <!-- EN: caribou -->
  <Caribou.label>северный олень</Caribou.label>
  <!-- EN: A large member of the deer family, well-adapted to life in cold climates. Caribou can be milked, but refuse to carry packs. -->
  <Caribou.description>Крупный представитель семейства оленьих, хорошо адаптированный к жизни в холодном климате. Северные олени могут давать молоко, но вещи на спине таскать не будут.</Caribou.description>
  <!-- EN: left hoof -->
  <Caribou.tools.left_hoof.label>левое копыто</Caribou.tools.left_hoof.label>
  <!-- EN: right hoof -->
  <Caribou.tools.right_hoof.label>правое копыто</Caribou.tools.right_hoof.label>
  <!-- EN: head -->
  <Caribou.tools.head.label>голова</Caribou.tools.head.label>
  
  <!-- EN: deer -->
  <Deer.label>олень</Deer.label>
  <!-- EN: A medium-sized herding herbivore which prefers to live in mixed forests and plains. Deer are very quick. -->
  <Deer.description>Стадное травоядное среднего размера. Обитает в смешанных лесах и на равнинах. Олени очень быстрые. Мирные от природы, они не нападут, даже если им причинить вред.</Deer.description>
  <!-- EN: venison -->
  <Deer.race.meatLabel>оленина</Deer.race.meatLabel>
  <!-- EN: left hoof -->
  <Deer.tools.left_hoof.label>левое копыто</Deer.tools.left_hoof.label>
  <!-- EN: right hoof -->
  <Deer.tools.right_hoof.label>правое копыто</Deer.tools.right_hoof.label>
  <!-- EN: teeth -->
  <Deer.tools.teeth.label>зубы</Deer.tools.teeth.label>
  <!-- EN: head -->
  <Deer.tools.head.label>голова</Deer.tools.head.label>
  
  <!-- EN: elk -->
  <Elk.label>марал</Elk.label>
  <!-- EN: A large member of the deer family, well-adapted to life in cold climates. Domesticated elk can be milked, but refuse to carry packs. -->
  <Elk.description>Крупный представитель семейства оленьих, хорошо адаптированный к жизни в холодном климате. Приручённый марал может давать молоко, но вещи на спине таскать не будет.</Elk.description>
  <!-- EN: left hoof -->
  <Elk.tools.left_hoof.label>левое копыто</Elk.tools.left_hoof.label>
  <!-- EN: right hoof -->
  <Elk.tools.right_hoof.label>правое копыто</Elk.tools.right_hoof.label>
  <!-- EN: head -->
  <Elk.tools.head.label>голова</Elk.tools.head.label>
  
  <!-- EN: ibex -->
  <Ibex.label>горный козёл</Ibex.label>
  <!-- EN: The wild ancestor of the domesticated goat. Ibexes live on marginal territory where most antelopes couldn't survive, eating lichens and sparse mountain plants. They're famous for dextrously hopping across bare cliff faces - and for their violent ramming attack. -->
  <Ibex.description>Выносливый дикий предок одомашненных козлов. Обитает там, где большинство антилоп не выживут. Питается лишайниками и редкими горными растениями. Известен тем, что с удивительной ловкостью может прыгать по скалам. А также тем, что может покалечить противника ударом своих рогов.</Ibex.description>
  <!-- EN: left hoof -->
  <Ibex.tools.left_hoof.label>левое копыто</Ibex.tools.left_hoof.label>
  <!-- EN: right hoof -->
  <Ibex.tools.right_hoof.label>правое копыто</Ibex.tools.right_hoof.label>
  <!-- EN: head -->
  <Ibex.tools.head.label>голова</Ibex.tools.head.label>
  
  <!-- EN: tortoise -->
  <Tortoise.label>черепаха</Tortoise.label>
  <!-- EN: This heavily armored land-dwelling reptile is known for its slow moving speed and surprisingly vicious bite. Because of its natural armor, it is tough to kill and can do serious damage during drawn-out melee fights. -->
  <Tortoise.description>Эта тяжело бронированная наземная рептилия известна своей медлительностью и неожиданно болезненными укусами. Из-за их естественной брони черепах трудно повредить, что делает затяжные драки с ними весьма опасными.</Tortoise.description>
  <!-- EN: beak -->
  <Tortoise.tools.beak.label>клюв</Tortoise.tools.beak.label>
  <!-- EN: head -->
  <Tortoise.tools.head.label>голова</Tortoise.tools.head.label>
  
  <!-- EN: wild boar -->
  <WildBoar.label>кабан</WildBoar.label>
  <!-- EN: This hairy omnivore is descended from escaped pigs and evolved for living in the wild.\n\nIts tusks make it a better fighter than its domesticated pig cousins. Unfortunately, it is too unruly to be trained in the most complex tasks. -->
  <WildBoar.description>Волосатый потомок домашних свиней, приспособившийся к жизни в дикой природе.\n\nБивни делают кабана более серьёзным противником, чем его одомашненный собрат. К несчастью, кабанов невозможно обучить ничему сложному.</WildBoar.description>
  <!-- EN: tusk -->
  <WildBoar.tools.tusk.label>клыки</WildBoar.tools.tusk.label>
  <!-- EN: head -->
  <WildBoar.tools.head.label>голова</WildBoar.tools.head.label>
  
</LanguageData>