﻿<?xml version="1.0" encoding="UTF-8"?>
<LanguageData>

  <!-- Character tab -->
  <!-- EN: {PAWN_labelShort} currently has the title {TITLE}, awarded by {FACTION_name}. -->
  <RoyalTitleTooltipHasTitle>{PAWN_labelShort} в данный момент носит титул {TITLE}, данный фракцией {FACTION_name}.</RoyalTitleTooltipHasTitle>
  <!-- EN: {PAWN_labelShort} will demand that this title's privileges be fully respected. -->
  <RoyalTitleTooltipConceited>{PAWN_labelShort} будет требовать всех привилегий, соответствующих {PAWN_possessive} титулу.</RoyalTitleTooltipConceited>
  <!-- EN: {PAWN_labelShort} is flexible about this title's privileges. -->
  <RoyalTitleTooltipNonConceited>{PAWN_labelShort} гибко относится к привилегиям, соответствующим {PAWN_possessive} титулу.</RoyalTitleTooltipNonConceited>
  <!-- EN: Next title -->
  <RoyalTitleTooltipNextTitle>Следующий титул</RoyalTitleTooltipNextTitle>
  <!-- EN: costs {0} {FACTION_royalFavorLabel} -->
  <RoyalTitleTooltipNextTitleFavorCost>требует {0} ед. ^Replace( {FACTION_royalFavorLabel} | 'милость короны'-'милости короны')^</RoyalTitleTooltipNextTitleFavorCost>
  <!-- EN: No more earnable titles on this planet. -->
  <RoyalTitleTooltipFinalTitle>Для жителей этой планеты недоступны более высокие титулы.</RoyalTitleTooltipFinalTitle>
  <!-- EN: If {PAWN_nameDef} dies, {HEIR_nameFull} is designated to inherit {PAWN_possessive} title. -->
  <RoyalTitleTooltipInheritance>Если {PAWN_nameDef} проиграет, {HEIR_nameFull} унаследует {PAWN_possessive} титул.</RoyalTitleTooltipInheritance>
  <!-- EN: {HEIR_nameFull} is not a member of any faction. -->
  <RoyalTitleTooltipHeirNoFaction>{HEIR_nameFull} не принадлежит ни одной фракции.</RoyalTitleTooltipHeirNoFaction>
  <!-- EN: {HEIR_nameFull} is a member of {FACTION_name}. -->
  <RoyalTitleTooltipHeirDifferentFaction>{HEIR_nameFull} — член фракции {FACTION_name}.</RoyalTitleTooltipHeirDifferentFaction>
  <!-- EN: No one is designated to inherit {PAWN_nameDef}'s title. If {PAWN_pronoun} dies, the title will be lost. -->
  <RoyalTitleTooltipNoHeir>Для титула {PAWN_nameDef} не назначено наследника. Если {PAWN_pronoun} проиграет, титул будет потерян.</RoyalTitleTooltipNoHeir>
  <!-- EN: Earnable titles of {FACTION_name} -->
  <RoyalTitleTooltipTitlesEarnable>Доступные титулы фракции {FACTION_name}</RoyalTitleTooltipTitlesEarnable>
  <!-- EN: Other titles of {FACTION_name} -->
  <RoyalTitleTooltipTitlesNonEarnable>Другие титулы фракции {FACTION_name}</RoyalTitleTooltipTitlesNonEarnable>
  <!-- EN: {0} {1} -->
  <RoyalTitleTooltipRoyalFavorAmount>{0} {1}</RoyalTitleTooltipRoyalFavorAmount>
  <!-- EN: {0} total -->
  <RoyalTitleTooltipRoyalFavorTotal>всего {0}</RoyalTitleTooltipRoyalFavorTotal>

  <!-- EN: Royal title offset -->
  <RecruitmentValueOffsetRoyal>Прирост от знатного титула</RecruitmentValueOffsetRoyal>
  <!-- EN: Royal title factor -->
  <RecruitmentValueFactorRoyal>Множитель знатного титула</RecruitmentValueFactorRoyal>
  
  <!-- Permits tab -->
  <!-- EN: Permits -->
  <TabPermits>Привилегии</TabPermits>
  <!-- EN: Permits from {FACTION_name} -->
  <PermitsFromFaction>Привилегии от фракции {FACTION_name}</PermitsFromFaction>
  <!-- EN: Current title -->
  <CurrentTitle>Имеющийся титул</CurrentTitle>
  <!-- EN: Unused permit points -->
  <UnusedPermits>Очки привилегий</UnusedPermits>
  <!-- EN: Return all permits -->
  <ReturnAllPermits>Вернуть все привилегии</ReturnAllPermits>
  <!-- EN: {PAWN_nameDef} has no permits to return. -->
  <NoPermitsToReturn>{PAWN_nameDef} не обладает никакими привилегиями.</NoPermitsToReturn>
  <!-- EN: Returning permits requires {FAVORCOST} {FAVOR} but {PAWN_nameDef} only has {CURFAVOR}. -->
  <NotEnoughFavor>Возврат привилегий требует {FAVORCOST} {FAVOR}, а у {PAWN_nameDef} есть только {CURFAVOR}.</NotEnoughFavor>
  <!-- EN: Return all previously-chosen permits for this faction. You will regain all the spent permit points and be able to spend them again.\n\nThis action costs {BASEFAVORCOST} {FAVOR}, plus the reset cost of any permits currently on cooldown. The total cost now is {FAVORCOST}. -->
  <ReturnAllPermits_Desc>Вернуть все привилегии, ранее полученные у этой фракции. Вы вернёте себе все потраченные очки привилегий и сможете их в будущем потратить.\n\nЭто потребует {BASEFAVORCOST} {FAVOR}, а также сбросит стоимость для всех привилегий, находящихся в статусе ожидания. Сейчас возврат привилегий будет стоить {FAVORCOST}.</ReturnAllPermits_Desc>
  <!-- EN: Return all previously-chosen permits for {FACTION_name}?\n\nYou will regain all the spent permit points and be able to spend them again.\n\nThis action costs {BASEFAVORCOST} {FAVOR}, plus the reset cost of any permits currently on cooldown. The total cost now is {FAVORCOST}. -->
  <ReturnAllPermits_Confirm>Вернуть все привилегии, ранее полученные у фракции {FACTION_name}? Вы вернёте себе все потраченные очки привилегий и сможете их в будущем потратить.\n\nЭто потребует {BASEFAVORCOST} {FAVOR}, а также сбросит стоимость для всех привилегий, находящихся в статусе ожидания. Сейчас возврат привилегий будет стоить {FAVORCOST}.</ReturnAllPermits_Confirm>
  <!-- EN: Switch faction -->
  <SwitchFaction_Desc>Сменить фракцию</SwitchFaction_Desc>
  <!-- EN: Accept permit -->
  <AcceptPermit>Получить привилегию</AcceptPermit>
  <!-- EN: Requires title: {0} -->
  <RequiresTitle>Требуется титул: {0}</RequiresTitle>
  <!-- EN: Upgrade from: {0} -->
  <UpgradeFrom>Улучшить с: {0}</UpgradeFrom>
  <!-- EN: Cooldown -->
  <Cooldown>Ожидание</Cooldown>
  <!-- EN: {HONOR} cost if used during cooldown -->
  <CooldownUseFavorCost>Требуемая {HONOR} при использовании до окончания времени ожидания</CooldownUseFavorCost>
  
</LanguageData>