﻿<?xml version="1.0" encoding="UTF-8"?>
<LanguageData>
  
  <!-- EN: ancient asphalt highway -->
  <AncientAsphaltHighway.label>древнее шоссе</AncientAsphaltHighway.label>
  
  <!-- EN: ancient asphalt road -->
  <AncientAsphaltRoad.label>древняя асфальтовая дорога</AncientAsphaltRoad.label>
  
  <!-- EN: dirt path -->
  <DirtPath.label>тропа</DirtPath.label>
  
  <!-- EN: dirt road -->
  <DirtRoad.label>грунтовка</DirtRoad.label>
  
  <!-- EN: stone road -->
  <StoneRoad.label>каменная дорога</StoneRoad.label>
  
</LanguageData>