﻿<?xml version="1.0" encoding="UTF-8"?>
<LanguageData>
  
  <!-- EN: Toggle питомцы tab -->
  <MainTab_Animals.label>показать/скрыть вкладку «Питомцы»</MainTab_Animals.label>
  
  <!-- EN: Toggle проекты tab -->
  <MainTab_Architect.label>показать/скрыть вкладку «Проекты»</MainTab_Architect.label>
  
  <!-- EN: Toggle назначения tab -->
  <MainTab_Assign.label>показать/скрыть вкладку «Назначения»</MainTab_Assign.label>
  
  <!-- EN: Toggle история tab -->
  <MainTab_History.label>показать/скрыть вкладку «История»</MainTab_History.label>
  
  <!-- EN: Toggle технологии tab -->
  <MainTab_Research.label>показать/скрыть вкладку «Технологии»</MainTab_Research.label>
  
  <!-- EN: Toggle режим дня tab -->
  <MainTab_Restrict.label>показать/скрыть вкладку «Режим дня»</MainTab_Restrict.label>
  
  <!-- EN: Toggle фауна tab -->
  <MainTab_Wildlife.label>показать/скрыть вкладку «Фауна»</MainTab_Wildlife.label>
  
  <!-- EN: Toggle работа tab -->
  <MainTab_Work.label>показать/скрыть вкладку «Работа»</MainTab_Work.label>
  
  <!-- EN: Toggle мир tab -->
  <MainTab_World.label>показать/скрыть вкладку «Мир»</MainTab_World.label>
  
</LanguageData>