﻿<?xml version="1.0" encoding="UTF-8"?>
<LanguageData>
  
  <!-- EN: accept -->
  <Accept.label>принять</Accept.label>
  
  <!-- EN: cancel -->
  <Cancel.label>отмена</Cancel.label>
  
  <!-- EN: draft -->
  <Command_ColonistDraft.label>к бою/роспуск</Command_ColonistDraft.label>
  
  <!-- EN: toggle forbidden -->
  <Command_ItemForbid.label>разрешить/запретить</Command_ItemForbid.label>
  
  <!-- EN: toggle power -->
  <Command_TogglePower.label>вкл./выкл.</Command_TogglePower.label>
  
  <!-- EN: cancel -->
  <Designator_Cancel.label>отменить</Designator_Cancel.label>
  
  <!-- EN: deconstruct -->
  <Designator_Deconstruct.label>разобрать</Designator_Deconstruct.label>
  
  <!-- EN: rotate left -->
  <Designator_RotateLeft.label>повернуть влево</Designator_RotateLeft.label>
  
  <!-- EN: rotate right -->
  <Designator_RotateRight.label>повернуть вправо</Designator_RotateRight.label>
  
  <!-- EN: change selected debug action -->
  <Dev_ChangeSelectedDebugAction.label>выбрать другое отладочное действие</Dev_ChangeSelectedDebugAction.label>
  
  <!-- EN: tick once -->
  <Dev_TickOnce.label>отладка: следующий тик</Dev_TickOnce.label>
  
  <!-- EN: toggle debug actions menu -->
  <Dev_ToggleDebugActionsMenu.label>показать/скрыть отладочные действия</Dev_ToggleDebugActionsMenu.label>
  
  <!-- EN: toggle debug inspector -->
  <Dev_ToggleDebugInspector.label>показать/скрыть инспектор</Dev_ToggleDebugInspector.label>
  
  <!-- EN: toggle debug log -->
  <Dev_ToggleDebugLog.label>показать/скрыть журнал</Dev_ToggleDebugLog.label>
  
  <!-- EN: toggle debug log menu -->
  <Dev_ToggleDebugLogMenu.label>показать/скрыть меню журнала</Dev_ToggleDebugLogMenu.label>
  
  <!-- EN: toggle debug settings menu -->
  <Dev_ToggleDebugSettingsMenu.label>показать/скрыть настройки режима отладки</Dev_ToggleDebugSettingsMenu.label>
  
  <!-- EN: toggle god mode -->
  <Dev_ToggleGodMode.label>вкл/выкл режим бога</Dev_ToggleGodMode.label>
  
  <!-- EN: dolly down -->
  <MapDolly_Down.label>переместить вниз</MapDolly_Down.label>
  
  <!-- EN: dolly left -->
  <MapDolly_Left.label>переместить влево</MapDolly_Left.label>
  
  <!-- EN: dolly right -->
  <MapDolly_Right.label>переместить вправо</MapDolly_Right.label>
  
  <!-- EN: dolly up -->
  <MapDolly_Up.label>переместить вверх</MapDolly_Up.label>
  
  <!-- EN: zoom in -->
  <MapZoom_In.label>приблизить</MapZoom_In.label>
  
  <!-- EN: zoom out -->
  <MapZoom_Out.label>отдалить</MapZoom_Out.label>
  
  <!-- EN: Misc 1 -->
  <Misc1.label>Разное 1</Misc1.label>
  
  <!-- EN: Misc 10 -->
  <Misc10.label>Разное 10</Misc10.label>
  
  <!-- EN: Misc 11 -->
  <Misc11.label>Разное 11</Misc11.label>
  
  <!-- EN: Misc 12 -->
  <Misc12.label>Разное 12</Misc12.label>
  
  <!-- EN: Misc 2 -->
  <Misc2.label>Разное 2</Misc2.label>
  
  <!-- EN: Misc 3 -->
  <Misc3.label>Разное 3</Misc3.label>
  
  <!-- EN: Misc 4 -->
  <Misc4.label>Разное 4</Misc4.label>
  
  <!-- EN: Misc 5 -->
  <Misc5.label>Разное 5</Misc5.label>
  
  <!-- EN: Misc 6 -->
  <Misc6.label>Разное 6</Misc6.label>
  
  <!-- EN: Misc 7 -->
  <Misc7.label>Разное 7</Misc7.label>
  
  <!-- EN: Misc 8 -->
  <Misc8.label>Разное 8</Misc8.label>
  
  <!-- EN: Misc 9 -->
  <Misc9.label>Разное 9</Misc9.label>
  
  <!-- EN: increment 100x -->
  <ModifierIncrement_100x.label>изменить на 100x</ModifierIncrement_100x.label>
  
  <!-- EN: increment 10x -->
  <ModifierIncrement_10x.label>изменить на 10x</ModifierIncrement_10x.label>
  
  <!-- EN: next colonist -->
  <NextColonist.label>следующий поселенец</NextColonist.label>
  
  <!-- EN: previous colonist -->
  <PreviousColonist.label>предыдущий поселенец</PreviousColonist.label>
  
  <!-- EN: queue order -->
  <QueueOrder.label>поставить в очередь</QueueOrder.label>
  
  <!-- EN: select next in cell -->
  <SelectNextInCell.label>выбрать следующее в ячейке</SelectNextInCell.label>
  
  <!-- EN: take screenshot -->
  <TakeScreenshot.label>сделать снимок экрана</TakeScreenshot.label>
  
  <!-- EN: game speed: Fast -->
  <TimeSpeed_Fast.label>скорость игры: быстрая</TimeSpeed_Fast.label>
  
  <!-- EN: game speed: Normal -->
  <TimeSpeed_Normal.label>скорость игры: нормальная</TimeSpeed_Normal.label>
  
  <!-- EN: game speed: Super fast -->
  <TimeSpeed_Superfast.label>скорость игры: очень быстрая</TimeSpeed_Superfast.label>
  
  <!-- EN: game speed: Ultra fast (debug) -->
  <TimeSpeed_Ultrafast.label>скорость игры: ультра быстрая (отладка)</TimeSpeed_Ultrafast.label>
  
  <!-- EN: toggle beauty display -->
  <ToggleBeautyDisplay.label>показать/скрыть показатели красоты окружения</ToggleBeautyDisplay.label>
  
  <!-- EN: pause/resume game -->
  <TogglePause.label>остановить/возобновить игру</TogglePause.label>
  
  <!-- EN: toggle room stats display -->
  <ToggleRoomStatsDisplay.label>показать/скрыть характеристики комнат</ToggleRoomStatsDisplay.label>
  
  <!-- EN: toggle screenshot mode -->
  <ToggleScreenshotMode.label>переключить режим снимков экрана</ToggleScreenshotMode.label>
  
</LanguageData>