﻿<?xml version="1.0" encoding="UTF-8"?>
<LanguageData>
  
  <!-- EN: go frenzy -->
  <Frenzy_Go.label>прилив сил</Frenzy_Go.label>
  <!-- EN: Inspired: Go frenzy -->
  <Frenzy_Go.baseInspectLine>Воодушевление: прилив сил</Frenzy_Go.baseInspectLine>
  <!-- EN: [PAWN_pronoun] will move faster for the next 8 days. -->
  <Frenzy_Go.beginLetter>В ближайшие 8 дней {PAWN_pronoun} будет передвигаться значительно быстрее.</Frenzy_Go.beginLetter>
  <Frenzy_Go.beginLetterLabel>Воодушевление (прилив сил)</Frenzy_Go.beginLetterLabel>
  <!-- EN: {0} is no longer inspired (go frenzy). -->
  <Frenzy_Go.endMessage>{PAWN_nameIndef} теряет воодушевление (прилив сил).</Frenzy_Go.endMessage>
  
  <!-- EN: shoot frenzy -->
  <Frenzy_Shoot.label>стрелковый азарт</Frenzy_Shoot.label>
  <!-- EN: Inspired: Shoot frenzy -->
  <Frenzy_Shoot.baseInspectLine>Воодушевление: стрелковый азарт</Frenzy_Shoot.baseInspectLine>
  <!-- EN: [PAWN_pronoun] will shoot more accurately for the next 8 days. -->
  <Frenzy_Shoot.beginLetter>Точность {PAWN_possessive} стрельбы на ближайшие 8 дней значительно повысится.</Frenzy_Shoot.beginLetter>
  <Frenzy_Shoot.beginLetterLabel>Воодушевление (стрелковый азарт)</Frenzy_Shoot.beginLetterLabel>
  <!-- EN: {0} is no longer inspired (shoot frenzy). -->
  <Frenzy_Shoot.endMessage>{PAWN_nameIndef} теряет воодушевление (стрелковый азарт).</Frenzy_Shoot.endMessage>
  
  <!-- EN: work frenzy -->
  <Frenzy_Work.label>рабочий запал</Frenzy_Work.label>
  <!-- EN: Inspired: Work frenzy -->
  <Frenzy_Work.baseInspectLine>Воодушевление: рабочий запал</Frenzy_Work.baseInspectLine>
  <!-- EN: [PAWN_pronoun] will work faster for the next 8 days. -->
  <Frenzy_Work.beginLetter>В ближайшие 8 дней производительность {PAWN_possessive} труда существенно возрастёт.</Frenzy_Work.beginLetter>
  <Frenzy_Work.beginLetterLabel>Воодушевление (рабочий запал)</Frenzy_Work.beginLetterLabel>
  <!-- EN: {0} is no longer inspired (work frenzy). -->
  <Frenzy_Work.endMessage>{PAWN_nameIndef} теряет воодушевление (рабочий запал).</Frenzy_Work.endMessage>
  
  <!-- EN: inspired creativity -->
  <Inspired_Creativity.label>творческий подъём</Inspired_Creativity.label>
  <!-- EN: Inspired: Inspired creativity -->
  <Inspired_Creativity.baseInspectLine>Воодушевление: творческий подъём</Inspired_Creativity.baseInspectLine>
  <!-- EN: The next item, art, or furniture [PAWN_pronoun] creates will be two quality levels higher than it would otherwise be. This even allows the creation of legendary items.\n\nThe inspiration will end after 8 days, or when the creation is completed. -->
  <Inspired_Creativity.beginLetter>Уровень мастерства, с которым {PAWN_pronoun} завершит любое изделие, предмет искусства или мебель, возрастёт на два. Такой творческий подъём позволит создать предмет с качеством вплоть до легендарного.\n\nПодъём исчезнет через 8 дней или с первой завершённой работой.</Inspired_Creativity.beginLetter>
  <Inspired_Creativity.beginLetterLabel>Воодушевление (творческий подъём)</Inspired_Creativity.beginLetterLabel>
  <!-- EN: {0} is no longer inspired (inspired creativity). -->
  <Inspired_Creativity.endMessage>{PAWN_nameIndef} теряет воодушевление (творческий подъём).</Inspired_Creativity.endMessage>
  
  <!-- EN: inspired recruitment -->
  <Inspired_Recruitment.label>красноречие</Inspired_Recruitment.label>
  <!-- EN: Inspired: Inspired recruitment -->
  <Inspired_Recruitment.baseInspectLine>Воодушевление: красноречие</Inspired_Recruitment.baseInspectLine>
  <!-- EN: [PAWN_pronoun] will successfully recruit the next prisoner regardless of difficulty or resistance.\n\nThe inspiration will end after 8 days, or when the prisoner is recruited. -->
  <Inspired_Recruitment.beginLetter>{PAWN_pronoun} чувствует, что сможет блеснуть своим красноречием и убедить любого пленника, независимо от его психологического сопротивления, присоединиться к вашей фракции.\n\nЭто чувство исчезнет через 8 дней или после удачной вербовки.</Inspired_Recruitment.beginLetter>
  <Inspired_Recruitment.beginLetterLabel>Воодушевление (красноречие)</Inspired_Recruitment.beginLetterLabel>
  <!-- EN: {0} is no longer inspired (inspired recruitment). -->
  <Inspired_Recruitment.endMessage>{PAWN_nameIndef} теряет воодушевление (красноречие).</Inspired_Recruitment.endMessage>
  
  <!-- EN: inspired surgery -->
  <Inspired_Surgery.label>чутьё хирурга</Inspired_Surgery.label>
  <!-- EN: Inspired: Inspired surgery -->
  <Inspired_Surgery.baseInspectLine>Воодушевление: чутьё хирурга</Inspired_Surgery.baseInspectLine>
  <!-- EN: The next time [PAWN_pronoun] performs a surgery, [PAWN_possessive] chance of success will be doubled. A small minimum chance of failure still applies.\n\nThe inspiration will end after 8 days, or when the surgery is performed. -->
  <Inspired_Surgery.beginLetter>{PAWN_pronoun} чувствует, что свою следующую хирургическую операцию проведёт с удвоенными шансами на успех. Тем не менее, небольшая вероятность ошибки всё равно остаётся.\n\nЭто чувство исчезнет через 8 дней или после операции.</Inspired_Surgery.beginLetter>
  <Inspired_Surgery.beginLetterLabel>Воодушевление (чутьё хирурга)</Inspired_Surgery.beginLetterLabel>
  <!-- EN: {0} is no longer inspired (inspired surgery). -->
  <Inspired_Surgery.endMessage>{PAWN_nameIndef} теряет воодушевление (чутьё хирурга).</Inspired_Surgery.endMessage>
  
  <!-- EN: inspired taming -->
  <Inspired_Taming.label>любовь к животным</Inspired_Taming.label>
  <!-- EN: Inspired: Inspired taming -->
  <Inspired_Taming.baseInspectLine>Воодушевление: любовь к животным</Inspired_Taming.baseInspectLine>
  <!-- EN: [PAWN_pronoun] will successfully tame the next animal regardless of difficulty.\n\nThe inspiration will end after 8 days, or when an animal was tamed. -->
  <Inspired_Taming.beginLetter>{PAWN_pronoun} чувствует, что сможет приручить любое животное, вне зависимости от его дикости.\n\nЭто чувство исчезнет через 8 дней или после первого приручения.</Inspired_Taming.beginLetter>
  <Inspired_Taming.beginLetterLabel>Воодушевление (любовь к животным)</Inspired_Taming.beginLetterLabel>
  <!-- EN: {0} is no longer inspired (inspired taming). -->
  <Inspired_Taming.endMessage>{PAWN_nameIndef} теряет воодушевление (любовь к животным).</Inspired_Taming.endMessage>
  
  <!-- EN: inspired trade -->
  <Inspired_Trade.label>торговое чутьё</Inspired_Trade.label>
  <!-- EN: Inspired: Inspired trade -->
  <Inspired_Trade.baseInspectLine>Воодушевление: торговое чутьё</Inspired_Trade.baseInspectLine>
  <!-- EN: [PAWN_pronoun] will get a significant trade price bonus when closing [PAWN_possessive] next trade deal.\n\nThe inspiration will expire after 8 days, or when the deal is done. -->
  <Inspired_Trade.beginLetter>{PAWN_pronoun} чувствует, что свою следующую сделку заключит значительно выгоднее, чем обычно.\n\nЕсли сделка не состоится, {PAWN_possessive} воодушевление исчезнет через 8 дней.</Inspired_Trade.beginLetter>
  <Inspired_Trade.beginLetterLabel>Воодушевление (торговое чутьё)</Inspired_Trade.beginLetterLabel>
  <!-- EN: {0} is no longer inspired (inspired trade). -->
  <Inspired_Trade.endMessage>{PAWN_nameIndef} теряет воодушевление (торговое чутьё).</Inspired_Trade.endMessage>
  
</LanguageData>