﻿<?xml version="1.0" encoding="UTF-8"?>
<LanguageData>
  
  <!-- EN: recovery -->
  <Adaptation.label>восстановление</Adaptation.label>
  <!-- EN: {0} days -->
  <Adaptation.valueFormat>{0} дней</Adaptation.valueFormat>
  
  <!-- EN: mood -->
  <ColonistMood.label>настроение</ColonistMood.label>
  <ColonistMood.graphLabelY>% настроения</ColonistMood.graphLabelY>
  
  <!-- EN: free colonists -->
  <FreeColonists.label>поселенцы</FreeColonists.label>
  <FreeColonists.graphLabelY>Поселенцев</FreeColonists.graphLabelY>
  
  <!-- EN: pop recovery -->
  <PopAdaptation.label>восстановление по населению</PopAdaptation.label>
  <!-- EN: {0} days -->
  <PopAdaptation.valueFormat>{0} дней</PopAdaptation.valueFormat>
  
  <!-- EN: pop intent x10 -->
  <PopIntent.label>накал по населению x10</PopIntent.label>
  <!-- EN: {0} days -->
  <PopIntent.valueFormat>{0} дней</PopIntent.valueFormat>
  
  <!-- EN: prisoners -->
  <Prisoners.label>пленники</Prisoners.label>
  <Prisoners.graphLabelY>Пленников</Prisoners.graphLabelY>
  
  <!-- EN: fun points /10 -->
  <ThreatPoints.label>очки веселья /10</ThreatPoints.label>
  <ThreatPoints.graphLabelY>Очков</ThreatPoints.graphLabelY>
  <!-- EN: {0} points -->
  <ThreatPoints.valueFormat>{0} очков</ThreatPoints.valueFormat>
  
  <!-- EN: wealth (buildings) -->
  <Wealth_Buildings.label>сооружения</Wealth_Buildings.label>
  <Wealth_Buildings.graphLabelY>Значение</Wealth_Buildings.graphLabelY>
  
  <!-- EN: wealth (items) -->
  <Wealth_Items.label>предметы</Wealth_Items.label>
  
  <!-- EN: wealth (creatures) -->
  <Wealth_Pawns.label>животные</Wealth_Pawns.label>
  
  <!-- EN: wealth (total) -->
  <Wealth_Total.label>богатство (всего)</Wealth_Total.label>
  
</LanguageData>