<?xml version="1.0" encoding="utf-8"?>
<ModMetaData>

	<name>7plus</name>
	<author>UncleShvya</author>
	<packageId>UncleShvya.7plus</packageId>
	<url>https://github.com/uncleshvya/rimworld-mod-7plus</url>
	<supportedVersions>
		<li>1.2</li>
	</supportedVersions>
	<description>For English, scroll down.

Мод написан для ответственных родителей-римворлдистов.

=====

Что делает мод:

Этот простой xml-мод отключает самые жёсткие аспекты, чтобы дети от 7 лет могли играть в Римворлд, не получая психологических травм. Подробности в файле changelog.

Проверено на Римворлде v1.2.2753 rev.705 с официальным русским переводом от 15.09.2020. Текущая версия 7plus мода: v0.3.0beta rev.2020.09.30.

=====

Совместимость:

Целью является сделать играбельными моды типа этих:
modpack http://lttlword.ru/rimworld-minimalism-v1-1
modpack http://lttlword.ru/rimworld-sborka-modov-ot-lalks-i-pal
multiplayer https://rimworldmultiplayer.com/post/20_04_17_royalty

Если вдруг мод не понравился, просто отключите его. Сейвы не пострадают.

Несовместим с модами "Psychology", "Rational Romance" и другими, меняющими отношения между полами.
Пока несовместим с модами на новые расы, животных, кухонные верстаки. Но если будут желающие, я добавлю совместимость, пишите.
Несовместим с модом Numbers. Ужасно жаль, я работаю над этим.
Не совместим с авто-обновлением русского языка от официального переводчика. Я работаю над этим.
	
=====

Порядок модов:

Обычно располагаю 7plus в конце списка.

=====

Новая игра:

Желательна, но необязательна - в этом случае надо вручную удалить нежелательные трейты из файла changelog. В интернете куча видео-инструкций, поищите строку "Rimworld удалить trait". Только будьте внимательны, тщательно удалите из rws-файла все 6 нежелательных трейтов, и удалите все старые сохранения.

=====

Известные ошибки:

- Все исправлены. Идёт бета-тестирование.

=====

Что нужно сделать в следующей версии:

- Исправить все тексты, даже те которые не должны появиться (на всякий случай). Ведётся поиск.
- Исправить стилистику в предысториях.
- Удалить возможность Affair, интрижки.
- Прикрутить перевод через патч, а не через перезапись файлов. Возможно, написать скрипт, аналогично как у официального переводчика, только отслеживающий несовпадение файлов перевода и наличие файла скриптов.

=====

7plus mod for Rimworld. Sorry for my English, i compiled this file for multilingual families.

Dedicated to all parents playing Rimworld

=====

What The Mod Does:

This simple xml mod turns off the most hardcore aspects in order to allow 7+ aged children play Rimworld, without getting psychological trauma. For details, see changelog file.

Tested with game v1.2.2753 rev.705 with official russian traslation v.2020-sep-15. Current 7plus mod version 0.3.0beta rev.2020.09.30.

=====

Compatibility:

The aim was to make such mods playable:
modpack http://lttlword.ru/rimworld-minimalism-v1-1
modpack http://lttlword.ru/rimworld-sborka-modov-ot-lalks-i-pal
multiplayer https://rimworldmultiplayer.com/post/20_04_17_royalty/

If you don't like the mod, just turn it off. Saves will be playable.

Not compatible with "Psychology", "Rational Romance" or any other mods altering RimWorld's romance systems.
For now, not compatible with mods for new races, animals, butchering tables and stoves. But i can do the compatibility, just mail to me mailto:uncleshvya@yandex.ru I'll answer as fast as possible.
Not compatible with Mehni.Numbers mod. It's an extreme pity. I'm working on it.
Not compatible with auto-script from official Russian translator's site. I'm working on it.
		
=====

Order:

Usually i put 7plus mod to the end of list.

=====

New game:

It's better to start a new game. However, old games are playable too. You should manually delete unwanted traits (see changelog file). There are a lot of video lessons in www, search the string "Rimworld delete trait". Be carefull, delete all 6 unwanted traits from .rws file, and delete old saves.

=====

Known errors:

- All fixed. Testing...

=====

Ideas to realize in next version:
- to correct all texts, even improbable, as a precaution. Searching...
- to correct some grammar in backstories file.
- to eliminate Affair script.
- to realize "Languages" folder via patching, without manually replacing. Or to modify auto-script from official Russian translator's site. And to add a watchdog script to eliminate an occasional translation mismatch and/or automation.
	</description>
	<modDependencies>
		<li>
			<packageId>erdelf.HumanoidAlienRaces</packageId>
			<displayName>Humanoid Alien Races 2.0</displayName>
			<steamWorkshopUrl>https://steamcommunity.com/sharedfiles/filedetails/?id=839005762</steamWorkshopUrl>
		</li>
	</modDependencies>
	<loadBefore>
	</loadBefore>
	<loadAfter>
		<li>Ludeon.RimWorld</li>
		<li>erdelf.HumanoidAlienRaces</li>
	</loadAfter>
</ModMetaData>
