<?xml version="1.0" encoding="utf-8"?>
<ModMetaData>

	<name>7plus</name>
	<author>UncleShvya</author>
	<packageId>UncleShvya.7plus</packageId>
	<url>https://github.com/uncleshvya/rimworld-mod-7plus</url>
	<supportedVersions>
		<li>1.2</li>
	</supportedVersions>
	<description>For English, scroll down.

Мод написан для ответственных родителей-римворлдистов.

=====

Что делает мод:

Этот простой xml-мод отключает самые жёсткие аспекты, чтобы дети от 7 лет могли играть в Римворлд, не получая психологических травм. Подробности в файле changelog.

Проверено на Римворлде v1.2.2753 rev.705 с официальным русским переводом от 05.10.2020. Текущая версия 7plus мода: v0.3.1beta rev.2020.11.07.

=====

Совместимость:

Целью является сделать играбельными моды типа этих:
Humanoid Cats - dianawinters.OrassansLite
modpack http://lttlword.ru/rimworld-minimalism-v1-1
modpack http://lttlword.ru/rimworld-sborka-modov-ot-lalks-i-pal
multiplayer https://rimworldmultiplayer.com/post/20_04_17_royalty

Если вдруг мод не понравился, просто отключите его. Сейвы не пострадают.

Несовместим с модами "Psychology", "Rational Romance" и другими, меняющими отношения между полами.
Пока несовместим с модами на другие расы, животных, кухонные верстаки. Но если будут желающие, мы добавим совместимость, пишите uncleshvya@yandex.ru Ответим как будет время.
Несовместим с авто-обновлением русского языка от официального переводчика. Мы работаем над этим.
Если используете машинный перевод мода AlienRaces от Tagiro (Тхакиро) с лттлворда, замените на наш, т.к. лттлвордовский противоречит концепции "7+".
Если используете машинный перевод мода Numbers со стима, замените на наш, т.к. стимовский противоречит концепции "7+".

=====

Порядок модов:

Желательно располагать 7plus в конце списка.

=====

Новая игра:

Желательна, но необязательна - в этом случае надо вручную удалить нежелательные трейты из файла changelog. В интернете куча видео-инструкций, поищите строку "Rimworld удалить trait". Только будьте внимательны, тщательно удалите из rws-файла все 6 нежелательных трейтов, и удалите все старые сохранения.

=====

Известные ошибки:

- Если часто переходить по ссылкам в информации о людях, иногда выходит красная ошибка. Не обращайте внимания, это особенность движка мода.
- Если колонисты вдруг перестали сами есть, скачайте другую версию мода Alien Races.
		
=====

Что нужно сделать в следующей версии:

- улучшить совместимость с модом на кошек (dianawinters.OrassansLite), и перевести оный.
- исправить красную ошибку.
- исправить все тексты, даже те которые не должны появиться (на всякий случай). Ведётся поиск.
- исправить предыстории из-за изменившихся правил перевода.
- удалить возможность Affair, интрижки.
- прикрутить перевод через патч, а не через перезапись файлов. Возможно, написать скрипт, аналогично как у официального переводчика, только отслеживающий несовпадение файлов перевода и наличие файла скриптов.

=====

7plus mod for Rimworld. Sorry for my English, i compiled this file for multilingual families.

Dedicated to all parents playing Rimworld

=====

What The Mod Does:

This simple xml mod turns off the most hardcore aspects in order to allow 7+ aged children play Rimworld, without getting psychological trauma. For details, see changelog file.

Tested with game v1.2.2753 rev.705 with official russian traslation v.2020-oct-05. Current 7plus mod version 0.3.1beta rev.2020.11.07.

=====

Compatibility:

The aim was to make such mods playable:
Humanoid Cats - dianawinters.OrassansLite
modpack http://lttlword.ru/rimworld-minimalism-v1-1
modpack http://lttlword.ru/rimworld-sborka-modov-ot-lalks-i-pal
multiplayer https://rimworldmultiplayer.com/post/20_04_17_royalty/

If you don't like the mod, just turn it off. Saves will be playable.

Not compatible with "Psychology", "Rational Romance" or any other mods altering RimWorld's romance systems.
For now, not compatible with mods for other races, animals, butchering tables and stoves. But we can do the compatibility, just mail to us mailto:uncleshvya@yandex.ru We'll answer as fast as possible.
Not compatible with auto-script from official Russian translator's site. We're working on it.
For erdelf.HumanoidAlienRaces mod, do not use Tagiro's auto-translation from Lttlword. It is not compatible with 7plus concept.
For Mehni.Numbers mod, do not use auto-translation from Steam. It is not compatible with 7plus concept.

=====

Order:

It's better to put 7plus mod to the end of list.

=====

New game:

It's better to start a new game. However, old games are playable too. You should manually delete unwanted traits (see changelog file). There are a lot of video lessons in www, search the string "Rimworld delete trait". Be carefull, delete all 6 unwanted traits from .rws file, and delete old saves.

=====

Known errors:

- If you open pawn's information panel, and click links too much, it may cause a red error. Just ignore, it's a rare bug.
- If your pawns do not eat, just download another version of erdelf.HumanoidAlienRaces mod.

=====

Ideas to realize in next version:
- to update dianawinters.OrassansLite mod compatibility and translation.
- to fix red error.
- to correct all texts, even improbable, as a precaution. Searching...
- to correct backstories according to new translation rules.
- to eliminate Affair script.
- to realize "Languages" folder via patching, without manually replacing. Or to modify auto-script from official Russian translator's site. And to add a watchdog script to eliminate an occasional translation mismatch and/or automation.
	</description>
	<modDependencies>
		<li>
			<packageId>erdelf.HumanoidAlienRaces</packageId>
			<displayName>Humanoid Alien Races 2.0</displayName>
			<steamWorkshopUrl>https://steamcommunity.com/sharedfiles/filedetails/?id=839005762</steamWorkshopUrl>
		</li>
	</modDependencies>
	<loadBefore />
	<loadAfter>
		<li>Ludeon.RimWorld</li>
		<li>erdelf.HumanoidAlienRaces</li>
		<li>dianawinters.OrassansLite7plus</li>
	</loadAfter>
	<incompatibleWith />
</ModMetaData>
