﻿<?xml version="1.0" encoding="UTF-8"?>
<LanguageData>
  
  <!-- EN: starflight basics -->
  <ShipBasics.label>основы кораблестроения</ShipBasics.label>
  <!-- EN: Construct the structural and supportive elements of a starship. This is the first step in building a ship to leave this star system. -->
  <ShipBasics.description>Строительство несущих элементов конструкции космического судна. Изучение этой технологии будет первым шагом к постройке корабля, который позволит покинуть эту звёздную систему.</ShipBasics.description>
  <!-- EN: Escaping from this planet - it would be freedom at last, and maybe a return home.\n\nBut also incredibly dangerous.\n\nMany desperate souls want off this planet. Ship reactors take 15 days to charge up. Once you begin that process, the ship reactor will emit an energy signature detectable from thousands of kilometers away. Raiders will flock to attack you in waves, with an intensity you've never seen. Mechanoids are also known to be attracted to such energy signatures for their own mysterious reasons.\n\nIt won't start until you activate your ship's reactor, but when it does, it'll be ferocious. You'll need to stockpile resources, weapons, and defenses for the onslaught if you hope to escape alive. -->
  <ShipBasics.discoveredLetterText>Чтобы наконец обрести свободу и может даже вернуться домой, придётся покинуть эту планету.\n\nЭто крайне опасное предприятие.\n\nКроме вас улететь жаждет много отчаянных людей. Процедура запуска реактора длится 15 дней. В самом начале этого процесса реактор испускает характерный энергетический всплеск, заметный с расстояния в тысячи километров. Налётчики и разбойники соберутся со всей округи и будут нападать на вас волнами с необычайной интенсивностью. Импульс также привлечёт внимание механоидов, по им одним ведомым причинам.\n\nПусть всё описанное начнётся лишь когда вы активируете реактор, но когда вы это сделаете, пощады не ждите. Если вы надеетесь улететь живыми, вам придётся запастись ресурсами, оружием и хорошо подготовить оборону.</ShipBasics.discoveredLetterText>
  <!-- EN: About: Launching the ship -->
  <ShipBasics.discoveredLetterTitle>О запуске корабля</ShipBasics.discoveredLetterTitle>
  
  <!-- EN: machine persuasion -->
  <ShipComputerCore.label>убеждение ИИ</ShipComputerCore.label>
  <!-- EN: Build a reward-signal system to persuade an existing persona core into serving as a ship's machine captain. Since people sleep during interstellar travel, a persona core is necessary to handle the complex decisions of a years-long starflight. -->
  <ShipComputerCore.description>Позволяет разработать систему сигналов-поощрений, чтобы «убедить» ИИ-личность работать в качестве капитана корабля. Поскольку в межзвёздном путешествии люди спят в саркофагах криптосна, за принятие всех решений полёта отвечает ИИ-личность.</ShipComputerCore.description>
  
  <!-- EN: vacuum cryptosleep casket -->
  <ShipCryptosleep.label>вакуумные саркофаги криптосна</ShipCryptosleep.label>
  <!-- EN: Construct hardened cryptosleep caskets tough enough to be exposed to vacuum, for transporting people on the years-long journey between stars. -->
  <ShipCryptosleep.description>Позволяет строить особо прочные саркофаги криптосна, способные выдержать условия открытого космоса. Такие контейнеры необходимы для многолетних межзвёздных полётов.</ShipCryptosleep.description>
  
  <!-- EN: Johnson-Tanaka drive -->
  <ShipEngine.label>двигатель Джонсона-Танака</ShipEngine.label>
  <!-- EN: Construct a Johnson-Tanaka drive for a ship. The JT drive can push you to other stars by leveraging quantum scale effects to beam momentum to distant stars. Of course, as with all starships, it still takes many years to get anywhere. -->
  <ShipEngine.description>Двигатели Джонсона-Танака идеально подходят для длительных межзвёздных путешествий. Принцип их работы основан на эффективном использовании эффекта квантового наложения для передачи импульса далёким звёздам. Разумеется, как и в случае с любыми другими типами двигателей, путешествие куда угодно может занять долгие годы.</ShipEngine.description>
  
  <!-- EN: starship reactor -->
  <ShipReactor.label>корабельные реакторы</ShipReactor.label>
  <!-- EN: Build a long-duration nuclear reactor to power a starship. Note that reactors have a long startup process that will attract raiders. -->
  <ShipReactor.description>Для обеспечения корабля энергией применяются ядерные реакторы. Процедура запуска реактора занимает длительное время и демаскирует расположение корабля, делая его мишенью для нападений.</ShipReactor.description>
  
  <!-- EN: starflight sensors -->
  <ShipSensorCluster.label>полётные сенсоры</ShipSensorCluster.label>
  <!-- EN: Construct long-range sensors for a starship. These sensors are essential for navigation, communication, and threat avoidance. -->
  <ShipSensorCluster.description>Корабельные сенсоры дальнего радиуса действия совершенно необходимы для навигации, связи и обхода возможных угроз.</ShipSensorCluster.description>
  
</LanguageData>