﻿<?xml version="1.0" encoding="UTF-8"?>
<LanguageData>
  
  <!-- EN: deep drilling -->
  <DeepDrilling.label>глубокое бурение</DeepDrilling.label>
  <!-- EN: Build deep drills for extracting resources from underground. You'll need a ground-penetrating scanner to find the resources. -->
  <DeepDrilling.description>Строительство буровых установок для извлечения полезных ископаемых из недр. Для обнаружения месторождений требуется глубинный сканер.</DeepDrilling.description>
  
  <!-- EN: flatscreen television -->
  <FlatscreenTelevision.label>ЖК-телевизоры</FlatscreenTelevision.label>
  <!-- EN: Produce high-resolution flatscreen televisions for greater enjoyment. -->
  <FlatscreenTelevision.description>Телевизоры с плоским экраном и высоким разрешением сделают просмотр привычных телепередач ещё более увлекательным.</FlatscreenTelevision.description>
  
  <!-- EN: ground-penetrating scanner -->
  <GroundPenetratingScanner.label>глубинные сканеры</GroundPenetratingScanner.label>
  <!-- EN: Build ground-penetrating scanners that can detect drillable resources under the surface. Requires an advanced component to construct. -->
  <GroundPenetratingScanner.description>Глубинные сканеры способны обнаруживать полезные ископаемые глубоко под землёй. Для их строительства потребуются продвинутые компоненты.</GroundPenetratingScanner.description>
  
  <!-- EN: autocannon turret -->
  <HeavyTurrets.label>тяжёлые турели</HeavyTurrets.label>
  <!-- EN: Produce the heavy autocannon turret. -->
  <HeavyTurrets.description>Конструирование тяжёлых автоматических турелей.</HeavyTurrets.description>
  
  <!-- EN: hospital bed -->
  <HospitalBed.label>больничные кровати</HospitalBed.label>
  <!-- EN: Construct hospital beds which improve medical outcomes. -->
  <HospitalBed.description>Больничные кровати увеличивают шанс успешных медицинских операций.</HospitalBed.description>
  
  <!-- EN: long-range mineral scanner -->
  <LongRangeMineralScanner.label>сканеры минералов дальнего действия</LongRangeMineralScanner.label>
  <!-- EN: Construct long-range mineral scanners your researchers can use to detect precious minerals across the planet. Can be tuned to find a specific mineral. Requires advanced components to construct. -->
  <LongRangeMineralScanner.description>Сканеры минералов дальнего действия позволят вашим учёным находить месторождения ценных минералов на всей планете. Этот прибор также можно настроить на поиск конкретного желаемого минерала. Для изготовления требуются продвинутые компоненты.</LongRangeMineralScanner.description>
  
  <!-- EN: medicine production -->
  <MedicineProduction.label>производство медикаментов</MedicineProduction.label>
  <!-- EN: Produce standard industrial-tech medicine by combining herbal medicine, neutroamine, and cloth. -->
  <MedicineProduction.description>В комплект аптечки обычно входят основные препараты, получаемые из лекарственных трав, нейтроамин и различные виды перевязочного материала.</MedicineProduction.description>
  
  <!-- EN: microelectronics -->
  <MicroelectronicsBasics.label>основы микроэлектроники</MicroelectronicsBasics.label>
  <!-- EN: Work with complex microelectronics. This unlocks the hi-tech research bench and comms console. -->
  <MicroelectronicsBasics.description>Знание основ работы с тонкой и сложной электроникой открывает высокотехнологичный стол для исследований, консоль связи, а также другие проекты, такие как телевидение и саркофаги криптосна.</MicroelectronicsBasics.description>
  
  <!-- EN: moisture pump -->
  <MoisturePump.label>водяные помпы</MoisturePump.label>
  <!-- EN: Construct moisture pumps, which very slowly normalize the moisture in the ground around them. They can turn wet ground dry and convert soft sand into normal sand. -->
  <MoisturePump.description>Эти устройства постепенно осушают землю вокруг себя, а мягкий песок превращают в обычный.</MoisturePump.description>
  
  <!-- EN: multibarrel weapons -->
  <MultibarrelWeapons.label>многоствольное оружие</MultibarrelWeapons.label>
  <!-- EN: Assemble miniguns. -->
  <MultibarrelWeapons.description>Понимание принципов работы многоствольного оружия позволяет собирать миниганы.</MultibarrelWeapons.description>
  
  <!-- EN: precision rifling -->
  <PrecisionRifling.label>высокоточное огнестрельное оружие</PrecisionRifling.label>
  <!-- EN: Craft precisely-machined guns like assault rifles and sniper rifles. -->
  <PrecisionRifling.description>Высокоточным оружием считаются автоматы и снайперские винтовки.</PrecisionRifling.description>
  
  <!-- EN: shields -->
  <ShieldBelt.label>генераторы щита</ShieldBelt.label>
  <!-- EN: Build wearable shield gear. Shields use momentum-repulsion technology to prevent projectiles from traversing the field boundry. -->
  <ShieldBelt.description>Импульсно-репульсорная технология, позволяющая конструировать миниатюрные генераторы защитного поля, которое не пропускает через себя быстро летящие снаряды.</ShieldBelt.description>
  
  <!-- EN: transport pod -->
  <TransportPod.label>транспортные капсулы</TransportPod.label>
  <!-- EN: Construct launchable transport pods that you can use to send people and supplies long distances across the planet's surface. Can be used for raiding, travel, sending gifts, and more. -->
  <TransportPod.description>Транспортные капсулы позволяют перебрасывать людей и грузы по суборбитальной траектории на большие расстояния. Капсулы могут быть использованы для совершения налётов, путешествий, отправки подарков и многого другого.</TransportPod.description>
  
</LanguageData>