﻿<?xml version="1.0" encoding="UTF-8"?>
<LanguageData>
  
  <!-- EN: advanced fabrication -->
  <AdvancedFabrication.label>сверхвысокоточное производство</AdvancedFabrication.label>
  <!-- EN: Fabricate advanced components from standard components and other materials. -->
  <AdvancedFabrication.description>Позволяет собирать продвинутые компоненты из обычных компонентов и некоторых других материалов.</AdvancedFabrication.description>
  
  <!-- EN: bionic replacements -->
  <Bionics.label>бионическое протезирование</Bionics.label>
  <!-- EN: Build high-tech bionic body parts to replace lost limbs and eyes. Requires a skilled doctor to attach. -->
  <Bionics.description>Позволяет изготавливать высокотехнологичные бионические протезы для замены потерянных конечностей и глаз. Для имплантирования требуется опытный врач.</Bionics.description>
  
  <!-- EN: pulse-charged munitions -->
  <ChargedShot.label>энергетическое оружие</ChargedShot.label>
  <!-- EN: Build weapons which fire pulse-charged munitions for extra damage. Note that these also require advanced components. -->
  <ChargedShot.description>Понимание секретов импульсно-заряженных энергетических снарядов позволяет изготавливать энерговинтовки. Для этого потребуются продвинутые компоненты.</ChargedShot.description>
  
  <!-- EN: cryptosleep casket -->
  <Cryptosleep.label>саркофаги криптосна</Cryptosleep.label>
  <!-- EN: Construct cryptosleep caskets, which can put living beings in a state of indefinite suspended animation. -->
  <Cryptosleep.description>Саркофаги криптосна предназначены для погружения живых существ в состояние анабиоза.</Cryptosleep.description>
  
  <!-- EN: fabrication -->
  <Fabrication.label>высокоточное производство</Fabrication.label>
  <!-- EN: Build fabrication benches, capable of high-tech projects ranging from component assembly to power armor construction. -->
  <Fabrication.description>Позволяет вам строить специальные станки, на которых можно изготавливать высокотехнологичные изделия самых разных видов: от компонентов до силовой брони.</Fabrication.description>
  <!-- EN: You now have the technology to build a fabrication bench - but it also requires some advanced components to get started. You can collect advanced components several ways:\n\n  -All outlander settlements sell advanced components. Send a caravan to buy some.\n  -Some visiting traders sell advanced components. Invite or wait for them.\n  -Some quests are rewarded with advanced components. -->
  <Fabrication.discoveredLetterText>Теперь у вас есть технология для постройки высокоточного станка, но для этого потребуются некоторые продвинутые компоненты. Вы можете добыть несколькими способами:\n\n  -Купить в поселении другой развитой фракции, отправив туда караван.\n  -Купить у проходящих торговцев. Запросите караван или дождитесь, пока к вам придут сами.\n  -Получить в награду за выполнение заданий.</Fabrication.discoveredLetterText>
  <!-- EN: About: Getting advanced components -->
  <Fabrication.discoveredLetterTitle>Получение продвинутых компонентов</Fabrication.discoveredLetterTitle>
  
  <!-- EN: multi-analyzer -->
  <MultiAnalyzer.label>мультианализаторы</MultiAnalyzer.label>
  <!-- EN: Build multi-analyzers which increase research speed and allow higher-level research projects. -->
  <MultiAnalyzer.description>Использование мультианализатора позволяет быстрее проводить исследования, а также открывает доступ к технологиям более высокого уровня.</MultiAnalyzer.description>
  
  <!-- EN: marine armor -->
  <PoweredArmor.label>пехотная броня</PoweredArmor.label>
  <!-- EN: Build marine armor, a general-use powered armor suit used by high-tech shock troops. Note that these also require advanced components. -->
  <PoweredArmor.description>Изготовление силовой брони общего назначения, применяемой штурмовиками космопехоты. Для производства потребуются продвинутые компоненты.</PoweredArmor.description>
  
  <!-- EN: recon armor -->
  <ReconArmor.label>разведброня</ReconArmor.label>
  <!-- EN: Craft recon armor, a light powered armor suit used by scout troops who need protection on the move. Note that these also require advanced components. -->
  <ReconArmor.description>Изготовление лёгкой силовой брони, применяемой бойцами-разведчиками, которым требуется защита без стеснения движений. Для производства потребуются продвинутые компоненты.</ReconArmor.description>
  
  <!-- EN: uranium slug turret -->
  <SniperTurret.label>снайперские турели</SniperTurret.label>
  <!-- EN: Produce the armor-penetrating uranium slug turret. It fires uranium slugs which tear through plasteel like paper, but it's less effective at close range. -->
  <SniperTurret.description>Такие турели имеют очень высокую дальность стрельбы. Они стреляют урановыми снарядами, что прошивают пласталь, словно бумагу. Однако на ближних дистанциях снайперские турели не так эффективны.</SniperTurret.description>
  
  <!-- EN: vitals monitor -->
  <VitalsMonitor.label>мониторы жизненных показателей</VitalsMonitor.label>
  <!-- EN: Build vitals monitors which improve medical outcomes when placed next to hospital beds. -->
  <VitalsMonitor.description>Мониторы жизненных показателей позволяют улучшить качество лечения пациентов при размещении рядом с медицинскими кроватями.</VitalsMonitor.description>
  
</LanguageData>