﻿<?xml version="1.0" encoding="UTF-8"?>
<LanguageData>
  
  <!-- EN: New Arrivals -->
  <PlayerColony.label>поселение</PlayerColony.label>
  <!-- EN: A colony of recently-arrived off-worlders. -->
  <PlayerColony.description>Ваше поселение.</PlayerColony.description>
  <!-- EN: colonist -->
  <PlayerColony.pawnSingular>поселенец</PlayerColony.pawnSingular>
  <!-- EN: colonists -->
  <PlayerColony.pawnsPlural>поселенцы</PlayerColony.pawnsPlural>
  
  <!-- EN: New Tribe -->
  <PlayerTribe.label>племя</PlayerTribe.label>
  <!-- EN: A small tribe. -->
  <PlayerTribe.description>Ваше племя.</PlayerTribe.description>
  <!-- EN: tribesman -->
  <PlayerTribe.pawnSingular>член племени</PlayerTribe.pawnSingular>
  <!-- EN: tribespeople -->
  <PlayerTribe.pawnsPlural>члены племени</PlayerTribe.pawnsPlural>
  
</LanguageData>