﻿<?xml version="1.0" encoding="UTF-8"?>
<LanguageData>
  
  <!-- EN: neutral ancients -->
  <Ancients.label>нейтральные древние</Ancients.label>
  <!-- EN: Ancients -->
  <Ancients.fixedName>Древние</Ancients.fixedName>
  <!-- EN: ancient -->
  <Ancients.pawnSingular>древний</Ancients.pawnSingular>
  <!-- EN: ancients -->
  <Ancients.pawnsPlural>древние</Ancients.pawnsPlural>
  
  <!-- EN: hostile ancients -->
  <AncientsHostile.label>враждебные древние</AncientsHostile.label>
  <!-- EN: Ancients -->
  <AncientsHostile.fixedName>Древние</AncientsHostile.fixedName>
  <!-- EN: ancient -->
  <AncientsHostile.pawnSingular>древний</AncientsHostile.pawnSingular>
  <!-- EN: ancients -->
  <AncientsHostile.pawnsPlural>древние</AncientsHostile.pawnsPlural>
  
  <!-- EN: insects -->
  <Insect.label>насекомые</Insect.label>
  <!-- EN: Sorne Geneline -->
  <Insect.fixedName>Геном Сорн</Insect.fixedName>
  <!-- EN: insect -->
  <Insect.pawnSingular>насекомое</Insect.pawnSingular>
  <!-- EN: insects -->
  <Insect.pawnsPlural>насекомые</Insect.pawnsPlural>
  
  <!-- EN: mechanoid hive -->
  <Mechanoid.label>рой механоидов</Mechanoid.label>
  <Mechanoid.fixedName>рой механоидов</Mechanoid.fixedName>
  <!-- EN: mechanoid -->
  <Mechanoid.pawnSingular>механоид</Mechanoid.pawnSingular>
  <!-- EN: mechanoids -->
  <Mechanoid.pawnsPlural>механоиды</Mechanoid.pawnsPlural>
  
</LanguageData>