﻿<?xml version="1.0" encoding="UTF-8"?>
<LanguageData>
  
  <!-- EN: ambrosia warmth -->
  <AmbrosiaHigh.stages.ambrosia_warmth.label>тепло амброзии</AmbrosiaHigh.stages.ambrosia_warmth.label>
  <!-- EN: That ambrosia makes me feel more relaxed, and gives me energy at the same time. -->
  <AmbrosiaHigh.stages.ambrosia_warmth.description>Амброзия расслабляет мой разум и заряжает меня энергией.</AmbrosiaHigh.stages.ambrosia_warmth.description>
  
  <!-- EN: ambrosia withdrawal -->
  <AmbrosiaWithdrawal.stages.ambrosia_withdrawal.label>амброзийное похмелье</AmbrosiaWithdrawal.stages.ambrosia_withdrawal.label>
  <!-- EN: I feel heavy and cold all the time. I never thought I'd want a piece of fruit so much. -->
  <AmbrosiaWithdrawal.stages.ambrosia_withdrawal.description>Я ощущаю постоянный холод и тяжесть. Не думал, что мне будет столь необходим хотя бы кусочек этого фрукта.</AmbrosiaWithdrawal.stages.ambrosia_withdrawal.description>
  
</LanguageData>