﻿<?xml version="1.0" encoding="UTF-8"?>
<LanguageData>
  
  <!-- EN: sky-high expectations -->
  <Expectations.stages.skyhigh_expectations.label>заоблачные ожидания</Expectations.stages.skyhigh_expectations.label>
  <!-- EN: I should be made very comfortable here. -->
  <Expectations.stages.skyhigh_expectations.description>Мы живём шикарно! Мне должны предоставить все удобства.</Expectations.stages.skyhigh_expectations.description>
  <!-- EN: high expectations -->
  <Expectations.stages.high_expectations.label>высокие ожидания</Expectations.stages.high_expectations.label>
  <!-- EN: There's no reason I shouldn't have the things I want. -->
  <Expectations.stages.high_expectations.description>Мы уже весьма неплохо живём. Не вижу причин для того, чтобы не позаботиться о собственном комфорте.</Expectations.stages.high_expectations.description>
  <!-- EN: moderate expectations -->
  <Expectations.stages.moderate_expectations.label>умеренные ожидания</Expectations.stages.moderate_expectations.label>
  <!-- EN: I can't expect to be totally pampered. -->
  <Expectations.stages.moderate_expectations.description>Это место не настолько богато, чтобы можно было требовать к себе повышенное внимание.</Expectations.stages.moderate_expectations.description>
  <!-- EN: low expectations -->
  <Expectations.stages.low_expectations.label>низкие ожидания</Expectations.stages.low_expectations.label>
  <!-- EN: I can't expect great comforts. -->
  <Expectations.stages.low_expectations.description>Нам пока что не до жиру. Особого комфорта нет смысла ожидать.</Expectations.stages.low_expectations.description>
  <!-- EN: very low expectations -->
  <Expectations.stages.very_low_expectations.label>очень низкие ожидания</Expectations.stages.very_low_expectations.label>
  <!-- EN: I need to keep myself strong to survive. -->
  <Expectations.stages.very_low_expectations.description>Это место бедствует. И если не затянуть пояса, ничего не изменится.</Expectations.stages.very_low_expectations.description>
  <!-- EN: extremely low expectations -->
  <Expectations.stages.extremely_low_expectations.label>крайне низкие ожидания</Expectations.stages.extremely_low_expectations.label>
  <!-- EN: I'd better steel myself to survive. -->
  <Expectations.stages.extremely_low_expectations.description>Сейчас и речи быть не может о каком-то комфорте. Нужно закатать губу и крепиться.</Expectations.stages.extremely_low_expectations.description>
  <!-- EN: noble expectations -->
  <Expectations.stages.noble_expectations.label>ожидания знати</Expectations.stages.noble_expectations.label>
  <!-- EN: I am above the little people and should be made happy every moment. -->
  <Expectations.stages.noble_expectations.description>Я стою выше простого люда, и нуждаюсь в соответствующих условиях! </Expectations.stages.noble_expectations.description>
  <!-- EN: royal expectations -->
  <Expectations.stages.royal_expectations.label>королевские ожидания</Expectations.stages.royal_expectations.label>
  <!-- EN: My majesty... I can hardly believe it myself. A moment's discomfort is below me. -->
  <Expectations.stages.royal_expectations.description>Моё величество... Даже с трудом в это верится. Никакой, даже минутный дискомфорт, не должен оскорблять моё достоинство!</Expectations.stages.royal_expectations.description>
  
</LanguageData>