﻿<?xml version="1.0" encoding="UTF-8"?>
<LanguageData>
  
  <!-- EN: high on go-juice -->
  <GoJuiceHigh.stages.high_on_gojuice.label>под Go-соком</GoJuiceHigh.stages.high_on_gojuice.label>
  <!-- EN: I feel pumped but steady. I am the bullet in flight, ready to cut through you. -->
  <GoJuiceHigh.stages.high_on_gojuice.description>Я на взводе, но в тоже время спокоен. Я — пуля снайпера, летящая в цель.</GoJuiceHigh.stages.high_on_gojuice.description>
  
  <!-- EN: go-juice withdrawal -->
  <GoJuiceWithdrawal.stages.gojuice_withdrawal.label>ломка по Go-соку</GoJuiceWithdrawal.stages.gojuice_withdrawal.label>
  <!-- EN: I'm all fuzzy and can't think straight. My limbs feel heavy, I'm tired and hungry, everything hurts. And why won't my eyes focus properly? -->
  <GoJuiceWithdrawal.stages.gojuice_withdrawal.description>Всё как в тумане, не могу ясно мыслить. У меня нет сил, ноги ватные, я хочу есть, всё болит!</GoJuiceWithdrawal.stages.gojuice_withdrawal.description>
  
</LanguageData>