﻿<?xml version="1.0" encoding="UTF-8"?>
<LanguageData>
  
  <!-- EN: psychite withdrawal -->
  <PsychiteWithdrawal.stages.psychite_withdrawal.label>психиновая ломка</PsychiteWithdrawal.stages.psychite_withdrawal.label>
  <!-- EN: God I'm tired. Everything's so slow and boring. Especially me. -->
  <PsychiteWithdrawal.stages.psychite_withdrawal.description>У меня нет сил. Всё такое медленное и серое... Особенно я.</PsychiteWithdrawal.stages.psychite_withdrawal.description>
  
  <!-- EN: high on yayo -->
  <YayoHigh.stages.high_on_yayo.label>кайф от порошка психина</YayoHigh.stages.high_on_yayo.label>
  <!-- EN: Feeling pumped! Let's do this! -->
  <YayoHigh.stages.high_on_yayo.description>Я на взводе! Погнали!</YayoHigh.stages.high_on_yayo.description>
  
</LanguageData>