﻿<?xml version="1.0" encoding="UTF-8"?>
<LanguageData>
  
  <!-- EN: high on smokeleaf -->
  <SmokeleafHigh.stages.high_on_smokeleaf.label>кайф от дымолиста</SmokeleafHigh.stages.high_on_smokeleaf.label>
  <!-- EN: I'm, like, stoned, man. -->
  <SmokeleafHigh.stages.high_on_smokeleaf.description>Чува-ак, я под кайфом!</SmokeleafHigh.stages.high_on_smokeleaf.description>
  
  <!-- EN: smokeleaf withdrawal -->
  <SmokeleafWithdrawal.stages.smokeleaf_withdrawal.label>ломка по дымолисту</SmokeleafWithdrawal.stages.smokeleaf_withdrawal.label>
  <!-- EN: I really wish I could smoke. I feel jittery, and my gut has that anxious sensation all the time. -->
  <SmokeleafWithdrawal.stages.smokeleaf_withdrawal.description>Я на нервах, а в животе нарастает странное тревожное чувство. Нужно срочно покурить!</SmokeleafWithdrawal.stages.smokeleaf_withdrawal.description>
  
</LanguageData>