﻿<?xml version="1.0" encoding="UTF-8"?>
<LanguageData>
  
  <!-- EN: bonded animal {0} died -->
  <BondedAnimalDied.stages.bonded_animal_died.label>смерть любимца</BondedAnimalDied.stages.bonded_animal_died.label>
  <!-- EN: Such a tender, unique animal. This universe is evil! -->
  <BondedAnimalDied.stages.bonded_animal_died.description>Умер мой маленький друг. Такое ласковое, необыкновенное создание. Мир жесток!</BondedAnimalDied.stages.bonded_animal_died.description>
  
  <!-- EN: colonist died -->
  <KnowColonistDied.stages.colonist_died.label>смерть поселенца</KnowColonistDied.stages.colonist_died.label>
  <!-- EN: One of our people died. We should be able to take care of our people. -->
  <KnowColonistDied.stages.colonist_died.description>Один из наших умер. Мы должны быть в состоянии заботиться о своих людях.</KnowColonistDied.stages.colonist_died.description>
  
  <!-- EN: justified execution of colonist -->
  <KnowColonistExecuted.stages.justified_execution_of_colonist.label>справедливая казнь поселенца</KnowColonistExecuted.stages.justified_execution_of_colonist.label>
  <!-- EN: A guilty colonist was executed. It was justified, but still sad. -->
  <KnowColonistExecuted.stages.justified_execution_of_colonist.description>Поселенца казнили за его преступления. Хоть это и справедливо, но всё равно грустно.</KnowColonistExecuted.stages.justified_execution_of_colonist.description>
  <!-- EN: colonist euthanized -->
  <KnowColonistExecuted.stages.colonist_euthanized.label>эвтаназия поселенца</KnowColonistExecuted.stages.colonist_euthanized.label>
  <!-- EN: A colonist was euthanized. It was humane, but still sad. -->
  <KnowColonistExecuted.stages.colonist_euthanized.description>Поселенца подвергли эвтаназии. Это гуманно, но всё равно грустно.</KnowColonistExecuted.stages.colonist_euthanized.description>
  <!-- EN: colonist executed -->
  <KnowColonistExecuted.stages.colonist_executed.label>казнь поселенца</KnowColonistExecuted.stages.colonist_executed.label>
  <!-- EN: A colonist was killed in cold blood. It seemed a bit evil. -->
  <KnowColonistExecuted.stages.colonist_executed.description>Поселенца хладнокровно убили. Это жестоко!</KnowColonistExecuted.stages.colonist_executed.description>
  <!-- EN: colonist organ-harvested -->
  <KnowColonistExecuted.stages.colonist_organharvested.label>смерть поселенца от извлечения органов</KnowColonistExecuted.stages.colonist_organharvested.label>
  <!-- EN: A colonist died because someone took body parts from him. It's horrible. -->
  <KnowColonistExecuted.stages.colonist_organharvested.description>Поселенец умер из-за того, что у него удалили жизненно важные органы. Это просто ужасно!</KnowColonistExecuted.stages.colonist_organharvested.description>
  
  <!-- EN: justified execution -->
  <KnowGuestExecuted.stages.justified_execution.label>справедливая казнь</KnowGuestExecuted.stages.justified_execution.label>
  <!-- EN: A guilty prisoner or guest was executed. It was justified, but still sad. -->
  <KnowGuestExecuted.stages.justified_execution.description>Виновного пленника или гостя казнили. Хоть это и справедливо, но всё равно грустно.</KnowGuestExecuted.stages.justified_execution.description>
  <!-- EN: someone was euthanized -->
  <KnowGuestExecuted.stages.someone_was_euthanized.label>эвтаназия</KnowGuestExecuted.stages.someone_was_euthanized.label>
  <!-- EN: A prisoner or guest was euthanized. It was humane, but still sad. -->
  <KnowGuestExecuted.stages.someone_was_euthanized.description>Пленника или гостя подвергли эвтаназии. Это гуманно, но всё равно грустно.</KnowGuestExecuted.stages.someone_was_euthanized.description>
  <!-- EN: someone was executed -->
  <KnowGuestExecuted.stages.someone_was_executed.label>казнь</KnowGuestExecuted.stages.someone_was_executed.label>
  <!-- EN: A prisoner or guest was killed in cold blood. It seemed a bit evil. -->
  <KnowGuestExecuted.stages.someone_was_executed.description>Пленника или гостя хладнокровно убили. Это жестоко!</KnowGuestExecuted.stages.someone_was_executed.description>
  <!-- EN: someone was organ-murdered -->
  <KnowGuestExecuted.stages.someone_was_organmurdered.label>смерть из-за удаления органа</KnowGuestExecuted.stages.someone_was_organmurdered.label>
  <!-- EN: A prisoner or guest died because the colony took body parts from him. It's horrible. -->
  <KnowGuestExecuted.stages.someone_was_organmurdered.description>Пленник или гость умер из-за того, что у него удалили жизненно важные органы. Это просто ужасно!</KnowGuestExecuted.stages.someone_was_organmurdered.description>
  
  <!-- EN: innocent prisoner died -->
  <KnowPrisonerDiedInnocent.stages.innocent_prisoner_died.label>смерть пленника</KnowPrisonerDiedInnocent.stages.innocent_prisoner_died.label>
  <!-- EN: One of our prisoners died despite being harmless. We should be able to take care of our prisoners. If we wanted them dead, we could have at least conducted an orderly execution rather than permit that barbarism. -->
  <KnowPrisonerDiedInnocent.stages.innocent_prisoner_died.description>Один из пленников умер, несмотря на то, что он никому не причинил вреда. Мы должны быть в состоянии позаботиться о тех, кого берём в плен. Если нам действительно нужна их смерть, мы должны организовать казнь, но не допускать такого варварства.</KnowPrisonerDiedInnocent.stages.innocent_prisoner_died.description>
  
  <!-- EN: my aunt {0} died -->
  <MyAuntDied.stages.my_aunt_died.label>умерла тётя, {0}</MyAuntDied.stages.my_aunt_died.label>
  <!-- EN: My aunt died. -->
  <MyAuntDied.stages.my_aunt_died.description>Моя тётя мертва.</MyAuntDied.stages.my_aunt_died.description>
  
  <!-- EN: my brother {0} died -->
  <MyBrotherDied.stages.my_brother_died.label>умер брат, {0}</MyBrotherDied.stages.my_brother_died.label>
  <!-- EN: My brother died. My own flesh and blood... -->
  <MyBrotherDied.stages.my_brother_died.description>Мой родной брат мёртв.</MyBrotherDied.stages.my_brother_died.description>
  
  <!-- EN: my cousin {0} died -->
  <MyCousinDied.stages.my_cousin_died.label>{1_gender ? умер : умерла} {1_gender ? двоюродный : двоюродная} {1_gender ? брат : сестра}, {0}</MyCousinDied.stages.my_cousin_died.label>
  <!-- EN: My cousin died. My own flesh and blood... -->
  <MyCousinDied.stages.my_cousin_died.description>{OTHERPAWN_gender ? Моего : Моей} {OTHERPAWN_gender ? двоюродного : двоюродной} {OTHERPAWN_gender ? брата : сестры} нет в живых.</MyCousinDied.stages.my_cousin_died.description>
  
  <!-- EN: my daughter {0} died -->
  <MyDaughterDied.stages.my_daughter_died.label>умерла дочь, {0}</MyDaughterDied.stages.my_daughter_died.label>
  <!-- EN: My daughter is dead. My own flesh and blood... -->
  <MyDaughterDied.stages.my_daughter_died.description>Моя родная дочь умерла.</MyDaughterDied.stages.my_daughter_died.description>
  
  <!-- EN: my father {0} died -->
  <MyFatherDied.stages.my_father_died.label>умер отец, {0}</MyFatherDied.stages.my_father_died.label>
  <!-- EN: My father died. He's gone forever. -->
  <MyFatherDied.stages.my_father_died.description>Мой родной отец мёртв. Я больше никогда его не увижу.</MyFatherDied.stages.my_father_died.description>
  
  <!-- EN: my fiance {0} died -->
  <MyFianceDied.stages.my_fiance_died.label>умер жених, {0}</MyFianceDied.stages.my_fiance_died.label>
  <!-- EN: My fiance died. Such a man... my future is gone. -->
  <MyFianceDied.stages.my_fiance_died.description>Мой жених мёртв. Я не знаю, как жить дальше.</MyFianceDied.stages.my_fiance_died.description>
  
  <!-- EN: my fiancée {0} died -->
  <MyFianceeDied.stages.my_fiance_died.label>умерла невеста, {0}</MyFianceeDied.stages.my_fiance_died.label>
  <!-- EN: My fiancée died. Such a woman... my future is gone. -->
  <MyFianceeDied.stages.my_fiance_died.description>Моя невеста мертва. Я не знаю, как жить дальше.</MyFianceeDied.stages.my_fiance_died.description>
  
  <!-- EN: my grandchild {0} died -->
  <MyGrandchildDied.stages.my_grandchild_died.label>{1_gender ? умер : умерла} {1_gender ? внук : внучка}, {0}</MyGrandchildDied.stages.my_grandchild_died.label>
  <!-- EN: My grandchild died. My own flesh and blood... -->
  <MyGrandchildDied.stages.my_grandchild_died.description>{OTHERPAWN_gender ? Моего : Моей} {OTHERPAWN_gender ? внука : внучки} нет в живых.</MyGrandchildDied.stages.my_grandchild_died.description>
  
  <!-- EN: my grandparent {0} died -->
  <MyGrandparentDied.stages.my_grandparent_died.label>{1_gender ? умер : умерла} {1_gender ? дед : бабушка}, {0}</MyGrandparentDied.stages.my_grandparent_died.label>
  <!-- EN: My grandparent died. -->
  <MyGrandparentDied.stages.my_grandparent_died.description>{OTHERPAWN_gender ? Моего : Моей} {OTHERPAWN_gender ? деда : бабушки} нет в живых.</MyGrandparentDied.stages.my_grandparent_died.description>
  
  <!-- EN: my half-sibling {0} died -->
  <MyHalfSiblingDied.stages.my_halfsibling_died.label>{1_gender ? умер : умерла} {1_gender ? сводный : сводная} {1_gender ? брат : сестра}, {0}</MyHalfSiblingDied.stages.my_halfsibling_died.label>
  <!-- EN: My half-sibling died. My own flesh and blood... -->
  <MyHalfSiblingDied.stages.my_halfsibling_died.description>{OTHERPAWN_gender ? Моего : Моей} {OTHERPAWN_gender ? сводного : сводной} {OTHERPAWN_gender ? брата : сестры} нет в живых.</MyHalfSiblingDied.stages.my_halfsibling_died.description>
  
  <!-- EN: my husband {0} died -->
  <MyHusbandDied.stages.my_husband_died.label>умер муж, {0}</MyHusbandDied.stages.my_husband_died.label>
  <!-- EN: My husband is dead. I am alone. -->
  <MyHusbandDied.stages.my_husband_died.description>Мой муж мёртв. Я осталась одна.</MyHusbandDied.stages.my_husband_died.description>
  
  <!-- EN: my kin {0} died -->
  <MyKinDied.stages.my_kin_died.label>{1_gender ? умер : умерла} {1_gender ? родственник : родственница}, {0}</MyKinDied.stages.my_kin_died.label>
  <!-- EN: My kin died. -->
  <MyKinDied.stages.my_kin_died.description>Умер человек из моей родни.</MyKinDied.stages.my_kin_died.description>
  
  <!-- EN: my lover {0} died -->
  <MyLoverDied.stages.my_lover_died.label>{1_gender ? умер : умерла} {1_gender ? любовник : любовница}, {0}</MyLoverDied.stages.my_lover_died.label>
  <!-- EN: My lover died. I am so alone. -->
  <MyLoverDied.stages.my_lover_died.description>Умер любимый человек. Мне так одиноко...</MyLoverDied.stages.my_lover_died.description>
  
  <!-- EN: my mother {0} died -->
  <MyMotherDied.stages.my_mother_died.label>умерла мать, {0}</MyMotherDied.stages.my_mother_died.label>
  <!-- EN: My mother died. She's gone forever. -->
  <MyMotherDied.stages.my_mother_died.description>Моя мать мертва. Я больше никогда её не увижу.</MyMotherDied.stages.my_mother_died.description>
  
  <!-- EN: my nephew {0} died -->
  <MyNephewDied.stages.my_nephew_died.label>умер племянник, {0}</MyNephewDied.stages.my_nephew_died.label>
  <!-- EN: My nephew died. Such a wonderful child. -->
  <MyNephewDied.stages.my_nephew_died.description>Мой дорогой племянник мёртв.</MyNephewDied.stages.my_nephew_died.description>
  
  <!-- EN: my niece {0} died -->
  <MyNieceDied.stages.my_niece_died.label>умерла племянница, {0}</MyNieceDied.stages.my_niece_died.label>
  <!-- EN: My niece died. Such a wonderful child. -->
  <MyNieceDied.stages.my_niece_died.description>Моя дорогая племянница мертва.</MyNieceDied.stages.my_niece_died.description>
  
  <!-- EN: my sister {0} died -->
  <MySisterDied.stages.my_sister_died.label>умерла сестра, {0}</MySisterDied.stages.my_sister_died.label>
  <!-- EN: My sister died. My own flesh and blood... -->
  <MySisterDied.stages.my_sister_died.description>Моя родная сестра мертва.</MySisterDied.stages.my_sister_died.description>
  
  <!-- EN: my son {0} died -->
  <MySonDied.stages.my_son_died.label>умер сын, {0}</MySonDied.stages.my_son_died.label>
  <!-- EN: My son is dead. My own flesh and blood... -->
  <MySonDied.stages.my_son_died.description>Мой родной сын умер.</MySonDied.stages.my_son_died.description>
  
  <!-- EN: my uncle {0} died -->
  <MyUncleDied.stages.my_uncle_died.label>умер дядя, {0}</MyUncleDied.stages.my_uncle_died.label>
  <!-- EN: My uncle died. -->
  <MyUncleDied.stages.my_uncle_died.description>Мой дядя мёртв.</MyUncleDied.stages.my_uncle_died.description>
  
  <!-- EN: my wife {0} died -->
  <MyWifeDied.stages.my_wife_died.label>умерла жена, {0}</MyWifeDied.stages.my_wife_died.label>
  <!-- EN: My wife is dead. I am alone. -->
  <MyWifeDied.stages.my_wife_died.description>Моя жена мертва. Я остался один.</MyWifeDied.stages.my_wife_died.description>
  
  <!-- EN: my rival {0} died -->
  <PawnWithBadOpinionDied.stages.my_rival_died.label>{1_gender ? умер : умерла} {1_gender ? соперник : соперница}, {0}</PawnWithBadOpinionDied.stages.my_rival_died.label>
  <!-- EN: Serves them right. At least there's some justice in this world. -->
  <PawnWithBadOpinionDied.stages.my_rival_died.description>Вот и славно. Всё же есть на свете справедливость.</PawnWithBadOpinionDied.stages.my_rival_died.description>
  
  <!-- EN: my friend {0} died -->
  <PawnWithGoodOpinionDied.stages.my_friend_died.label>{1_gender ? умер : умерла} {1_gender ? друг : подруга}, {0}</PawnWithGoodOpinionDied.stages.my_friend_died.label>
  <!-- EN: Such a wonderful person, gone forever. The universe gets darker every day. -->
  <PawnWithGoodOpinionDied.stages.my_friend_died.description>Умер такой замечательный человек. Вселенная с каждым днем все мрачнее.</PawnWithGoodOpinionDied.stages.my_friend_died.description>
  
</LanguageData>