﻿<?xml version="1.0" encoding="UTF-8"?>
<LanguageData>
  
  <!-- EN: affair -->
  <Affair.stages.affair.label>интрижка</Affair.stages.affair.label>
  
  <!-- EN: annoying voice -->
  <AnnoyingVoice.stages.annoying_voice.label>противный голос</AnnoyingVoice.stages.annoying_voice.label>
  
  <!-- EN: ate raw humanlike meat -->
  <AteRawHumanlikeMeat.stages.ate_raw_humanlike_meat.label>каннибал</AteRawHumanlikeMeat.stages.ate_raw_humanlike_meat.label>
  
  <!-- EN: body purist disgust -->
  <BodyPuristDisgust.stages.body_purist_disgust-0.label>отвращение биоконсерватора</BodyPuristDisgust.stages.body_purist_disgust-0.label>
  <!-- EN: body purist disgust -->
  <BodyPuristDisgust.stages.body_purist_disgust-1.label>отвращение биоконсерватора</BodyPuristDisgust.stages.body_purist_disgust-1.label>
  <!-- EN: body purist disgust -->
  <BodyPuristDisgust.stages.body_purist_disgust-2.label>отвращение биоконсерватора</BodyPuristDisgust.stages.body_purist_disgust-2.label>
  <!-- EN: body purist disgust -->
  <BodyPuristDisgust.stages.body_purist_disgust-3.label>отвращение биоконсерватора</BodyPuristDisgust.stages.body_purist_disgust-3.label>
  <!-- EN: body purist disgust -->
  <BodyPuristDisgust.stages.body_purist_disgust-4.label>отвращение биоконсерватора</BodyPuristDisgust.stages.body_purist_disgust-4.label>
  
  <!-- EN: {0}'s master -->
  <BondedAnimalMaster.stages.s_master.label>хозяин {0}</BondedAnimalMaster.stages.s_master.label>
  <!-- EN: Being together with my bonded animal makes me feel better. -->
  <BondedAnimalMaster.stages.s_master.description>Приятно чувствовать, что мой любимый питомец рядом.</BondedAnimalMaster.stages.s_master.description>
  <!-- EN: master of {0} -->
  <BondedAnimalMaster.stages.master_of.label>хозяин {0}</BondedAnimalMaster.stages.master_of.label>
  <!-- EN: Being together with my bonded animals makes me feel better. -->
  <BondedAnimalMaster.stages.master_of.description>Приятно чувствовать, что мои любимые питомцы рядом.</BondedAnimalMaster.stages.master_of.description>
  
  <!-- EN: butchered humanlike corpse -->
  <ButcheredHumanlikeCorpseOpinion.stages.butchered_humanlike_corpse.label>разделал(а) человека</ButcheredHumanlikeCorpseOpinion.stages.butchered_humanlike_corpse.label>
  
  <!-- EN: chemical interest vs teetotaler -->
  <ChemicalInterestVsTeetotaler.stages.chemical_interest_vs_teetotaler.label>любитель «химии» и трезвенник</ChemicalInterestVsTeetotaler.stages.chemical_interest_vs_teetotaler.label>
  
  <!-- EN: creepy breathing -->
  <CreepyBreathing.stages.creepy_breathing.label>жутковатое дыхание</CreepyBreathing.stages.creepy_breathing.label>
  
  <!-- EN: disfigured -->
  <Disfigured.stages.disfigured.label>обезображен(а)</Disfigured.stages.disfigured.label>
  
  <!-- EN: drunk -->
  <Drunk.stages.drunk.label>пьян(а)</Drunk.stages.drunk.label>
  
  <!-- EN: executed prisoner -->
  <ExecutedPrisoner.stages.executed_prisoner.label>казнил(а) пленника</ExecutedPrisoner.stages.executed_prisoner.label>
  
  <!-- EN: hard worker vs lazy -->
  <HardWorkerVsLazy.stages.hard_worker_vs_lazy.label>трудяга и лентяй</HardWorkerVsLazy.stages.hard_worker_vs_lazy.label>
  
  <!-- EN: holding me prisoner -->
  <HoldingMePrisoner.stages.holding_me_prisoner.label>держит меня в плену</HoldingMePrisoner.stages.holding_me_prisoner.label>
  
  <!-- EN: incestuous -->
  <Incestuous.stages.incestuous.label>кровосмешение</Incestuous.stages.incestuous.label>
  
  <!-- EN: killed colonist -->
  <KilledColonist.stages.killed_colonist.label>убил(а) поселенца</KilledColonist.stages.killed_colonist.label>
  
  <!-- EN: killed colony animal -->
  <KilledColonyAnimal.stages.killed_colony_animal.label>убил(а) животное поселения</KilledColonyAnimal.stages.killed_colony_animal.label>
  
  <!-- EN: man -->
  <Man.stages.man.label>мужчина</Man.stages.man.label>
  
  <!-- EN: not {0}'s master -->
  <NotBondedAnimalMaster.stages.not_s_master.label>не хозяин {0}</NotBondedAnimalMaster.stages.not_s_master.label>
  <!-- EN: I should be together with my bonded animal. -->
  <NotBondedAnimalMaster.stages.not_s_master.description>Я хочу быть вместе с моим любимым питомцем.</NotBondedAnimalMaster.stages.not_s_master.description>
  <!-- EN: not master of {0} -->
  <NotBondedAnimalMaster.stages.not_master_of.label>не хозяин {0}</NotBondedAnimalMaster.stages.not_master_of.label>
  <!-- EN: I should be together with my bonded animals. -->
  <NotBondedAnimalMaster.stages.not_master_of.description>Я хочу быть вместе с моими любимыми питомцами.</NotBondedAnimalMaster.stages.not_master_of.description>
  
  <!-- EN: opinion of my {0} {1} -->
  <OpinionOfMyLover.stages.opinion_of_my.label>мнение о {1} ({0})</OpinionOfMyLover.stages.opinion_of_my.label>
  <!-- EN: Being with my lover makes me feel this way. -->
  <OpinionOfMyLover.stages.opinion_of_my.description>Именно так я себя чувствую рядом со своей половинкой.</OpinionOfMyLover.stages.opinion_of_my.description>
  
  <!-- EN: physically appealing -->
  <Pretty.stages.physically_appealing.label>красив(а)</Pretty.stages.physically_appealing.label>
  <!-- EN: physically stunning -->
  <Pretty.stages.physically_stunning.label>невероятно красив(а)</Pretty.stages.physically_stunning.label>
  
  <!-- EN: sold prisoner to slavery -->
  <SoldPrisoner.stages.sold_prisoner_to_slavery.label>продал(а) пленника</SoldPrisoner.stages.sold_prisoner_to_slavery.label>
  
  <!-- EN: teetotaler vs addict -->
  <TeetotalerVsAddict.stages.teetotaler_vs_addict.label>трезвенник и зависимый</TeetotalerVsAddict.stages.teetotaler_vs_addict.label>
  
  <!-- EN: teetotaler vs chemical interest -->
  <TeetotalerVsChemicalInterest.stages.teetotaler_vs_chemical_interest.label>трезвенник и любитель «химии»</TeetotalerVsChemicalInterest.stages.teetotaler_vs_chemical_interest.label>
  
  <!-- EN: transhumanist appreciation -->
  <TranshumanistAppreciation.stages.transhumanist_appreciation-0.label>радость трансгуманиста</TranshumanistAppreciation.stages.transhumanist_appreciation-0.label>
  <!-- EN: transhumanist appreciation -->
  <TranshumanistAppreciation.stages.transhumanist_appreciation-1.label>радость трансгуманиста</TranshumanistAppreciation.stages.transhumanist_appreciation-1.label>
  <!-- EN: transhumanist appreciation -->
  <TranshumanistAppreciation.stages.transhumanist_appreciation-2.label>радость трансгуманиста</TranshumanistAppreciation.stages.transhumanist_appreciation-2.label>
  <!-- EN: transhumanist appreciation -->
  <TranshumanistAppreciation.stages.transhumanist_appreciation-3.label>радость трансгуманиста</TranshumanistAppreciation.stages.transhumanist_appreciation-3.label>
  <!-- EN: transhumanist appreciation -->
  <TranshumanistAppreciation.stages.transhumanist_appreciation-4.label>радость трансгуманиста</TranshumanistAppreciation.stages.transhumanist_appreciation-4.label>
  
  <!-- EN: physically unsightly -->
  <Ugly.stages.physically_unsightly.label>уродлив(а)</Ugly.stages.physically_unsightly.label>
  <!-- EN: physically hideous -->
  <Ugly.stages.physically_hideous.label>невероятно уродлив(а)</Ugly.stages.physically_hideous.label>
  
  <!-- EN: want to sleep with {0} -->
  <WantToSleepWithSpouseOrLover.stages.want_to_sleep_with.label>хочу спать вместе с {0}</WantToSleepWithSpouseOrLover.stages.want_to_sleep_with.label>
  <!-- EN: I don't like sleeping apart from my partner. -->
  <WantToSleepWithSpouseOrLover.stages.want_to_sleep_with.description>Мне не нравится, что я сплю отдельно от моей половинки.</WantToSleepWithSpouseOrLover.stages.want_to_sleep_with.description>
  
  <!-- EN: woman -->
  <Woman.stages.woman.label>женщина</Woman.stages.woman.label>
  
</LanguageData>