﻿<?xml version="1.0" encoding="UTF-8"?>
<LanguageData>
  
  <!-- EN: attended concert -->
  <AttendedConcert.stages.attended_concert.label>посещение концерта</AttendedConcert.stages.attended_concert.label>
  <!-- EN: I enjoyed listening to that performance. -->
  <AttendedConcert.stages.attended_concert.description>Я {PAWN_gender ? был : была} {PAWN_gender ? рад : рада} побывать на этом концерте.</AttendedConcert.stages.attended_concert.description>
  
  <!-- EN: attended party -->
  <AttendedParty.stages.attended_party.label>посещение вечеринки</AttendedParty.stages.attended_party.label>
  <!-- EN: I had a good time at that party. -->
  <AttendedParty.stages.attended_party.description>Это было здорово — оттянуться на той вечеринке.</AttendedParty.stages.attended_party.description>
  
  <!-- EN: attended wedding -->
  <AttendedWedding.stages.attended_wedding.label>посещение свадьбы</AttendedWedding.stages.attended_wedding.label>
  <!-- EN: It was great to see two people come together to build a future like that. -->
  <AttendedWedding.stages.attended_wedding.description>Прекрасно видеть двух людей, соединивших себя священным союзом, чтобы вместе построить светлое будущее.</AttendedWedding.stages.attended_wedding.description>
  
  <!-- EN: encouraging speech -->
  <EncouragingSpeech.stages.encouraging_speech.label>обнадёживающая речь</EncouragingSpeech.stages.encouraging_speech.label>
  <!-- EN: That speech made me feel like we have a solid path forward. -->
  <EncouragingSpeech.stages.encouraging_speech.description>После этой речи я чувствую, что мы верной дорогой движемся вперёд.</EncouragingSpeech.stages.encouraging_speech.description>
  
  <!-- EN: got married to {0} -->
  <GotMarried.stages.got_married_to.label>свадьба с {0}</GotMarried.stages.got_married_to.label>
  <!-- EN: I got married! It's so wonderful to be starting a new life together! -->
  <GotMarried.stages.got_married_to.description>Мы поженились! Как здорово начать новую жизнь вместе!</GotMarried.stages.got_married_to.description>
  
  <!-- EN: held concert -->
  <HeldConcert.stages.held_concert.label>проведение концерта</HeldConcert.stages.held_concert.label>
  <!-- EN: They loved me. They really loved me. -->
  <HeldConcert.stages.held_concert.description>Им понравилось. Мой концерт зашёл на ура!</HeldConcert.stages.held_concert.description>
  
  <!-- EN: inspirational speech -->
  <InspirationalSpeech.stages.inspirational_speech.label>вдохновляющая речь</InspirationalSpeech.stages.inspirational_speech.label>
  <!-- EN: That speech was moving emotionally and intellectually. I am filled with purpose. -->
  <InspirationalSpeech.stages.inspirational_speech.description>Эта речь тронула меня и эмоционально, и интеллектуально. Она наполнила мою жизнь смыслом!</InspirationalSpeech.stages.inspirational_speech.description>
  
  <!-- EN: terrible speech -->
  <TerribleSpeech.stages.terrible_speech.label>ужасная речь</TerribleSpeech.stages.terrible_speech.label>
  <!-- EN: That speech was atrocious. It made me realize how little hope we really have. -->
  <TerribleSpeech.stages.terrible_speech.description>Эта речь была сущим кошмаром. Теперь я понимаю, что надежды у нас почти нет...</TerribleSpeech.stages.terrible_speech.description>
  
  <!-- EN: uninspiring speech -->
  <UninspiringSpeech.stages.uninspiring_speech.label>скучная речь</UninspiringSpeech.stages.uninspiring_speech.label>
  <!-- EN: That speech was more awkward than inspiring. If that's who we're listening to, I'm worried. -->
  <UninspiringSpeech.stages.uninspiring_speech.description>Эта речь была скорее неловкой, чем хоть сколько-нибудь вдохновляющей. Если учесть, что это был наш покровитель, я слегка волнуюсь.</UninspiringSpeech.stages.uninspiring_speech.description>
  
</LanguageData>