﻿<?xml version="1.0" encoding="UTF-8"?>
<LanguageData>
  
  <!-- EN: decent dining room -->
  <AteInImpressiveDiningRoom.stages.decent_dining_room.label>неплохая столовая</AteInImpressiveDiningRoom.stages.decent_dining_room.label>
  <!-- EN: I ate my meal in a decent dining room. -->
  <AteInImpressiveDiningRoom.stages.decent_dining_room.description>У меня был обед в хорошей столовой.</AteInImpressiveDiningRoom.stages.decent_dining_room.description>
  <!-- EN: slightly impressive dining room -->
  <AteInImpressiveDiningRoom.stages.slightly_impressive_dining_room.label>красивая столовая</AteInImpressiveDiningRoom.stages.slightly_impressive_dining_room.label>
  <!-- EN: I ate my meal in a slightly impressive dining room. -->
  <AteInImpressiveDiningRoom.stages.slightly_impressive_dining_room.description>У нас довольно красивая столовая. Было приятно пообедать в таком месте.</AteInImpressiveDiningRoom.stages.slightly_impressive_dining_room.description>
  <!-- EN: somewhat impressive dining room -->
  <AteInImpressiveDiningRoom.stages.somewhat_impressive_dining_room.label>очень красивая столовая</AteInImpressiveDiningRoom.stages.somewhat_impressive_dining_room.label>
  <!-- EN: I ate my meal in an impressive dining room. -->
  <AteInImpressiveDiningRoom.stages.somewhat_impressive_dining_room.description>Наша столовая очень хороша. Было приятно пообедать в таком месте.</AteInImpressiveDiningRoom.stages.somewhat_impressive_dining_room.description>
  <!-- EN: very impressive dining room -->
  <AteInImpressiveDiningRoom.stages.very_impressive_dining_room.label>прекрасная столовая</AteInImpressiveDiningRoom.stages.very_impressive_dining_room.label>
  <!-- EN: I ate my meal in a very impressive dining room. -->
  <AteInImpressiveDiningRoom.stages.very_impressive_dining_room.description>Наша столовая — прекрасное место. Обедать здесь — одно удовольствие!</AteInImpressiveDiningRoom.stages.very_impressive_dining_room.description>
  <!-- EN: extremely impressive dining room -->
  <AteInImpressiveDiningRoom.stages.extremely_impressive_dining_room.label>великолепная столовая</AteInImpressiveDiningRoom.stages.extremely_impressive_dining_room.label>
  <!-- EN: I ate my meal in an extremely impressive dining room. I could stay there forever. -->
  <AteInImpressiveDiningRoom.stages.extremely_impressive_dining_room.description>Наша столовая восхитительна! Обедать в таком месте — одно удовольствие!</AteInImpressiveDiningRoom.stages.extremely_impressive_dining_room.description>
  <!-- EN: unbelievably impressive dining room -->
  <AteInImpressiveDiningRoom.stages.unbelievably_impressive_dining_room.label>восхитительная столовая</AteInImpressiveDiningRoom.stages.unbelievably_impressive_dining_room.label>
  <!-- EN: I ate my meal in an unbelievably impressive dining room. I could stay there forever. -->
  <AteInImpressiveDiningRoom.stages.unbelievably_impressive_dining_room.description>Наша столовая просто великолепна! Мне хотелось бы остаться тут навсегда!</AteInImpressiveDiningRoom.stages.unbelievably_impressive_dining_room.description>
  <!-- EN: wondrously impressive dining room -->
  <AteInImpressiveDiningRoom.stages.wondrously_impressive_dining_room.label>чудесная столовая</AteInImpressiveDiningRoom.stages.wondrously_impressive_dining_room.label>
  <!-- EN: I ate my meal in a wonderful dining room. I could stay there forever. -->
  <AteInImpressiveDiningRoom.stages.wondrously_impressive_dining_room.description>Наша столовая — просто чудо света! Не могу поверить, что мы едим в таком месте!</AteInImpressiveDiningRoom.stages.wondrously_impressive_dining_room.description>
  
  <!-- EN: decent rec room -->
  <JoyActivityInImpressiveRecRoom.stages.decent_rec_room.label>неплохая комната отдыха</JoyActivityInImpressiveRecRoom.stages.decent_rec_room.label>
  <!-- EN: I had fun in a decent rec room. -->
  <JoyActivityInImpressiveRecRoom.stages.decent_rec_room.description>Было приятно провести время в неплохой комнате отдыха.</JoyActivityInImpressiveRecRoom.stages.decent_rec_room.description>
  <!-- EN: slightly impressive rec room -->
  <JoyActivityInImpressiveRecRoom.stages.slightly_impressive_rec_room.label>хорошая комната отдыха</JoyActivityInImpressiveRecRoom.stages.slightly_impressive_rec_room.label>
  <!-- EN: I had fun in a nice rec room. -->
  <JoyActivityInImpressiveRecRoom.stages.slightly_impressive_rec_room.description>У нас довольно красивая комната отдыха. Было приятно отдохнуть в таком месте.</JoyActivityInImpressiveRecRoom.stages.slightly_impressive_rec_room.description>
  <!-- EN: somewhat impressive rec room -->
  <JoyActivityInImpressiveRecRoom.stages.somewhat_impressive_rec_room.label>очень хорошая комната отдыха</JoyActivityInImpressiveRecRoom.stages.somewhat_impressive_rec_room.label>
  <!-- EN: I had a great time in an impressive rec room. -->
  <JoyActivityInImpressiveRecRoom.stages.somewhat_impressive_rec_room.description>Наша комната отдыха очень хороша. Было приятно отдохнуть в таком месте.</JoyActivityInImpressiveRecRoom.stages.somewhat_impressive_rec_room.description>
  <!-- EN: very impressive rec room -->
  <JoyActivityInImpressiveRecRoom.stages.very_impressive_rec_room.label>прекрасная комната отдыха</JoyActivityInImpressiveRecRoom.stages.very_impressive_rec_room.label>
  <!-- EN: I had a great time in a very impressive rec room. -->
  <JoyActivityInImpressiveRecRoom.stages.very_impressive_rec_room.description>Наша комната отдыха — прекрасное место. Было очень здорово провести там время.</JoyActivityInImpressiveRecRoom.stages.very_impressive_rec_room.description>
  <!-- EN: extremely impressive rec room -->
  <JoyActivityInImpressiveRecRoom.stages.extremely_impressive_rec_room.label>великолепная комната отдыха</JoyActivityInImpressiveRecRoom.stages.extremely_impressive_rec_room.label>
  <!-- EN: I had a great time in an extremely impressive rec room. I could stay there forever. -->
  <JoyActivityInImpressiveRecRoom.stages.extremely_impressive_rec_room.description>Наша комната отдыха восхитительна! Было очень здорово провести там время.</JoyActivityInImpressiveRecRoom.stages.extremely_impressive_rec_room.description>
  <!-- EN: unbelievably impressive rec room -->
  <JoyActivityInImpressiveRecRoom.stages.unbelievably_impressive_rec_room.label>восхитительная комната отдыха</JoyActivityInImpressiveRecRoom.stages.unbelievably_impressive_rec_room.label>
  <!-- EN: I had a great time in an unbelievably impressive rec room. I could stay there forever. -->
  <JoyActivityInImpressiveRecRoom.stages.unbelievably_impressive_rec_room.description>Наша комната отдыха просто великолепна! Отдыхать в таком месте — одно удовольствие!</JoyActivityInImpressiveRecRoom.stages.unbelievably_impressive_rec_room.description>
  <!-- EN: wondrously impressive rec room -->
  <JoyActivityInImpressiveRecRoom.stages.wondrously_impressive_rec_room.label>чудесная комната отдыха</JoyActivityInImpressiveRecRoom.stages.wondrously_impressive_rec_room.label>
  <!-- EN: I had a great time in a wonderful rec room. I could stay there forever. -->
  <JoyActivityInImpressiveRecRoom.stages.wondrously_impressive_rec_room.description>Наша комната отдыха — просто чудо света! Мне хотелось бы остаться тут навсегда!</JoyActivityInImpressiveRecRoom.stages.wondrously_impressive_rec_room.description>
  
  <!-- EN: awful barrack -->
  <SleptInBarracks.stages.awful_barrack.label>ужасная общая спальня</SleptInBarracks.stages.awful_barrack.label>
  <!-- EN: I had to sleep in an awful barrack. Not only was it a horrible room, but I also had to share it! -->
  <SleptInBarracks.stages.awful_barrack.description>Мало того, что эта общая спальня ужасна — так мне ещё и приходится делить её с другими!</SleptInBarracks.stages.awful_barrack.description>
  <!-- EN: dull barrack -->
  <SleptInBarracks.stages.dull_barrack.label>унылая общая спальня</SleptInBarracks.stages.dull_barrack.label>
  <!-- EN: I had to sleep in a dull barrack. Not only that, but I also had to share it with other people. -->
  <SleptInBarracks.stages.dull_barrack.description>Я живу в унылой общей спальне с другими людьми.</SleptInBarracks.stages.dull_barrack.description>
  <!-- EN: mediocre barrack -->
  <SleptInBarracks.stages.mediocre_barrack.label>заурядная общая спальня</SleptInBarracks.stages.mediocre_barrack.label>
  <!-- EN: I had to sleep in a mediocre barrack with other people around. I really don't like this. -->
  <SleptInBarracks.stages.mediocre_barrack.description>Самая обычная общая спальня, которую приходится делить с другими. Всё это мне совсем не нравится.</SleptInBarracks.stages.mediocre_barrack.description>
  <!-- EN: decent barrack -->
  <SleptInBarracks.stages.decent_barrack.label>неплохая общая спальня</SleptInBarracks.stages.decent_barrack.label>
  <!-- EN: I slept in a decent barrack, but I really dislike sharing a sleeping space. -->
  <SleptInBarracks.stages.decent_barrack.description>Эта общая спальня неплоха, но мне не нравится спать в одном помещении с другими.</SleptInBarracks.stages.decent_barrack.description>
  <!-- EN: slightly impressive barrack -->
  <SleptInBarracks.stages.slightly_impressive_barrack.label>хорошая общая спальня</SleptInBarracks.stages.slightly_impressive_barrack.label>
  <!-- EN: I got to sleep in a pretty nice barrack. But I really don't like sharing a room with others. -->
  <SleptInBarracks.stages.slightly_impressive_barrack.description>Эта общая спальня — милое место, хотя хотелось бы иметь свою собственную.</SleptInBarracks.stages.slightly_impressive_barrack.description>
  <!-- EN: impressive barrack -->
  <SleptInBarracks.stages.impressive_barrack.label>впечатляющая общая спальня</SleptInBarracks.stages.impressive_barrack.label>
  <!-- EN: I got to sleep in an impressive barrack. It sucks that I had to share it, though. -->
  <SleptInBarracks.stages.impressive_barrack.description>Довольно красивая спальня. Вот бы она была не общей!</SleptInBarracks.stages.impressive_barrack.description>
  <!-- EN: very impressive barrack -->
  <SleptInBarracks.stages.very_impressive_barrack.label>прекрасная общая спальня</SleptInBarracks.stages.very_impressive_barrack.label>
  <!-- EN: I slept in a very impressive barrack. I don't even mind sharing it. -->
  <SleptInBarracks.stages.very_impressive_barrack.description>Эта спальня очень красива, пусть даже она не моя, а общая.</SleptInBarracks.stages.very_impressive_barrack.description>
  <!-- EN: extremely impressive barrack -->
  <SleptInBarracks.stages.extremely_impressive_barrack.label>восхитительная общая спальня</SleptInBarracks.stages.extremely_impressive_barrack.label>
  <!-- EN: I slept in an extremely impressive barrack. I don't even mind sharing it. -->
  <SleptInBarracks.stages.extremely_impressive_barrack.description>Эта спальня невероятно впечатляет. Даже почти не раздражает необходимость делить её с другими.</SleptInBarracks.stages.extremely_impressive_barrack.description>
  <!-- EN: unbelievably impressive barrack -->
  <SleptInBarracks.stages.unbelievably_impressive_barrack.label>великолепная общая спальня</SleptInBarracks.stages.unbelievably_impressive_barrack.label>
  <!-- EN: The barrack I slept in was so impressive that I don't even mind sharing it. -->
  <SleptInBarracks.stages.unbelievably_impressive_barrack.description>Эта спальня — лучшее место из всех, что можно себе представить. Я даже не против жить в ней с кем-то ещё.</SleptInBarracks.stages.unbelievably_impressive_barrack.description>
  <!-- EN: wondrously impressive barrack -->
  <SleptInBarracks.stages.wondrously_impressive_barrack.label>чудесная общая спальня</SleptInBarracks.stages.wondrously_impressive_barrack.label>
  <!-- EN: I slept in a barrack that was simply wondrous. Even sharing such a space makes me happy. -->
  <SleptInBarracks.stages.wondrously_impressive_barrack.description>Эта общая спальня — чудо света! Жить в таком месте — одно удовольствие, даже в компании!</SleptInBarracks.stages.wondrously_impressive_barrack.description>
  
  <!-- EN: awful bedroom -->
  <SleptInBedroom.stages.awful_bedroom.label>ужасная спальня</SleptInBedroom.stages.awful_bedroom.label>
  <!-- EN: I had to sleep in an awful room. -->
  <SleptInBedroom.stages.awful_bedroom.description>Моя спальня ужасна.</SleptInBedroom.stages.awful_bedroom.description>
  <!-- EN: decent bedroom -->
  <SleptInBedroom.stages.decent_bedroom.label>неплохая спальня</SleptInBedroom.stages.decent_bedroom.label>
  <!-- EN: I got to sleep in a pretty decent bedroom. -->
  <SleptInBedroom.stages.decent_bedroom.description>У меня занятная спальня. Мне нравится.</SleptInBedroom.stages.decent_bedroom.description>
  <!-- EN: slightly impressive bedroom -->
  <SleptInBedroom.stages.slightly_impressive_bedroom.label>хорошая спальня</SleptInBedroom.stages.slightly_impressive_bedroom.label>
  <!-- EN: I got to sleep in a slightly impressive bedroom. I like it. -->
  <SleptInBedroom.stages.slightly_impressive_bedroom.description>Моя спальня — милое место. Мне нравится.</SleptInBedroom.stages.slightly_impressive_bedroom.description>
  <!-- EN: impressive bedroom -->
  <SleptInBedroom.stages.impressive_bedroom.label>впечатляющая спальня</SleptInBedroom.stages.impressive_bedroom.label>
  <!-- EN: I slept in an impressive bedroom. It was great. -->
  <SleptInBedroom.stages.impressive_bedroom.description>У меня красивая спальня. Мне очень нравится!</SleptInBedroom.stages.impressive_bedroom.description>
  <!-- EN: very impressive bedroom -->
  <SleptInBedroom.stages.very_impressive_bedroom.label>прекрасная спальня</SleptInBedroom.stages.very_impressive_bedroom.label>
  <!-- EN: I slept in a very impressive bedroom. I love it. -->
  <SleptInBedroom.stages.very_impressive_bedroom.description>Моя спальня чрезвычайно хороша. Это прекрасное место!</SleptInBedroom.stages.very_impressive_bedroom.description>
  <!-- EN: extremely impressive bedroom -->
  <SleptInBedroom.stages.extremely_impressive_bedroom.label>восхитительная спальня</SleptInBedroom.stages.extremely_impressive_bedroom.label>
  <!-- EN: I slept in an extremely impressive bedroom. It was marvelous. -->
  <SleptInBedroom.stages.extremely_impressive_bedroom.description>Моя спальня невероятно красива. Она просто великолепна!</SleptInBedroom.stages.extremely_impressive_bedroom.description>
  <!-- EN: unbelievably impressive bedroom -->
  <SleptInBedroom.stages.unbelievably_impressive_bedroom.label>великолепная спальня</SleptInBedroom.stages.unbelievably_impressive_bedroom.label>
  <!-- EN: I slept in an unbelievably impressive bedroom. It was truly astounding. -->
  <SleptInBedroom.stages.unbelievably_impressive_bedroom.description>Спальню лучше моей трудно себе представить. Она восхитительна!</SleptInBedroom.stages.unbelievably_impressive_bedroom.description>
  <!-- EN: wondrously impressive bedroom -->
  <SleptInBedroom.stages.wondrously_impressive_bedroom.label>чудесная спальня</SleptInBedroom.stages.wondrously_impressive_bedroom.label>
  <!-- EN: I slept in a heavenly bedroom. It was wondrous. -->
  <SleptInBedroom.stages.wondrously_impressive_bedroom.description>Это реальный мир? Не могу поверить, что живу в таком месте. Эта спальня — чудо света!</SleptInBedroom.stages.wondrously_impressive_bedroom.description>
  
</LanguageData>