﻿<?xml version="1.0" encoding="UTF-8"?>
<LanguageData>
  
  <!-- EN: awful hospital -->
  <HospitalPatientRoomStats.stages.awful_hospital.label>ужасная больница</HospitalPatientRoomStats.stages.awful_hospital.label>
  <!-- EN: This hospital is awful. -->
  <HospitalPatientRoomStats.stages.awful_hospital.description>Эта больница — ужасное место.</HospitalPatientRoomStats.stages.awful_hospital.description>
  <!-- EN: dull hospital -->
  <HospitalPatientRoomStats.stages.dull_hospital.label>унылая больница</HospitalPatientRoomStats.stages.dull_hospital.label>
  <!-- EN: I'm stuck in a dull hospital. -->
  <HospitalPatientRoomStats.stages.dull_hospital.description>Хочется поскорее уйти из этой скучнейшей больнички.</HospitalPatientRoomStats.stages.dull_hospital.description>
  <!-- EN: slightly impressive hospital -->
  <HospitalPatientRoomStats.stages.slightly_impressive_hospital.label>хорошая больница</HospitalPatientRoomStats.stages.slightly_impressive_hospital.label>
  <!-- EN: My hospital is slightly impressive. It makes me feel a bit better. -->
  <HospitalPatientRoomStats.stages.slightly_impressive_hospital.description>Эта больница — милое место. Кажется, я чувствую себя немного лучше.</HospitalPatientRoomStats.stages.slightly_impressive_hospital.description>
  <!-- EN: somewhat impressive hospital -->
  <HospitalPatientRoomStats.stages.somewhat_impressive_hospital.label>впечатляющая больница</HospitalPatientRoomStats.stages.somewhat_impressive_hospital.label>
  <!-- EN: My hospital is impressive. It makes me feel better. -->
  <HospitalPatientRoomStats.stages.somewhat_impressive_hospital.description>Довольно красивая больница. Кажется, я уже чувствую себя лучше.</HospitalPatientRoomStats.stages.somewhat_impressive_hospital.description>
  <!-- EN: very impressive hospital -->
  <HospitalPatientRoomStats.stages.very_impressive_hospital.label>прекрасная больница</HospitalPatientRoomStats.stages.very_impressive_hospital.label>
  <!-- EN: My hospital is very impressive. It makes me feel better. -->
  <HospitalPatientRoomStats.stages.very_impressive_hospital.description>Эта больница весьма впечатляет. Я уже чувствую себя лучше.</HospitalPatientRoomStats.stages.very_impressive_hospital.description>
  <!-- EN: extremely impressive hospital -->
  <HospitalPatientRoomStats.stages.extremely_impressive_hospital.label>восхитительная больница</HospitalPatientRoomStats.stages.extremely_impressive_hospital.label>
  <!-- EN: My hospital is extremely impressive. It makes me feel better already. -->
  <HospitalPatientRoomStats.stages.extremely_impressive_hospital.description>Эта больница очень красива. Тут я уже чувствую себя лучше.</HospitalPatientRoomStats.stages.extremely_impressive_hospital.description>
  <!-- EN: unbelievably impressive hospital -->
  <HospitalPatientRoomStats.stages.unbelievably_impressive_hospital.label>великолепная больница</HospitalPatientRoomStats.stages.unbelievably_impressive_hospital.label>
  <!-- EN: My hospital is unbelievably impressive. It makes me feel better already. -->
  <HospitalPatientRoomStats.stages.unbelievably_impressive_hospital.description>Эта больница чрезвычайно красива, она заставляет чувствовать себя лучше.</HospitalPatientRoomStats.stages.unbelievably_impressive_hospital.description>
  <!-- EN: wondrously impressive hospital -->
  <HospitalPatientRoomStats.stages.wondrously_impressive_hospital.label>чудесная больница</HospitalPatientRoomStats.stages.wondrously_impressive_hospital.label>
  <!-- EN: My hospital is wonderful! It makes me feel better already. -->
  <HospitalPatientRoomStats.stages.wondrously_impressive_hospital.description>Эта больница невероятно красива, она буквально заставляет чувствовать себя лучше!</HospitalPatientRoomStats.stages.wondrously_impressive_hospital.description>
  
  <!-- EN: awful barrack -->
  <PrisonBarracks.stages.awful_barrack.label>ужасная общая камера</PrisonBarracks.stages.awful_barrack.label>
  <!-- EN: My prison barrack is an awful place. -->
  <PrisonBarracks.stages.awful_barrack.description>Эта общая камера отвратительна!</PrisonBarracks.stages.awful_barrack.description>
  <!-- EN: dull barrack -->
  <PrisonBarracks.stages.dull_barrack.label>унылая общая камера</PrisonBarracks.stages.dull_barrack.label>
  <!-- EN: I'm living in a dull barrack. -->
  <PrisonBarracks.stages.dull_barrack.description>Эта общая камера просто ужасна.</PrisonBarracks.stages.dull_barrack.description>
  <!-- EN: slightly impressive barrack -->
  <PrisonBarracks.stages.slightly_impressive_barrack.label>хорошая общая камера</PrisonBarracks.stages.slightly_impressive_barrack.label>
  <!-- EN: My prison barrack is slightly impressive. -->
  <PrisonBarracks.stages.slightly_impressive_barrack.description>Эта общая камера не так уж плоха.</PrisonBarracks.stages.slightly_impressive_barrack.description>
  <!-- EN: somewhat impressive barrack -->
  <PrisonBarracks.stages.somewhat_impressive_barrack.label>впечатляющая общая камера</PrisonBarracks.stages.somewhat_impressive_barrack.label>
  <!-- EN: My prison barrack is impressive. I like it. -->
  <PrisonBarracks.stages.somewhat_impressive_barrack.description>Эта тюремная камера хороша. Мне нравится.</PrisonBarracks.stages.somewhat_impressive_barrack.description>
  <!-- EN: very impressive barrack -->
  <PrisonBarracks.stages.very_impressive_barrack.label>прекрасная общая камера</PrisonBarracks.stages.very_impressive_barrack.label>
  <!-- EN: My prison barrack is very impressive. I like it. -->
  <PrisonBarracks.stages.very_impressive_barrack.description>Эта тюремная камера весьма впечатляет. Мне очень нравится.</PrisonBarracks.stages.very_impressive_barrack.description>
  <!-- EN: extremely impressive barrack -->
  <PrisonBarracks.stages.extremely_impressive_barrack.label>восхитительная общая камера</PrisonBarracks.stages.extremely_impressive_barrack.label>
  <!-- EN: My prison barrack is extremely impressive. I can't believe they are keeping me in a place like this. -->
  <PrisonBarracks.stages.extremely_impressive_barrack.description>Эта камера чрезвычайно впечатляет! Не могу поверить, что меня держат в этом месте. Оно прекрасно!</PrisonBarracks.stages.extremely_impressive_barrack.description>
  <!-- EN: unbelievably impressive barrack -->
  <PrisonBarracks.stages.unbelievably_impressive_barrack.label>великолепная общая камера</PrisonBarracks.stages.unbelievably_impressive_barrack.label>
  <!-- EN: My prison barrack is unbelievably impressive. I can't believe they are keeping me in a place like this. -->
  <PrisonBarracks.stages.unbelievably_impressive_barrack.description>Это точно тюремная камера? Не могу поверить, что меня здесь держат. Это лучшее место, которое мне когда-либо доводилось видеть!</PrisonBarracks.stages.unbelievably_impressive_barrack.description>
  <!-- EN: wondrously impressive barrack -->
  <PrisonBarracks.stages.wondrously_impressive_barrack.label>чудесная общая камера</PrisonBarracks.stages.wondrously_impressive_barrack.label>
  <!-- EN: My prison barrack is wonderful! I can't believe they are keeping me in a place like this. -->
  <PrisonBarracks.stages.wondrously_impressive_barrack.description>Это реальный мир? Не могу поверить, что меня заперли в таком месте. Мне хотелось бы остаться тут навсегда!</PrisonBarracks.stages.wondrously_impressive_barrack.description>
  
  <!-- EN: awful prison cell -->
  <PrisonCell.stages.awful_prison_cell.label>ужасная тюремная камера</PrisonCell.stages.awful_prison_cell.label>
  <!-- EN: My prison cell is an awful place. -->
  <PrisonCell.stages.awful_prison_cell.description>Моя тюремная камера — ужасное место.</PrisonCell.stages.awful_prison_cell.description>
  <!-- EN: decent prison cell -->
  <PrisonCell.stages.decent_prison_cell.label>неплохая тюремная камера</PrisonCell.stages.decent_prison_cell.label>
  <!-- EN: My prison cell is pretty decent. -->
  <PrisonCell.stages.decent_prison_cell.description>Занятная тюремная камера.</PrisonCell.stages.decent_prison_cell.description>
  <!-- EN: slightly impressive prison cell -->
  <PrisonCell.stages.slightly_impressive_prison_cell.label>хорошая тюремная камера</PrisonCell.stages.slightly_impressive_prison_cell.label>
  <!-- EN: My prison cell seems to be a nice place. -->
  <PrisonCell.stages.slightly_impressive_prison_cell.description>Моя тюремная камера выглядит неплохо.</PrisonCell.stages.slightly_impressive_prison_cell.description>
  <!-- EN: impressive prison cell -->
  <PrisonCell.stages.impressive_prison_cell.label>впечатляющая тюремная камера</PrisonCell.stages.impressive_prison_cell.label>
  <!-- EN: My prison cell is impressive. I can't believe they are keeping me in a room like this. -->
  <PrisonCell.stages.impressive_prison_cell.description>Моя тюремная камера впечатляет. Не могу поверить, что меня держат в этом месте.</PrisonCell.stages.impressive_prison_cell.description>
  <!-- EN: very impressive prison cell -->
  <PrisonCell.stages.very_impressive_prison_cell.label>прекрасная тюремная камера</PrisonCell.stages.very_impressive_prison_cell.label>
  <!-- EN: My prison cell is very impressive. I can't believe they are keeping me in a room like this. I love it! -->
  <PrisonCell.stages.very_impressive_prison_cell.description>Моя тюремная камера очень впечатляет. Не могу поверить, что меня держат в этом месте.</PrisonCell.stages.very_impressive_prison_cell.description>
  <!-- EN: extremely impressive prison cell -->
  <PrisonCell.stages.extremely_impressive_prison_cell.label>восхитительная тюремная камера</PrisonCell.stages.extremely_impressive_prison_cell.label>
  <!-- EN: My prison cell is extremely impressive. I can't believe they are keeping me in a room like this. I love it! -->
  <PrisonCell.stages.extremely_impressive_prison_cell.description>Моя тюремная камера чрезвычайно впечатляет. Не могу поверить, что меня держат в этом месте. Оно прекрасно!</PrisonCell.stages.extremely_impressive_prison_cell.description>
  <!-- EN: unbelievably impressive prison cell -->
  <PrisonCell.stages.unbelievably_impressive_prison_cell.label>великолепная тюремная камера</PrisonCell.stages.unbelievably_impressive_prison_cell.label>
  <!-- EN: My prison cell is unbelievably impressive. This is the best place ever! -->
  <PrisonCell.stages.unbelievably_impressive_prison_cell.description>Это точно тюремная камера? Не могу поверить, что меня держат здесь. Моя камера невероятной красива! Это лучшее место, которое мне когда-либо доводилось видеть!</PrisonCell.stages.unbelievably_impressive_prison_cell.description>
  <!-- EN: wondrously impressive prison cell -->
  <PrisonCell.stages.wondrously_impressive_prison_cell.label>чудесная тюремная камера</PrisonCell.stages.wondrously_impressive_prison_cell.label>
  <!-- EN: My prison cell is the best place one can ever imagine. I can stay here forever. -->
  <PrisonCell.stages.wondrously_impressive_prison_cell.description>Это реальный мир? Не могу поверить, что меня заперли в таком месте. Мне хотелось бы остаться тут навсегда!</PrisonCell.stages.wondrously_impressive_prison_cell.description>
  
</LanguageData>