﻿<?xml version="1.0" encoding="UTF-8"?>
<LanguageData>
  
  <!-- EN: depressive -->
  <MoodOffsetDepressive.stages.depressive.label>уныние</MoodOffsetDepressive.stages.depressive.label>
  <!-- EN: Natural penalty from 'depressive' trait. -->
  <MoodOffsetDepressive.stages.depressive.description>Влияние типажа меланхолика.</MoodOffsetDepressive.stages.depressive.description>
  
  <!-- EN: optimist -->
  <MoodOffsetOptimist.stages.optimist.label>оптимизм</MoodOffsetOptimist.stages.optimist.label>
  <!-- EN: Natural bonus from 'optimist' trait. -->
  <MoodOffsetOptimist.stages.optimist.description>Влияние типажа оптимиста.</MoodOffsetOptimist.stages.optimist.description>
  
  <!-- EN: pessimist -->
  <MoodOffsetPessimist.stages.pessimist.label>пессимизм</MoodOffsetPessimist.stages.pessimist.label>
  <!-- EN: Natural penalty from 'pessimist' trait. -->
  <MoodOffsetPessimist.stages.pessimist.description>Влияние типажа пессимиста.</MoodOffsetPessimist.stages.pessimist.description>
  
  <!-- EN: sanguine -->
  <MoodOffsetSanguine.stages.sanguine.label>жизнерадостность</MoodOffsetSanguine.stages.sanguine.label>
  <!-- EN: Natural bonus from 'sanguine' trait. -->
  <MoodOffsetSanguine.stages.sanguine.description>Влияние типажа сангвиника.</MoodOffsetSanguine.stages.sanguine.description>
  
  <!-- EN: Tortured artist -->
  <MoodOffsetTorturedArtist.stages.Tortured_artist.label>творческая натура</MoodOffsetTorturedArtist.stages.Tortured_artist.label>
  <!-- EN: Natural penalty from 'tortured artist' trait. -->
  <MoodOffsetTorturedArtist.stages.Tortured_artist.description>Влияние типажа непонятого творца.</MoodOffsetTorturedArtist.stages.Tortured_artist.description>
  
</LanguageData>