﻿<?xml version="1.0" encoding="UTF-8"?>
<LanguageData>
  
  <!-- EN: botched my surgery -->
  <BotchedMySurgery.stages.botched_my_surgery.label>плохо {1_gender ? провёл : провела} мне операцию</BotchedMySurgery.stages.botched_my_surgery.label>
  
  <!-- EN: broke up with me -->
  <BrokeUpWithMe.stages.broke_up_with_me.label>{1_gender ? бросил : бросила} меня</BrokeUpWithMe.stages.broke_up_with_me.label>
  
  <!-- EN: broken up with by {0} -->
  <BrokeUpWithMeMood.stages.broken_up_with_by.label>разрыв по инициативе {0}</BrokeUpWithMeMood.stages.broken_up_with_by.label>
  <!-- EN: I was just dumped like a load of garbage. -->
  <BrokeUpWithMeMood.stages.broken_up_with_by.description>Меня бросили, словно мешок с мусором.</BrokeUpWithMeMood.stages.broken_up_with_by.description>
  
  <!-- EN: cheated on me -->
  <CheatedOnMe.stages.cheated_on_me.label>{1_gender ? изменил : изменила} мне</CheatedOnMe.stages.cheated_on_me.label>
  
  <!-- EN: cheated on by {0} -->
  <CheatedOnMeMood.stages.cheated_on_by.label>измена со стороны {0}</CheatedOnMeMood.stages.cheated_on_by.label>
  <!-- EN: How could someone cheat on me! -->
  <CheatedOnMeMood.stages.cheated_on_by.description>Как только кто-то мог предпочесть мне другого!</CheatedOnMeMood.stages.cheated_on_by.description>
  
  <!-- EN: chitchat -->
  <Chitchat.stages.chitchat.label>беседовали</Chitchat.stages.chitchat.label>
  
  <!-- EN: crashed together -->
  <CrashedTogether.stages.crashed_together.label>потерпели крушение вместе</CrashedTogether.stages.crashed_together.label>
  
  <!-- EN: deep talk -->
  <DeepTalk.stages.deep_talk.label>глубокий разговор</DeepTalk.stages.deep_talk.label>
  
  <!-- EN: divorced me -->
  <DivorcedMe.stages.divorced_me.label>{1_gender ? развёлся : развелась} со мной</DivorcedMe.stages.divorced_me.label>
  
  <!-- EN: divorced by {0} -->
  <DivorcedMeMood.stages.divorced_by.label>развод по инициативе {0}</DivorcedMeMood.stages.divorced_by.label>
  <!-- EN: We made a commitment, and they just tore it apart. -->
  <DivorcedMeMood.stages.divorced_by.description>Мы взяли на себя некоторые взаимные обязательства, а этот человек просто порвал со мной и всё.</DivorcedMeMood.stages.divorced_by.description>
  
  <!-- EN: failed to romance me -->
  <FailedRomanceAttemptOnMe.stages.failed_to_romance_me.label>не {1_gender ? захотел : захотела} встречаться</FailedRomanceAttemptOnMe.stages.failed_to_romance_me.label>
  
  <!-- EN: had to rebuff {0} -->
  <FailedRomanceAttemptOnMeLowOpinionMood.stages.had_to_rebuff.label>пришлось отвергнуть {0}</FailedRomanceAttemptOnMeLowOpinionMood.stages.had_to_rebuff.label>
  <!-- EN: Someone I don't like tried to romance me. -->
  <FailedRomanceAttemptOnMeLowOpinionMood.stages.had_to_rebuff.description>За мной попытался ухаживать кто-то, кто мне не нравится.</FailedRomanceAttemptOnMeLowOpinionMood.stages.had_to_rebuff.description>
  
  <!-- EN: forced me to take drugs -->
  <ForcedMeToTakeDrugs.stages.forced_me_to_take_drugs.label>{1_gender ? накачал : накачала} меня наркотиками</ForcedMeToTakeDrugs.stages.forced_me_to_take_drugs.label>
  
  <!-- EN: forced to take drugs -->
  <ForcedMeToTakeDrugsMood.stages.forced_to_take_drugs.label>насильно введён наркотик</ForcedMeToTakeDrugsMood.stages.forced_to_take_drugs.label>
  <!-- EN: I'm a teetotaler; I would never take drugs by choice. But I was forced! I feel unclean. -->
  <ForcedMeToTakeDrugsMood.stages.forced_to_take_drugs.description>Я трезвенник и против наркотиков! Но меня заставили их принять. Надо мной словно надругались...</ForcedMeToTakeDrugsMood.stages.forced_to_take_drugs.description>
  
  <!-- EN: forced me to take luciferium -->
  <ForcedMeToTakeLuciferium.stages.forced_me_to_take_luciferium.label>{1_gender ? заставил : заставила} меня принять люциферий</ForcedMeToTakeLuciferium.stages.forced_me_to_take_luciferium.label>
  
  <!-- EN: forced to take luciferium -->
  <ForcedMeToTakeLuciferiumMood.stages.forced_to_take_luciferium.label>насильно введён люциферий</ForcedMeToTakeLuciferiumMood.stages.forced_to_take_luciferium.label>
  <!-- EN: I'm a body purist; I would never take luciferium by choice. But I was forced! I feel unclean. -->
  <ForcedMeToTakeLuciferiumMood.stages.forced_to_take_luciferium.description>Я не приемлю издевательств над своим телом! Но меня заставили принять этот проклятый люциферий, и теперь я до конца жизни буду от него зависеть. Надо мной буквально надругались! За что?!</ForcedMeToTakeLuciferiumMood.stages.forced_to_take_luciferium.description>
  
  <!-- EN: got some lovin' -->
  <GotSomeLovin.stages.got_some_lovin.label>близость</GotSomeLovin.stages.got_some_lovin.label>
  <!-- EN: There's nothing like a tumble between the sheets to lift the mood. -->
  <GotSomeLovin.stages.got_some_lovin.description>Нет ничего лучше, чем покувыркаться под одеялом в своё удовольствие.</GotSomeLovin.stages.got_some_lovin.description>
  
  <!-- EN: angering fight -->
  <HadAngeringFight.stages.angering_fight.label>яростная драка</HadAngeringFight.stages.angering_fight.label>
  
  <!-- EN: cathartic fight -->
  <HadCatharticFight.stages.cathartic_fight.label>примирительная драка</HadCatharticFight.stages.cathartic_fight.label>
  
  <!-- EN: harmed me -->
  <HarmedMe.stages.harmed_me.label>{1_gender ? причинил : причинила} мне вред</HarmedMe.stages.harmed_me.label>
  
  <!-- EN: honeymoon phase -->
  <HoneymoonPhase.stages.honeymoon_phase.label>медовый месяц</HoneymoonPhase.stages.honeymoon_phase.label>
  <HoneymoonPhase.stages.honeymoon_phase.description>Так замечательно начать новую жизнь вместе!</HoneymoonPhase.stages.honeymoon_phase.description>
  
  <!-- EN: insulted -->
  <Insulted.stages.insulted.label>{1_gender ? оскорбил : оскорбила} меня</Insulted.stages.insulted.label>
  
  <!-- EN: insulted -->
  <InsultedMood.stages.insulted.label>оскорбление</InsultedMood.stages.insulted.label>
  <!-- EN: I've been directly insulted! What an awful person! -->
  <InsultedMood.stages.insulted.description>Это было прямое оскорбление! Терпеть не могу таких людей!</InsultedMood.stages.insulted.description>
  
  <!-- EN: I rejected their proposal -->
  <IRejectedTheirProposal.stages.I_rejected_their_proposal.label>{1_gender ? отверг : отвергла} моё предложение</IRejectedTheirProposal.stages.I_rejected_their_proposal.label>
  
  <!-- EN: killed my bonded animal -->
  <KilledMyBondedAnimal.stages.killed_my_bonded_animal.label>{1_gender ? убил : убила} любимого питомца</KilledMyBondedAnimal.stages.killed_my_bonded_animal.label>
  
  <!-- EN: killed my brother -->
  <KilledMyBrother.stages.killed_my_brother.label>{1_gender ? убил : убила} моего брата</KilledMyBrother.stages.killed_my_brother.label>
  
  <!-- EN: killed my daughter -->
  <KilledMyDaughter.stages.killed_my_daughter.label>{1_gender ? убил : убила} мою дочь</KilledMyDaughter.stages.killed_my_daughter.label>
  
  <!-- EN: killed my father -->
  <KilledMyFather.stages.killed_my_father.label>{1_gender ? убил : убила} моего отца</KilledMyFather.stages.killed_my_father.label>
  
  <!-- EN: killed my fiance -->
  <KilledMyFiance.stages.killed_my_fiance.label>{1_gender ? убил : убила} мою невесту</KilledMyFiance.stages.killed_my_fiance.label>
  
  <!-- EN: killed my friend -->
  <KilledMyFriend.stages.killed_my_friend.label>{1_gender ? убил : убила} моего друга</KilledMyFriend.stages.killed_my_friend.label>
  
  <!-- EN: killed my kin -->
  <KilledMyKin.stages.killed_my_kin.label>{1_gender ? убил : убила} моего родственника</KilledMyKin.stages.killed_my_kin.label>
  
  <!-- EN: killed my lover -->
  <KilledMyLover.stages.killed_my_lover.label>{1_gender ? убил : убила} любимого человека</KilledMyLover.stages.killed_my_lover.label>
  
  <!-- EN: killed my mother -->
  <KilledMyMother.stages.killed_my_mother.label>{1_gender ? убил : убила} мою мать</KilledMyMother.stages.killed_my_mother.label>
  
  <!-- EN: killed my rival -->
  <KilledMyRival.stages.killed_my_rival.label>{1_gender ? убил : убила} моего соперника</KilledMyRival.stages.killed_my_rival.label>
  
  <!-- EN: killed my sister -->
  <KilledMySister.stages.killed_my_sister.label>{1_gender ? убил : убила} мою сестру</KilledMySister.stages.killed_my_sister.label>
  
  <!-- EN: killed my son -->
  <KilledMySon.stages.killed_my_son.label>{1_gender ? убил : убила} моего сына</KilledMySon.stages.killed_my_son.label>
  
  <!-- EN: killed my spouse -->
  <KilledMySpouse.stages.killed_my_spouse.label>{1_gender ? убил : убила} моего жениха</KilledMySpouse.stages.killed_my_spouse.label>
  
  <!-- EN: kind words -->
  <KindWords.stages.kind_words.label>{1_gender ? поддержал : поддержала} меня</KindWords.stages.kind_words.label>
  
  <!-- EN: kind words -->
  <KindWordsMood.stages.kind_words.label>поддержка</KindWordsMood.stages.kind_words.label>
  <!-- EN: I've been bestowed with kind words! What a nice person! -->
  <KindWordsMood.stages.kind_words.description>Меня поддержали добрым словом! Это было приятно.</KindWordsMood.stages.kind_words.description>
  
  <!-- EN: rapport built -->
  <RapportBuilt.stages.rapport_built.label>налажен контакт</RapportBuilt.stages.rapport_built.label>
  
  <!-- EN: rebuffed me -->
  <RebuffedMyRomanceAttempt.stages.rebuffed_me.label>{1_gender ? отверг : отвергла} меня</RebuffedMyRomanceAttempt.stages.rebuffed_me.label>
  
  <!-- EN: rebuffed by {0} -->
  <RebuffedMyRomanceAttemptMood.stages.rebuffed_by.label>отказ со стороны {0}</RebuffedMyRomanceAttemptMood.stages.rebuffed_by.label>
  <!-- EN: I attempted to create a romance, but I got the cold shoulder. Feels bad man. -->
  <RebuffedMyRomanceAttemptMood.stages.rebuffed_by.description>Моя попытка ухаживать была отвергнута. Грустное чувство.</RebuffedMyRomanceAttemptMood.stages.rebuffed_by.description>
  
  <!-- EN: recruited me -->
  <RecruitedMe.stages.recruited_me.label>{1_gender ? завербовал : завербовала} меня</RecruitedMe.stages.recruited_me.label>
  
  <!-- EN: rejected my proposal -->
  <RejectedMyProposal.stages.rejected_my_proposal.label>{1_gender ? отверг : отвергла} моё предложение</RejectedMyProposal.stages.rejected_my_proposal.label>
  
  <!-- EN: my proposal was rejected by {0} -->
  <RejectedMyProposalMood.stages.my_proposal_was_rejected_by.label>отказ от предложения со стороны {0}</RejectedMyProposalMood.stages.my_proposal_was_rejected_by.label>
  <!-- EN: I thought we were meant to marry. But I was just shot down. -->
  <RejectedMyProposalMood.stages.my_proposal_was_rejected_by.description>Я {PAWN_gender ? думал : думала}, что нам было предназначено пожениться. Но меня просто отшили.</RejectedMyProposalMood.stages.my_proposal_was_rejected_by.description>
  
  <!-- EN: rescued me -->
  <RescuedMe.stages.rescued_me.label>{1_gender ? спас : спасла} меня</RescuedMe.stages.rescued_me.label>
  
  <!-- EN: rescued me -->
  <RescuedMeByOfferingHelp.stages.rescued_me.label>{1_gender ? спас : спасла} меня</RescuedMeByOfferingHelp.stages.rescued_me.label>
  <!-- EN: I was rescued by someone! I almost thought I was done for back there. I'm so thankful. -->
  <RescuedMeByOfferingHelp.stages.rescued_me.description>У меня есть спаситель! А мне уже начало казаться, что меня бросят. Я так {PAWN_gender ? благодарен : благодарна}!</RescuedMeByOfferingHelp.stages.rescued_me.description>
  
  <!-- EN: slighted -->
  <Slighted.stages.slighted.label>{1_gender ? пренебрёг : пренебрегла} мной</Slighted.stages.slighted.label>
  
  <!-- EN: bonded animal given away -->
  <SoldMyBondedAnimal.stages.bonded_animal_given_away.label>продан питомец</SoldMyBondedAnimal.stages.bonded_animal_given_away.label>
  <!-- EN: My special bonded animal was given away! -->
  <SoldMyBondedAnimal.stages.bonded_animal_given_away.description>Моего любимого питомца продали торговцу!</SoldMyBondedAnimal.stages.bonded_animal_given_away.description>
  <!-- EN: gave away my bonded animal -->
  <SoldMyBondedAnimal.stages.bonded_animal_given_away.labelSocial>{1_gender ? продал : продала} любимого питомца</SoldMyBondedAnimal.stages.bonded_animal_given_away.labelSocial>
  
  <!-- EN: bonded animal given away -->
  <SoldMyBondedAnimalMood.stages.bonded_animal_given_away.label>продан питомец</SoldMyBondedAnimalMood.stages.bonded_animal_given_away.label>
  <!-- EN: My special bonded animal was given away! -->
  <SoldMyBondedAnimalMood.stages.bonded_animal_given_away.description>Моего любимого питомца продали торговцу!</SoldMyBondedAnimalMood.stages.bonded_animal_given_away.description>
  <!-- EN: gave away my bonded animal -->
  <SoldMyBondedAnimalMood.stages.bonded_animal_given_away.labelSocial>{1_gender ? продал : продала} любимого питомца</SoldMyBondedAnimalMood.stages.bonded_animal_given_away.labelSocial>
  
  <!-- EN: loved one sold -->
  <SoldMyLovedOne.stages.loved_one_sold.label>продали любимого человека</SoldMyLovedOne.stages.loved_one_sold.label>
  <!-- EN: Someone I love was sold to a trader like a piece of meat! -->
  <SoldMyLovedOne.stages.loved_one_sold.description>Человека, которого я {PAWN_gender ? любил : любила}, продали торговцу, словно кусок мяса!</SoldMyLovedOne.stages.loved_one_sold.description>
  <!-- EN: sold my loved one -->
  <SoldMyLovedOne.stages.loved_one_sold.labelSocial>{1_gender ? продал : продала} любимого человека</SoldMyLovedOne.stages.loved_one_sold.labelSocial>
  
</LanguageData>