﻿<?xml version="1.0" encoding="UTF-8"?>
<LanguageData>
  
  <!-- EN: debug bad thought -->
  <DebugBad.stages.debug_bad_thought.label>отладка: плохая мысль</DebugBad.stages.debug_bad_thought.label>
  <!-- EN: Test thought for debugging. -->
  <DebugBad.stages.debug_bad_thought.description>Тестовая мысль для отладки.</DebugBad.stages.debug_bad_thought.description>
  
  <!-- EN: debug good thought -->
  <DebugGood.stages.debug_good_thought.label>отладка: хорошая мысль</DebugGood.stages.debug_good_thought.label>
  <!-- EN: Test thought for debugging. -->
  <DebugGood.stages.debug_good_thought.description>Тестовая мысль для отладки.</DebugGood.stages.debug_good_thought.description>
  
</LanguageData>