﻿<?xml version="1.0" encoding="UTF-8"?>
<LanguageData>
  
  <!-- EN: floors -->
  <Floors.label>покрытие</Floors.label>
  <Floors.description>Полы.</Floors.description>
  
  <!-- EN: furniture -->
  <Furniture.label>мебель</Furniture.label>
  <Furniture.description>Предметы обстановки жилых и общественных помещений.</Furniture.description>
  
  <!-- EN: recreation -->
  <Joy.label>развлечения</Joy.label>
  <Joy.description>Занимательные или приятные вещи для развлечения поселенцев.</Joy.description>
  
  <!-- EN: misc -->
  <Misc.label>разное</Misc.label>
  <Misc.description>Структуры различного назначения.</Misc.description>
  
  <!-- EN: orders -->
  <Orders.label>приказы</Orders.label>
  <Orders.description>Назначить действия с определёнными объектами.</Orders.description>
  
  <!-- EN: power -->
  <Power.label>энергия</Power.label>
  <Power.description>Производство, передача и управление электроэнергией.</Power.description>
  
  <!-- EN: production -->
  <Production.label>производство</Production.label>
  <Production.description>Рабочие столы, станки и другое оборудование для производства.</Production.description>
  
  <!-- EN: security -->
  <Security.label>защита</Security.label>
  <Security.description>Защитные и боевые конструкции.</Security.description>
  
  <!-- EN: ship -->
  <Ship.label>корабль</Ship.label>
  <Ship.description>Компоненты вашего спасательного корабля.</Ship.description>
  
  <!-- EN: structure -->
  <Structure.label>постройка</Structure.label>
  <Structure.description>Строительство стен и установка дверей.</Structure.description>
  
  <!-- EN: temperature -->
  <Temperature.label>температура</Temperature.label>
  <Temperature.description>Средства управления температурой.</Temperature.description>
  
  <!-- EN: zone -->
  <Zone.label>области</Zone.label>
  <Zone.description>Обозначить зоны для определённых видов работ.</Zone.description>
  
</LanguageData>