﻿<?xml version="1.0" encoding="UTF-8"?>
<LanguageData>
  
  <!-- EN: Arrest success chance -->
  <ArrestSuccessChance.label>шанс успешного ареста</ArrestSuccessChance.label>
  <!-- EN: How effective this person is in arresting people. This affects chance that this person will be able to arrest someone without resistance. -->
  <ArrestSuccessChance.description>Насколько эффективно этот человек может арестовывать людей.\n\nЭтот показатель влияет на вероятность ареста без сопротивления со стороны задерживаемого.</ArrestSuccessChance.description>
  
  <!-- EN: negotiation ability -->
  <NegotiationAbility.label>способность к переговорам</NegotiationAbility.label>
  <!-- EN: How effective this person is as a negotiator.\n\nThis affects the speed of prisoner recruitment, impact on faction relations when giving gifts, and the outcome of peace talks. -->
  <NegotiationAbility.description>Насколько хорош этот человек в качестве переговорщика.\n\nЭтот параметр оказывает влияние на эффективность вербовки пленных, успешность дипломатических подарков другим фракциям, а также на исход мирных переговоров.</NegotiationAbility.description>
  
  <!-- EN: beauty -->
  <PawnBeauty.label>красота</PawnBeauty.label>
  <!-- EN: How physically attractive this person is. This affects social interactions. -->
  <PawnBeauty.description>Насколько этот человек внешне привлекателен. Красота влияет на исход социальных взаимодействий.</PawnBeauty.description>
  
  <!-- EN: social impact -->
  <SocialImpact.label>социальное влияние</SocialImpact.label>
  <!-- EN: A multiplier on how much other people are affected by this person's social interactions. -->
  <SocialImpact.description>Социальное влияние персонажа на других при общении.</SocialImpact.description>
  
  <!-- EN: tame animal chance -->
  <TameAnimalChance.label>шанс приручения животных</TameAnimalChance.label>
  <!-- EN: The base chance this person will successfully tame an animal on any given attempt.\n\nThe actual chance is also affected by the animal's wildness.\nFailed tame attempt can induce animal attacks, especially for more vicious animals. -->
  <TameAnimalChance.description>Базовая вероятность, с которой этот персонаж приручит животное.\n\nФактический успех зависит также и от степени дикости животного.\nНеудачные попытки приручения могут привести к нападению животного, эта вероятность зависит от общей агрессивности животного.</TameAnimalChance.description>
  
  <!-- EN: trade price improvement -->
  <TradePriceImprovement.label>улучшение торговой цены</TradePriceImprovement.label>
  <!-- EN: When this person acts as a trade negotiator, buy and sell prices are improved by this percentage. -->
  <TradePriceImprovement.description>Если персонаж ведёт торговлю, цены покупки и продажи улучшаются на этот процент.</TradePriceImprovement.description>
  
  <!-- EN: train animal chance -->
  <TrainAnimalChance.label>шанс обучения животных</TrainAnimalChance.label>
  <!-- EN: The base chance this person will make progress training an animal on a given attempt.\n\nThe actual chance for a given attempt will also depend on the animal's wildness, whether it is bonded with the trainer, and so on. -->
  <TrainAnimalChance.description>Базовая вероятность, с которой этот персонаж продвинется в тренировке животного.\n\nКонечная вероятность зависит от дикости животного, наличия привязанности к персонажу и других факторов.</TrainAnimalChance.description>
  
</LanguageData>