﻿<?xml version="1.0" encoding="UTF-8"?>
<LanguageData>
  
  <!-- EN: casting time -->
  <Ability_CastingTime.label>время подготовки</Ability_CastingTime.label>
  <!-- EN: How long it takes to perform this ability. -->
  <Ability_CastingTime.description>Сколько времени требуется для подготовки к применению этой способности.</Ability_CastingTime.description>
  <!-- EN: {0} s -->
  <Ability_CastingTime.formatString>{0} с</Ability_CastingTime.formatString>
  
  <!-- EN: detection chance -->
  <Ability_DetectChancePerEntropy.label>шанс обнаружения</Ability_DetectChancePerEntropy.label>
  <!-- EN: The likelihood of this psychic power being detected when it is used.\n\nSome factions try to enforce laws which restrict some powers to those holding specific titles. When you use a power, there is a chance that the psychic signature will be detected at a distance, which leads to diplomatic consequences. -->
  <Ability_DetectChancePerEntropy.description>Вероятность обнаружения применённой пси-способности.\n\nНекоторые фракции придерживаются законов, запрещающих применение отдельных способностей лицам с определёнными титулами. Каждый раз, когда вы применяете способность, есть шанс, что её характерные признаки будут обнаружены на расстоянии. Это ведёт к нежелательным дипломатическим последствиям.</Ability_DetectChancePerEntropy.description>
  
  <!-- EN: duration -->
  <Ability_Duration.label>длительность</Ability_Duration.label>
  <!-- EN: How long the effects of this ability last. -->
  <Ability_Duration.description>Насколько долго длится эффект применения этой способности.</Ability_Duration.description>
  <!-- EN: {0} s -->
  <Ability_Duration.formatString>{0} с</Ability_Duration.formatString>
  
  <!-- EN: effect radius -->
  <Ability_EffectRadius.label>радиус воздействия</Ability_EffectRadius.label>
  <!-- EN: The radius of the area of effect of this ability. -->
  <Ability_EffectRadius.description>Радиус области, на которую распространяется воздействие этой способности.</Ability_EffectRadius.description>
  
  <!-- EN: neural heat gain -->
  <Ability_EntropyGain.label>прирост нейроперегрева</Ability_EntropyGain.label>
  <!-- EN: How much neural heat will be added as a result of performing this ability. -->
  <Ability_EntropyGain.description>Насколько возрастёт нейроперегрев в результате применения этой способности.</Ability_EntropyGain.description>
  
  <!-- EN: goodwill impact -->
  <Ability_GoodwillImpact.label>влияние на репутацию</Ability_GoodwillImpact.label>
  <!-- EN: How casting this ability on someone will impact relations with their faction. -->
  <Ability_GoodwillImpact.description>Насколько применение этой способности к кому-либо влияет на отношения с его фракцией.</Ability_GoodwillImpact.description>
  
  <!-- EN: psyfocus cost -->
  <Ability_PsyfocusCost.label>потребление пси-концентрации</Ability_PsyfocusCost.label>
  <!-- EN: How much psyfocus must be spent to perform this ability. -->
  <Ability_PsyfocusCost.description>Сколько пси-концентрации потребуется для использования способности.</Ability_PsyfocusCost.description>
  
  <!-- EN: range -->
  <Ability_Range.label>дальность</Ability_Range.label>
  <!-- EN: The maximum distance to a target of this ability, or to the center of the target location. -->
  <Ability_Range.description>Максимальное расстояние до цели пси-воздействия или до центра области, на которую оно распространяется.</Ability_Range.description>
  
  <!-- EN: psylink level -->
  <Ability_RequiredPsylink.label>уровень пси-связи</Ability_RequiredPsylink.label>
  <!-- EN: The minimum psylink level required to use this ability. -->
  <Ability_RequiredPsylink.description>Минимальный уровень пси-связи, требуемый для применения этой способности.</Ability_RequiredPsylink.description>
  
</LanguageData>