﻿<?xml version="1.0" encoding="UTF-8"?>
<LanguageData>
  
  <!-- EN: animal gather speed -->
  <AnimalGatherSpeed.label>скорость работы с животными</AnimalGatherSpeed.label>
  <!-- EN: The speed at which this person milks, shears, and otherwise gathers resources from animals. -->
  <AnimalGatherSpeed.description>Скорость, с которой персонаж доит, стрижёт шерсть, или иным способом получает ресурсы с животных.</AnimalGatherSpeed.description>
  
  <!-- EN: animal gather yield -->
  <AnimalGatherYield.label>эффект-ть работы с животными</AnimalGatherYield.label>
  <!-- EN: The percentage yield someone receives when they shear, milk, or otherwise gather resources from a living animal.\n\nHigher percentages reduce the chance of wasting the product. -->
  <AnimalGatherYield.description>Процент ресурсов, которые персонаж сможет надоить, состричь, или иным способом получить с животного.\n\nВысокий процент уменьшает вероятность утери ресурсов.</AnimalGatherYield.description>
  
  <!-- EN: construction speed -->
  <ConstructionSpeed.label>скорость строительства</ConstructionSpeed.label>
  <!-- EN: The speed at which this person constructs and repairs buildings. -->
  <ConstructionSpeed.description>Скорость, с которой персонаж строит и ремонтирует здания.</ConstructionSpeed.description>
  
  <!-- EN: construct success chance -->
  <ConstructSuccessChance.label>шанс успешного строительства</ConstructSuccessChance.label>
  <!-- EN: The chance that this person will succeed in constructing something.\nFailing means wasting time and resources. -->
  <ConstructSuccessChance.description>Вероятность того, что персонаж успешно возведёт постройку.\n\nВ случае неудачи время и часть ресурсов будут потрачены впустую.</ConstructSuccessChance.description>
  
  <!-- EN: deep drilling speed -->
  <DeepDrillingSpeed.label>скорость бурения</DeepDrillingSpeed.label>
  <!-- EN: A speed at which this person uses a deep drill to extract underground resources. -->
  <DeepDrillingSpeed.description>Эффективность, с которой персонаж применяет буровую установку для извлечения полезных ископаемых.</DeepDrillingSpeed.description>
  
  <!-- EN: repair success chance -->
  <FixBrokenDownBuildingSuccessChance.label>шанс успешного ремонта</FixBrokenDownBuildingSuccessChance.label>
  <!-- EN: The chance that this person will successfully repair a broken down building using a component.\n\nFailing means wasting time and resources.\nNote that this only applies to repairing breakdowns, which is different from repairing damage. -->
  <FixBrokenDownBuildingSuccessChance.description>Вероятность, с которой персонаж сможет починить сломанный механизм или прибор, имея в руках компонент.\n\nНеудача приведёт к потере времени и части ресурсов.\nОбратите внимание, что ремонт неисправности — не то же самое, что устранение повреждений.</FixBrokenDownBuildingSuccessChance.description>
  
  <!-- EN: hunting stealth -->
  <HuntingStealth.label>скрытность на охоте</HuntingStealth.label>
  <!-- EN: This stat reduces the chance of hunted animals attacking the hunter.\n\nA 0% score means no reduction.\nA 100% score means animals never attack. -->
  <HuntingStealth.description>Этот показатель уменьшает вероятность ответной агрессии животного, на которое ведётся охота.\n\n0% означает, что вероятность нападения не понижается.\n100% означает, что животное не будет нападать.</HuntingStealth.description>
  
  <!-- EN: mining speed -->
  <MiningSpeed.label>скорость горных работ</MiningSpeed.label>
  <!-- EN: A speed at which this person mines away walls. -->
  <MiningSpeed.description>Множитель скорости, с которой персонаж разрабатывает горную породу.</MiningSpeed.description>
  
  <!-- EN: mining yield -->
  <MiningYield.label>эффективность добычи</MiningYield.label>
  <!-- EN: The percentage of mined resources a miner will produce.\n\nThis applies to both wall mining and deep drill mining.\nThis doesn't affect the production rate of rock chunks from deep drills. -->
  <MiningYield.description>Процент полезных ископаемых, который сможет добыть персонаж с помощью кирки или буровой установки.\n\nНе влияет эффективность добычи пустой породы при глубинном бурении.</MiningYield.description>
  
  <!-- EN: plant harvest yield -->
  <PlantHarvestYield.label>эффективность жатвы</PlantHarvestYield.label>
  <!-- EN: The yield this person gets when harvesting plants.\n\nLow yields give a chance that this person will accidentally waste the harvest. -->
  <PlantHarvestYield.description>Урожай, который персонаж получает при уборке урожая.\n\nЧем ниже это значение, тем выше шанс, что персонаж потеряет собранный урожай.</PlantHarvestYield.description>
  
  <!-- EN: plant work speed -->
  <PlantWorkSpeed.label>скорость работы с растениями</PlantWorkSpeed.label>
  <!-- EN: The speed at which this person sows and harvests plants. -->
  <PlantWorkSpeed.description>Скорость, с которой персонаж сажает растения и собирает урожай.</PlantWorkSpeed.description>
  
  <!-- EN: research speed -->
  <ResearchSpeed.label>скорость исследования</ResearchSpeed.label>
  <!-- EN: How fast this person performs research and how quickly they can find things using scanning equipment. -->
  <ResearchSpeed.description>Скорость, с которой персонаж проводит исследования и использует сканирующее оборудование.</ResearchSpeed.description>
  
  <!-- EN: smoothing speed -->
  <SmoothingSpeed.label>скорость выравнивания</SmoothingSpeed.label>
  <!-- EN: A multiplier on the speed at which this person smooths rough stone floors and walls. -->
  <SmoothingSpeed.description>Множитель скорости, с которой этот персонаж выравнивает каменные полы и стены.</SmoothingSpeed.description>
  
  <!-- EN: global work speed -->
  <WorkSpeedGlobal.label>общая скорость работы</WorkSpeedGlobal.label>
  <!-- EN: A multiplier on a character's speed at doing any kind of work. -->
  <WorkSpeedGlobal.description>Множитель скорости, с которой персонаж выполняет любую задачу.</WorkSpeedGlobal.description>
  
</LanguageData>