﻿<?xml version="1.0" encoding="UTF-8"?>
<LanguageData>
  
  <!-- EN: detection chance -->
  <Bladelink_DetectionChance.label>шанс обнаружения</Bladelink_DetectionChance.label>
  <!-- EN: The likelihood of the bladelink implant being detected each time it is used to attack in combat.\n\nSome factions try to enforce laws restricting the use of the bladelink to those holding specific titles. Using the bladelink emits a psychic signature which has a chance of being detected at a distance. If it is used illegally and detected, there will be diplomatic consequences. -->
  <Bladelink_DetectionChance.description>Вероятность того, что наличие синхронитевого импланта будет обнаружено при атаке в бою.\n\nНекоторые фракции применяют закон, который запрещает использовать синхронить лицам с определёнными титулами. При использовании синхронити есть шанс, что его характерные признаки будут обнаружены на расстоянии. Нелегальное использование ведёт к нежелательным дипломатическим последствиям.</Bladelink_DetectionChance.description>
  
  <!-- EN: blunt damage -->
  <BluntDamageMultiplier.label>дробящий урон</BluntDamageMultiplier.label>
  <!-- EN: A multiplier on damage from blunt-type attacks for weapons made of this material. -->
  <BluntDamageMultiplier.description>Множитель к урону от дробящих ударов, который будет наносить предмет, сделанный из этого материала.</BluntDamageMultiplier.description>
  
  <!-- EN: melee armor penetration -->
  <MeleeWeapon_AverageArmorPenetration.label>бронепробитие врукопашную</MeleeWeapon_AverageArmorPenetration.label>
  <!-- EN: Average armor penetration in melee combat. -->
  <MeleeWeapon_AverageArmorPenetration.description>Среднее бронепробитие в ближнем бою.</MeleeWeapon_AverageArmorPenetration.description>
  
  <!-- EN: melee damage per second -->
  <MeleeWeapon_AverageDPS.label>рукопашный урон в секунду</MeleeWeapon_AverageDPS.label>
  <!-- EN: Average damage dealt per second in melee combat, if all attacks hit. -->
  <MeleeWeapon_AverageDPS.description>Средний урон в секунду в ближнем бою, при условии, что все удары достигнут цели.</MeleeWeapon_AverageDPS.description>
  
  <!-- EN: melee cooldown -->
  <MeleeWeapon_CooldownMultiplier.label>время между ударами</MeleeWeapon_CooldownMultiplier.label>
  <!-- EN: A multiplier on attack delay for weapons made of this material. -->
  <MeleeWeapon_CooldownMultiplier.description>Множитель количества времени, необходимого для нанесения следующего удара в ближнем бою.</MeleeWeapon_CooldownMultiplier.description>
  
  <!-- EN: melee damage multiplier -->
  <MeleeWeapon_DamageMultiplier.label>урон в ближнем бою</MeleeWeapon_DamageMultiplier.label>
  <!-- EN: A damage multiplier applied to melee combat. -->
  <MeleeWeapon_DamageMultiplier.description>Множитель урона при использовании оружия в ближнем бою.</MeleeWeapon_DamageMultiplier.description>
  
  <!-- EN: sharp damage -->
  <SharpDamageMultiplier.label>проникающий урон</SharpDamageMultiplier.label>
  <!-- EN: A multiplier on damage from sharp-type attacks for weapons made of this material. -->
  <SharpDamageMultiplier.description>Множитель к урону от колющих и режущих атак, который будет наносить предмет, сделанный из этого материала.</SharpDamageMultiplier.description>
  
</LanguageData>