﻿<?xml version="1.0" encoding="UTF-8"?>
<LanguageData>
  
  <!-- EN: Armor - Blunt -->
  <StuffPower_Armor_Blunt.label>Броня: Удар</StuffPower_Armor_Blunt.label>
  <!-- EN: Armor against blunt damage like club impacts, rock falls, and explosions. -->
  <StuffPower_Armor_Blunt.description>Защита от дробящих ударов, таких как атаки дубиной, падение камней и взрывы.</StuffPower_Armor_Blunt.description>
  <!-- EN: Armor - Blunt (material factor) -->
  <StuffPower_Armor_Blunt.labelForFullStatList>Броня: Удар (влияние материала)</StuffPower_Armor_Blunt.labelForFullStatList>
  
  <!-- EN: Armor - Heat -->
  <StuffPower_Armor_Heat.label>Броня: Нагрев</StuffPower_Armor_Heat.label>
  <!-- EN: Armor against temperature-related damage like burns. -->
  <StuffPower_Armor_Heat.description>Защита от повреждений, связанных с температурой, например, ожогов.</StuffPower_Armor_Heat.description>
  <!-- EN: Armor - Heat (material factor) -->
  <StuffPower_Armor_Heat.labelForFullStatList>Броня: Нагрев (влияние материала)</StuffPower_Armor_Heat.labelForFullStatList>
  
  <!-- EN: Armor - Sharp -->
  <StuffPower_Armor_Sharp.label>Броня: Проникновение</StuffPower_Armor_Sharp.label>
  <!-- EN: Armor against sharp damage like bullets, knife stabs, and animal bites. -->
  <StuffPower_Armor_Sharp.description>Защита от проникающих повреждений, таких как пули, ножевые порезы и укусы животных.</StuffPower_Armor_Sharp.description>
  <!-- EN: Armor - Sharp (material factor) -->
  <StuffPower_Armor_Sharp.labelForFullStatList>Броня: Проникновение (влияние материала)</StuffPower_Armor_Sharp.labelForFullStatList>
  
  <!-- EN: Insulation - Cold -->
  <StuffPower_Insulation_Cold.label>Изоляция: Холод</StuffPower_Insulation_Cold.label>
  <!-- EN: How much an apparel made of this material improves a wearer's minimum comfortable temperature when worn. -->
  <StuffPower_Insulation_Cold.description>Насколько вещь, изготовленная из этого материала, улучшает минимальную комфортную температуру при её ношении.</StuffPower_Insulation_Cold.description>
  <!-- EN: Insulation - Cold (material factor) -->
  <StuffPower_Insulation_Cold.labelForFullStatList>Изоляция: Холод (влияние материала)</StuffPower_Insulation_Cold.labelForFullStatList>
  
  <!-- EN: Insulation - Heat -->
  <StuffPower_Insulation_Heat.label>Изоляция: Тепло</StuffPower_Insulation_Heat.label>
  <!-- EN: How much an apparel made of this material improves a wearer's maximum comfortable temperature when worn. -->
  <StuffPower_Insulation_Heat.description>Насколько вещь, изготовленная из этого материала, улучшает максимальную комфортную температуру при её ношении.</StuffPower_Insulation_Heat.description>
  <!-- EN: Insulation - Heat (material factor) -->
  <StuffPower_Insulation_Heat.labelForFullStatList>Изоляция: Тепло (влияние материала)</StuffPower_Insulation_Heat.labelForFullStatList>
  
</LanguageData>