﻿<?xml version="1.0" encoding="UTF-8"?>
<LanguageData>
  
  <!-- EN: rest effectiveness -->
  <BedRestEffectiveness.label>эффективность отдыха</BedRestEffectiveness.label>
  <!-- EN: How fast people sleeping on this gain rest. -->
  <BedRestEffectiveness.description>Показывает, насколько быстро отдохнут спящие на этом объекте люди.</BedRestEffectiveness.description>
  
  <!-- EN: door opening speed -->
  <DoorOpenSpeed.label>скорость открытия двери</DoorOpenSpeed.label>
  <!-- EN: The speed at which the door opens when unpowered.\n\nSlow doors will slow down everyone who uses them. -->
  <DoorOpenSpeed.description>Скорость, с которой дверь открывается без электричества.\n\nМедленно открывающаяся дверь будет задерживать всех, кто будет через неё ходить.</DoorOpenSpeed.description>
  
  <!-- EN: immunity gain speed factor -->
  <ImmunityGainSpeedFactor.label>скорость выработки иммунитета</ImmunityGainSpeedFactor.label>
  <!-- EN: Immunity gain speed is multiplied by this value. -->
  <ImmunityGainSpeedFactor.description>Базовая скорость выработки иммунитета умножается на это значение.</ImmunityGainSpeedFactor.description>
  
  <!-- EN: recreation power -->
  <JoyGainFactor.label>эффективность развлечения</JoyGainFactor.label>
  <!-- EN: How effectively this item entertains people and fulfills the need for recreation. -->
  <JoyGainFactor.description>Показывает, насколько эффективно этот предмет развлекает людей, принося им чувство удовлетворения.</JoyGainFactor.description>
  
  <!-- EN: medical tend quality offset -->
  <MedicalTendQualityOffset.label>прирост качества лечения</MedicalTendQualityOffset.label>
  <!-- EN: Medical tend quality is offset by this value. -->
  <MedicalTendQualityOffset.description>Коэффициент качества медицинской помощи изменяется на это значение.</MedicalTendQualityOffset.description>
  
  <!-- EN: research speed factor -->
  <ResearchSpeedFactor.label>скорость исследования</ResearchSpeedFactor.label>
  <!-- EN: The speed at which people do research is multiplied by this value. -->
  <ResearchSpeedFactor.description>Скорость, с которой учёные проводят исследования, умножается на это значение.</ResearchSpeedFactor.description>
  <!-- EN: Room cleanliness -->
  <ResearchSpeedFactor.parts.Room_cleanliness.customLabel>Чистота комнаты.</ResearchSpeedFactor.parts.Room_cleanliness.customLabel>
  
  <!-- EN: surgery success chance factor -->
  <SurgerySuccessChanceFactor.label>шанс успеха операции</SurgerySuccessChanceFactor.label>
  <!-- EN: A multiplier to the chance that a surgery will succeed when performed here.\n\nSurgery success chances are also affected by many other factors, including the surgeon's ability and medicine used. -->
  <SurgerySuccessChanceFactor.description>Модификатор вероятности того, что персонаж успешно завершит хирургическую операцию в этом месте.\n\nУспех зависит как от навыков хирурга, так и от используемых медикаментов.</SurgerySuccessChanceFactor.description>
  <!-- EN: Room cleanliness -->
  <SurgerySuccessChanceFactor.parts.Room_cleanliness.customLabel>Чистота помещения</SurgerySuccessChanceFactor.parts.Room_cleanliness.customLabel>
  
  <!-- EN: trap melee damage -->
  <TrapMeleeDamage.label>урон от ловушки</TrapMeleeDamage.label>
  <!-- EN: How much damage this trap does on average.\n\nThe actual damage in any instance will vary randomly. -->
  <TrapMeleeDamage.description>Средний урон, который может причинить ловушка.\n\nФактический урон зависит от многих случайных факторов.</TrapMeleeDamage.description>
  
  <!-- EN: trap spring chance -->
  <TrapSpringChance.label>шанс срабатывания</TrapSpringChance.label>
  <!-- EN: The likelihood that the trap will spring when an unaware creature passes over it. -->
  <TrapSpringChance.description>Шанс того, что ловушка сработает, когда на неё наступят.</TrapSpringChance.description>
  
  <!-- EN: work efficiency factor -->
  <WorkTableEfficiencyFactor.label>эффективность работы</WorkTableEfficiencyFactor.label>
  <!-- EN: Work efficiency is multiplied by this value. -->
  <WorkTableEfficiencyFactor.description>Эффективность производимых работ умножается на это значение.</WorkTableEfficiencyFactor.description>
  
  <!-- EN: work speed factor -->
  <WorkTableWorkSpeedFactor.label>скорость работы</WorkTableWorkSpeedFactor.label>
  <!-- EN: Work speed is multiplied by this value. -->
  <WorkTableWorkSpeedFactor.description>Скорость работы умножается на это значение.</WorkTableWorkSpeedFactor.description>
  
  <!-- EN: work to build -->
  <WorkToBuild.label>объём работ</WorkToBuild.label>
  <!-- EN: The base amount of work it takes to build a structure, once all materials are gathered. -->
  <WorkToBuild.description>Объём работ, необходимый для постройки этого сооружения после того, как все материалы и инструменты собраны.</WorkToBuild.description>
  
</LanguageData>