﻿<?xml version="1.0" encoding="UTF-8"?>
<LanguageData>
  
  <!-- EN: medical operation speed -->
  <MedicalOperationSpeed.label>скорость проведения медпроцедур</MedicalOperationSpeed.label>
  <!-- EN: The speed at which the character performs medical operations. -->
  <MedicalOperationSpeed.description>Скорость, с которой персонаж проводит медицинские процедуры.</MedicalOperationSpeed.description>
  
  <!-- EN: medical surgery success chance -->
  <MedicalSurgerySuccessChance.label>шанс успеха операции</MedicalSurgerySuccessChance.label>
  <!-- EN: The base chance that a character will succeed when performing a medical operation.\n\nThe actual success chance is also affected by factors like facilities, room cleanliness, medicine used, the difficulty of the surgery, and inspirations.\n\nNo matter how high this stat is, there is always a small chance of failure on any operation. -->
  <MedicalSurgerySuccessChance.description>Базовая вероятность того, что персонаж успешно завершит хирургическую операцию.\n\nНа успех также влияют кровать и помещение, в котором проводится операция, используемые медикаменты, сложность самой операции и воодушевление врача.\n\nПри этом вне зависимости от этого показателя всегда сохраняется небольшой риск совершения ошибки.</MedicalSurgerySuccessChance.description>
  
  <!-- EN: medical tend quality -->
  <MedicalTendQuality.label>качество лечения</MedicalTendQuality.label>
  <!-- EN: The base quality of tending given when tending wounds and illnesses.\n\nThe actual tend quality will also be affected by factors like medicine used, facilities, luck, and so on. -->
  <MedicalTendQuality.description>Базовое качество, с которым персонаж ухаживает за ранами и лечит болезни.\n\nФактическое качество лечения зависит от кровати и помещения, в котором проводится операция, используемых медикаментов, удачи и других факторов.</MedicalTendQuality.description>
  
  <!-- EN: medical tend speed -->
  <MedicalTendSpeed.label>скорость лечения</MedicalTendSpeed.label>
  <!-- EN: Speed at which the character tends to wounds and illnesses. -->
  <MedicalTendSpeed.description>Скорость, с которой персонаж ухаживает за ранами и лечит болезни.</MedicalTendSpeed.description>
  
</LanguageData>