﻿<?xml version="1.0" encoding="UTF-8"?>
<LanguageData>
  
  <!-- EN: Armor - Blunt -->
  <ArmorRating_Blunt.label>Броня: Удар</ArmorRating_Blunt.label>
  <!-- EN: The protection given against blunt damage like fists, club impacts and rock falls.\n\nUpon taking damage, first this armor rating is reduced by the attack's armor penetration value.\n\nThe remaining armor rating is then compared against a random number from 0 to 100.\n\n    - If the random number is under half the armor rating, the damage deflects harmlessly.\n    - If the random number is over half the armor rating, but not higher than the armor rating, the damage is reduced by half and changed to blunt.\n    - If the random number is greater than the armor rating, the armor has no effect.\n\nFor example, at 90% armor rating against an attack with 10% armor penetration, there is a 40% chance of deflecting the attack harmlessly, and a 40% chance of mitigating the damage.\n\nEach layer of armor is applied separately, from the outside in. -->
  <ArmorRating_Blunt.description>Защита против дробящих воздействий, таких как удары кулаком, атаки дубиной, падение камней.\n\nВ момент воздействия из этого показателя брони прежде всего вычитается параметр бронепробития атаки.\n\nЗатем получившийся приведённый показатель брони сравнивается со случайным числом от 0 до 100.\n\n    - Если это число меньше половины приведённого показателя брони, атака считается полностью отражённой.\n    - Если число больше половины приведённого показателя брони, но не выше его самого, урон смягчается вдвое.\n    - Если же число превышает приведённый показатель брони, то броня не оказывает влияния на получаемый урон.\n\nНапример, если атака с бронепробитием 10% встречает броню с показателем 90%, то с вероятностью 40% урон будет полностью отражён, и с вероятностью 40% он будет смягчён.\n\nКаждый слой одежды и брони влияет на результат атаки последовательно: от внешнего слоя к внутреннему.</ArmorRating_Blunt.description>
  <!-- EN: Armor - Blunt (armor stat) -->
  <ArmorRating_Blunt.labelForFullStatList>Броня: Удар (показатель брони)</ArmorRating_Blunt.labelForFullStatList>
  
  <!-- EN: Armor - Heat -->
  <ArmorRating_Heat.label>Броня: Нагрев</ArmorRating_Heat.label>
  <!-- EN: The protection given against temperature-related damage like burns.\n\nUpon taking damage, first this armor rating is reduced by the attack's armor penetration value.\n\nThe remaining armor rating is then compared against a random number from 0 to 100.\n\n    - If the random number is under half the armor rating, the damage deflects harmlessly.\n    - If the random number is over half the armor rating, but not higher than the armor rating, the damage is reduced by half and changed to blunt.\n    - If the random number is greater than the armor rating, the armor has no effect.\n\nFor example, at 90% armor rating against an attack with 10% armor penetration, there is a 40% chance of deflecting the attack harmlessly, and a 40% chance of mitigating the damage.\n\nEach layer of armor is applied separately, from the outside in. -->
  <ArmorRating_Heat.description>Защита против воздействий, связанных с температурой, например, ожогов.\n\nВ момент воздействия из этого показателя брони прежде всего вычитается параметр бронепробития атаки.\n\nЗатем получившийся приведённый показатель брони сравнивается со случайным числом от 0 до 100.\n\n    - Если это число меньше половины приведённого показателя брони, атака считается полностью отражённой.\n    - Если число больше половины приведённого показателя брони, но не выше его самого, урон смягчается вдвое.\n    - Если же число превышает приведённый показатель брони, то броня не оказывает влияния на получаемый урон.\n\nНапример, если атака с бронепробитием 10% встречает броню с показателем 90%, то с вероятностью 40% урон будет полностью отражён, и с вероятностью 40% он будет смягчён.\n\nКаждый слой одежды и брони влияет на результат атаки последовательно: от внешнего слоя к внутреннему.</ArmorRating_Heat.description>
  <!-- EN: Armor - Heat (armor stat) -->
  <ArmorRating_Heat.labelForFullStatList>Броня: Нагрев (показатель брони)</ArmorRating_Heat.labelForFullStatList>
  
  <!-- EN: Armor - Sharp -->
  <ArmorRating_Sharp.label>Броня: Проникновение</ArmorRating_Sharp.label>
  <!-- EN: The protection given against sharp damage like bullets, knife stabs, explosions, and animal bites.\n\nUpon taking damage, first this armor rating is reduced by the attack's armor penetration value.\n\nThe remaining armor rating is then compared against a random number from 0 to 100.\n\n    - If the random number is under half the armor rating, the damage deflects harmlessly.\n    - If the random number is over half the armor rating, but not higher than the armor rating, the damage is reduced by half and changed to blunt.\n    - If the random number is greater than the armor rating, the armor has no effect.\n\nFor example, at 90% armor rating against an attack with 10% armor penetration, there is a 40% chance of deflecting the attack harmlessly, and a 40% chance of mitigating the damage.\n\nEach layer of armor is applied separately, from the outside in. -->
  <ArmorRating_Sharp.description>Защита против проникающих воздействий, таких как попадания пуль, ножевые порезы, взрывы и укусы животных.\n\nВ момент воздействия из этого показателя брони прежде всего вычитается параметр бронепробития атаки.\n\nЗатем получившийся приведённый показатель брони сравнивается со случайным числом от 0 до 100.\n\n    - Если это число меньше половины приведённого показателя брони, атака считается полностью отражённой.\n    - Если число больше половины приведённого показателя брони, но не выше самого приведённого показателя, урон переводится в дробящий и смягчается вдвое.\n    - Если же число превышает приведённый показатель брони, то броня не оказывает влияния на получаемый урон.\n\nНапример, если атака с бронепробитием 10% встречает броню с показателем 90%, то с вероятностью 40% урон будет полностью отражён, и с вероятностью 40% он будет смягчён.\n\nКаждый слой одежды и брони влияет на результат атаки последовательно: от внешнего слоя к внутреннему.</ArmorRating_Sharp.description>
  <!-- EN: Armor - Sharp (armor stat) -->
  <ArmorRating_Sharp.labelForFullStatList>Броня: Проникновение (показатель брони)</ArmorRating_Sharp.labelForFullStatList>
  
  <!-- EN: Shield max energy -->
  <EnergyShieldEnergyMax.label>Макс. заряд щита</EnergyShieldEnergyMax.label>
  <!-- EN: The maximum energy a shield belt can have at one time.\n\nMore energy absorbs more damage. -->
  <EnergyShieldEnergyMax.description>Максимальное количество энергии, которое может быть в личном щите.\n\nБольше энергии — большее поглощённого урона.</EnergyShieldEnergyMax.description>
  
  <!-- EN: Shield recharge rate -->
  <EnergyShieldRechargeRate.label>Скорость восстановления щита</EnergyShieldRechargeRate.label>
  <!-- EN: The rate at which a shield gains energy as long as it is not broken. -->
  <EnergyShieldRechargeRate.description>Скорость с которой щит восстанавливает энергию, если он не сломан.</EnergyShieldRechargeRate.description>
  <!-- EN: {0}/s -->
  <EnergyShieldRechargeRate.formatString>{0}/с</EnergyShieldRechargeRate.formatString>
  
  <!-- EN: equip delay -->
  <EquipDelay.label>время надевания</EquipDelay.label>
  <!-- EN: The time it takes to equip and unequip this item. -->
  <EquipDelay.description>Время, требуемое для надевания и снятия одежды.</EquipDelay.description>
  <!-- EN: {0} s -->
  <EquipDelay.formatString>{0} с</EquipDelay.formatString>
  
  <!-- EN: Insulation - Cold -->
  <Insulation_Cold.label>Изоляция: Холод</Insulation_Cold.label>
  <!-- EN: How much this apparel improves a wearer's minimum comfortable temperature.\n\nGreater values allow surviving in colder temperatures. -->
  <Insulation_Cold.description>Насколько эта вещь улучшает минимальную комфортную температуру при её ношении.\n\nЧем больше это значение, тем ниже минимальная температура окружающей среды, при которой носящему будет комфортно (чем выше значение, тем лучше).</Insulation_Cold.description>
  <!-- EN: Insulation - Cold (armor stat) -->
  <Insulation_Cold.labelForFullStatList>Изоляция: Холод (показатель брони)</Insulation_Cold.labelForFullStatList>
  
  <!-- EN: Insulation - Heat -->
  <Insulation_Heat.label>Изоляция: Тепло</Insulation_Heat.label>
  <!-- EN: How much this apparel improves a wearer's maximum comfortable temperature.\n\nGreater values allow surviving in warmer temperatures. -->
  <Insulation_Heat.description>Насколько эта вещь улучшает максимальную комфортную температуру при её ношении.\n\nЧем больше это значение, тем выше максимальная температура окружающей среды, при которой носящему будет комфортно (чем выше значение, тем лучше).</Insulation_Heat.description>
  <!-- EN: Insulation - Heat (armor stat) -->
  <Insulation_Heat.labelForFullStatList>Изоляция: Тепло (показатель брони)</Insulation_Heat.labelForFullStatList>
  
  <!-- EN: Smokepop pack radius -->
  <SmokepopBeltRadius.label>Радиус дымовой завесы</SmokepopBeltRadius.label>
  <!-- EN: The area obscured when a smokepop pack detonates. -->
  <SmokepopBeltRadius.description>Область, которую закрывает дымовая завеса при использовании дымовой шашки.</SmokepopBeltRadius.description>
  <!-- EN: {0} c -->
  <SmokepopBeltRadius.formatString>{0} м</SmokepopBeltRadius.formatString>
  
  <!-- EN: Armor - Material effect multiplier -->
  <StuffEffectMultiplierArmor.label>Броня (множитель материала)</StuffEffectMultiplierArmor.label>
  
  <!-- EN: Insulation - Cold - Material effect multiplier -->
  <StuffEffectMultiplierInsulation_Cold.label>Изоляция: Холод (множитель материала)</StuffEffectMultiplierInsulation_Cold.label>
  
  <!-- EN: Insulation - Heat - Material effect multiplier -->
  <StuffEffectMultiplierInsulation_Heat.label>Изоляция: Тепло (множитель материала)</StuffEffectMultiplierInsulation_Heat.label>
  
</LanguageData>