﻿<?xml version="1.0" encoding="UTF-8"?>
<LanguageData>
  
  <!-- EN: aiming time -->
  <AimingDelayFactor.label>время прицеливания</AimingDelayFactor.label>
  <!-- EN: How long it takes to shoot after choosing a target. -->
  <AimingDelayFactor.description>Время, которое требуется персонажу на прицеливание.</AimingDelayFactor.description>
  
  <!-- EN: incoming damage multiplier -->
  <IncomingDamageFactor.label>множитель получаемого урона</IncomingDamageFactor.label>
  <!-- EN: A multiplier on all incoming damage. -->
  <IncomingDamageFactor.description>Множитель, применяемый ко всему получаемому урону.</IncomingDamageFactor.description>
  
  <!-- EN: melee armor penetration -->
  <MeleeArmorPenetration.label>бронепробитие врукопашную</MeleeArmorPenetration.label>
  <!-- EN: Average armor penetration of all attacks in melee combat.\n\nThis stat includes currently used weapon. -->
  <MeleeArmorPenetration.description>Среднее бронепробитие по всем атакам в ближнем бою с текущим оружием.</MeleeArmorPenetration.description>
  
  <!-- EN: melee dodge chance -->
  <MeleeDodgeChance.label>шанс уворота в рукопашной</MeleeDodgeChance.label>
  <!-- EN: Chance to dodge a melee attack that would've otherwise hit.\n\nCharacters will not dodge while aiming or firing a ranged weapon. -->
  <MeleeDodgeChance.description>Шанс увернуться от удара в рукопашном бою.\n\nПерсонаж не может уворачиваться во время прицеливания или стрельбы.</MeleeDodgeChance.description>
  
  <!-- EN: melee DPS -->
  <MeleeDPS.label>Урон/сек в ближнем бою</MeleeDPS.label>
  <!-- EN: Average damage per second in melee combat.\n\nThis stat ignores target defenses like dodging and armor. -->
  <MeleeDPS.description>Средний урон, наносимый в ближнем бою в секунду.\n\nБроня и возможность уклонения цели не учитываются.</MeleeDPS.description>
  
  <!-- EN: melee hit chance -->
  <MeleeHitChance.label>шанс удара врукопашную</MeleeHitChance.label>
  <!-- EN: Chance to hit a target in melee.\n\nThe target can still dodge even if we would've hit. -->
  <MeleeHitChance.description>Базовый шанс поразить цель в ближнем бою.\n\nЦель может увернуться даже в случае успеха.</MeleeHitChance.description>
  
  <!-- EN: trap spring chance -->
  <PawnTrapSpringChance.label>шанс активации ловушек</PawnTrapSpringChance.label>
  <!-- EN: Chance to spring a trap the character is unaware of. -->
  <PawnTrapSpringChance.description>Вероятность активации ловушки, о которой не знает этот персонаж.</PawnTrapSpringChance.description>
  
  <!-- EN: shooting accuracy -->
  <ShootingAccuracyPawn.label>точность стрельбы</ShootingAccuracyPawn.label>
  <!-- EN: Base chance to not miss per cell of shot distance.\n\nChance to hit is also affected by many other factors.\n\nA hit chance explanation for any shot can be seen by selecting a shooter and mousing over a target. -->
  <ShootingAccuracyPawn.description>Базовая вероятность не промахнуться на каждую клетку дальности.\n\nФактический успех попадания зависит от многих других факторов.\n\nБолее подробную информацию для каждого конкретного случая можно узнать, выделив стрелка и наведя курсор мыши на цель.</ShootingAccuracyPawn.description>
  <!-- EN: shooting accuracy (people) -->
  <ShootingAccuracyPawn.labelForFullStatList>точность стрельбы (люди)</ShootingAccuracyPawn.labelForFullStatList>
  
</LanguageData>