﻿<?xml version="1.0" encoding="UTF-8"?>
<LanguageData>
  
  <!-- EN: Accuracy (long) -->
  <AccuracyLong.label>Точность (издалека)</AccuracyLong.label>
  <!-- EN: The weapon's accuracy at a distance of 40 cells or more.\n\nAn actual shot's chance to hit will also be affected by other factors. -->
  <AccuracyLong.description>Множитель к точности при стрельбе на расстоянии в 40 и более клеток.\n\nКонечная вероятность попадания зависит в том числе от ряда других факторов.</AccuracyLong.description>
  
  <!-- EN: Accuracy (medium) -->
  <AccuracyMedium.label>Точность (средняя)</AccuracyMedium.label>
  <!-- EN: The weapon's accuracy at a distance of 25 cells.\n\nAn actual shot's chance to hit will also be affected by other factors. -->
  <AccuracyMedium.description>Множитель к точности при стрельбе на расстоянии в 25 клеток.\n\nКонечная вероятность попадания зависит в том числе от ряда других факторов.</AccuracyMedium.description>
  
  <!-- EN: Accuracy (short) -->
  <AccuracyShort.label>Точность (вблизи)</AccuracyShort.label>
  <!-- EN: The weapon's accuracy at a distance of 12 cells.\n\nAn actual shot's chance to hit will also be affected by other factors. -->
  <AccuracyShort.description>Множитель к точности при стрельбе на расстоянии в 12 клеток.\n\nКонечная вероятность попадания зависит в том числе от ряда других факторов.</AccuracyShort.description>
  
  <!-- EN: Accuracy (close) -->
  <AccuracyTouch.label>Точность (вплотную)</AccuracyTouch.label>
  <!-- EN: The weapon's accuracy at a distance of 3 cells or less.\n\nAn actual shot's chance to hit will also be affected by other factors. -->
  <AccuracyTouch.description>Множитель к точности при стрельбе на расстоянии в 3 клетки или ближе.\n\nКонечная вероятность попадания зависит в том числе от ряда других факторов.</AccuracyTouch.description>
  
  <!-- EN: ranged cooldown -->
  <RangedWeapon_Cooldown.label>время между атаками</RangedWeapon_Cooldown.label>
  <!-- EN: How long it takes to recover after firing this weapon. -->
  <RangedWeapon_Cooldown.description>Количество времени, необходимое для перезарядки этого оружия.</RangedWeapon_Cooldown.description>
  <!-- EN: {0} s -->
  <RangedWeapon_Cooldown.formatString>{0} сек</RangedWeapon_Cooldown.formatString>
  
  <!-- EN: damage multiplier -->
  <RangedWeapon_DamageMultiplier.label>множитель урона</RangedWeapon_DamageMultiplier.label>
  <!-- EN: A damage multiplier applied to projectiles fired from this weapon. -->
  <RangedWeapon_DamageMultiplier.description>Множитель к урону от попадания снаряда, выпущенного из этого оружия.</RangedWeapon_DamageMultiplier.description>
  
</LanguageData>