﻿<?xml version="1.0" encoding="UTF-8"?>
<LanguageData>
  
  <!-- EN: construction speed -->
  <ConstructionSpeedFactor.label>скорость строительства</ConstructionSpeedFactor.label>
  <!-- EN: The speed at which buildings made of this are constructed is multiplied by this value.\n\nSome materials, like stone, are slow to build from, while others, like wood, are fast. -->
  <ConstructionSpeedFactor.description>Скорость, с которой возводятся сооружения, умножается на это значение.\n\nРабота с некоторыми материалами (например, с камнем) занимает больше времени, чем с другими.</ConstructionSpeedFactor.description>
  <!-- EN: construction speed (material factor) -->
  <ConstructionSpeedFactor.labelForFullStatList>скорость строительства (влияние материала)</ConstructionSpeedFactor.labelForFullStatList>
  
  <!-- EN: medical potency -->
  <MedicalPotency.label>медицинский потенциал</MedicalPotency.label>
  <!-- EN: How effective this is when used to tend wounds and diseases, or do surgery.\n\nHigher medical potency improves the quality of tending, and acts as a multiplier on the chance of success during surgery.\nMedical potency is just one factor in medical outcomes, among many others, including doctor ability, equipment, cleanliness, and luck. -->
  <MedicalPotency.description>Насколько эффективно можно использовать этот предмет при лечении ранений и болезней, либо при хирургических операциях.\n\nВысокий медицинский потенциал повышает качество лечения и уменьшает шансы провала во время хирургических операций.\nНа это также влияют навыки врача, оборудование, чистота помещения и удача.</MedicalPotency.description>
  
  <!-- EN: medical tend quality maximum -->
  <MedicalQualityMax.label>максимальное качество лечения</MedicalQualityMax.label>
  <!-- EN: The maximum quality of medical tending that can be achieved while using this.\n\nBetter tend quality allows skilled doctors to treat wounds better, as well as more reliably. -->
  <MedicalQualityMax.description>Максимальное качество лечения, которого можно добиться при использовании этого предмета.\n\nЧем оно выше, тем проще и лучше врач сможет лечить раны.</MedicalQualityMax.description>
  
  <!-- EN: meditation psyfocus bonus -->
  <MeditationFocusStrength.label>бонус при медитации</MeditationFocusStrength.label>
  <!-- EN: The amount of extra psyfocus someone gains by focusing on this object during meditation, in addition to their own base rate of meditation psyfocus gain.\n\nFor some objects, this number can change depending on the surroundings and the person doing the meditating. -->
  <MeditationFocusStrength.description>Дополнительный объем пси-концентрации, получаемый при сосредоточении на этом объекте во время медитации.\n\nЭто значение может измениться в зависимости от объекта сосредоточения, окружающих предметов и самого медитирующего.</MeditationFocusStrength.description>
  <!-- EN: {0} / day -->
  <MeditationFocusStrength.formatString>{0} в день</MeditationFocusStrength.formatString>
  <!-- EN: {0} / day -->
  <MeditationFocusStrength.formatStringUnfinalized>{0} в день</MeditationFocusStrength.formatStringUnfinalized>
  
  <!-- EN: psychic sensitivity offset -->
  <PsychicSensitivityOffset.label>прирост пси-чувствительности</PsychicSensitivityOffset.label>
  <!-- EN: An offset applied to the user's psychic sensitivity. -->
  <PsychicSensitivityOffset.description>Пси-чувствительность псионика изменяется на это значение.</PsychicSensitivityOffset.description>
  
</LanguageData>