﻿<?xml version="1.0" encoding="UTF-8"?>
<LanguageData>
  
  <!-- EN: alcohol addiction -->
  <AlcoholAddiction.label>алкоголизм</AlcoholAddiction.label>
  <!-- EN: A chemical addiction to alcohol. Long-term presence of alcohol has caused neurological adaptations at the cellular level, so the brain can no longer function properly without the drug.\n\nWithout regular doses of alcohol, withdrawal symptoms will begin. However, extended abstinence will force the brain to adapt back to its normal state, resolving the addiction. -->
  <AlcoholAddiction.description>Зависимость от алкоголя. Продолжительное употребление алкоголя вызывает неврологические изменения на клеточном уровне, из-за чего мозг уже не способен нормально функционировать без него.\n\nПерерыв в регулярном употреблении спиртного вызовет абстинентный синдром — ломку. Длительное воздержание поможет мозгу вернуться к нормальному состоянию и избавиться от зависимости.</AlcoholAddiction.description>
  <!-- EN: withdrawal -->
  <AlcoholAddiction.stages.withdrawal.label>алкогольная ломка</AlcoholAddiction.stages.withdrawal.label>
  
  <!-- EN: alcohol -->
  <AlcoholHigh.label>алкоголь</AlcoholHigh.label>
  <!-- EN: Alcohol in the bloodstream. It makes people happy, but reduces capacities. -->
  <AlcoholHigh.description>Алкоголь в крови даёт приятное чувство опьянения, но снижает работоспособность.</AlcoholHigh.description>
  <!-- EN: drunkenness -->
  <AlcoholHigh.labelNoun>опьянение</AlcoholHigh.labelNoun>
  <!-- EN: warm -->
  <AlcoholHigh.stages.warm.label>навеселе</AlcoholHigh.stages.warm.label>
  <!-- EN: tipsy -->
  <AlcoholHigh.stages.tipsy.label>подшофе</AlcoholHigh.stages.tipsy.label>
  <!-- EN: drunk -->
  <AlcoholHigh.stages.drunk.label>под градусом</AlcoholHigh.stages.drunk.label>
  <!-- EN: hammered -->
  <AlcoholHigh.stages.hammered.label>в стельку</AlcoholHigh.stages.hammered.label>
  <!-- EN: blackout -->
  <AlcoholHigh.stages.blackout.label>в отключке</AlcoholHigh.stages.blackout.label>
  
  <!-- EN: alcohol tolerance -->
  <AlcoholTolerance.label>толерантность к алкоголю</AlcoholTolerance.label>
  <!-- EN: A built-up tolerance to alcohol. The more severe this tolerance is, the more alcohol it takes to get the same effect. -->
  <AlcoholTolerance.description>Выработалась толерантность к алкоголю. Чем она серьёзнее, тем больше потребуется алкоголя для достижения нужного эффекта.</AlcoholTolerance.description>
  <!-- EN: small -->
  <AlcoholTolerance.stages.small.label>небольшая</AlcoholTolerance.stages.small.label>
  <!-- EN: large -->
  <AlcoholTolerance.stages.large.label>средняя</AlcoholTolerance.stages.large.label>
  <!-- EN: massive -->
  <AlcoholTolerance.stages.massive.label>сильная</AlcoholTolerance.stages.massive.label>
  
  <!-- EN: hangover -->
  <Hangover.label>похмелье</Hangover.label>
  <!-- EN: An unpleasant delayed after-effect of alcohol intoxication. -->
  <Hangover.description>Наступающее не сразу, но очень неприятное последствие алкогольной интоксикации.</Hangover.description>
  <!-- EN: a hangover -->
  <Hangover.labelNoun>похмелье</Hangover.labelNoun>
  <!-- EN: slight -->
  <Hangover.stages.slight.label>лёгкое</Hangover.stages.slight.label>
  <!-- EN: strong -->
  <Hangover.stages.strong.label>сильное</Hangover.stages.strong.label>
  <!-- EN: pounding -->
  <Hangover.stages.pounding.label>убийственное</Hangover.stages.pounding.label>
  
</LanguageData>