﻿<?xml version="1.0" encoding="UTF-8"?>
<LanguageData>
  
  <!-- EN: ambrosia addiction -->
  <AmbrosiaAddiction.label>зависимость от амброзии</AmbrosiaAddiction.label>
  <!-- EN: A chemical addiction to ambrosia. Long-term presence of ambrosia has caused neurological adaptations at the cellular level, so the brain can no longer function properly without the drug.\n\nWithout regular doses of ambrosia, withdrawal symptoms will begin. However, extended abstinence will force the brain to adapt back to its normal state, resolving the addiction. -->
  <AmbrosiaAddiction.description>Зависимость от амброзии. Продолжительное употребление амброзии вызывает неврологические изменения на клеточном уровне, из-за чего мозг уже не способен нормально функционировать без вещества.\n\nПерерыв в регулярном употреблении амброзии вызовет абстинентный синдром — ломку. Длительное воздержание поможет мозгу вернуться к нормальному состоянию и избавиться от зависимости.</AmbrosiaAddiction.description>
  <!-- EN: withdrawal -->
  <AmbrosiaAddiction.stages.withdrawal.label>ломка</AmbrosiaAddiction.stages.withdrawal.label>
  
  <!-- EN: ambrosia warmth -->
  <AmbrosiaHigh.label>тепло амброзии</AmbrosiaHigh.label>
  <!-- EN: Ambrosia chemicals in the bloodstream. It lifts the mood. -->
  <AmbrosiaHigh.description>Эссенция амброзии в крови. Поднимает настроение.</AmbrosiaHigh.description>
  
  <!-- EN: ambrosia tolerance -->
  <AmbrosiaTolerance.label>толерантность к амброзии</AmbrosiaTolerance.label>
  <!-- EN: A built-up tolerance to ambrosia. The more severe this tolerance is, the more ambrosia it takes to get the same effect. -->
  <AmbrosiaTolerance.description>Толерантность к амброзии. Чем она серьёзнее, тем больше потребуется амброзии для получения первоначального эффекта.</AmbrosiaTolerance.description>
  <!-- EN: small -->
  <AmbrosiaTolerance.stages.small.label>небольшая</AmbrosiaTolerance.stages.small.label>
  <!-- EN: large -->
  <AmbrosiaTolerance.stages.large.label>средняя</AmbrosiaTolerance.stages.large.label>
  <!-- EN: massive -->
  <AmbrosiaTolerance.stages.massive.label>сильная</AmbrosiaTolerance.stages.massive.label>
  
</LanguageData>