﻿<?xml version="1.0" encoding="UTF-8"?>
<LanguageData>
  
  <!-- EN: go-juice addiction -->
  <GoJuiceAddiction.label>зависимость от Go-сока</GoJuiceAddiction.label>
  <!-- EN: A chemical addiction to go-juice. Long-term presence of go-juice has caused neurological adaptations at the cellular level, so the brain can no longer function properly without the drug.\n\nWithout regular doses of go-juice, withdrawal symptoms will begin. However, extended abstinence will force the brain to adapt back to its normal state, resolving the addiction. -->
  <GoJuiceAddiction.description>Зависимость от Go-сока. Продолжительное употребление Go-сока вызывает неврологические изменения на клеточном уровне, из-за чего мозг уже не способен нормально функционировать без вещества.\n\nПерерыв в регулярном употреблении вызовет абстинентный синдром — ломку. Длительное воздержание поможет мозгу вернуться к нормальному состоянию и избавиться от зависимости.</GoJuiceAddiction.description>
  <!-- EN: withdrawal -->
  <GoJuiceAddiction.stages.withdrawal.label>ломка</GoJuiceAddiction.stages.withdrawal.label>
  
  <!-- EN: high on go-juice -->
  <GoJuiceHigh.label>под действием Go-сока</GoJuiceHigh.label>
  <!-- EN: Go-juice in the bloodstream. It supercharges combat-related abilities, and instantly increases psyfocus when first injected. -->
  <GoJuiceHigh.description>Go-сок, попадая в кровь, многократно усиливает боевые способности и мгновенно повышает пси-концентрацию при первом применении.</GoJuiceHigh.description>
  <!-- EN: a go-juice high -->
  <GoJuiceHigh.labelNoun>действие Go-сока</GoJuiceHigh.labelNoun>
  
  <!-- EN: go-juice tolerance -->
  <GoJuiceTolerance.label>толерантность к Go-соку</GoJuiceTolerance.label>
  <!-- EN: A built-up tolerance to go-juice. The more severe this tolerance is, the more go-juice it takes to get the same effect. -->
  <GoJuiceTolerance.description>Толерантность к Go-соку. Чем она серьёзнее, тем больше потребуется Go-сока для получения первоначального эффекта.</GoJuiceTolerance.description>
  <!-- EN: small -->
  <GoJuiceTolerance.stages.small.label>небольшая</GoJuiceTolerance.stages.small.label>
  <!-- EN: large -->
  <GoJuiceTolerance.stages.large.label>средняя</GoJuiceTolerance.stages.large.label>
  <!-- EN: massive -->
  <GoJuiceTolerance.stages.massive.label>сильная</GoJuiceTolerance.stages.massive.label>
  
</LanguageData>