﻿<?xml version="1.0" encoding="UTF-8"?>
<LanguageData>
  
  <!-- EN: malnutrition -->
  <Malnutrition.label>недоедание</Malnutrition.label>
  <!-- EN: Abnormally low body fat and weight, typically caused by lack of food. Malnutrition is always very unpleaseant, but its initial effects are mild. Without food, though, a malnourished creature will waste away, losing muscle mass and capacities. Malnutrition ends with death.\n\nUpon re-feeding malnutrition naturally recovers over time. Malnourished creatures have larger appetites than normal. -->
  <Malnutrition.description>Аномально низкий показатель веса, как правило, вызываемый недоеданием. В истощении нет ничего приятного, но на первых порах его эффекты незначительны. Чем сильнее истощён организм, тем больше он слабеет и теряет мышечную массу. За истощением следует смерть.\n\nПосле возврата к регулярному питанию истощение постепенно проходит. При этом у недоедавшего существа аппетит значительно сильнее обычного.</Malnutrition.description>
  <!-- EN: trivial -->
  <Malnutrition.stages.trivial.label>незначительное</Malnutrition.stages.trivial.label>
  <!-- EN: minor -->
  <Malnutrition.stages.minor.label>лёгкое</Malnutrition.stages.minor.label>
  <!-- EN: moderate -->
  <Malnutrition.stages.moderate.label>среднее</Malnutrition.stages.moderate.label>
  <!-- EN: severe -->
  <Malnutrition.stages.severe.label>острое</Malnutrition.stages.severe.label>
  <!-- EN: extreme -->
  <Malnutrition.stages.extreme.label>сильнейшее</Malnutrition.stages.extreme.label>
  
</LanguageData>