﻿<?xml version="1.0" encoding="UTF-8"?>
<LanguageData>
  
  <!-- EN: cochlear implant -->
  <CochlearImplant.label>кохлеарный имплант</CochlearImplant.label>
  <!-- EN: An installed cochlear implant. -->
  <CochlearImplant.description>Установленный кохлеарный имплант.</CochlearImplant.description>
  <!-- EN: a cochlear implant -->
  <CochlearImplant.labelNoun>кохлеарный имплант</CochlearImplant.labelNoun>
  
  <!-- EN: joywire -->
  <Joywire.label>чип счастья</Joywire.label>
  <!-- EN: An installed joywire implant. -->
  <Joywire.description>Вживлённый чип счастья.</Joywire.description>
  <!-- EN: a joywire -->
  <Joywire.labelNoun>чип счастья</Joywire.labelNoun>
  
  <!-- EN: painstopper -->
  <Painstopper.label>чип обезболивания</Painstopper.label>
  <!-- EN: An installed painstopper implant. -->
  <Painstopper.description>Вживлённый чип обезболивания.</Painstopper.description>
  <!-- EN: a painstopper -->
  <Painstopper.labelNoun>чип обезболивания</Painstopper.labelNoun>
  
  <!-- EN: power claw -->
  <PowerClaw.label>силовые когти</PowerClaw.label>
  <!-- EN: An installed power claw. -->
  <PowerClaw.description>Вживлённые силовые когти.</PowerClaw.description>
  <!-- EN: claw -->
  <PowerClaw.comps.HediffComp_VerbGiver.tools.claw.label>когти</PowerClaw.comps.HediffComp_VerbGiver.tools.claw.label>
  <!-- EN: a power claw -->
  <PowerClaw.labelNoun>силовые когти</PowerClaw.labelNoun>
  
  <!-- EN: prosthetic arm -->
  <SimpleProstheticArm.label>простой протез руки</SimpleProstheticArm.label>
  <!-- EN: An installed prosthetic arm. -->
  <SimpleProstheticArm.description>Установленный простой протез руки.</SimpleProstheticArm.description>
  <!-- EN: fist -->
  <SimpleProstheticArm.comps.HediffComp_VerbGiver.tools.fist.label>кулак</SimpleProstheticArm.comps.HediffComp_VerbGiver.tools.fist.label>
  <!-- EN: a prosthetic arm -->
  <SimpleProstheticArm.labelNoun>простой протез руки</SimpleProstheticArm.labelNoun>
  
  <!-- EN: prosthetic heart -->
  <SimpleProstheticHeart.label>простой кардиопротез</SimpleProstheticHeart.label>
  <!-- EN: An installed prosthetic heart. -->
  <SimpleProstheticHeart.description>Установленный простой кардиопротез.</SimpleProstheticHeart.description>
  <!-- EN: a prosthetic heart -->
  <SimpleProstheticHeart.labelNoun>простой кардиопротез</SimpleProstheticHeart.labelNoun>
  
  <!-- EN: prosthetic leg -->
  <SimpleProstheticLeg.label>простой протез ноги</SimpleProstheticLeg.label>
  <!-- EN: An installed prosthetic leg. -->
  <SimpleProstheticLeg.description>Установленный простой протез ноги.</SimpleProstheticLeg.description>
  <!-- EN: a prosthetic leg -->
  <SimpleProstheticLeg.labelNoun>простой протез ноги</SimpleProstheticLeg.labelNoun>
  
</LanguageData>