﻿<?xml version="1.0" encoding="UTF-8"?>
<LanguageData>
  
  <!-- EN: denture -->
  <Denture.label>зубной протез</Denture.label>
  <!-- EN: An installed denture. -->
  <Denture.description>Установленный зубной протез.</Denture.description>
  <!-- EN: a denture -->
  <Denture.labelNoun>зубной протез</Denture.labelNoun>
  
  <!-- EN: peg leg -->
  <PegLeg.label>деревянная нога</PegLeg.label>
  <!-- EN: An installed peg leg. -->
  <PegLeg.description>Установленная деревянная нога.</PegLeg.description>
  <!-- EN: a peg leg -->
  <PegLeg.labelNoun>деревянная нога</PegLeg.labelNoun>
  
  <!-- EN: wooden foot -->
  <WoodenFoot.label>деревянная стопа</WoodenFoot.label>
  <!-- EN: An installed wooden foot. -->
  <WoodenFoot.description>Установленная деревянная стопа.</WoodenFoot.description>
  <!-- EN: a wooden foot -->
  <WoodenFoot.labelNoun>деревянная стопа</WoodenFoot.labelNoun>
  
  <!-- EN: wooden hand -->
  <WoodenHand.label>деревянная кисть</WoodenHand.label>
  <!-- EN: An installed wooden hand. -->
  <WoodenHand.description>Установленная деревянная кисть.</WoodenHand.description>
  <!-- EN: a wooden hand -->
  <WoodenHand.labelNoun>деревянная кисть</WoodenHand.labelNoun>
  
</LanguageData>