﻿<?xml version="1.0" encoding="UTF-8"?>
<LanguageData>
  
  <!-- EN: heatstroke -->
  <Heatstroke.label>тепловой удар</Heatstroke.label>
  <!-- EN: A generalized disruption to body functioning caused by excessive exposure to heat and sun. The victim becomes dizzy, weak, and confused. Recovery is quick once in a cool area, but if heat exposure continues, heat stroke gets worse until death. -->
  <Heatstroke.description>Выраженное нарушение работоспособности организма, вызванное чрезмерным воздействием тепла и солнца. Наблюдается головокружение, слабость и растерянность. Такое состояние быстро пройдёт, если находиться некоторое время в прохладном месте. Если же воздействие неблагоприятных факторов продолжится, тепловой удар будет усиливаться и постепенно приведёт к смерти.</Heatstroke.description>
  <!-- EN: initial -->
  <Heatstroke.stages.initial-0.label>начальный</Heatstroke.stages.initial-0.label>
  <!-- EN: initial -->
  <Heatstroke.stages.initial-1.label>начальный</Heatstroke.stages.initial-1.label>
  <!-- EN: minor -->
  <Heatstroke.stages.minor.label>лёгкий</Heatstroke.stages.minor.label>
  <!-- EN: serious -->
  <Heatstroke.stages.serious.label>серьёзный</Heatstroke.stages.serious.label>
  <!-- EN: extreme -->
  <Heatstroke.stages.extreme.label>сильнейший</Heatstroke.stages.extreme.label>
  
  <!-- EN: hypothermia -->
  <Hypothermia.label>гипотермия</Hypothermia.label>
  <!-- EN: Dangerously low core body temperature. Unless re-warmed, hypothermia gets worse and ends in death. Recovery is quick once the victim is re-warmed. Avoid hypothermia by wearing warm clothes in cold environments. -->
  <Hypothermia.description>Опасно низкая температура тела. Если её не поднять, гипотермия будет усиливаться и приведёт к смерти. Такое состояние быстро пройдёт, если находиться некоторое время в тёплом помещении. Избегайте гипотермии, надевая тёплую одежду в холодных климатических условиях.</Hypothermia.description>
  <!-- EN: shivering -->
  <Hypothermia.stages.shivering-0.label>озноб</Hypothermia.stages.shivering-0.label>
  <!-- EN: shivering -->
  <Hypothermia.stages.shivering-1.label>озноб</Hypothermia.stages.shivering-1.label>
  <!-- EN: minor -->
  <Hypothermia.stages.minor.label>лёгкая</Hypothermia.stages.minor.label>
  <!-- EN: serious -->
  <Hypothermia.stages.serious.label>серьёзная</Hypothermia.stages.serious.label>
  <!-- EN: extreme -->
  <Hypothermia.stages.extreme.label>тяжелейшая</Hypothermia.stages.extreme.label>
  
  <!-- EN: hypothermic slowdown -->
  <HypothermicSlowdown.label>замедление метаболизма</HypothermicSlowdown.label>
  <!-- EN: A special biological state used by some creatures to survive extreme cold. Instead of trying to stay warm, the creature's body chemistry adapts to prevent internal freezing despite very low temperature. Bodily functions are slowed and capacities are reduced, but the cold does no permanent damage. Some biologists call it a wakeful form of hibernation. -->
  <HypothermicSlowdown.description>Особое биологическое состояние, наблюдаемое у некоторых существ, выживающих в сильнейших холодах. Вместо того, чтобы стараться сохранить тепло, организм адаптирует обмен веществ таким образом, чтобы не замёрзнуть, несмотря на низкую температуру тела. Все жизненные функции замедляются, но холод не наносит необратимого урона. Некоторые биологи называют это формой активной спячки.</HypothermicSlowdown.description>
  <!-- EN: minor -->
  <HypothermicSlowdown.stages.minor-0.label>лёгкое</HypothermicSlowdown.stages.minor-0.label>
  <!-- EN: minor -->
  <HypothermicSlowdown.stages.minor-1.label>лёгкое</HypothermicSlowdown.stages.minor-1.label>
  <!-- EN: moderate -->
  <HypothermicSlowdown.stages.moderate.label>среднее</HypothermicSlowdown.stages.moderate.label>
  <!-- EN: serious -->
  <HypothermicSlowdown.stages.serious.label>серьёзное</HypothermicSlowdown.stages.serious.label>
  <!-- EN: extreme -->
  <HypothermicSlowdown.stages.extreme.label>критическое</HypothermicSlowdown.stages.extreme.label>
  
</LanguageData>