﻿<?xml version="1.0" encoding="UTF-8"?>
<LanguageData>
  
  <!-- EN: bite -->
  <Bite.label>укус</Bite.label>
  <!-- EN: A bite wound. -->
  <Bite.description>Ранение от укуса.</Bite.description>
  <!-- EN: set -->
  <Bite.comps.HediffComp_TendDuration.labelSolidTendedWell>обработано</Bite.comps.HediffComp_TendDuration.labelSolidTendedWell>
  <!-- EN: bandaged -->
  <Bite.comps.HediffComp_TendDuration.labelTendedWell>перевязано</Bite.comps.HediffComp_TendDuration.labelTendedWell>
  <!-- EN: sutured -->
  <Bite.comps.HediffComp_TendDuration.labelTendedWellInner>зашито</Bite.comps.HediffComp_TendDuration.labelTendedWellInner>
  <!-- EN: bite scar -->
  <Bite.comps.HediffComp_GetsPermanent.permanentLabel>шрам от укуса</Bite.comps.HediffComp_GetsPermanent.permanentLabel>
  <!-- EN: Bitten off -->
  <Bite.injuryProps.destroyedLabel>отгрызено</Bite.injuryProps.destroyedLabel>
  <!-- EN: Bitten out -->
  <Bite.injuryProps.destroyedOutLabel>выгрызено</Bite.injuryProps.destroyedOutLabel>
  <!-- EN: a bite wound -->
  <Bite.labelNoun>укус</Bite.labelNoun>
  <!-- EN: {0} in the {1} -->
  <Bite.labelNounPretty>{0} {1}</Bite.labelNounPretty>
  
  <!-- EN: bruise -->
  <Bruise.label>ушиб</Bruise.label>
  <!-- EN: A bruise. -->
  <Bruise.description>Повреждение с выраженной на поверхности гематомой.</Bruise.description>
  <!-- EN: set -->
  <Bruise.comps.HediffComp_TendDuration.labelSolidTendedWell>обработано</Bruise.comps.HediffComp_TendDuration.labelSolidTendedWell>
  <!-- EN: bandaged -->
  <Bruise.comps.HediffComp_TendDuration.labelTendedWell>перевязано</Bruise.comps.HediffComp_TendDuration.labelTendedWell>
  <!-- EN: tended -->
  <Bruise.comps.HediffComp_TendDuration.labelTendedWellInner>обработан</Bruise.comps.HediffComp_TendDuration.labelTendedWellInner>
  <!-- EN: Destroyed -->
  <Bruise.injuryProps.destroyedLabel>отбито</Bruise.injuryProps.destroyedLabel>
  <!-- EN: a bruise -->
  <Bruise.labelNoun>ушиб</Bruise.labelNoun>
  <!-- EN: {0} in the {1} -->
  <Bruise.labelNounPretty>{0} на {1}</Bruise.labelNounPretty>
  
  <!-- EN: burn -->
  <Burn.label>ожог</Burn.label>
  <!-- EN: A burn. -->
  <Burn.description>Ожог.</Burn.description>
  <!-- EN: tended -->
  <Burn.comps.HediffComp_TendDuration.labelSolidTendedWell>обработано</Burn.comps.HediffComp_TendDuration.labelSolidTendedWell>
  <!-- EN: bandaged -->
  <Burn.comps.HediffComp_TendDuration.labelTendedWell>перевязано</Burn.comps.HediffComp_TendDuration.labelTendedWell>
  <!-- EN: tended -->
  <Burn.comps.HediffComp_TendDuration.labelTendedWellInner>обработан</Burn.comps.HediffComp_TendDuration.labelTendedWellInner>
  <!-- EN: burn scar -->
  <Burn.comps.HediffComp_GetsPermanent.permanentLabel>ожоговый рубец</Burn.comps.HediffComp_GetsPermanent.permanentLabel>
  <!-- EN: Burned off -->
  <Burn.injuryProps.destroyedLabel>сгорело</Burn.injuryProps.destroyedLabel>
  <!-- EN: Burned out -->
  <Burn.injuryProps.destroyedOutLabel>сгорело</Burn.injuryProps.destroyedOutLabel>
  <!-- EN: a burn -->
  <Burn.labelNoun>ожог</Burn.labelNoun>
  <!-- EN: {0} in the {1} -->
  <Burn.labelNounPretty>{0} на {1}</Burn.labelNounPretty>
  
  <!-- EN: chemical burn -->
  <ChemicalBurn.label>химический ожог</ChemicalBurn.label>
  <!-- EN: A chemical burn. -->
  <ChemicalBurn.description>Химический ожог.</ChemicalBurn.description>
  <!-- EN: chemical burn scar -->
  <ChemicalBurn.comps.HediffComp_GetsPermanent.permanentLabel>шрам от хим. ожога</ChemicalBurn.comps.HediffComp_GetsPermanent.permanentLabel>
  <!-- EN: Burned off (chemical) -->
  <ChemicalBurn.injuryProps.destroyedLabel>сожжено</ChemicalBurn.injuryProps.destroyedLabel>
  <!-- EN: Burned out (chemical) -->
  <ChemicalBurn.injuryProps.destroyedOutLabel>сожжено</ChemicalBurn.injuryProps.destroyedOutLabel>
  <!-- EN: a chemical burn -->
  <ChemicalBurn.labelNoun>химический ожог</ChemicalBurn.labelNoun>
  <!-- EN: {0} in the {1} -->
  <ChemicalBurn.labelNounPretty>{0} {1}</ChemicalBurn.labelNounPretty>
  
  <!-- EN: crack -->
  <Crack.label>трещина</Crack.label>
  <!-- EN: A crack. -->
  <Crack.description>Трещина или надлом кости.</Crack.description>
  <!-- EN: set -->
  <Crack.comps.HediffComp_TendDuration.labelSolidTendedWell>обработано</Crack.comps.HediffComp_TendDuration.labelSolidTendedWell>
  <!-- EN: set -->
  <Crack.comps.HediffComp_TendDuration.labelTendedWell>вылечено</Crack.comps.HediffComp_TendDuration.labelTendedWell>
  <!-- EN: set -->
  <Crack.comps.HediffComp_TendDuration.labelTendedWellInner>вылечено</Crack.comps.HediffComp_TendDuration.labelTendedWellInner>
  <!-- EN: permanent crack -->
  <Crack.comps.HediffComp_GetsPermanent.permanentLabel>неизлечимая трещина</Crack.comps.HediffComp_GetsPermanent.permanentLabel>
  <!-- EN: Shattered -->
  <Crack.injuryProps.destroyedLabel>раздроблено</Crack.injuryProps.destroyedLabel>
  <!-- EN: a crack wound -->
  <Crack.labelNoun>трещина</Crack.labelNoun>
  <!-- EN: {0} in the {1} -->
  <Crack.labelNounPretty>{0} на {1}</Crack.labelNounPretty>
  
  <!-- EN: crush -->
  <Crush.label>размозжённая рана</Crush.label>
  <!-- EN: A crushing wound. -->
  <Crush.description>Размозжённая рана.</Crush.description>
  <!-- EN: set -->
  <Crush.comps.HediffComp_TendDuration.labelSolidTendedWell>обработано</Crush.comps.HediffComp_TendDuration.labelSolidTendedWell>
  <!-- EN: bandaged -->
  <Crush.comps.HediffComp_TendDuration.labelTendedWell>перевязано</Crush.comps.HediffComp_TendDuration.labelTendedWell>
  <!-- EN: sutured -->
  <Crush.comps.HediffComp_TendDuration.labelTendedWellInner>зашито</Crush.comps.HediffComp_TendDuration.labelTendedWellInner>
  <!-- EN: mangled scar -->
  <Crush.comps.HediffComp_GetsPermanent.permanentLabel>шрам</Crush.comps.HediffComp_GetsPermanent.permanentLabel>
  <!-- EN: Crushed -->
  <Crush.injuryProps.destroyedLabel>раздавлено</Crush.injuryProps.destroyedLabel>
  <!-- EN: a crush wound -->
  <Crush.labelNoun>размозжённая рана</Crush.labelNoun>
  <!-- EN: {0} in the {1} -->
  <Crush.labelNounPretty>{0} на {1}</Crush.labelNounPretty>
  
  <!-- EN: cut -->
  <Cut.label>порез</Cut.label>
  <!-- EN: A cut. -->
  <Cut.description>Порез.</Cut.description>
  <!-- EN: set -->
  <Cut.comps.HediffComp_TendDuration.labelSolidTendedWell>обработано</Cut.comps.HediffComp_TendDuration.labelSolidTendedWell>
  <!-- EN: bandaged -->
  <Cut.comps.HediffComp_TendDuration.labelTendedWell>перевязано</Cut.comps.HediffComp_TendDuration.labelTendedWell>
  <!-- EN: sutured -->
  <Cut.comps.HediffComp_TendDuration.labelTendedWellInner>зашито</Cut.comps.HediffComp_TendDuration.labelTendedWellInner>
  <!-- EN: cut scar -->
  <Cut.comps.HediffComp_GetsPermanent.permanentLabel>шрам от пореза</Cut.comps.HediffComp_GetsPermanent.permanentLabel>
  <!-- EN: Cut off -->
  <Cut.injuryProps.destroyedLabel>отрезано</Cut.injuryProps.destroyedLabel>
  <!-- EN: Cut out -->
  <Cut.injuryProps.destroyedOutLabel>вырезано</Cut.injuryProps.destroyedOutLabel>
  <!-- EN: a cut -->
  <Cut.labelNoun>порез</Cut.labelNoun>
  <!-- EN: {0} in the {1} -->
  <Cut.labelNounPretty>{0} на {1}</Cut.labelNounPretty>
  
  <!-- EN: cut -->
  <ExecutionCut.label>разрез</ExecutionCut.label>
  <!-- EN: A cut made during execution. -->
  <ExecutionCut.description>Рана, нанесённая во время казни.</ExecutionCut.description>
  <!-- EN: a cut -->
  <ExecutionCut.labelNoun>разрез</ExecutionCut.labelNoun>
  <!-- EN: {0} in the {1} -->
  <ExecutionCut.labelNounPretty>{0} на {1}</ExecutionCut.labelNounPretty>
  
  <!-- EN: frostbite -->
  <Frostbite.label>обморожение</Frostbite.label>
  <!-- EN: Frozen tissue caused by exposure to cold without adequate protection. Frostbite is very painful, and frostbitten body parts are often lost. -->
  <Frostbite.description>Повреждение, вызванное нахождением на холоде без должной одежды. Обморожение — очень болезненное. Сильно обмороженные части тела часто не удаётся спасти.</Frostbite.description>
  <!-- EN: tended -->
  <Frostbite.comps.HediffComp_TendDuration.labelSolidTendedWell>обогрето</Frostbite.comps.HediffComp_TendDuration.labelSolidTendedWell>
  <!-- EN: bandaged -->
  <Frostbite.comps.HediffComp_TendDuration.labelTendedWell>отогрето</Frostbite.comps.HediffComp_TendDuration.labelTendedWell>
  <!-- EN: tended -->
  <Frostbite.comps.HediffComp_TendDuration.labelTendedWellInner>обработано</Frostbite.comps.HediffComp_TendDuration.labelTendedWellInner>
  <!-- EN: frostbite scar -->
  <Frostbite.comps.HediffComp_GetsPermanent.permanentLabel>рубец от обморожения</Frostbite.comps.HediffComp_GetsPermanent.permanentLabel>
  <!-- EN: Lost to frostbite -->
  <Frostbite.injuryProps.destroyedLabel>отморожено</Frostbite.injuryProps.destroyedLabel>
  <!-- EN: {0} in the {1} -->
  <Frostbite.labelNounPretty>{0} {1}</Frostbite.labelNounPretty>
  
  <!-- EN: gunshot -->
  <Gunshot.label>огнестрельное ранение</Gunshot.label>
  <!-- EN: A gunshot wound. -->
  <Gunshot.description>Огнестрельное ранение.</Gunshot.description>
  <!-- EN: set -->
  <Gunshot.comps.HediffComp_TendDuration.labelSolidTendedWell>обработано</Gunshot.comps.HediffComp_TendDuration.labelSolidTendedWell>
  <!-- EN: bandaged -->
  <Gunshot.comps.HediffComp_TendDuration.labelTendedWell>перевязано</Gunshot.comps.HediffComp_TendDuration.labelTendedWell>
  <!-- EN: sutured -->
  <Gunshot.comps.HediffComp_TendDuration.labelTendedWellInner>зашито</Gunshot.comps.HediffComp_TendDuration.labelTendedWellInner>
  <!-- EN: permanent gunshot injury -->
  <Gunshot.comps.HediffComp_GetsPermanent.instantlyPermanentLabel>огнестрельное ранение</Gunshot.comps.HediffComp_GetsPermanent.instantlyPermanentLabel>
  <!-- EN: old gunshot -->
  <Gunshot.comps.HediffComp_GetsPermanent.permanentLabel>шрам от пули</Gunshot.comps.HediffComp_GetsPermanent.permanentLabel>
  <!-- EN: Shot off -->
  <Gunshot.injuryProps.destroyedLabel>отстрелено</Gunshot.injuryProps.destroyedLabel>
  <!-- EN: Shot out -->
  <Gunshot.injuryProps.destroyedOutLabel>прострелено</Gunshot.injuryProps.destroyedOutLabel>
  <!-- EN: a gunshot wound -->
  <Gunshot.labelNoun>огнестрельное ранение</Gunshot.labelNoun>
  <!-- EN: {0} in the {1} -->
  <Gunshot.labelNounPretty>{0} {1}</Gunshot.labelNounPretty>
  
  <!-- EN: misc -->
  <Misc.label>разное</Misc.label>
  <!-- EN: Miscellanous injuries. -->
  <Misc.description>Различные травмы и ранения.</Misc.description>
  <!-- EN: set -->
  <Misc.comps.HediffComp_TendDuration.labelSolidTendedWell>обработано</Misc.comps.HediffComp_TendDuration.labelSolidTendedWell>
  <!-- EN: bandaged -->
  <Misc.comps.HediffComp_TendDuration.labelTendedWell>перевязано</Misc.comps.HediffComp_TendDuration.labelTendedWell>
  <!-- EN: sutured -->
  <Misc.comps.HediffComp_TendDuration.labelTendedWellInner>зашито</Misc.comps.HediffComp_TendDuration.labelTendedWellInner>
  <!-- EN: Destroyed -->
  <Misc.injuryProps.destroyedLabel>уничтожено</Misc.injuryProps.destroyedLabel>
  <!-- EN: an injury -->
  <Misc.labelNoun>ранение</Misc.labelNoun>
  <!-- EN: {0} in the {1} -->
  <Misc.labelNounPretty>{0} {1}</Misc.labelNounPretty>
  
  <!-- EN: missing body part -->
  <MissingBodyPart.label>недостающая часть тела</MissingBodyPart.label>
  <!-- EN: A body part is entirely missing. -->
  <MissingBodyPart.description>Часть тела полностью отсутствует.</MissingBodyPart.description>
  <!-- EN: a missing body part -->
  <MissingBodyPart.labelNoun>недостающая часть тела</MissingBodyPart.labelNoun>
  <!-- EN: missing a {1} -->
  <MissingBodyPart.labelNounPretty>отсутствует {0}</MissingBodyPart.labelNounPretty>
  
  <!-- EN: scratch -->
  <Scratch.label>рваная рана</Scratch.label>
  <!-- EN: A scratch or tear. -->
  <Scratch.description>Царапина или глубокая рваная рана.</Scratch.description>
  <!-- EN: set -->
  <Scratch.comps.HediffComp_TendDuration.labelSolidTendedWell>обработано</Scratch.comps.HediffComp_TendDuration.labelSolidTendedWell>
  <!-- EN: bandaged -->
  <Scratch.comps.HediffComp_TendDuration.labelTendedWell>перевязано</Scratch.comps.HediffComp_TendDuration.labelTendedWell>
  <!-- EN: sutured -->
  <Scratch.comps.HediffComp_TendDuration.labelTendedWellInner>зашито</Scratch.comps.HediffComp_TendDuration.labelTendedWellInner>
  <!-- EN: scratch scar -->
  <Scratch.comps.HediffComp_GetsPermanent.permanentLabel>шрам от рваной раны</Scratch.comps.HediffComp_GetsPermanent.permanentLabel>
  <!-- EN: Torn off -->
  <Scratch.injuryProps.destroyedLabel>оторвано</Scratch.injuryProps.destroyedLabel>
  <!-- EN: Torn out -->
  <Scratch.injuryProps.destroyedOutLabel>вырвано</Scratch.injuryProps.destroyedOutLabel>
  <!-- EN: a scratch -->
  <Scratch.labelNoun>рваная рана</Scratch.labelNoun>
  <!-- EN: {0} in the {1} -->
  <Scratch.labelNounPretty>{0} на {1}</Scratch.labelNounPretty>
  
  <!-- EN: shredded -->
  <Shredded.label>взрывная травма</Shredded.label>
  <!-- EN: A part of the body has been shredded and torn. -->
  <Shredded.description>Тяжёлая травма от взрыва. Часть тела покрыта многочисленными глубокими ранениями.</Shredded.description>
  <!-- EN: set -->
  <Shredded.comps.HediffComp_TendDuration.labelSolidTendedWell>обработано</Shredded.comps.HediffComp_TendDuration.labelSolidTendedWell>
  <!-- EN: bandaged -->
  <Shredded.comps.HediffComp_TendDuration.labelTendedWell>перевязано</Shredded.comps.HediffComp_TendDuration.labelTendedWell>
  <!-- EN: sutured -->
  <Shredded.comps.HediffComp_TendDuration.labelTendedWellInner>зашито</Shredded.comps.HediffComp_TendDuration.labelTendedWellInner>
  <!-- EN: shredded scar -->
  <Shredded.comps.HediffComp_GetsPermanent.permanentLabel>шрам</Shredded.comps.HediffComp_GetsPermanent.permanentLabel>
  <!-- EN: Torn off -->
  <Shredded.injuryProps.destroyedLabel>оторвано</Shredded.injuryProps.destroyedLabel>
  <!-- EN: Torn out -->
  <Shredded.injuryProps.destroyedOutLabel>разорвано</Shredded.injuryProps.destroyedOutLabel>
  <!-- EN: a shredded wound -->
  <Shredded.labelNoun>взрывная травма</Shredded.labelNoun>
  <!-- EN: {0} in the {1} -->
  <Shredded.labelNounPretty>{0} {1}</Shredded.labelNounPretty>
  
  <!-- EN: stab -->
  <Stab.label>колотая рана</Stab.label>
  <!-- EN: A stab wound. -->
  <Stab.description>Колотая рана.</Stab.description>
  <!-- EN: set -->
  <Stab.comps.HediffComp_TendDuration.labelSolidTendedWell>обработано</Stab.comps.HediffComp_TendDuration.labelSolidTendedWell>
  <!-- EN: bandaged -->
  <Stab.comps.HediffComp_TendDuration.labelTendedWell>перевязано</Stab.comps.HediffComp_TendDuration.labelTendedWell>
  <!-- EN: sutured -->
  <Stab.comps.HediffComp_TendDuration.labelTendedWellInner>зашито</Stab.comps.HediffComp_TendDuration.labelTendedWellInner>
  <!-- EN: stab scar -->
  <Stab.comps.HediffComp_GetsPermanent.permanentLabel>шрам от колотой раны</Stab.comps.HediffComp_GetsPermanent.permanentLabel>
  <!-- EN: Cut off -->
  <Stab.injuryProps.destroyedLabel>отрезано</Stab.injuryProps.destroyedLabel>
  <!-- EN: Cut out -->
  <Stab.injuryProps.destroyedOutLabel>вырезано</Stab.injuryProps.destroyedOutLabel>
  <!-- EN: a stab wound -->
  <Stab.labelNoun>колотая рана</Stab.labelNoun>
  <!-- EN: {0} in the {1} -->
  <Stab.labelNounPretty>{0} {1}</Stab.labelNounPretty>
  
  <!-- EN: surgical cut -->
  <SurgicalCut.label>хирургический порез</SurgicalCut.label>
  <!-- EN: A cut made during surgery. -->
  <SurgicalCut.description>Разрез, сделанный во время операции.</SurgicalCut.description>
  <!-- EN: set -->
  <SurgicalCut.comps.HediffComp_TendDuration.labelSolidTendedWell>обработано</SurgicalCut.comps.HediffComp_TendDuration.labelSolidTendedWell>
  <!-- EN: bandaged -->
  <SurgicalCut.comps.HediffComp_TendDuration.labelTendedWell>перевязано</SurgicalCut.comps.HediffComp_TendDuration.labelTendedWell>
  <!-- EN: sutured -->
  <SurgicalCut.comps.HediffComp_TendDuration.labelTendedWellInner>зашито</SurgicalCut.comps.HediffComp_TendDuration.labelTendedWellInner>
  <!-- EN: surgical scar -->
  <SurgicalCut.comps.HediffComp_GetsPermanent.permanentLabel>шрам от пореза</SurgicalCut.comps.HediffComp_GetsPermanent.permanentLabel>
  <!-- EN: a surgical cut -->
  <SurgicalCut.labelNoun>хирургический порез</SurgicalCut.labelNoun>
  <!-- EN: {0} in the {1} -->
  <SurgicalCut.labelNounPretty>{0} на {1}</SurgicalCut.labelNounPretty>
  
</LanguageData>