﻿<?xml version="1.0" encoding="UTF-8"?>
<LanguageData>
  
  <!-- EN: alzheimer's -->
  <Alzheimers.label>болезнь Альцгеймера</Alzheimers.label>
  <!-- EN: A brain disease usually associated with aging. Alzheimer's disease causes progressive degradation in the ability to think and remember. Patients are known to forget close relatives and sometimes wander around in confusion. -->
  <Alzheimers.description>Дегенеративный процесс, связанный со старением мозга. Болезнь Альцгеймера вызывает прогрессирующие нарушения мыслительных способностей и памяти. Пациенты перестают узнавать близких родственников и иногда бродят в полном замешательстве.</Alzheimers.description>
  <!-- EN: minor -->
  <Alzheimers.stages.minor-0.label>начальная</Alzheimers.stages.minor-0.label>
  <!-- EN: minor -->
  <Alzheimers.stages.minor-1.label>лёгкая</Alzheimers.stages.minor-1.label>
  <!-- EN: major -->
  <Alzheimers.stages.major-0.label>средняя</Alzheimers.stages.major-0.label>
  <!-- EN: major -->
  <Alzheimers.stages.major-1.label>тяжёлая</Alzheimers.stages.major-1.label>
  
  <!-- EN: asthma -->
  <Asthma.label>астма</Asthma.label>
  <!-- EN: A long-term inflammatory disease of the airways in the lungs. It requires regular tending to prevent symptoms. -->
  <Asthma.description>Хроническое воспалительное заболевание дыхательных путей. Для предотвращения симптомов требуется регулярный уход за пациентом.</Asthma.description>
  <!-- EN: minor -->
  <Asthma.stages.minor.label>лёгкая</Asthma.stages.minor.label>
  <!-- EN: major -->
  <Asthma.stages.major-0.label>средняя</Asthma.stages.major-0.label>
  <!-- EN: major -->
  <Asthma.stages.major-1.label>тяжёлая</Asthma.stages.major-1.label>
  
  <!-- EN: bad back -->
  <BadBack.label>больная спина</BadBack.label>
  <!-- EN: Degradation in the spinal column and surrounding musculature. This makes it hard to move and bend smoothly. -->
  <BadBack.description>Ослабевание позвоночника и поддерживающего мышечного корсета. Пациент испытывает затруднения при движении и потерю гибкости тела.</BadBack.description>
  <!-- EN: a bad back -->
  <BadBack.labelNoun>больная спина</BadBack.labelNoun>
  
  <!-- EN: blindness -->
  <Blindness.label>слепота</Blindness.label>
  <!-- EN: Total inability to see. -->
  <Blindness.description>Полная неспособность видеть.</Blindness.description>
  
  <!-- EN: carcinoma -->
  <Carcinoma.label>карцинома</Carcinoma.label>
  <!-- EN: A lump of cancerous tissue. Without treatment, the carcinoma will grow over time, causing worsening symptoms and eventually killing the patient.\n\nA skilled doctor can excise the carcinoma. An unskilled doctor may be able to simply amputate the body part which contains the carcinoma. -->
  <Carcinoma.description>Злокачественная опухоль. Без своевременного лечения карцинома постепенно разрастается, усугубляются симптомы, что в конечном итоге приводит к смерти. \n\nТолько опытный врач способен оперативным путём удалить карциному. Не обладающий должными навыками доктор всё же может попытаться спасти пациента, ампутировав поражённую часть тела.</Carcinoma.description>
  <!-- EN: a carcinoma -->
  <Carcinoma.labelNoun>карцинома</Carcinoma.labelNoun>
  <!-- EN: minor -->
  <Carcinoma.stages.minor-0.label>начальная</Carcinoma.stages.minor-0.label>
  <!-- EN: minor -->
  <Carcinoma.stages.minor-1.label>лёгкая</Carcinoma.stages.minor-1.label>
  <!-- EN: major -->
  <Carcinoma.stages.major-0.label>средняя</Carcinoma.stages.major-0.label>
  <!-- EN: major -->
  <Carcinoma.stages.major-1.label>тяжёлая</Carcinoma.stages.major-1.label>
  <!-- EN: extreme -->
  <Carcinoma.stages.extreme-0.label>экстремальная</Carcinoma.stages.extreme-0.label>
  <!-- EN: extreme -->
  <Carcinoma.stages.extreme-1.label>последняя стадия</Carcinoma.stages.extreme-1.label>
  
  <!-- EN: cataract -->
  <Cataract.label>катаракта</Cataract.label>
  <!-- EN: Milky-looking opacity in the eye. Cataracts impair vision. -->
  <Cataract.description>Помутнение глазного хрусталика, мешающее чёткости зрительного восприятия.</Cataract.description>
  <!-- EN: a cataract -->
  <Cataract.labelNoun>катаракта</Cataract.labelNoun>
  
  <!-- EN: dementia -->
  <Dementia.label>деменция</Dementia.label>
  <!-- EN: Neural degradation which causes deficits in the ability to think and remember. Dementia has various causes including aging, specific illnesses, and toxins. -->
  <Dementia.description>Неврологический дегенеративный процесс, воздействующий на мышление и память. Деменция имеет разные причины возникновения: старение, специфические заболевания, интоксикация.</Dementia.description>
  
  <!-- EN: frail -->
  <Frail.label>слабость</Frail.label>
  <!-- EN: Generalized loss of muscle and bone density. -->
  <Frail.description>Генерализированная атрофия мышц и костей.</Frail.description>
  <!-- EN: frailty -->
  <Frail.labelNoun>слабость</Frail.labelNoun>
  
  <!-- EN: hearing loss -->
  <HearingLoss.label>потеря слуха</HearingLoss.label>
  <!-- EN: Inability to hear quiet sounds due to degradation of hair cells in the cochlea. -->
  <HearingLoss.description>Тугоухость, возникшая вследствие аномалий волосковых клеток в кортиевом органе ушной улитки.</HearingLoss.description>
  
  <!-- EN: artery blockage -->
  <HeartArteryBlockage.label>атеросклероз</HeartArteryBlockage.label>
  <!-- EN: A blockage in one of the critical arteries in the heart. Heart artery blockages randomly induce heart attacks. -->
  <HeartArteryBlockage.description>Закупорка одной из критически важных артерий сердца, вызывающая сердечные приступы.</HeartArteryBlockage.description>
  <!-- EN: an artery blockage -->
  <HeartArteryBlockage.labelNoun>атеросклероз</HeartArteryBlockage.labelNoun>
  <!-- EN: minor -->
  <HeartArteryBlockage.stages.minor-0.label>начальный</HeartArteryBlockage.stages.minor-0.label>
  <!-- EN: minor -->
  <HeartArteryBlockage.stages.minor-1.label>лёгкий</HeartArteryBlockage.stages.minor-1.label>
  <!-- EN: major -->
  <HeartArteryBlockage.stages.major-0.label>средний</HeartArteryBlockage.stages.major-0.label>
  <!-- EN: major -->
  <HeartArteryBlockage.stages.major-1.label>тяжёлый</HeartArteryBlockage.stages.major-1.label>
  <!-- EN: extreme -->
  <HeartArteryBlockage.stages.extreme.label>экстремальный</HeartArteryBlockage.stages.extreme.label>
  
</LanguageData>