﻿<?xml version="1.0" encoding="UTF-8"?>
<LanguageData>
  
  <!-- EN: dirt -->
  <DirtInEyes.label>земля</DirtInEyes.label>
  <!-- EN: Dirt in the eyes. It impairs vision, but can be cleared in a few moments. -->
  <DirtInEyes.description>Частицы земли в глазах. Ухудшают видимость, но легко вычищаются.</DirtInEyes.description>
  <!-- EN: dirt -->
  <DirtInEyes.labelNoun>земля</DirtInEyes.labelNoun>
  
  <!-- EN: gravel -->
  <GravelInEyes.label>гравий</GravelInEyes.label>
  <!-- EN: Gravel in the eyes. It impairs vision, but can be cleared in a few moments. -->
  <GravelInEyes.description>Частицы гравия в глазах. Влияют на способность видеть, но легко вычищаются.</GravelInEyes.description>
  <!-- EN: gravel -->
  <GravelInEyes.labelNoun>гравий</GravelInEyes.labelNoun>
  
  <!-- EN: mud -->
  <MudInEyes.label>грязь</MudInEyes.label>
  <!-- EN: Mud in the eyes. It impairs vision, but can be cleared in a few moments. -->
  <MudInEyes.description>Частицы грязи в глазах. Ухудшают видимость, но легко вычищаются.</MudInEyes.description>
  <!-- EN: mud -->
  <MudInEyes.labelNoun>грязь</MudInEyes.labelNoun>
  
  <!-- EN: sand -->
  <SandInEyes.label>песок</SandInEyes.label>
  <!-- EN: Sand in the eyes. It impairs vision, but can be cleared within a few moments. -->
  <SandInEyes.description>Частицы песка в глазах. Ухудшают видимость, но легко вычищаются.</SandInEyes.description>
  <!-- EN: sand -->
  <SandInEyes.labelNoun>песок</SandInEyes.labelNoun>
  
  <!-- EN: water -->
  <WaterInEyes.label>вода</WaterInEyes.label>
  <!-- EN: Water in the eyes. It impairs vision, but can be cleared in a few moments. -->
  <WaterInEyes.description>Частицы грязной воды в глазах. Ухудшают видимость, но достаточно лишь проморгаться.</WaterInEyes.description>
  <!-- EN: water -->
  <WaterInEyes.labelNoun>вода</WaterInEyes.labelNoun>
  
</LanguageData>