﻿<?xml version="1.0" encoding="UTF-8"?>
<LanguageData>
  
  <!-- EN: psychite addiction -->
  <PsychiteAddiction.label>психиновая зависимость</PsychiteAddiction.label>
  <!-- EN: A chemical addiction to psychite. Long-term presence of psychite has caused neurological adaptations at the cellular level, so the brain can no longer function properly without the drug.\n\nWithout regular doses of psychite from drugs like flake or yayo, withdrawal symptoms will begin. However, extended abstinence will force the brain to adapt back to its normal state, resolving the addiction. -->
  <PsychiteAddiction.description>Зависимость от психина. Его продолжительное употребление вызывает неврологические изменения на клеточном уровне, из-за чего мозг уже не способен нормально функционировать без вещества.\n\nПерерыв в регулярном употреблении психина вызовет абстинентный синдром — ломку. Длительное воздержание поможет мозгу вернуться к нормальному состоянию и избавиться от зависимости.</PsychiteAddiction.description>
  <!-- EN: withdrawal -->
  <PsychiteAddiction.stages.withdrawal.label>ломка</PsychiteAddiction.stages.withdrawal.label>
  
  <!-- EN: psychite tolerance -->
  <PsychiteTolerance.label>толерантность к психину</PsychiteTolerance.label>
  <!-- EN: A built-up tolerance to psychite. The more severe this tolerance is, the more psychite-based drugs like yayo or flake it takes to get the same effect. -->
  <PsychiteTolerance.description>Толерантность к психину. Чем она серьёзнее, тем больше потребуется обработанного психина для получения первоначального эффекта.</PsychiteTolerance.description>
  <!-- EN: small -->
  <PsychiteTolerance.stages.small.label>небольшая</PsychiteTolerance.stages.small.label>
  <!-- EN: large -->
  <PsychiteTolerance.stages.large.label>средняя</PsychiteTolerance.stages.large.label>
  <!-- EN: massive -->
  <PsychiteTolerance.stages.massive.label>сильная</PsychiteTolerance.stages.massive.label>
  
  <!-- EN: high on yayo -->
  <YayoHigh.label>под кайфом от порошка психина</YayoHigh.label>
  <!-- EN: Active yayo in the bloodstream. Generates an intense euphoric high. -->
  <YayoHigh.description>Активные компоненты порошка психина в крови вызывают чрезвычайно сильное ощущение эйфории.</YayoHigh.description>
  <!-- EN: a yayo high -->
  <YayoHigh.labelNoun>кайф от порошка психина</YayoHigh.labelNoun>
  
</LanguageData>