﻿<?xml version="1.0" encoding="UTF-8"?>
<LanguageData>
  
  <!-- EN: smokeleaf dependence -->
  <SmokeleafAddiction.label>зависимость от дымолиста</SmokeleafAddiction.label>
  <!-- EN: A chemical addiction to smokeleaf. Long-term use of smokeleaf has caused neurological adaptations at the cellular level, so the brain can no longer function properly without the drug.\n\nWithout regular doses of smokeleaf, withdrawal symptoms will begin. However, extended abstinence will force the brain to adapt back to its normal state, resolving the addiction. -->
  <SmokeleafAddiction.description>Зависимость от дымолиста. Его продолжительное употребление вызывает неврологические изменения на клеточном уровне, из-за чего мозг уже не способен нормально функционировать без вещества.\n\nПерерыв в регулярном употреблении обработанного дымолиста вызовет абстинентный синдром — ломку. Длительное воздержание поможет мозгу вернуться к нормальному состоянию и избавиться от зависимости..</SmokeleafAddiction.description>
  <!-- EN: withdrawal -->
  <SmokeleafAddiction.stages.withdrawal.label>ломка</SmokeleafAddiction.stages.withdrawal.label>
  
  <!-- EN: stoned on smokeleaf -->
  <SmokeleafHigh.label>под кайфом от дымолиста</SmokeleafHigh.label>
  <!-- EN: Smokeleaf's active chemical in the bloodstream. Generates a soft feeling of fuzzy well-being. -->
  <SmokeleafHigh.description>В крови присутствуют активные химические вещества дымолиста, вызывающие ощущение покоя и расслабления.</SmokeleafHigh.description>
  <!-- EN: a smokeleaf high -->
  <SmokeleafHigh.labelNoun>кайф от дымолиста</SmokeleafHigh.labelNoun>
  
  <!-- EN: smokeleaf tolerance -->
  <SmokeleafTolerance.label>толерантность к дымолисту</SmokeleafTolerance.label>
  <!-- EN: A built-up tolerance to smokeleaf. The more severe this tolerance is, the more smokeleaf it takes to get the same effect. -->
  <SmokeleafTolerance.description>Толерантность к дымолисту. Чем она серьёзнее, тем больше потребуется обработанного дымолиста для получения первоначального эффекта.</SmokeleafTolerance.description>
  <!-- EN: small -->
  <SmokeleafTolerance.stages.small.label>небольшая</SmokeleafTolerance.stages.small.label>
  <!-- EN: large -->
  <SmokeleafTolerance.stages.large.label>средняя</SmokeleafTolerance.stages.large.label>
  <!-- EN: massive -->
  <SmokeleafTolerance.stages.massive.label>сильная</SmokeleafTolerance.stages.massive.label>
  
</LanguageData>