﻿<?xml version="1.0" encoding="UTF-8"?>
<LanguageData>
  
  <!-- EN: wake-up addiction -->
  <WakeUpAddiction.label>бодриновая зависимость</WakeUpAddiction.label>
  <!-- EN: A chemical addiction to wake-up. Long-term presence of wake-up has caused neurological adaptations at the cellular level, so the brain can no longer function properly without the drug.\n\nWithout regular doses of wake-up, withdrawal symptoms will begin. However, extended abstinence will force the brain to adapt back to its normal state, resolving the addiction. -->
  <WakeUpAddiction.description>Зависимость от бодрина. Его продолжительное употребление вызывает неврологические изменения на клеточном уровне, из-за чего мозг уже не способен нормально функционировать без вещества.\n\nПерерыв в регулярном употреблении бодрина вызовет абстинентный синдром — ломку. Длительное воздержание поможет мозгу вернуться к нормальному состоянию и избавиться от зависимости.</WakeUpAddiction.description>
  <!-- EN: withdrawal -->
  <WakeUpAddiction.stages.withdrawal.label>ломка</WakeUpAddiction.stages.withdrawal.label>
  
  <!-- EN: high on wake-up -->
  <WakeUpHigh.label>под действием бодрина</WakeUpHigh.label>
  <!-- EN: Wake-up in the bloodstream. It fills the need for rest by stimulating the brain, and increases focus, allowing faster work. It also increases the psyfocus gains from meditation. -->
  <WakeUpHigh.description>Бодрин, попав в кровь, стимулирует мозг, уменьшая потребность в отдыхе и улучшая внимание, что позволяет быстрее выполнять любую работу. Бодрин также повышает пси-концентрацию, получаемую при медитации.</WakeUpHigh.description>
  <!-- EN: a wake-up high -->
  <WakeUpHigh.labelNoun>действие бодрина</WakeUpHigh.labelNoun>
  
  <!-- EN: wake-up tolerance -->
  <WakeUpTolerance.label>толерантность к бодрину</WakeUpTolerance.label>
  <!-- EN: A built-up tolerance to wake-up. The more severe this tolerance is, the more wake-up it takes to get the same effect. -->
  <WakeUpTolerance.description>Толерантность к бодрину. Чем она серьёзнее, тем больше потребуется бодрина для получения первоначального эффекта.</WakeUpTolerance.description>
  <!-- EN: small -->
  <WakeUpTolerance.stages.small.label>небольшая</WakeUpTolerance.stages.small.label>
  <!-- EN: large -->
  <WakeUpTolerance.stages.large.label>средняя</WakeUpTolerance.stages.large.label>
  <!-- EN: massive -->
  <WakeUpTolerance.stages.massive.label>сильная</WakeUpTolerance.stages.massive.label>
  
</LanguageData>