﻿<?xml version="1.0" encoding="UTF-8"?>
<LanguageData>
  
  <!-- EN: A group of {0} from {1} have dropped in right on top of you! -->
  <CenterDrop.textEnemy>Враждебные {0} из фракции {1} десантируются прямо на ваше поселение!</CenterDrop.textEnemy>
  <!-- EN: A group of friendly {0} from {1} have dropped in right on top of you! -->
  <CenterDrop.textFriendly>Дружественные {0} из фракции {1} десантируются прямо на ваше поселение!</CenterDrop.textFriendly>
  <!-- EN: {0_pawnsPluralDef} will arrive in transport pods right on top of you. -->
  <CenterDrop.textWillArrive>{0_pawnsPluralDef} десантируются в капсулах прямо на ваше поселение.</CenterDrop.textWillArrive>
  
  <!-- EN: A group of {0} from {1} have arrived in transport pods nearby. -->
  <EdgeDrop.textEnemy>Враждебные {0} из фракции {1} десантируются в капсулах неподалёку.</EdgeDrop.textEnemy>
  <!-- EN: A group of friendly {0} from {1} have arrived in transport pods nearby. -->
  <EdgeDrop.textFriendly>Дружественные {0} из фракции {1} десантируются в капсулах неподалёку.</EdgeDrop.textFriendly>
  <!-- EN: {0_pawnsPluralDef} will arrive in transport pods. -->
  <EdgeDrop.textWillArrive>{0_pawnsPluralDef} десантируются в капсулах.</EdgeDrop.textWillArrive>
  
  <!-- EN: Several separate groups of {0} from {1} have arrived in transport pods nearby. -->
  <EdgeDropGroups.textEnemy>Враждебные {0} из фракции {1} в составе нескольких групп десантируются в капсулах неподалёку.</EdgeDropGroups.textEnemy>
  <!-- EN: Several separate groups of friendly {0} from {1} have arrived in transport pods nearby. -->
  <EdgeDropGroups.textFriendly>Дружественные {0} из фракции {1} в составе нескольких групп десантируются в капсулах неподалёку.</EdgeDropGroups.textFriendly>
  <!-- EN: Several separate groups of {0_pawnsPluralDef} will arrive in transport pods. -->
  <EdgeDropGroups.textWillArrive>{0_pawnsPluralDef} в составе нескольких групп десантируются в капсулах.</EdgeDropGroups.textWillArrive>
  
  <!-- EN: A group of {0} from {1} have arrived nearby. -->
  <EdgeWalkIn.textEnemy>Враждебные {0} из фракции {1} расположились поблизости.</EdgeWalkIn.textEnemy>
  <!-- EN: A group of friendly {0} from {1} have arrived nearby. -->
  <EdgeWalkIn.textFriendly>Дружественные {0} из фракции {1} расположились поблизости.</EdgeWalkIn.textFriendly>
  <!-- EN: {0_pawnsPluralDef} will arrive on foot. -->
  <EdgeWalkIn.textWillArrive>прибудут {0_pawnsPluralDef}</EdgeWalkIn.textWillArrive>
  
  <!-- EN: {0} from {1} have arrived nearby, approaching from multiple angles. -->
  <EdgeWalkInGroups.textEnemy>Враждебные {0} из фракции {1} подходят с разных сторон.</EdgeWalkInGroups.textEnemy>
  <!-- EN: Friendly {0} from {1} have arrived nearby, approaching from multiple angles. -->
  <EdgeWalkInGroups.textFriendly>Дружественные {0} из фракции {1} подходят с разных сторон.</EdgeWalkInGroups.textFriendly>
  <!-- EN: {0_pawnsPluralDef} will arrive on foot, approaching from several angles at once. -->
  <EdgeWalkInGroups.textWillArrive>{0_pawnsPluralDef} подойдут одновременно с разных сторон.</EdgeWalkInGroups.textWillArrive>
  
  <!-- EN: A cluster of {0} have landed in drop pods nearby. -->
  <MechClusterDrop.textEnemy>Капсулы кластера механоидов приземлятся неподалёку.</MechClusterDrop.textEnemy>
  <!-- EN: The mech cluster will arrive in drop pods. -->
  <MechClusterDrop.textWillArrive>приземлятся капсулы кластера механоидов.</MechClusterDrop.textWillArrive>
  
  <!-- EN: A group of {0} from {1} have arrived in transport pods. Their pods went haywire and are landing scattered all over the area! -->
  <RandomDrop.textEnemy>Десантируются враждебные {0} из фракции {1}. Похоже, в их транспортных капсулах произошёл какой-то сбой, и они приземляются по округе где попало!</RandomDrop.textEnemy>
  <!-- EN: A group of friendly {0} from {1} have arrived in transport pods. Their pods went haywire and are landing scattered all over the area! -->
  <RandomDrop.textFriendly>Десантируются дружественные {0} из фракции {1}. Похоже, в их транспортных капсулах произошёл какой-то сбой, и они приземляются по округе где попало!</RandomDrop.textFriendly>
  <!-- EN: {0_pawnsPluralDef} will arrive in transport pods. -->
  <RandomDrop.textWillArrive>{0_pawnsPluralDef} десантируются в капсулах.</RandomDrop.textWillArrive>
  
  <!-- EN: A group of {0} from {1} have arrived in a shuttle. -->
  <Shuttle.textEnemy>Враждебные {0} из фракции {1} прибывают на челноке.</Shuttle.textEnemy>
  <!-- EN: A friendly group of {0} from {1} have arrived in a shuttle. -->
  <Shuttle.textFriendly>Дружественные {0} из фракции {1} прибывают на челноке.</Shuttle.textFriendly>
  
</LanguageData>