﻿<?xml version="1.0" encoding="UTF-8"?>
<LanguageData>
  
  <!-- EN: bridgeable -->
  <Bridgeable.label>можно строить мост</Bridgeable.label>
  
  <!-- EN: diggable -->
  <Diggable.label>можно копать</Diggable.label>
  
  <!-- EN: growable -->
  <GrowSoil.label>можно выращивать</GrowSoil.label>
  
  <!-- EN: heavy -->
  <Heavy.label>тяжёлые строения</Heavy.label>
  
  <!-- EN: light -->
  <Light.label>лёгкие строения</Light.label>
  
  <!-- EN: medium -->
  <Medium.label>обычные строения</Medium.label>
  
  <!-- EN: moving water -->
  <MovingFluid.label>течение</MovingFluid.label>
  
  <!-- EN: shallow water -->
  <ShallowWater.label>мелководье</ShallowWater.label>
  
  <!-- EN: smoothable -->
  <SmoothableStone.label>можно выравнивать</SmoothableStone.label>
  
</LanguageData>