﻿<?xml version="1.0" encoding="UTF-8"?>
<LanguageData>
  
  <!-- EN: allow biocoded apparel -->
  <AllowBiocodedApparel.label>биокодированная</AllowBiocodedApparel.label>
  
  <!-- EN: allow biocoded weapons -->
  <AllowBiocodedWeapons.label>биокодированное</AllowBiocodedWeapons.label>
  
  <!-- EN: allow burnable -->
  <AllowBurnableApparel.label>возгораемая</AllowBurnableApparel.label>
  
  <!-- EN: allow burnable -->
  <AllowBurnableWeapons.label>возгораемое</AllowBurnableWeapons.label>
  
  <!-- EN: allow colonist corpses -->
  <AllowCorpsesColonist.label>поселенцев</AllowCorpsesColonist.label>
  <!-- EN: Allow the dead bodies of colonists. -->
  <AllowCorpsesColonist.description>Разрешить складывать сюда тела поселенцев.</AllowCorpsesColonist.description>
  
  <!-- EN: allow stranger corpses -->
  <AllowCorpsesStranger.label>чужаков</AllowCorpsesStranger.label>
  <!-- EN: Allow the dead bodies of strangers and enemies. -->
  <AllowCorpsesStranger.description>Разрешить складывать сюда тела чужаков и врагов.</AllowCorpsesStranger.description>
  
  <!-- EN: allow tainted apparel -->
  <AllowDeadmansApparel.label>разрешить «грязную» одежду</AllowDeadmansApparel.label>
  <!-- EN: Allow clothing that was once worn by a corpse. Most humans find corpse-tainted clothing to be disturbing, and traders will not accept it. -->
  <AllowDeadmansApparel.description>Разрешить складывать сюда одежду, снятую с тел после боя. Большинство людей считают такую одежду «грязной». Торговцы отказываются её покупать.</AllowDeadmansApparel.description>
  
  <!-- EN: allow fresh -->
  <AllowFresh.label>разрешить свежее</AllowFresh.label>
  <!-- EN: Allow organic things which haven't started to rot yet. -->
  <AllowFresh.description>Разрешить складывать сюда органику, которая ещё не начала гнить.</AllowFresh.description>
  
  <!-- EN: allow non-biocoded apparel -->
  <AllowNonBiocodedApparel.label>не биокодированная</AllowNonBiocodedApparel.label>
  
  <!-- EN: allow non-biocoded weapons -->
  <AllowNonBiocodedWeapons.label>не биокодированное</AllowNonBiocodedWeapons.label>
  
  <!-- EN: allow non-burnable -->
  <AllowNonBurnableApparel.label>невозгораемая</AllowNonBurnableApparel.label>
  
  <!-- EN: allow non-burnable -->
  <AllowNonBurnableWeapons.label>невозгораемое</AllowNonBurnableWeapons.label>
  
  <!-- EN: allow clean apparel -->
  <AllowNonDeadmansApparel.label>чистая одежда</AllowNonDeadmansApparel.label>
  <!-- EN: Allow clothing that was never worn by a corpse. Most humans find corpse-tainted clothing to be disturbing, and traders will not accept it. -->
  <AllowNonDeadmansApparel.description>Разрешить складывать сюда одежду, не испорченную боевыми действиями. Ту, которую не откажутся купить торговцы.</AllowNonDeadmansApparel.description>
  
  <!-- EN: allow non-smeltable -->
  <AllowNonSmeltableApparel.label>непереплавляемая</AllowNonSmeltableApparel.label>
  
  <!-- EN: allow non-smeltable -->
  <AllowNonSmeltableWeapons.label>непереплавляемое</AllowNonSmeltableWeapons.label>
  <AllowNonSmeltableWeapons.description>Разрешить складывать сюда непереплавляемое оружие.</AllowNonSmeltableWeapons.description>
  
  <!-- EN: allow plant food -->
  <AllowPlantFood.label>кормовые продукты</AllowPlantFood.label>
  <!-- EN: Allow foods that are of quality equivalent to unharvested plants, like hay. -->
  <AllowPlantFood.description>Разрешить складывать сюда растительную пищу, эквивалентную несобранным растениям, например, сено.</AllowPlantFood.description>
  
  <!-- EN: allow rotten -->
  <AllowRotten.label>разрешить гнильё</AllowRotten.label>
  <!-- EN: Allow organic things which have started to rot. -->
  <AllowRotten.description>Разрешить складывать сюда органику, которая начала гнить.</AllowRotten.description>
  
  <!-- EN: allow smeltable -->
  <AllowSmeltable.label>переплавляемое</AllowSmeltable.label>
  <AllowSmeltable.description>Разрешить складывать сюда переплавляемое оружие.</AllowSmeltable.description>
  
  <!-- EN: allow smeltable -->
  <AllowSmeltableApparel.label>переплавляемая</AllowSmeltableApparel.label>
  
</LanguageData>