﻿<?xml version="1.0" encoding="utf-8" ?>
<Defs>

	<StorytellerDef ParentName="BaseStoryteller">
		<defName>Winters</defName>
    <label>Officer Winters</label>
		<description>Deployment Officer Winters is here to make sure things go smoothly. She'll send more traders your way, as well as various other assistance. The Empire has its enemies though, so you'll need to be on the lookout for more hostiles than you may be used to.</description>
    <portraitLarge>Portrait/WintersLarge</portraitLarge>
    <portraitTiny>Portrait/Winters</portraitTiny>
    <listOrder>40</listOrder>
		<populationIntentFactorFromPopCurve>
			<points>
				<li>0, 15</li>
				<li>1, 10</li>
				<li>5, 7</li>
				<li>9, 5</li>
				<li>13, 3</li>
				<li>99, 0</li>
			</points>
		</populationIntentFactorFromPopCurve>
		<comps>
      <!-- Intro -->
      <li Class="StorytellerCompProperties_ClassicIntro"/>
      <!-- Home threats -->
      <li Class="StorytellerCompProperties_OnOffCycle">
        <category>ThreatBig</category>
        <minDaysPassed>11.0</minDaysPassed>
        <onDays>4.6</onDays>
        <offDays>6.0</offDays>
        <minSpacingDays>1.9</minSpacingDays>
        <numIncidentsRange>1~2</numIncidentsRange>
        <forceRaidEnemyBeforeDaysPassed>20</forceRaidEnemyBeforeDaysPassed>
        <disallowedTargetTags>
          <li>Map_RaidBeacon</li>
        </disallowedTargetTags>
      </li>
      <li Class="StorytellerCompProperties_ThreatsGenerator">
        <allowedTargetTags>
          <li>Map_RaidBeacon</li>
        </allowedTargetTags>
        <parms>
          <allowedThreats>Raids</allowedThreats>
          <onDays>1.0</onDays>
          <offDays>0.5</offDays>
          <minSpacingDays>0.04</minSpacingDays>
          <numIncidentsRange>1~2</numIncidentsRange>
        </parms>
      </li>
      <li Class="StorytellerCompProperties_OnOffCycle">
        <category>ThreatSmall</category>
        <minDaysPassed>10.0</minDaysPassed>
        <onDays>4.6</onDays>
        <offDays>4.5</offDays>
        <numIncidentsRange>0.4~1.5</numIncidentsRange>
        <acceptPercentFactorPerThreatPointsCurve>
          <points>
            <li>(800, 1)</li>
            <li>(2800, 0)</li>
          </points>
        </acceptPercentFactorPerThreatPointsCurve>
      </li>
      <!-- Home misc incidents-->
      <li Class="StorytellerCompProperties_CategoryMTB">
        <category>Misc</category>
        <allowedTargetTags>
          <li>Map_PlayerHome</li>
        </allowedTargetTags>
        <minDaysPassed>3</minDaysPassed>
        <mtbDays>2</mtbDays>
      </li>
      <li Class="StorytellerCompProperties_ShipChunkDrop"/>
      <li Class="StorytellerCompProperties_Disease">
        <category>DiseaseHuman</category>
        <minDaysPassed>9999</minDaysPassed>
      </li>
      <li Class="StorytellerCompProperties_Disease">
        <category>DiseaseAnimal</category>
        <minDaysPassed>9999</minDaysPassed>
      </li>
      <!-- Ally/neutral interaction -->
      <li Class="StorytellerCompProperties_FactionInteraction">
        <incident>RaidFriendly</incident>
        <baseIncidentsPerYear>20</baseIncidentsPerYear>
        <minSpacingDays>0.2</minSpacingDays>
        <fullAlliesOnly>true</fullAlliesOnly>
        <minDanger>High</minDanger>
      </li>
      <li Class="StorytellerCompProperties_FactionInteraction">
        <incident>TraderCaravanArrival</incident>
        <minDaysPassed>3</minDaysPassed>
        <baseIncidentsPerYear>10</baseIncidentsPerYear>
        <minSpacingDays>4</minSpacingDays>
        <allowedTargetTags>
          <li>Map_PlayerHome</li>
        </allowedTargetTags>
      </li>
      <li Class="StorytellerCompProperties_FactionInteraction">
        <incident>VisitorGroup</incident>
        <minDaysPassed>2</minDaysPassed>
        <baseIncidentsPerYear>6</baseIncidentsPerYear>
        <minSpacingDays>4</minSpacingDays>
        <allowedTargetTags>
          <li>Map_PlayerHome</li>
        </allowedTargetTags>
      </li>
      <li Class="StorytellerCompProperties_FactionInteraction">
        <incident>TravelerGroup</incident>
        <minDaysPassed>1</minDaysPassed>
        <baseIncidentsPerYear>6</baseIncidentsPerYear>
        <minSpacingDays>1</minSpacingDays>
        <allowedTargetTags>
          <li>Map_PlayerHome</li>
        </allowedTargetTags>
      </li>
      <!-- Caravan / temp map -->
      <li Class="StorytellerCompProperties_CategoryIndividualMTBByBiome">
        <category>Misc</category>
        <allowedTargetTags>
          <li>Caravan</li>
          <li>Map_TempIncident</li>
        </allowedTargetTags>
      </li>
      <li Class="StorytellerCompProperties_CategoryIndividualMTBByBiome">
        <category>ThreatSmall</category>
        <applyCaravanVisibility>true</applyCaravanVisibility>
        <allowedTargetTags>
          <li>Caravan</li>
          <li>Map_TempIncident</li>
        </allowedTargetTags>
      </li>
      <li Class="StorytellerCompProperties_CategoryIndividualMTBByBiome">
        <category>ThreatBig</category>
        <applyCaravanVisibility>true</applyCaravanVisibility>
        <allowedTargetTags>
          <li>Caravan</li>
          <li>Map_TempIncident</li>
        </allowedTargetTags>
      </li>
      <!-- Quests - non-Royalty -->
      <li Class="StorytellerCompProperties_RandomQuest">
        <category>GiveQuest</category>
        <allowedTargetTags>
          <li>World</li>
        </allowedTargetTags>
        <onDays>10</onDays>
        <numIncidentsRange>1</numIncidentsRange>
        <acceptFractionByDaysPassedCurve>
          <points>
            <li>(5, 0)</li>
            <li>(30, 1)</li>
          </points>
        </acceptFractionByDaysPassedCurve>
        <minSpacingDays>3</minSpacingDays>
        <disableIfAnyModActive>
          <li>Ludeon.RimWorld.Royalty</li>
        </disableIfAnyModActive>
      </li>
      <!-- Quests - Royalty -->
      <li Class="StorytellerCompProperties_RandomQuest">
        <category>GiveQuest</category>
        <allowedTargetTags>
          <li>World</li>
        </allowedTargetTags>
        <onDays>12</onDays>
        <numIncidentsRange>2</numIncidentsRange>
        <acceptFractionByDaysPassedCurve>
          <points>
            <li>(5, 0)</li>
            <li>(11, 1)</li>
          </points>
        </acceptFractionByDaysPassedCurve>
        <minSpacingDays>3</minSpacingDays>
        <enableIfAnyModActive>
          <li>Ludeon.RimWorld.Royalty</li>
        </enableIfAnyModActive>
      </li>
      <!-- World misc incidents-->
      <li Class="StorytellerCompProperties_CategoryMTB">
        <category>Misc</category>
        <allowedTargetTags>
          <li>World</li>
        </allowedTargetTags>
        <minDaysPassed>15</minDaysPassed>
        <mtbDays>15</mtbDays>
      </li>
      <!-- Orbital trader -->
      <li Class="StorytellerCompProperties_OnOffCycle">
        <incident>OrbitalTraderArrival</incident>
        <onDays>7</onDays>
        <offDays>8</offDays>
        <numIncidentsRange>1</numIncidentsRange>
      </li>
      <!-- Triggered -->
      <li Class="StorytellerCompProperties_Triggered">
        <incident>StrangerInBlackJoin</incident>
        <delayTicks>180</delayTicks>
      </li>
    </comps>
  </StorytellerDef>

</Defs>
