<?xml version="1.0" encoding="utf-8" ?>
<Defs>
<PawnKindDef Name="BaseOrassanPawnKind">
        <defName>Orassan</defName>
        <label>colonist</label>
    <combatPower>25</combatPower>
    <baseRecruitDifficulty>0.50</baseRecruitDifficulty>
		
    <race>Alien_Orassan</race>
        <defaultFactionType>PlayerColony</defaultFactionType>
        <backstoryCategories><li>Orassan</li></backstoryCategories>
        <chemicalAddictionChance>0.06</chemicalAddictionChance>
        <apparelAllowHeadgearChance>0</apparelAllowHeadgearChance>
        <apparelTags>
            <li>IndustrialBasic</li>
        </apparelTags>
        <apparelMoney>
            <min>350</min>
            <max>600</max>
        </apparelMoney>
        <backstoryCryptosleepCommonality>1</backstoryCryptosleepCommonality>
        <techHediffsChance>0.05</techHediffsChance>
    <techHediffsMoney>
      <min>2000</min>
      <max>3000</max>
    </techHediffsMoney>
    <techHediffsTags>
      <li>Advanced</li>
    </techHediffsTags>
    </PawnKindDef>


  <PawnKindDef Name="Villager">
    <defName>OrassanVillager</defName>
    <label>orassan colonist</label>
    <race>Alien_Orassan</race>
    <combatPower>25</combatPower>
    <baseRecruitDifficulty>0.80</baseRecruitDifficulty>
    <backstoryCategories><li>Orassan</li></backstoryCategories>
    <defaultFactionType>Orassan</defaultFactionType>
    <itemQuality>Good</itemQuality>
    <backstoryCryptosleepCommonality>0.1</backstoryCryptosleepCommonality>
    <isFighter>false</isFighter>
    <gearHealthRange>
      <min>0.2</min>
      <max>2.0</max>
    </gearHealthRange>
    <apparelMoney>
            <min>350</min>
            <max>600</max>
    </apparelMoney>
    <apparelTags>
      <li>IndustrialBasic</li>
      <li>IndustrialAdvanced</li>
    </apparelTags>
    <apparelAllowHeadgearChance>0.4</apparelAllowHeadgearChance>
    <weaponMoney>
      <min>800</min>
      <max>1800</max>
    </weaponMoney>
    <weaponTags>
      <li>Gun</li>
	        <li>NeolithicRangedDecent</li>
	        <li>MedievalMeleeDecent</li>
      <li>MedievalMeleeAdvanced</li>
    </weaponTags>
    <techHediffsMoney>
      <min>2000</min>
      <max>3000</max>
    </techHediffsMoney>
    <techHediffsTags>
      <li>Advanced</li>
    </techHediffsTags>
    <techHediffsChance>0.01</techHediffsChance>
    <invNutrition>3</invNutrition>
    <inventoryOptions>
      <skipChance>0</skipChance>
      <subOptionsChooseOne>
        <li>
          <choiceChance>90</choiceChance>
          <thingDef>Silver</thingDef>
          <countRange>
            <min>25</min>
            <max>70</max>
          </countRange>
        </li>
        <li>
          <choiceChance>10</choiceChance>
          <thingDef>Silver</thingDef>
          <countRange>
            <min>700</min>
            <max>1000</max>
          </countRange>
        </li>
      </subOptionsChooseOne>
    </inventoryOptions>
  </PawnKindDef>
  
    <PawnKindDef>
    <defName>OrassanSlave</defName>
    <label>orassan slave</label>
    <race>Alien_Orassan</race>
    <combatPower>25</combatPower>
    <baseRecruitDifficulty>0.40</baseRecruitDifficulty>
    <backstoryCategories><li>Orassan</li></backstoryCategories>
    <defaultFactionType>Orassan</defaultFactionType>
    <itemQuality>Poor</itemQuality>
    <backstoryCryptosleepCommonality>0.1</backstoryCryptosleepCommonality>
    <isFighter>false</isFighter>
    <gearHealthRange>
      <min>0.2</min>
      <max>2.0</max>
    </gearHealthRange>
    <apparelMoney>
      <min>100</min>
      <max>500</max>
    </apparelMoney>
    <apparelTags>
      <li>IndustrialBasic</li>
      <li>IndustrialAdvanced</li>
    </apparelTags>
    <apparelAllowHeadgearChance>0.4</apparelAllowHeadgearChance>
    <techHediffsMoney>
      <min>2000</min>
      <max>3000</max>
    </techHediffsMoney>
    <techHediffsTags>
      <li>Advanced</li>
    </techHediffsTags>
    <techHediffsChance>0.01</techHediffsChance>
    <invNutrition>3</invNutrition>
  </PawnKindDef>
  
      <PawnKindDef>
    <defName>OrassanRefugee</defName>
    <label>orassan refugee</label>
    <race>Alien_Orassan</race>
    <combatPower>25</combatPower>
    <baseRecruitDifficulty>0.50</baseRecruitDifficulty>
    <backstoryCategories><li>Orassan</li></backstoryCategories>
    <defaultFactionType>Orassan</defaultFactionType>
    <itemQuality>Normal</itemQuality>
    <backstoryCryptosleepCommonality>0.1</backstoryCryptosleepCommonality>
    <isFighter>false</isFighter>
    <gearHealthRange>
      <min>0.2</min>
      <max>2.0</max>
    </gearHealthRange>
    <apparelMoney>
      <min>1000</min>
      <max>3000</max>
    </apparelMoney>
    <apparelTags>
      <li>IndustrialBasic</li>
      <li>IndustrialAdvanced</li>
    </apparelTags>
    <apparelAllowHeadgearChance>0.4</apparelAllowHeadgearChance>
    <techHediffsMoney>
      <min>2000</min>
      <max>3000</max>
    </techHediffsMoney>
    <techHediffsTags>
      <li>Advanced</li>
    </techHediffsTags>
    <techHediffsChance>0.01</techHediffsChance>
    <invNutrition>3</invNutrition>
  </PawnKindDef>

  <PawnKindDef ParentName="Villager">
    <defName>OrassanTownCouncilman</defName>
    <label>orassan governor</label>
    <combatPower>40</combatPower>
    <factionLeader>true</factionLeader>
    <minGenerationAge>30</minGenerationAge>
    <isFighter>false</isFighter>
    <gearHealthRange>
      <min>1</min>
      <max>1</max>
    </gearHealthRange>
    <itemQuality>Good</itemQuality>
    <weaponMoney>
      <min>200</min>
      <max>200</max>
    </weaponMoney>
    <weaponTags>
      <li>Gun</li>
	        <li>NeolithicRangedDecent</li>
	        <li>MedievalMeleeDecent</li>
      <li>MedievalMeleeAdvanced</li>
    </weaponTags>
    <apparelMoney>
      <min>700</min>
      <max>1200</max>
    </apparelMoney>
    <apparelTags>
      <li>IndustrialMilitaryBasic</li>
      <li>BeltDefensePop</li>
    </apparelTags>
    <apparelRequired>
      <li>Apparel_BowlerHat</li>
    </apparelRequired>
    <techHediffsChance>0.15</techHediffsChance>
    <techHediffsMoney>
      <min>600</min>
      <max>1500</max>
    </techHediffsMoney>
    <techHediffsTags>
      <li>Simple</li>
      <li>Advanced</li>
    </techHediffsTags>
  </PawnKindDef>
  
  <PawnKindDef ParentName="Villager">
    <defName>OrassanTrader</defName>
    <label>town trader</label>
    <defaultFactionType>Orassan</defaultFactionType>
    <trader>true</trader>
  </PawnKindDef>
  <PawnKindDef>
    <defName>OrassanTownGuard</defName>
    <label>orassan soldier</label>
    <race>Alien_Orassan</race>
    <combatPower>50</combatPower>
    <defaultFactionType>Orassan</defaultFactionType>
    <baseRecruitDifficulty>0.60</baseRecruitDifficulty>
    <backstoryCategories><li>OrassanSoldier</li></backstoryCategories>
    <backstoryCryptosleepCommonality>0.1</backstoryCryptosleepCommonality>
    <maxGenerationAge>35</maxGenerationAge>
    <gearHealthRange>
      <min>0.5</min>
      <max>1.8</max>
    </gearHealthRange>
    <apparelMoney>
      <min>1000</min>
      <max>3000</max>
    </apparelMoney>
    <apparelTags>
      <li>IndustrialBasic</li>
      <li>IndustrialAdvanced</li>
    </apparelTags>
    <apparelAllowHeadgearChance>0.4</apparelAllowHeadgearChance>
    <weaponMoney>
      <min>1000</min>
      <max>3000</max>
    </weaponMoney>
    <weaponTags>
      <li>Gun</li>
	        <li>NeolithicRangedDecent</li>
	        <li>MedievalMeleeDecent</li>
      <li>MedievalMeleeAdvanced</li>
    </weaponTags>
    <techHediffsMoney>
      <min>2000</min>
      <max>3000</max>
    </techHediffsMoney>
    <techHediffsTags>
      <li>Advanced</li>
    </techHediffsTags>
    <techHediffsChance>0.05</techHediffsChance>
    <invNutrition>3</invNutrition>
  </PawnKindDef>

  <PawnKindDef>
    <defName>OrassanSniper</defName>
    <label>orassan sniper</label>
    <race>Alien_Orassan</race>
    <combatPower>140</combatPower>
    <defaultFactionType>Orassan</defaultFactionType>
    <baseRecruitDifficulty>0.70</baseRecruitDifficulty>
    <backstoryCategories><li>OrassanSoldier</li></backstoryCategories>
    <invNutrition>3</invNutrition>
    <itemQuality>Good</itemQuality>
    <backstoryCryptosleepCommonality>0.25</backstoryCryptosleepCommonality>
    <maxGenerationAge>35</maxGenerationAge>
    <gearHealthRange>
      <min>0.7</min>
      <max>2.3</max>
    </gearHealthRange>
    <apparelTags>
     <li>IndustrialBasic</li>
      <li>IndustrialAdvanced</li>
    </apparelTags>
    <apparelMoney>
      <min>1000</min>
      <max>3000</max>
    </apparelMoney>
    <apparelAllowHeadgearChance>0.5</apparelAllowHeadgearChance>
    <weaponMoney>
      <min>1000</min>
      <max>3000</max>
    </weaponMoney>
    <weaponTags>
      <li>SniperRifle</li>
	        <li>NeolithicRangedDecent</li>
    </weaponTags>
    <techHediffsMoney>
      <min>2000</min>
      <max>3500</max>
    </techHediffsMoney>
    <techHediffsTags>
      <li>Advanced</li>
    </techHediffsTags>
    <techHediffsChance>0.075</techHediffsChance>
    <inventoryOptions>
      <skipChance>0</skipChance>
      <subOptionsChooseOne>
        <li>
          <thingDef>Silver</thingDef>
          <countRange>
            <min>50</min>
            <max>200</max>
          </countRange>
        </li>
        <li>
          <thingDef>MedicineIndustrial</thingDef>
          <countRange>
            <min>1</min>
            <max>1</max>
          </countRange>
        </li>
      </subOptionsChooseOne>
    </inventoryOptions>
  </PawnKindDef>
  
  <PawnKindDef>
    <defName>OrassanMercenarySniper</defName>
    <label>orassan sniper</label>
    <race>Alien_Orassan</race>
    <combatPower>140</combatPower>
    <baseRecruitDifficulty>0.70</baseRecruitDifficulty>
    <backstoryCategories><li>OrassanMercenary</li></backstoryCategories>
    <invNutrition>3</invNutrition>
    <itemQuality>Good</itemQuality>
    <backstoryCryptosleepCommonality>0.25</backstoryCryptosleepCommonality>
    <maxGenerationAge>35</maxGenerationAge>
    <gearHealthRange>
      <min>0.7</min>
      <max>2.3</max>
    </gearHealthRange>
    <apparelTags>
      <li>IndustrialBasic</li>
      <li>IndustrialAdvanced</li>
    </apparelTags>
    <apparelMoney>
      <min>1000</min>
      <max>3000</max>
    </apparelMoney>
    <apparelAllowHeadgearChance>0.5</apparelAllowHeadgearChance>
    <weaponMoney>
      <min>1000</min>
      <max>3000</max>
    </weaponMoney>
    <weaponTags>
      <li>SniperRifle</li>
	        <li>NeolithicRangedDecent</li>
    </weaponTags>
    <techHediffsMoney>
      <min>2000</min>
      <max>3500</max>
    </techHediffsMoney>
    <techHediffsTags>
      <li>Advanced</li>
    </techHediffsTags>
    <techHediffsChance>0.075</techHediffsChance>
    <inventoryOptions>
      <skipChance>0</skipChance>
      <subOptionsChooseOne>
        <li>
          <thingDef>Silver</thingDef>
          <countRange>
            <min>50</min>
            <max>200</max>
          </countRange>
        </li>
        <li>
          <thingDef>MedicineIndustrial</thingDef>
          <countRange>
            <min>1</min>
            <max>1</max>
          </countRange>
        </li>
      </subOptionsChooseOne>
    </inventoryOptions>
  </PawnKindDef>

  <PawnKindDef>
    <defName>OrassanGunner</defName>
    <label>orassan gunner</label>
    <race>Alien_Orassan</race>
    <combatPower>200</combatPower>
    <defaultFactionType>Orassan</defaultFactionType>
    <baseRecruitDifficulty>0.70</baseRecruitDifficulty>
    <backstoryCategories><li>OrassanSoldier</li></backstoryCategories>
    <invNutrition>3</invNutrition>
    <itemQuality>Good</itemQuality>
    <backstoryCryptosleepCommonality>0.25</backstoryCryptosleepCommonality>
    <maxGenerationAge>35</maxGenerationAge>
    <gearHealthRange>
      <min>0.7</min>
      <max>2.3</max>
    </gearHealthRange>
    <apparelTags>
      <li>IndustrialBasic</li>
      <li>IndustrialAdvanced</li>
    </apparelTags>
    <apparelMoney>
      <min>1000</min>
      <max>3000</max>
    </apparelMoney>
    <apparelAllowHeadgearChance>0.5</apparelAllowHeadgearChance>
    <weaponMoney>
      <min>1000</min>
      <max>3000</max>
    </weaponMoney>
    <weaponTags>
      <li>GunHeavy</li>
	        <li>NeolithicRangedDecent</li>
	        <li>MedievalMeleeDecent</li>
      <li>MedievalMeleeAdvanced</li>
    </weaponTags>
    <techHediffsMoney>
      <min>2000</min>
      <max>3500</max>
    </techHediffsMoney>
    <techHediffsTags>
      <li>Advanced</li>
    </techHediffsTags>
    <techHediffsChance>0.075</techHediffsChance>
    <inventoryOptions>
      <skipChance>0</skipChance>
      <subOptionsChooseOne>
        <li>
          <thingDef>Silver</thingDef>
          <countRange>
            <min>50</min>
            <max>200</max>
          </countRange>
        </li>
        <li>
          <thingDef>MedicineIndustrial</thingDef>
          <countRange>
            <min>1</min>
            <max>1</max>
          </countRange>
        </li>
      </subOptionsChooseOne>
    </inventoryOptions>
  </PawnKindDef>
  
    <PawnKindDef>
    <defName>OrassanMercenaryGunner</defName>
    <label>orassan gunner</label>
    <race>Alien_Orassan</race>
    <combatPower>200</combatPower>
    <baseRecruitDifficulty>0.70</baseRecruitDifficulty>
    <backstoryCategories><li>OrassanMercenary</li></backstoryCategories>
    <invNutrition>3</invNutrition>
    <itemQuality>Good</itemQuality>
    <backstoryCryptosleepCommonality>0.25</backstoryCryptosleepCommonality>
    <maxGenerationAge>35</maxGenerationAge>
    <gearHealthRange>
      <min>0.7</min>
      <max>2.3</max>
    </gearHealthRange>
    <apparelTags>
      <li>IndustrialBasic</li>
      <li>IndustrialAdvanced</li>
    </apparelTags>
    <apparelMoney>
      <min>1000</min>
      <max>3000</max>
    </apparelMoney>
    <apparelAllowHeadgearChance>0.5</apparelAllowHeadgearChance>
    <weaponMoney>
      <min>1000</min>
      <max>3000</max>
    </weaponMoney>
    <weaponTags>
      <li>GunHeavy</li>
	        <li>NeolithicRangedDecent</li>
	        <li>MedievalMeleeDecent</li>
      <li>MedievalMeleeAdvanced</li>
    </weaponTags>
    <techHediffsMoney>
      <min>2000</min>
      <max>3500</max>
    </techHediffsMoney>
    <techHediffsTags>
      <li>Advanced</li>
    </techHediffsTags>
    <techHediffsChance>0.075</techHediffsChance>
    <inventoryOptions>
      <skipChance>0</skipChance>
      <subOptionsChooseOne>
        <li>
          <thingDef>Silver</thingDef>
          <countRange>
            <min>50</min>
            <max>200</max>
          </countRange>
        </li>
        <li>
          <thingDef>MedicineIndustrial</thingDef>
          <countRange>
            <min>1</min>
            <max>1</max>
          </countRange>
        </li>
      </subOptionsChooseOne>
    </inventoryOptions>
  </PawnKindDef>

  <PawnKindDef>
    <defName>OrassanGrenadier</defName>
    <label>orassan grenadier</label>
    <race>Alien_Orassan</race>
    <combatPower>250</combatPower>
    <defaultFactionType>Orassan</defaultFactionType>
    <baseRecruitDifficulty>0.70</baseRecruitDifficulty>
    <backstoryCategories><li>OrassanSoldier</li></backstoryCategories>
    <invNutrition>3</invNutrition>
    <itemQuality>Good</itemQuality>
    <backstoryCryptosleepCommonality>0.25</backstoryCryptosleepCommonality>
    <maxGenerationAge>35</maxGenerationAge>
    <gearHealthRange>
      <min>0.7</min>
      <max>2.3</max>
    </gearHealthRange>
    <apparelTags>
      <li>IndustrialBasic</li>
      <li>IndustrialAdvanced</li>
    </apparelTags>
    <apparelMoney>
      <min>1000</min>
      <max>3000</max>
    </apparelMoney>
    <apparelAllowHeadgearChance>0.5</apparelAllowHeadgearChance>
    <weaponMoney>
      <min>1000</min>
      <max>25000</max>
    </weaponMoney>
    <weaponTags>
      <li>GrenadeDestructive</li>
	        <li>NeolithicRangedDecent</li>
	        <li>MedievalMeleeDecent</li>
      <li>MedievalMeleeAdvanced</li>
    </weaponTags>
    <techHediffsMoney>
      <min>2000</min>
      <max>3500</max>
    </techHediffsMoney>
    <techHediffsTags>
      <li>Advanced</li>
    </techHediffsTags>
    <techHediffsChance>0.075</techHediffsChance>
    <inventoryOptions>
      <skipChance>0</skipChance>
      <subOptionsChooseOne>
        <li>
          <thingDef>Silver</thingDef>
          <countRange>
            <min>50</min>
            <max>200</max>
          </countRange>
        </li>
        <li>
          <thingDef>MedicineIndustrial</thingDef>
          <countRange>
            <min>1</min>
            <max>1</max>
          </countRange>
        </li>
      </subOptionsChooseOne>
    </inventoryOptions>
  </PawnKindDef>
  
    <PawnKindDef>
    <defName>OrassanSoldier</defName>
    <label>orassan soldier</label>
    <race>Alien_Orassan</race>
    <combatPower>150</combatPower>
    <defaultFactionType>Orassan</defaultFactionType>
    <baseRecruitDifficulty>0.70</baseRecruitDifficulty>
    <backstoryCategories><li>OrassanSoldier</li></backstoryCategories>
    <invNutrition>3</invNutrition>
    <itemQuality>Good</itemQuality>
    <backstoryCryptosleepCommonality>0.25</backstoryCryptosleepCommonality>
    <maxGenerationAge>35</maxGenerationAge>
    <gearHealthRange>
      <min>0.7</min>
      <max>2.3</max>
    </gearHealthRange>
    <apparelTags>
      <li>IndustrialBasic</li>
      <li>IndustrialAdvanced</li>
    </apparelTags>
    <apparelMoney>
      <min>1000</min>
      <max>3000</max>
    </apparelMoney>
    <apparelAllowHeadgearChance>0.5</apparelAllowHeadgearChance>
    <weaponMoney>
      <min>1000</min>
      <max>3000</max>
    </weaponMoney>
    <weaponTags>
      <li>Gun</li>
	        <li>NeolithicRangedDecent</li>
	        <li>MedievalMeleeDecent</li>
      <li>MedievalMeleeAdvanced</li>
    </weaponTags>
    <techHediffsMoney>
      <min>2000</min>
      <max>3500</max>
    </techHediffsMoney>
    <techHediffsTags>
      <li>Advanced</li>
    </techHediffsTags>
    <techHediffsChance>0.075</techHediffsChance>
    <inventoryOptions>
      <skipChance>0</skipChance>
      <subOptionsChooseOne>
        <li>
          <thingDef>Silver</thingDef>
          <countRange>
            <min>50</min>
            <max>200</max>
          </countRange>
        </li>
        <li>
          <thingDef>MedicineIndustrial</thingDef>
          <countRange>
            <min>1</min>
            <max>1</max>
          </countRange>
        </li>
      </subOptionsChooseOne>
    </inventoryOptions>
  </PawnKindDef>
  
   <PawnKindDef>
    <defName>OrassanMercenarySoldier</defName>
    <label>orassan mercenary</label>
    <race>Alien_Orassan</race>
    <combatPower>150</combatPower>
    <baseRecruitDifficulty>0.70</baseRecruitDifficulty>
    <backstoryCategories><li>OrassanMercenary</li></backstoryCategories>
    <invNutrition>3</invNutrition>
    <itemQuality>Good</itemQuality>
    <backstoryCryptosleepCommonality>0.25</backstoryCryptosleepCommonality>
    <maxGenerationAge>35</maxGenerationAge>
    <gearHealthRange>
      <min>0.7</min>
      <max>2.3</max>
    </gearHealthRange>
    <apparelTags>
      <li>IndustrialBasic</li>
      <li>IndustrialAdvanced</li>
    </apparelTags>
    <apparelMoney>
      <min>1000</min>
      <max>3000</max>
    </apparelMoney>
    <apparelAllowHeadgearChance>0.5</apparelAllowHeadgearChance>
    <weaponMoney>
      <min>1000</min>
      <max>3000</max>
    </weaponMoney>
    <weaponTags>
      <li>Gun</li>
	        <li>NeolithicRangedDecent</li>
	        <li>MedievalMeleeDecent</li>
      <li>MedievalMeleeAdvanced</li>
    </weaponTags>
    <techHediffsMoney>
      <min>2000</min>
      <max>3500</max>
    </techHediffsMoney>
    <techHediffsTags>
      <li>Advanced</li>
    </techHediffsTags>
    <techHediffsChance>0.075</techHediffsChance>
    <inventoryOptions>
      <skipChance>0</skipChance>
      <subOptionsChooseOne>
        <li>
          <thingDef>Silver</thingDef>
          <countRange>
            <min>50</min>
            <max>200</max>
          </countRange>
        </li>
        <li>
          <thingDef>MedicineIndustrial</thingDef>
          <countRange>
            <min>1</min>
            <max>1</max>
          </countRange>
        </li>
      </subOptionsChooseOne>
    </inventoryOptions>
  </PawnKindDef>
  
     <PawnKindDef>
    <defName>OrassanPirate</defName>
    <label>orassan pirate</label>
    <race>Alien_Orassan</race>
    <combatPower>120</combatPower>
    <baseRecruitDifficulty>0.70</baseRecruitDifficulty>
    <backstoryCategories><li>OrassanPirate</li></backstoryCategories>
    <invNutrition>3</invNutrition>
    <itemQuality>Normal</itemQuality>
    <backstoryCryptosleepCommonality>0.25</backstoryCryptosleepCommonality>
    <maxGenerationAge>35</maxGenerationAge>
    <gearHealthRange>
      <min>0.7</min>
      <max>2.3</max>
    </gearHealthRange>
    <apparelTags>
      <li>IndustrialBasic</li>
      <li>IndustrialAdvanced</li>
    </apparelTags>
    <apparelMoney>
      <min>1000</min>
      <max>3000</max>
    </apparelMoney>
    <apparelAllowHeadgearChance>0.5</apparelAllowHeadgearChance>
    <weaponMoney>
      <min>1000</min>
      <max>3000</max>
    </weaponMoney>
    <weaponTags>
      <li>Gun</li>
	        <li>NeolithicRangedDecent</li>
	        <li>MedievalMeleeDecent</li>
      <li>MedievalMeleeAdvanced</li>
    </weaponTags>
    <techHediffsMoney>
      <min>2000</min>
      <max>3500</max>
    </techHediffsMoney>
    <techHediffsTags>
      <li>Advanced</li>
    </techHediffsTags>
    <techHediffsChance>0.075</techHediffsChance>
    <inventoryOptions>
      <skipChance>.2</skipChance>
      <subOptionsChooseOne>
        <li>
          <thingDef>Silver</thingDef>
          <countRange>
            <min>50</min>
            <max>200</max>
          </countRange>
        </li>
        <li>
          <thingDef>MedicineIndustrial</thingDef>
          <countRange>
            <min>1</min>
            <max>1</max>
          </countRange>
        </li>
      </subOptionsChooseOne>
    </inventoryOptions>
  </PawnKindDef>
  
    <PawnKindDef ParentName="TribalBase">
    <defName>Tribal_Warrior_Orassan</defName>
    <label>warrior</label>
	<defaultFactionType>PlayerTribe</defaultFactionType>
	<race>Alien_Orassan</race>
    <combatPower>60</combatPower>
    <itemQuality>Poor</itemQuality>
    <canBeSapper>true</canBeSapper>
    <gearHealthRange>
      <min>0.5</min>
      <max>1.8</max>
    </gearHealthRange>
    <apparelMoney>
      <min>200</min>
      <max>300</max>
    </apparelMoney>
    <apparelRequired>
      <li>Apparel_WarVeil</li>
    </apparelRequired>
    <weaponMoney>
      <min>150</min>
      <max>150</max>
    </weaponMoney>
    <weaponTags>
      <li>NeolithicMeleeDecent</li>
    </weaponTags>
  </PawnKindDef>

  <PawnKindDef ParentName="TribalBase" Name="Tribal_Hunter">
    <defName>Tribal_Hunter_Orassan</defName>
    <label>hunter</label>
	<defaultFactionType>PlayerTribe</defaultFactionType>
	<race>Alien_Orassan</race>
    <combatPower>65</combatPower>
    <gearHealthRange>
      <min>0.5</min>
      <max>1.8</max>
    </gearHealthRange>
    <apparelMoney>
      <min>200</min>
      <max>300</max>
    </apparelMoney>
    <apparelRequired>
      <li>Apparel_WarVeil</li>
    </apparelRequired>
    <weaponMoney>
      <min>100</min>
      <max>100</max>
    </weaponMoney>
    <weaponTags>
      <li>NeolithicRangedDecent</li>
    </weaponTags>
  </PawnKindDef>

</Defs>
