﻿<?xml version="1.0" encoding="UTF-8"?>
<LanguageData>
  
  <!-- EN: became lover -->
  <BecameLover.label>любовь</BecameLover.label>
  <!-- EN:
    <li>tale_noun->[PURSUER_nameDef] and [ACCEPTER_nameDef] becoming lovers</li>
    <li>image->[PURSUER_nameFull] whispering sweet nothings into [ACCEPTER_nameFull]'s ear [circumstance_group]</li>
    <li>image->[PURSUER_nameFull] leading [ACCEPTER_nameFull] by the hand into bed [circumstance_group]</li>
    <li>image->[PURSUER_nameFull] gambolling in bed with [ACCEPTER_nameFull] [circumstance_group]</li>
    <li>image->[PURSUER_nameFull] deeply kissing [ACCEPTER_nameFull] [circumstance_group]</li>
    <li>circumstance_phrase->in an unrealistically large bed</li>
    <li>circumstance_phrase->between the sheets</li>
    <li>circumstance_phrase->with few clothes in sight</li>
    <li>circumstance_phrase->while both are drenched in sweat</li>
    <li>desc_sentence->[PURSUER_nameDef] is snuggling up against [ACCEPTER_nameDef].</li>
    <li>desc_sentence->[PURSUER_nameDef] is locking eyes with [ACCEPTER_nameDef].</li>
    <li>desc_sentence->[PURSUER_nameDef] is blowing air at [ACCEPTER_nameDef].</li>
    <li>desc_sentence->[PURSUER_nameDef] is stylistically bonded with [ACCEPTER_nameDef].</li>
    <li>desc_sentence->[PURSUER_nameDef] is a near-mirror image of [ACCEPTER_nameDef].</li>
    <li>desc_sentence->[PURSUER_nameDef] is touching [ACCEPTER_nameDef] aggressively.</li>
  -->
  <BecameLover.rulePack.rulesStrings>
    <li>tale_noun->как [PURSUER_nameDef] и [ACCEPTER_nameDef] начали встречаться</li>
    <li>image->, как [PURSUER_nameFull] шепчет сладкие пустяки в ухо [ACCEPTER_nameFull][circumstance_phrase]</li>
    <li>image->, как [PURSUER_nameFull] ведёт [ACCEPTER_nameFull] за руку к кровати[circumstance_phrase]</li>
    <li>image->, как [PURSUER_nameFull] резвится в кровати с [ACCEPTER_nameFull][circumstance_phrase]</li>
    <li>image->, как [PURSUER_nameFull] горячо целует [ACCEPTER_nameFull][circumstance_phrase]</li>
    <li>circumstance_phrase->[empty] на неправдоподобно большой кровати</li>
    <li>circumstance_phrase->[empty] между одеял</li>
    <li>circumstance_phrase->[empty] практически без одежды</li>
    <li>circumstance_phrase->, оба покрыты потом</li>
    <li>desc_sentence->[PURSUER_nameDef] прижимается к [ACCEPTER_nameDef].</li>
    <li>desc_sentence->[PURSUER_nameDef] не отрываясь глядит на [ACCEPTER_nameDef].</li>
    <li>desc_sentence->[PURSUER_nameDef] посылает воздушный поцелуй [ACCEPTER_nameDef].</li>
    <li>desc_sentence->[PURSUER_nameDef] стилистически изображается неотрывно от [ACCEPTER_nameDef].</li>
    <li>desc_sentence->[PURSUER_nameDef] словно зеркальное отражение [ACCEPTER_nameDef].</li>
    <li>desc_sentence->[PURSUER_nameDef] настойчиво прикасается к [ACCEPTER_nameDef].</li>
  </BecameLover.rulePack.rulesStrings>
  
  <!-- EN: bond developed -->
  <BondedWithAnimal.label>возникла привязанность</BondedWithAnimal.label>
  <!-- EN:
    <li>tale_noun->[HUMAN_nameDef]'s bonding with [ANIMAL_nameDef]</li>
    <li>image->[HUMAN_nameFull] bonding with [ANIMAL_nameFull] [circumstance_group]</li>
    <li>image->[HUMAN_nameFull] forming a deep bond with [ANIMAL_nameFull] [circumstance_group]</li>
    <li>image->[HUMAN_nameFull] realizing [HUMAN_possessive] truly loves [ANIMAL_nameFull] [circumstance_group]</li>
    <li>circumstance_phrase->while other animals look on</li>
    <li>circumstance_phrase->while looking into [ANIMAL_nameDef]'s eyes</li>
    <li>circumstance_phrase->with a sense of satisfaction</li>
    <li>desc_sentence->[ANIMAL_nameDef] is snuggling up against [HUMAN_nameDef].</li>
    <li>desc_sentence->[ANIMAL_nameDef] looks sleepy and drunk with love.</li>
    <li>desc_sentence->[ANIMAL_nameDef] stands tall and looks noble.</li>
    <li>desc_sentence->[ANIMAL_nameDef] is responding positively.</li>
  -->
  <BondedWithAnimal.rulePack.rulesStrings>
    <li>tale_noun->как [ANIMAL_nameDef] привязался к [HUMAN_nameDef]</li>
    <li>image->[ANIMAL_nameFull] и [HUMAN_nameDef], между которыми возникает привязанность[circumstance_phrase]</li>
    <li>image->[HUMAN_nameFull] и [ANIMAL_nameFull], между которыми возникает глубокая привязанность[circumstance_phrase]</li>
    <li>image->, как [HUMAN_nameFull] осознаёт, что [PAWN_pronoun] любит [ANIMAL_nameFull][circumstance_phrase]</li>
    <li>circumstance_phrase->, пока другие животные смотрят на них</li>
    <li>circumstance_phrase->. [HUMAN_nameDef] глядит глубоко в [ANIMAL_possessive] глаза</li>
    <li>circumstance_phrase->. [HUMAN_nameDef] чувствует удовлетворение</li>
    <li>desc_sentence->[ANIMAL_nameDef] прижимается к [HUMAN_nameDef].</li>
    <li>desc_sentence->животное, [ANIMAL_nameDef], выглядит сонным и расслабленным от любви.</li>
    <li>desc_sentence->[ANIMAL_nameDef] не роняет достоинства и выглядит величественно.</li>
    <li>desc_sentence->[ANIMAL_nameDef] отвечает взаимной любовью.</li>
  </BondedWithAnimal.rulePack.rulesStrings>
  
  <!-- EN: breakup -->
  <Breakup.label>расставание</Breakup.label>
  <!-- EN:
    <li>tale_noun->the breakup of [DUMPER_nameDef] and [REJECTED_nameDef]</li>
    <li>image->[DUMPER_nameFull] sitting [REJECTED_nameFull] down for an unpleasant talk [circumstance_group]</li>
    <li>image->[DUMPER_nameFull] standing at a distance from [REJECTED_nameFull] [circumstance_group]</li>
    <li>image->[DUMPER_nameFull] pushing [REJECTED_nameFull] out of bed [circumstance_group]</li>
    <li>image->[DUMPER_nameFull] rejecting a hug from [REJECTED_nameFull] [circumstance_group]</li>
    <li>circumstance_phrase->in a moment of great sadness</li>
    <li>circumstance_phrase->as others look away awkwardly</li>
    <li>circumstance_phrase->as others look on</li>
    <li>desc_sentence->[REJECTED_nameDef] is sobbing uncontrollably.</li>
    <li>desc_sentence->[REJECTED_nameDef] is sneering and crying at the same time.</li>
    <li>desc_sentence->[REJECTED_nameDef] is stony-faced with shock.</li>
    <li>desc_sentence->[DUMPER_nameDef] is stylistically separated from [REJECTED_nameDef].</li>
    <li>desc_sentence->[REJECTED_nameDef] has collapsed on the floor in a quivering heap.</li>
    <li>desc_sentence->[REJECTED_nameDef] is gesticulating angrily at [DUMPER_nameDef].</li>
  -->
  <Breakup.rulePack.rulesStrings>
    <li>tale_noun->как расстались [DUMPER_nameDef] и [REJECTED_nameDef]</li>
    <li>image->, как [DUMPER_nameFull] усаживает [REJECTED_nameFull] для неприятного разговора[circumstance_phrase]</li>
    <li>image->, как [DUMPER_nameFull] отдаляется от [REJECTED_nameFull][circumstance_phrase]</li>
    <li>image->, как [DUMPER_nameFull] выталкивает [REJECTED_nameFull] из кровати[circumstance_phrase]</li>
    <li>image->, как [DUMPER_nameFull] отвергает объятия [REJECTED_nameFull][circumstance_phrase]</li>
    <li>circumstance_phrase->[empty] в момент великой печали</li>
    <li>circumstance_phrase->, пока другие неловко отворачиваются</li>
    <li>circumstance_phrase->, пока другие смотрят</li>
    <li>desc_sentence->[REJECTED_nameDef] безудержно рыдает.</li>
    <li>desc_sentence->[REJECTED_nameDef] одновременно насмехается и плачет.</li>
    <li>desc_sentence->[REJECTED_nameDef] пребывает в удивлении.</li>
    <li>desc_sentence->[DUMPER_nameDef] стилистически изображается отдельно от [REJECTED_nameDef].</li>
    <li>desc_sentence->[REJECTED_nameDef], рыдая, падает на пол.</li>
    <li>desc_sentence->[REJECTED_nameDef] злобно жестикулирует, указывая на [DUMPER_nameDef]</li>
  </Breakup.rulePack.rulesStrings>
  
  <!-- EN: marriage -->
  <Marriage.label>свадьба</Marriage.label>
  <!-- EN:
    <li>tale_noun->the marriage of [SPOUSE1_nameDef] and [SPOUSE2_nameDef]</li>
    <li>image->[SPOUSE1_nameFull] marrying [SPOUSE2_nameFull] [circumstance_group]</li>
    <li>image->[SPOUSE1_nameFull] saying [SPOUSE1_possessive] marriage vows to [SPOUSE2_nameFull] [circumstance_group]</li>
    <li>image->[SPOUSE1_nameFull] walking down the aisle with [SPOUSE2_nameFull] [circumstance_group]</li>
    <li>image->[SPOUSE1_nameFull] holding hands with [SPOUSE2_nameFull] during a marriage ceremony [circumstance_group]</li>
    <li>circumstance_phrase->in a dignified ceremony</li>
    <li>circumstance_phrase->while both laugh gaily</li>
    <li>circumstance_phrase->while others look on solemnly</li>
    <li>desc_sentence->[SPOUSE1_nameDef] is snuggling up against [SPOUSE2_nameDef].</li>
    <li>desc_sentence->[SPOUSE1_nameDef] is locking eyes with [SPOUSE2_nameDef].</li>
    <li>desc_sentence->[SPOUSE1_nameDef] is blowing air at [SPOUSE2_nameDef].</li>
    <li>desc_sentence->[SPOUSE1_nameDef] is stylistically bonded with [SPOUSE2_nameDef].</li>
    <li>desc_sentence->[SPOUSE1_nameDef] is a near-mirror image of [SPOUSE2_nameDef].</li>
    <li>desc_sentence->[SPOUSE1_nameDef] is touching [SPOUSE2_nameDef] aggressively.</li>
  -->
  <Marriage.rulePack.rulesStrings>
    <li>tale_noun->как поженились [SPOUSE1_nameDef] и [SPOUSE2_nameDef]</li>
    <li>image->, как [SPOUSE1_nameFull][circumstance_phrase] связывает себя узами брака с [SPOUSE2_nameFull]</li>
    <li>image->, как [SPOUSE1_nameFull][circumstance_phrase] говорит свою свадебную клятву [SPOUSE2_nameFull]</li>
    <li>image->, как [SPOUSE1_nameFull][circumstance_phrase] проходит к алтарю с [SPOUSE2_nameFull]</li>
    <li>image->, как [SPOUSE1_nameFull][circumstance_phrase] держится за руки с [SPOUSE2_nameFull] во время свадебной церемонии</li>
    <li>circumstance_phrase->[empty] торжественно и величаво</li>
    <li>circumstance_phrase->, радостно смеясь,</li>
    <li>circumstance_phrase->, пока другие смотрят с торжественным видом,</li>
    <li>desc_sentence->[SPOUSE1_nameDef] прижимается к [SPOUSE2_nameDef].</li>
    <li>desc_sentence->[SPOUSE1_nameDef] не отрываясь глядит на [SPOUSE2_nameDef].</li>
    <li>desc_sentence->[SPOUSE1_nameDef] посылает воздушный поцелуй [SPOUSE2_nameDef].</li>
    <li>desc_sentence->[SPOUSE1_nameDef] стилистически изображается неотрывно от [SPOUSE2_nameDef].</li>
    <li>desc_sentence->[SPOUSE1_nameDef] словно зеркальное отражение [SPOUSE2_nameDef].</li>
    <li>desc_sentence->[SPOUSE1_nameDef] настойчиво прикасается к [SPOUSE2_nameDef].</li>
  </Marriage.rulePack.rulesStrings>
  
</LanguageData>
