﻿<?xml version="1.0" encoding="UTF-8"?>
<LanguageData>
  
  <!-- EN: raw humanlike meat eaten -->
  <AteRawHumanlikeMeat.label>съедено мумиё</AteRawHumanlikeMeat.label>
  <!-- EN:
    <li>tale_noun->[PAWN_nameDef]'s eating of human meat</li>
    <li>image->[PAWN_nameFull] [eat_gerund] the meat of a fellow humanoid [circumstance_group]</li>
    <li>image->[PAWN_nameFull] [eat_gerund] meat from a humanlike arm [circumstance_group]</li>
    <li>image->[PAWN_nameFull] [eat_gerund] flesh of a humanoid [circumstance_group]</li>
    <li>eat_gerund->eating</li>
    <li>eat_gerund->ingesting</li>
    <li>eat_gerund->chewing</li>
    <li>eat_gerund->chowing down on</li>
    <li>eat_gerund->consuming</li>
    <li>eat_gerund->swallowing</li>
    <li>eat_gerund->cannibalizing</li>
    <li>circumstance_phrase->with a sense of purpose</li>
    <li>circumstance_phrase->with no hint of shame</li>
    <li>circumstance_phrase->with a look of shame</li>
    <li>circumstance_phrase->while others look on</li>
    <li>circumstance_phrase->with gusto</li>
    <li>circumstance_phrase->frantically, like [PAWN_possessive] life depended on it</li>
    <li>desc_sentence->[PAWN_nameDef]'s face is covered with blood and fluid.</li>
    <li>desc_sentence->[PAWN_nameDef] is licking [PAWN_possessive] fingers.</li>
    <li>desc_sentence->[PAWN_nameDef] has blood and gore bits all down [PAWN_possessive] front.</li>
    <li>desc_sentence->[PAWN_nameDef] is in the middle of a large pool of blood.</li>
    <li>desc_sentence->[PAWN_nameDef] is eyeing someone else nearby with dark interest.</li>
    <li>desc_sentence->The meat is glistening and appears very succulent.</li>
    <li>desc_sentence->The meat is spilling all over [PAWN_nameDef]'s body.</li>
  -->
  <AteRawHumanlikeMeat.rulePack.rulesStrings>
    <li>tale_noun->как [PAWN_nameDef] ест мумиё</li>
    <li>image->, как [PAWN_nameFull][circumstance_phrase] [eat_gerund] мумиё, определённо сделанное из экскрементов</li>
    <li>image->, как [PAWN_nameFull][circumstance_phrase] [eat_gerund] мумиё, всё в грязи</li>
    <li>image->, как [PAWN_nameFull][circumstance_phrase] [eat_gerund] мумиё, которое мерзко воняет</li>
    <li>eat_gerund->поедает</li>
    <li>eat_gerund->уплетает</li>
    <li>eat_gerund->жуёт</li>
    <li>eat_gerund->ест</li>
    <li>eat_gerund->употребляет в пищу</li>
    <li>eat_gerund->проглатывает</li>
    <li>eat_gerund->пожирает</li>
    <li>circumstance_phrase->[empty] целенаправленно</li>
    <li>circumstance_phrase->[empty] без единого признака отвращения</li>
    <li>circumstance_phrase->[empty] с чувством отвращения</li>
    <li>circumstance_phrase->, пока другие молча смотрят,</li>
    <li>circumstance_phrase->[empty] со смаком</li>
    <li>circumstance_phrase->, бешено, словно [PAWN_possessive] жизнь зависит от этого,</li>
    <li>desc_sentence->Всё лицо [PAWN_nameDef] покрыто слизью.</li>
    <li>desc_sentence->[PAWN_nameDef] облизывает свои пальцы.</li>
    <li>desc_sentence->[PAWN_possessive] лицо и руки измазаны слизью и гнилью.</li>
    <li>desc_sentence->[PAWN_nameDef] в середине огромной лужи нечистот.</li>
    <li>desc_sentence->[PAWN_nameDef] смотрит с голодным блеском в глазах.</li>
    <li>desc_sentence->Мумиё блестит и выглядит очень полезным.</li>
    <li>desc_sentence->Всё [PAWN_possessive] тело облеплено кусочками мумиё.</li>
  </AteRawHumanlikeMeat.rulePack.rulesStrings>
  
  <!-- EN: humanlike corpse butchered -->
  <ButcheredHumanlikeCorpse.label>бардак вокруг</ButcheredHumanlikeCorpse.label>
  
  <!-- EN: art crafted -->
  <CraftedArt.label>создан предмет искусства</CraftedArt.label>
  <!-- EN:
    <li>tale_noun->the time [PAWN_nameDef] crafted [THING_indefinite]</li>
    <li>image->[PAWN_nameFull] crafting [THING_indefinite] [circumstance_group]. [quality_sentence]. [title_sentence]</li>
    <li>image->[PAWN_nameFull] completing [PAWN_possessive] work on [THING_indefinite] [circumstance_group]. [quality_sentence]. [title_sentence]</li>
    <li>image->[PAWN_nameFull] working on [THING_indefinite] [circumstance_group]. [quality_sentence]. [title_sentence]</li>
    <li>image->[PAWN_nameFull] making [THING_indefinite] [circumstance_group]. [quality_sentence]. [title_sentence]</li>
    <li>circumstance_phrase->with total concentration</li>
    <li>circumstance_phrase->with a look of satisfaction on [PAWN_possessive] face</li>
    <li>circumstance_phrase->at [PAWN_possessive] work bench</li>
    <li>circumstance_phrase->with great intensity</li>
    <li>desc_sentence->There are tools scattered all around.</li>
    <li>desc_sentence->[PAWN_pronoun] is scratched and scarred from work injuries.</li>
    <li>desc_sentence->[PAWN_pronoun] is covered in sweat.</li>
    <li>desc_sentence->The work area is highly organized, with every tool in its proper place.</li>
    <li>desc_sentence->[PAWN_pronoun] is rendered in an exaggerated way to appear more powerful.</li>
    <li>desc_sentence->The size of [THING_definite] is exaggerated to emphasize its importance.</li>
    <li>desc_sentence->[THING_definite] has an artistic glow added to it. It seems almost angelic.</li>
    <li>desc_sentence->[PAWN_nameDef] is faded into the background to emphasize [PAWN_possessive] new creation.</li>
    <li>desc_sentence->[Quantity_adjphrase] onlookers surround [PAWN_objective].</li>
    <li>desc_sentence->A crowd cheers from the background.</li>
    <li>quality_sentence->[THING_definite] looks to be of [THING_quality] quality</li>
    <li>quality_sentence->[THING_definite] is of [THING_quality] quality</li>
    <li>quality_sentence->[PAWN_nameDef]'s work is of [THING_quality] quality</li>
    <li>title_sentence->[PAWN_nameDef]'s title for [THING_definite] is written underneath: [THING_title]</li>
    <li>title_sentence->[THING_definite] is emblazoned with its title: [THING_title]</li>
    <li>title_sentence->The title of [THING_definite], [THING_title], hangs in the background</li>
  -->
  <CraftedArt.rulePack.rulesStrings>
    <li>tale_noun->как [PAWN_nameDef] создаёт [THING_indefinite]</li>
    <li>image->, как [PAWN_nameFull] [circumstance_phrase] делает [THING_indefinite]. [quality_sentence]. [title_sentence]</li>
    <li>image->, как [PAWN_nameFull] [circumstance_phrase] завершает свою работу над [THING_indefinite]. [quality_sentence]. [title_sentence]</li>
    <li>image->, как [PAWN_nameFull] [circumstance_phrase] работает над [THING_indefinite]. [quality_sentence]. [title_sentence]</li>
    <li>image->, как [PAWN_nameFull] [circumstance_phrase] делает [THING_indefinite]. [quality_sentence]. [title_sentence]</li>
    <li>circumstance_phrase->с полной концентрацией</li>
    <li>circumstance_phrase->с выражением удовлетворения на лице</li>
    <li>circumstance_phrase->за своим верстаком</li>
    <li>circumstance_phrase->с большой интенсивностью</li>
    <li>desc_sentence->Повсюду разбросаны инструменты.</li>
    <li>desc_sentence->У н[PAWN_possessive] видны царапины и шрамы от производственных травм.</li>
    <li>desc_sentence->[PAWN_pronoun] работает в поте лица.</li>
    <li>desc_sentence->Рабочая зона хорошо организована, каждый инструмент лежит на своём месте.</li>
    <li>desc_sentence->[PAWN_pronoun] изображается несколько выше ростом, что придаёт [PAWN_objective] важный вид.</li>
    <li>desc_sentence->[item_labelDefinite] изображается в несколько преувеличенном виде, что подчёркивает важность этого предмета.</li>
    <li>desc_sentence->[item_labelDefinite] кажется почти божественным, так как ему добавлено художественное свечение.</li>
    <li>desc_sentence->[PAWN_nameDef] отведён на второй план, чтобы сделать акцент на [PAWN_possessive] новом произведении.</li>
    <li>desc_sentence->[PAWN_possessive] окружает группа зрителей.</li>
    <li>desc_sentence->На фоне ликует толпа.</li>
    <li>quality_sentence->похоже, что [THING_definite] качества «[THING_quality]».</li>
    <li>quality_sentence->[THING_definite] — качества «[THING_quality]».</li>
    <li>quality_sentence->работа автора по имени [PAWN_nameDef] определённо качества «[THING_quality]».</li>
    <li>title_sentence->Снизу написано название: «[THING_title]».</li>
    <li>title_sentence->На этом предмете красуется название: «[THING_title]».</li>
    <li>title_sentence->Название, «[THING_title]», висит сзади.</li>
  </CraftedArt.rulePack.rulesStrings>
  
  <!-- EN: drunk -->
  <Drunk.label>загул</Drunk.label>
  <!-- EN:
    <li>tale_noun->[PAWN_nameDef]'s extreme drunkenness</li>
    <li>tale_noun->[PAWN_nameDef] getting extremely drunk</li>
    <li>image->[PAWN_nameFull] staggering around drunk [circumstance_group]</li>
    <li>image->[PAWN_nameFull] tilting [PAWN_possessive] head back and guzzling liquor [circumstance_group]</li>
    <li>image->[PAWN_nameFull] greedily collecting bottles of liquor [circumstance_group]</li>
    <li>image->[PAWN_nameFull] drinking heavily [circumstance_group]</li>
    <li>circumstance_phrase->oblivious to [PAWN_possessive] surroundings</li>
    <li>circumstance_phrase->in a brooding stupor</li>
    <li>circumstance_phrase->while questioning [PAWN_possessive] own existence</li>
    <li>circumstance_phrase->with tears in [PAWN_possessive] eyes</li>
    <li>circumstance_phrase->while chuckling madly</li>
    <li>circumstance_phrase->while sobbing</li>
    <li>circumstance_phrase->while looking pathetic</li>
    <li>circumstance_phrase->while glaring angrily at people around [PAWN_objective]</li>
    <li>circumstance_phrase->while leering at someone nearby</li>
    <li>circumstance_phrase->while attempting to disrobe</li>
    <li>circumstance_phrase->with a finger in [PAWN_possessive] mouth</li>
    <li>circumstance_phrase->while holding back vomit</li>
    <li>circumstance_phrase->without a care in the world</li>
    <li>circumstance_phrase->with a lustful glint in [PAWN_possessive] eye</li>
    <li>circumstance_phrase->while reviewing the ghosts of [PAWN_possessive] past</li>
    <li>desc_sentence->[PAWN_pronoun] seems totally unaware of what is around [PAWN_objective].</li>
    <li>desc_sentence->[PAWN_possessive] face itself seems to be swelling.</li>
    <li>desc_sentence->[PAWN_pronoun] is nearly unconscious, [PAWN_possessive] tongue lolling out, drool dripping.</li>
    <li>desc_sentence->[PAWN_pronoun] looks happy and sad at the same time.</li>
    <li>desc_sentence->[PAWN_pronoun] has stains down [PAWN_possessive] front.</li>
    <li>desc_sentence->There is a trail of discarded beverage containers behind [PAWN_objective].</li>
    <li>desc_sentence->There is a white substance on [PAWN_possessive] pants.</li>
    <li>desc_sentence->[PAWN_pronoun] seems to have lost a shoe.</li>
    <li>desc_sentence->[PAWN_possessive] hair is totally mussed up.</li>
  -->
  <Drunk.rulePack.rulesStrings>
    <li>tale_noun->как [PAWN_nameDef] напивается</li>
    <li>image->, как [PAWN_nameFull] шатается в пьяном виде[circumstance_phrase]</li>
    <li>image->, как [PAWN_nameFull], откинув голову назад, хлещет спиртное[circumstance_phrase]</li>
    <li>image->, как [PAWN_nameFull] жадно собирает бутылки спиртного[circumstance_phrase]</li>
    <li>image->, как [PAWN_nameFull] пьянствует[circumstance_phrase]</li>
    <li>circumstance_phrase->, не замечая ничего вокруг</li>
    <li>circumstance_phrase->[empty] в задумчивом ступоре</li>
    <li>circumstance_phrase->, сомневаясь в своём собственном существовании</li>
    <li>circumstance_phrase->[empty] со слезами на глазах</li>
    <li>circumstance_phrase->, безумно посмеиваясь</li>
    <li>circumstance_phrase->[empty] рыдая</li>
    <li>circumstance_phrase->в жалком виде</li>
    <li>circumstance_phrase->, злобно пялясь на окружающих</li>
    <li>circumstance_phrase->, косо глядя на кого-то неподалёку</li>
    <li>circumstance_phrase->, пытаясь при этом раздеться</li>
    <li>circumstance_phrase->, засунув палец себе в рот</li>
    <li>circumstance_phrase->, сдерживая рвоту</li>
    <li>circumstance_phrase->[empty] ни о чём не заботясь</li>
    <li>circumstance_phrase->, похотливо сверкая глазами</li>
    <li>circumstance_phrase->, глядя на маячащих призраков [PAWN_possessive] прошлого</li>
    <li>desc_sentence->[PAWN_pronoun], кажется, совершенно не замечает ничего вокруг.</li>
    <li>desc_sentence->Само [PAWN_possessive] лицо, кажется, отекло.</li>
    <li>desc_sentence->[PAWN_pronoun] практически без сознания, [PAWN_possessive] язык вывалился и свисает, с него капает слюна.</li>
    <li>desc_sentence->[PAWN_pronoun] выглядит одновременно и счастливо, и грустно.</li>
    <li>desc_sentence->У н[PAWN_possessive] спереди какие-то пятна.</li>
    <li>desc_sentence->Позади н[PAWN_possessive] виден след из пустых бутылок.</li>
    <li>desc_sentence->[PAWN_possessive] брюки в белых пятнах.</li>
    <li>desc_sentence->У н[PAWN_possessive] на одной ноге нет ботинка.</li>
    <li>desc_sentence->[PAWN_possessive] волосы растрёпаны.</li>
  </Drunk.rulePack.rulesStrings>
  
  <!-- EN: research project finished -->
  <FinishedResearchProject.label>завершено исследование</FinishedResearchProject.label>
  <!-- EN:
    <li>tale_noun->[PAWN_nameDef] finishing research on [PROJECT_label]</li>
    <li>image->[PAWN_nameFull] working on [PROJECT_label] research project [circumstance_group]</li>
    <li>image->[PAWN_nameFull] studying the secrets of [PROJECT_label] [circumstance_group]</li>
    <li>image->[PAWN_nameFull] researching [PROJECT_label] [circumstance_group]</li>
    <li>circumstance_phrase->with great intensity</li>
    <li>circumstance_phrase->alone at [PAWN_possessive] bench</li>
    <li>circumstance_phrase->while holding papers in [PAWN_possessive] hand</li>
    <li>circumstance_phrase->with a look of gleeful fascination</li>
    <li>desc_sentence->[PAWN_nameDef] is sweating.</li>
    <li>desc_sentence->The work appears to be exceptionally complex.</li>
    <li>desc_sentence->[PAWN_nameDef] is completely surrounded by an array of tools and apparatuses.</li>
    <li>desc_sentence->[PAWN_nameDef] is staring at [PAWN_possessive] discovery with a sense of wonder.</li>
  -->
  <FinishedResearchProject.rulePack.rulesStrings>
    <li>tale_noun->как [PAWN_nameDef] завершает исследование «[PROJECT_label]»</li>
    <li>image->, как [PAWN_nameFull] [circumstance_phrase] работает над исследовательским проектом «[PROJECT_label]»</li>
    <li>image->, как [PAWN_nameFull] [circumstance_phrase] изучает секреты проекта «[PROJECT_label]»</li>
    <li>image->, как [PAWN_nameFull] [circumstance_phrase] исследует проект «[PROJECT_label]»</li>
    <li>circumstance_phrase->с большой интенсивностью</li>
    <li>circumstance_phrase->в одиночестве за своим верстаком</li>
    <li>circumstance_phrase->с бумагами в [PAWN_possessive] руках</li>
    <li>circumstance_phrase->с видом ликующего очарования</li>
    <li>desc_sentence->[PAWN_nameDef] потеет.</li>
    <li>desc_sentence->Работа, судя по всему, очень трудна.</li>
    <li>desc_sentence->[PAWN_possessive] окружают горы различных инструментов и аппаратов.</li>
    <li>desc_sentence->[PAWN_nameDef] смотрит на своё открытие с благоговейным трепетом.</li>
  </FinishedResearchProject.rulePack.rulesStrings>
  
  <!-- EN: landed in pod -->
  <LandedInPod.label>приземление в спасательной капсуле</LandedInPod.label>
  <!-- EN:
    <li>tale_noun->[PAWN_nameDef]'s landing in a drop pod</li>
    <li>image->[PAWN_nameFull] landing in a drop pod [circumstance_group]</li>
    <li>image->[PAWN_nameFull] touching down in a drop pod [circumstance_group]</li>
    <li>image->[PAWN_nameFull] striking earth in a drop pod [circumstance_group]</li>
    <li>image->[PAWN_nameFull] riding in a drop pod [circumstance_group]</li>
    <li>circumstance_phrase->in front of a [TerrainFeature]</li>
    <li>circumstance_phrase->with incredible force</li>
    <li>circumstance_phrase->in a plume of dust and rocks</li>
    <li>circumstance_phrase->with retro-rockets firing dramatically</li>
    <li>circumstance_phrase->in a precision landing</li>
    <li>desc_sentence->[PAWN_pronoun] is concentrating intently on the controls.</li>
    <li>desc_sentence->[PAWN_pronoun] has [PAWN_possessive] eyes closed and looks afraid.</li>
    <li>desc_sentence->[PAWN_pronoun] is unconscious, [PAWN_possessive] tongue lolling out, drool dripping.</li>
    <li>desc_sentence->[PAWN_pronoun] is smiling with grim joy.</li>
    <li>desc_sentence->[PAWN_pronoun] seems to have no idea what [PAWN_pronoun] is doing.</li>
    <li>desc_sentence->[PAWN_pronoun] is strapped in with [PAWN_possessive] eyes closed, totally helpless.</li>
    <li>desc_sentence->There is a flame trail licking off the back of the pod.</li>
    <li>desc_sentence->A nearby [Animal] is looking up, startled.</li>
    <li>desc_sentence->A [Animal] is fleeing the impact in fear.</li>
    <li>desc_sentence->There is a [TerrainFeature] in the background.</li>
    <li>desc_sentence->A [PersonJob] watches silently from afar.</li>
  -->
  <LandedInPod.rulePack.rulesStrings>
    <li>tale_noun->как [PAWN_nameDef] приземляется в спасательной капсуле</li>
    <li>image->, как [PAWN_nameFull] совершает посадку в спасательной капсуле [circumstance_phrase]</li>
    <li>image->, как [PAWN_nameFull] приземляется в спасательной капсуле [circumstance_phrase]</li>
    <li>image->, как [PAWN_nameFull] врезается в землю в спасательной капсуле [circumstance_phrase]</li>
    <li>image->, как [PAWN_nameFull] летит в спасательной капсуле [circumstance_phrase]</li>
    <li>circumstance_phrase->перед [TerrainFeature]</li>
    <li>circumstance_phrase->с невероятной силой</li>
    <li>circumstance_phrase->в шлейфе из пыли и камней</li>
    <li>circumstance_phrase->с эффектно работающими тормозными двигателями</li>
    <li>circumstance_phrase->в процессе точно рассчитанной посадки</li>
    <li>desc_sentence->Всё [PAWN_possessive] внимание сосредоточено на управлении.</li>
    <li>desc_sentence->[PAWN_possessive] глаза закрыты, на лице написан ужас.</li>
    <li>desc_sentence->[PAWN_pronoun] без сознания, [PAWN_possessive] язык вывалился и с него капает слюна.</li>
    <li>desc_sentence->[PAWN_pronoun] мрачно улыбается.</li>
    <li>desc_sentence->[PAWN_pronoun], кажется, не имеет ни малейшего представления о том, что делает.</li>
    <li>desc_sentence->[PAWN_possessive] тело пристёгнуто ремнями, [PAWN_possessive] глаза закрыты, на лице написана полная беспомощность.</li>
    <li>desc_sentence->Небо прочертил огненный след, языки пламени охватывают капсулу.</li>
    <li>desc_sentence->[Animal] неподалёку испуганно смотрит вверх.</li>
    <li>desc_sentence->[Animal] со страху несётся прочь.</li>
    <li>desc_sentence->На фоне виднеется [TerrainFeature].</li>
    <li>desc_sentence->[Outlander] молча наблюдает за происходящим издалека.</li>
  </LandedInPod.rulePack.rulesStrings>
  
  <!-- EN: berserk rage -->
  <MentalStateBerserk.label>потеря рассудка</MentalStateBerserk.label>
  <!-- EN:
    <li>tale_noun->[PAWN_nameDef] going berserk</li>
    <li>image->[PAWN_nameFull] flying into a berserk rage [circumstance_group]</li>
    <li>image->[PAWN_nameFull] becoming madly, violently insane [circumstance_group]</li>
    <li>image->[PAWN_nameFull] stumbling forward with a psychotic look on [PAWN_possessive] face [circumstance_group]</li>
    <li>circumstance_phrase->while attempting to disrobe</li>
    <li>circumstance_phrase->seemingly without reason</li>
    <li>circumstance_phrase->as others cower in fear</li>
    <li>circumstance_phrase->as a friend flees</li>
    <li>circumstance_phrase->because of the stress</li>
    <li>circumstance_phrase->as a last step</li>
    <li>desc_sentence->[PAWN_pronoun] is shaking with ungovernable rage.</li>
    <li>desc_sentence->[PAWN_possessive] teeth are bared in a deadly snarl.</li>
    <li>desc_sentence->[PAWN_possessive] eyes are dead pools of madness.</li>
    <li>desc_sentence->Spittle is flying from [PAWN_possessive] mouth as [PAWN_possessive] screams with insane rage.</li>
    <li>desc_sentence->[PAWN_pronoun] has lost part of [PAWN_possessive] clothing.</li>
    <li>desc_sentence->[PAWN_pronoun] is grimacing in misery.</li>
    <li>desc_sentence->[PAWN_pronoun] seems smiling maniacally.</li>
    <li>desc_sentence->[PAWN_pronoun] is depicted with the snarling face of a [Animal].</li>
    <li>desc_sentence->[Animal]s symbolically surround [PAWN_possessive] head.</li>
    <li>desc_sentence->[PAWN_pronoun] has a murderous glint in [PAWN_possessive] eye.</li>
    <li>desc_sentence->[PAWN_possessive] entire body seems to be trembling with hatred.</li>
    <li>desc_sentence->[PAWN_possessive] face is set in a look of twisted serenity.</li>
    <li>desc_sentence->A single tear rolls down [PAWN_possessive] face.</li>
  -->
  <MentalStateBerserk.rulePack.rulesStrings>
    <li>tale_noun->как [PAWN_nameDef] теряет рассудок</li>
    <li>image->, как [PAWN_nameFull] входит в ярость[circumstance_phrase]</li>
    <li>image->, как [PAWN_nameFull] сходит с ума[circumstance_phrase]</li>
    <li>image->, как [PAWN_nameFull] ковыляет вперёд с видом психопата[circumstance_phrase]</li>
    <li>circumstance_phrase->, пытаясь при этом раздеться</li>
    <li>circumstance_phrase->[empty] без видимой на то причины</li>
    <li>circumstance_phrase->, в то время как другие корчатся от страха</li>
    <li>circumstance_phrase->, в то время как [PAWN_possessive] друг спасается бегством</li>
    <li>circumstance_phrase->[empty] из-за стресса</li>
    <li>circumstance_phrase->, не владея более собой</li>
    <li>desc_sentence->[PAWN_pronoun] дрожит от неконтролируемой ярости.</li>
    <li>desc_sentence->[PAWN_possessive] зубы обнажаются в жутком оскале.</li>
    <li>desc_sentence->в [PAWN_possessive] замерших глазах плещется безумие.</li>
    <li>desc_sentence->Плевки летят из [PAWN_possessive] рта, в то время как [PAWN_pronoun] кричит в безумной ярости.</li>
    <li>desc_sentence->[PAWN_pronoun] рвёт на себе одежду.</li>
    <li>desc_sentence->[PAWN_pronoun] корчится в мученических гримасах.</li>
    <li>desc_sentence->[PAWN_pronoun] маниакально улыбается.</li>
    <li>desc_sentence->[PAWN_pronoun] рычит, как [Animal].</li>
    <li>desc_sentence->Над [PAWN_possessive] головой символически изображается [Animal].</li>
    <li>desc_sentence->В [PAWN_possessive] глазах виден нездоровый блеск.</li>
    <li>desc_sentence->Всё [PAWN_possessive] тело дрожит от ненависти.</li>
    <li>desc_sentence->[PAWN_possessive] лицо замерло в извращённом спокойствии.</li>
    <li>desc_sentence->Одинокая слеза скатывается по [PAWN_possessive] лицу.</li>
  </MentalStateBerserk.rulePack.rulesStrings>
  
  <!-- EN: gave up -->
  <MentalStateGaveUp.label>отчаяние</MentalStateGaveUp.label>
  <!-- EN:
    <li>tale_noun->[PAWN_nameDef] giving up in despair</li>
    <li>image->[PAWN_nameFull] finally giving up under stress [circumstance_group]</li>
    <li>image->[PAWN_nameFull] sobbing uncontrollably [circumstance_group]</li>
    <li>image->[PAWN_nameFull] stumbling around with a completely broken expression on [PAWN_possessive] face [circumstance_group]</li>
    <li>circumstance_phrase->while attempting to disrobe</li>
    <li>circumstance_phrase->seemingly without reason</li>
    <li>circumstance_phrase->as others offer sympathy</li>
    <li>circumstance_phrase->as a friend cries</li>
    <li>circumstance_phrase->because of the stress</li>
    <li>circumstance_phrase->as a last step</li>
    <li>desc_sentence->[PAWN_pronoun] has tears streaming down [PAWN_possessive] face.</li>
    <li>desc_sentence->[PAWN_pronoun] is laughing in the depths of [PAWN_possessive] depression.</li>
    <li>desc_sentence->[PAWN_nameDef] is looking upward, as if to ask for help from above.</li>
    <li>desc_sentence->[PAWN_pronoun] is tearing at [PAWN_possessive] own clothes.</li>
    <li>desc_sentence->[PAWN_pronoun] seems totally unaware of what is around [PAWN_objective].</li>
    <li>desc_sentence->[PAWN_pronoun] looks happy and sad at the same time.</li>
    <li>desc_sentence->[PAWN_pronoun] has stains down [PAWN_possessive] front.</li>
    <li>desc_sentence->[PAWN_pronoun] seems to have lost a shoe.</li>
    <li>desc_sentence->[PAWN_possessive] hair is totally mussed up.</li>
  -->
  <MentalStateGaveUp.rulePack.rulesStrings>
    <li>tale_noun->как [PAWN_nameDef] сдаётся в отчаянии</li>
    <li>image->, как [PAWN_nameFull] наконец сдаётся под стрессом[circumstance_phrase]</li>
    <li>image->, как [PAWN_nameFull] плачет навзрыд[circumstance_phrase]</li>
    <li>image->, как [PAWN_nameFull] ковыляет кругами с совершенно разбитым видом[circumstance_phrase]</li>
    <li>circumstance_phrase->, пытаясь при этом раздеться</li>
    <li>circumstance_phrase->[empty] без видимой на то причины</li>
    <li>circumstance_phrase->, в то время как другие сочувствуют</li>
    <li>circumstance_phrase->, в то время как [PAWN_possessive] друзья плачут</li>
    <li>circumstance_phrase->[empty] из-за перенапряжения</li>
    <li>circumstance_phrase->, находясь в отчаянии</li>
    <li>desc_sentence->Слёзы текут по [PAWN_possessive] лицу.</li>
    <li>desc_sentence->По истеричной гримасе смеха видно, как глубока [PAWN_possessive] депрессия.</li>
    <li>desc_sentence->[PAWN_nameDef] смотрит вверх, словно прося о помощи свыше.</li>
    <li>desc_sentence->[PAWN_pronoun] рвёт на себе одежду.</li>
    <li>desc_sentence->[PAWN_pronoun], кажется, совершенно не замечает ничего вокруг.</li>
    <li>desc_sentence->[PAWN_pronoun] выглядит одновременно счастливо и грустно.</li>
    <li>desc_sentence->У н[PAWN_possessive] спереди какие-то пятна.</li>
    <li>desc_sentence->[PAWN_pronoun], кажется, не замечает, что ходит без одного ботинка.</li>
    <li>desc_sentence->[PAWN_possessive] волосы растрёпаны.</li>
  </MentalStateGaveUp.rulePack.rulesStrings>
  
  <!-- EN: struck mineable -->
  <StruckMineable.label>добыт ресурс</StruckMineable.label>
  <!-- EN:
    <li>tale_noun->[PAWN_nameDef] striking [THING_label]</li>
    <li>image->[PAWN_nameFull] striking [THING_label] [circumstance_group]</li>
    <li>circumstance_phrase->while mining</li>
    <li>circumstance_phrase->while digging</li>
    <li>circumstance_phrase->while tunnelling</li>
    <li>circumstance_phrase->with a look of surprise</li>
    <li>circumstance_phrase->with a satisfied expression</li>
    <li>desc_sentence->[PAWN_nameDef] is wiping [PAWN_possessive] brow.</li>
    <li>desc_sentence->[PAWN_nameDef] is jumping for joy.</li>
    <li>desc_sentence->[PAWN_nameDef] is high-fiving a friend.</li>
    <li>desc_sentence->[PAWN_nameDef] is screaming with happiness.</li>
    <li>desc_sentence->[PAWN_nameDef] is laughing uncontrollably.</li>
    <li>desc_sentence->[PAWN_nameDef] is sweaty and dirty from work.</li>
    <li>desc_sentence->[PAWN_nameDef] is sweaty and dirty from work.</li>
  -->
  <StruckMineable.rulePack.rulesStrings>
    <li>tale_noun->как [PAWN_nameDef] находит [THING_label]</li>
    <li>image->, как [PAWN_nameFull] [circumstance_phrase] находит [THING_label]</li>
    <li>circumstance_phrase->во время проведения горных работ</li>
    <li>circumstance_phrase->во время рытья</li>
    <li>circumstance_phrase->при прокладке туннелей</li>
    <li>circumstance_phrase->с удивлённым видом</li>
    <li>circumstance_phrase->с удовлетворённым выражением лица</li>
    <li>desc_sentence->[PAWN_nameDef] вытирает свой лоб.</li>
    <li>desc_sentence->[PAWN_nameDef] прыгает от радости.</li>
    <li>desc_sentence->[PAWN_nameDef] даёт пять другу.</li>
    <li>desc_sentence->[PAWN_nameDef] кричит от счастья.</li>
    <li>desc_sentence->[PAWN_nameDef] неудержимо хохочет.</li>
    <li>desc_sentence->[PAWN_possessive] покрывает слой пота и грязи.</li>
    <li>desc_sentence->[PAWN_possessive] лицо покрыто потом и грязью.</li>
  </StruckMineable.rulePack.rulesStrings>
  
  <!-- EN: vomited -->
  <Vomited.label>рвота</Vomited.label>
  <!-- EN:
    <li>tale_noun->[PAWN_nameDef]'s vomiting</li>
    <li>image->[PAWN_nameFull] spewing vomit onto the ground [circumstance_group]</li>
    <li>image->[PAWN_nameFull] looking disgusted while covered with dried vomit [circumstance_group]</li>
    <li>image->[PAWN_nameFull] doubled over and retching onto the floor [circumstance_group]</li>
    <li>image->[PAWN_nameFull] on [PAWN_possessive] knees, vomiting on the floor [circumstance_group]</li>
    <li>circumstance_phrase->while looking pained</li>
    <li>circumstance_phrase->with great shame</li>
    <li>circumstance_phrase->as others look on</li>
    <li>desc_sentence->[PAWN_pronoun] seems totally unaware of what is around [PAWN_objective].</li>
    <li>desc_sentence->[PAWN_possessive] face itself seems to be swelling.</li>
    <li>desc_sentence->[PAWN_pronoun] is nearly unconscious, [PAWN_possessive] tongue lolling out, drool dripping.</li>
    <li>desc_sentence->[PAWN_pronoun] is convulsing violently.</li>
    <li>desc_sentence->[PAWN_pronoun] looks ashamed.</li>
    <li>desc_sentence->[PAWN_pronoun] seems to be trying to laugh, despite the circumstances.</li>
    <li>desc_sentence->[PAWN_pronoun] looks almost deflated, as though totally emptied by the intense vomiting.</li>
    <li>desc_sentence->[PAWN_pronoun] is surrounded by an artistically rendered halo of filth.</li>
    <li>desc_sentence->A [Animal] is eating from the trail of vomit in the background.</li>
  -->
  <Vomited.rulePack.rulesStrings>
    <li>tale_noun->как [PAWN_nameDef] блюёт</li>
    <li>image->, как [PAWN_nameFull] извергает рвотные массы на землю[circumstance_phrase]</li>
    <li>image->[PAWN_nameFull] с отвращением смотрит на засохшую рвоту[circumstance_phrase]</li>
    <li>image->, как [PAWN_nameFull][circumstance_phrase], согнувшись в три погибели, борется со рвотными позывами</li>
    <li>image->, как [PAWN_nameFull] стоит на коленях и блюёт на пол[circumstance_phrase]</li>
    <li>circumstance_phrase->[empty] со страдальческим взглядом</li>
    <li>circumstance_phrase->[empty] с большим позором</li>
    <li>circumstance_phrase->, в то время как другие просто наблюдают</li>
    <li>desc_sentence->[PAWN_pronoun], кажется, совершенно не обращает внимания на происходящее вокруг.</li>
    <li>desc_sentence->Само [PAWN_possessive] лицо, кажется, отекло.</li>
    <li>desc_sentence->[PAWN_pronoun] практически без сознания, [PAWN_possessive] язык вывалился и свисает.</li>
    <li>desc_sentence->[PAWN_pronoun] бьётся в конвульсиях.</li>
    <li>desc_sentence->[PAWN_pronoun] краснеет от стыда.</li>
    <li>desc_sentence->[PAWN_pronoun], кажется, пытается улыбаться, несмотря на обстоятельства.</li>
    <li>desc_sentence->От столь сильной рвоты [PAWN_pronoun] имеет совершенно опустошённый, словно сдувшийся вид.</li>
    <li>desc_sentence->[PAWN_possessive] окружает мастерски изображённый ореол грязи.</li>
    <li>desc_sentence->На фоне [Animal] слизывает с земли рвоту.</li>
  </Vomited.rulePack.rulesStrings>
  
  <!-- EN: walked naked -->
  <WalkedNaked.label>поход голышом</WalkedNaked.label>
  <!-- EN:
    <li>tale_noun->[PAWN_nameDef] walking around naked</li>
    <li>image->[PAWN_nameFull] [nude_action] while in a state of nature [circumstance_group]</li>
    <li>image->[PAWN_nameFull] [nude_action] in the nude [circumstance_group]</li>
    <li>image->[PAWN_nameFull] [nude_action], naked, [circumstance_group]</li>
    <li>image->[PAWN_nameFull] [nude_action] without any clothes on [circumstance_group]</li>
    <li>nude_action->prancing</li>
    <li>nude_action->frolicking</li>
    <li>nude_action->gambolling</li>
    <li>nude_action->walking</li>
    <li>nude_action->strutting [PAWN_possessive] stuff</li>
    <li>nude_action->sashaying</li>
    <li>nude_action->tiptoeing</li>
    <li>nude_action->promenading</li>
    <li>nude_action->surveying the area</li>
    <li>circumstance_phrase->with a sense of purpose</li>
    <li>circumstance_phrase->with no hint of shame</li>
    <li>circumstance_phrase->while others look on</li>
    <li>circumstance_phrase->for no apparent reason</li>
    <li>circumstance_phrase->while confused animals look on</li>
    <li>desc_sentence->[PAWN_nameDef] is visibly aroused.</li>
    <li>desc_sentence->[PAWN_nameDef] is covered in unexplained moisture.</li>
    <li>desc_sentence->[PAWN_nameDef] is breathing heavily for no obvious reason.</li>
    <li>desc_sentence->[PAWN_nameDef] is fondling a shrub.</li>
  -->
  <WalkedNaked.rulePack.rulesStrings>
    <li>tale_noun->как [PAWN_nameDef] ходит голышом</li>
    <li>image->, как [PAWN_nameFull] [circumstance_phrase] [nude_action] будучи в единении с природой</li>
    <li>image->, как [PAWN_nameFull] [circumstance_phrase] [nude_action] в голом виде</li>
    <li>image->, как [PAWN_nameFull] [circumstance_phrase] [nude_action] голышом</li>
    <li>image->, как [PAWN_nameFull] [circumstance_phrase] [nude_action] совершенно без одежды</li>
    <li>nude_action->скачет</li>
    <li>nude_action->резвится</li>
    <li>nude_action->скачет</li>
    <li>nude_action->ходит</li>
    <li>nude_action->расхаживает</li>
    <li>nude_action->величаво ходит</li>
    <li>nude_action->ходит на цыпочках</li>
    <li>nude_action->прогуливается</li>
    <li>nude_action->изучает местность</li>
    <li>circumstance_phrase->целеустремлённо</li>
    <li>circumstance_phrase->без намёка на стыд</li>
    <li>circumstance_phrase->у всех на виду</li>
    <li>circumstance_phrase->без какой-либо причины</li>
    <li>desc_sentence->Сбитые с толку животные просто наблюдают за происходящим.</li>
    <li>desc_sentence->[PAWN_nameDef] явно пребывает в возбуждении.</li>
    <li>desc_sentence->[PAWN_possessive] тело покрыто какой-то неопознанной жидкостью.</li>
    <li>desc_sentence->[PAWN_nameDef] тяжело дышит без явных на то причин.</li>
    <li>desc_sentence->[PAWN_nameDef] гладит куст.</li>
  </WalkedNaked.rulePack.rulesStrings>
  
  <!-- EN: on fire -->
  <WasOnFire.label>огонь</WasOnFire.label>
  <!-- EN:
    <li>tale_noun->[PAWN_nameDef] catching fire</li>
    <li>image->[PAWN_nameFull] frantically beating out a fire attached to [PAWN_possessive] body [circumstance_group]</li>
    <li>image->[PAWN_nameFull] enveloped by flame [circumstance_group]</li>
    <li>image->[PAWN_nameFull] kneeling, hands over head, trying to extinguish flames on [PAWN_possessive] body [circumstance_group]</li>
    <li>image->[PAWN_nameFull] rolling on the floor while burning [circumstance_group]</li>
    <li>circumstance_phrase->while others look on</li>
    <li>circumstance_phrase->while nearly naked</li>
    <li>circumstance_phrase->with focused intent</li>
    <li>desc_sentence->[PAWN_possessive] flesh is visibly charring.</li>
    <li>desc_sentence->[PAWN_possessive] eyes are wide with panic.</li>
    <li>desc_sentence->[PAWN_pronoun] seems to be barely conscious; [PAWN_possessive] eyes are lifeless.</li>
    <li>desc_sentence->[PAWN_possessive] mouth is open as [PAWN_pronoun] screams for help.</li>
    <li>desc_sentence->The flames are about to envelope his head.</li>
    <li>desc_sentence->A symbolic halo of fire surrounds his face.</li>
    <li>desc_sentence->[PAWN_pronoun] is laughing maniacally.</li>
    <li>desc_sentence->[PAWN_pronoun] seems to be losing [PAWN_objective]self.</li>
    <li>desc_sentence->A plume of smoke is rising off [PAWN_objective].</li>
    <li>desc_sentence->[PAWN_pronoun] is rendered artistically in a corpse-like way.</li>
  -->
  <WasOnFire.rulePack.rulesStrings>
    <li>tale_noun->как [PAWN_nameDef] загорается</li>
    <li>image->, как [PAWN_nameFull] яростно борется с огнём, охватившим [PAWN_possessive] тело[circumstance_phrase]</li>
    <li>image->[empty] [PAWN_nameFull] среди языков пламени. [PAWN_pronoun] пытается их сбить[circumstance_phrase]</li>
    <li>image->, как [PAWN_nameFull] стоит на коленях с руками над головой и пытается потушить пламя на своём теле[circumstance_phrase]</li>
    <li>image->, как [PAWN_nameFull], горя, катается по полу[circumstance_phrase]</li>
    <li>circumstance_phrase->, в то время как другие просто наблюдают</li>
    <li>circumstance_phrase->, будучи почти без одежды</li>
    <li>circumstance_phrase->, [PAWN_possessive] намерения ясно видны на [PAWN_possessive] лице</li>
    <li>desc_sentence->[PAWN_possessive] плоть заметно обуглилась.</li>
    <li>desc_sentence->[PAWN_possessive] глаза расширены от страха.</li>
    <li>desc_sentence->[PAWN_pronoun] едва в сознании, в [PAWN_possessive] глазах не видно жизни.</li>
    <li>desc_sentence->[PAWN_possessive] рот открыт, [PAWN_pronoun] кричит о помощи.</li>
    <li>desc_sentence->Пламя сейчас охватит [PAWN_possessive] с головой.</li>
    <li>desc_sentence->Символический огненный нимб окружает [PAWN_possessive] лицо.</li>
    <li>desc_sentence->[PAWN_pronoun] маниакально смеётся.</li>
    <li>desc_sentence->[PAWN_pronoun] не понимает, что происходит.</li>
    <li>desc_sentence->Над [PAWN_nameDef] поднимается струйка дыма.</li>
    <li>desc_sentence->Художник мастерски изображает [PAWN_possessive] с выражением лица, характерным для опустошённого человека.</li>
  </WasOnFire.rulePack.rulesStrings>
  
</LanguageData>
