﻿<?xml version="1.0" encoding="UTF-8"?>
<LanguageData>
  
  <!-- EN: person captured -->
  <Captured.label>человек захвачен</Captured.label>
  <!-- EN:
    <li>tale_noun->[CAPTURER_nameDef] capturing [PRISONER_nameDef]</li>
    <li>tale_noun->[PRISONER_nameDef] being captured by [CAPTURER_nameDef]</li>
    <li>tale_noun->the capturing of [PRISONER_nameDef]</li>
    <li>image->[CAPTURER_nameFull] capturing [PRISONER_nameFull] [circumstance_group]</li>
    <li>image->[CAPTURER_nameFull] tying [PRISONER_nameFull]'s hands [circumstance_group]</li>
    <li>image->[CAPTURER_nameFull] smacking [PRISONER_nameFull] while capturing [PRISONER_objective] [circumstance_group]</li>
    <li>circumstance_phrase->as [PRISONER_pronoun] writhes on the ground</li>
    <li>circumstance_phrase->as [PRISONER_pronoun] twists in pain</li>
    <li>circumstance_phrase->with professional efficiency</li>
    <li>circumstance_phrase->roughly and amateurishly</li>
    <li>circumstance_phrase->with obviously excessive force</li>
    <li>circumstance_phrase->with obvious pleasure</li>
    <li>circumstance_phrase->while smiling with dominance</li>
    <li>desc_sentence->[CAPTURER_nameDef] is looking into [PRISONER_nameDef]'s eyes with a sense of dominance.</li>
    <li>desc_sentence->[PRISONER_nameDef] is injured and seems to be in pain.</li>
    <li>desc_sentence->[PRISONER_nameDef] looks resigned to [PRISONER_possessive] fate.</li>
    <li>desc_sentence->[PRISONER_nameDef] is snarling with the fury of defeat.</li>
    <li>desc_sentence->[CAPTURER_nameDef] is slapping [PRISONER_nameDef] to subdue [PRISONER_objective].</li>
    <li>desc_sentence->[CAPTURER_nameDef] is twisting [PRISONER_nameDef]'s ear.</li>
    <li>desc_sentence->[CAPTURER_nameDef] is holding [PRISONER_nameDef] in a joint lock.</li>
    <li>desc_sentence->[CAPTURER_nameDef] is spitting into [PRISONER_nameDef]'s face.</li>
    <li>desc_sentence->[CAPTURER_nameDef] is laughing as tears well up in [PRISONER_nameDef]'s eyes.</li>
    <li>desc_sentence->[CAPTURER_nameDef] is kicking [PRISONER_nameDef] for no obvious reason.</li>
  -->
  <Captured.rulePack.rulesStrings>
    <li>tale_noun->как [PRISONER_nameDef] попадает в плен</li>
    <li>image->, как [circumstance_start], в то время как [CAPTURER_nameFull][circumstance_phrase] захватывает [PRISONER_possessive]</li>
    <li>image->, как [circumstance_start], в то время как [CAPTURER_nameFull][circumstance_phrase] связывает [PRISONER_objective] руки</li>
    <li>image->, как [circumstance_start], в то время как [CAPTURER_nameFull][circumstance_phrase] наказывает [PRISONER_possessive]</li>
    <li>circumstance_start->[PRISONER_nameFull] корчится на земле</li>
    <li>circumstance_start->[PRISONER_nameFull] корчится от боли</li>
    <li>circumstance_start->[PRISONER_nameFull] безропотно принимает свою судьбу</li>
    <li>circumstance_start->[PRISONER_nameFull] бесится от чувства поражения</li>
    <li>circumstance_phrase->[empty] с применением грубой силы</li>
    <li>circumstance_phrase->[empty] с явным удовольствием</li>
    <li>circumstance_phrase->, улыбаясь, осознавая своё превосходство,</li>
    <li>circumstance_phrase->[empty] со сноровкой профессионала</li>
    <li>circumstance_phrase->[empty] по-дилетантски грубо</li>
    <li>desc_sentence->[CAPTURER_nameDef] вглядывается в глаза [PRISONER_nameDef] с чувством собственного превосходства.</li>
    <li>desc_sentence->[PRISONER_nameDef] ранен, и, судя по всему, терпит боль.</li>
    <li>desc_sentence->[CAPTURER_nameDef] бьёт пленника, чтобы утихомирить его.</li>
    <li>desc_sentence->[CAPTURER_nameDef] выкручивает пленнику ухо.</li>
    <li>desc_sentence->[CAPTURER_nameDef] держит пленника в болевом захвате.</li>
    <li>desc_sentence->[CAPTURER_nameDef] плюёт пленнику в лицо.</li>
    <li>desc_sentence->[CAPTURER_nameDef] смеётся, в то время как слёзы наворачиваются на глаза пленника.</li>
    <li>desc_sentence->[CAPTURER_nameDef] пинает пленника без видимых на то причин.</li>
  </Captured.rulePack.rulesStrings>
  
  <!-- EN: defeated hostile leader -->
  <DefeatedHostileFactionLeader.label>уничтожен лидер вражеской фракции</DefeatedHostileFactionLeader.label>
  
  <!-- EN: surgery performed -->
  <DidSurgery.label>операция проведена</DidSurgery.label>
  <!-- EN:
    <li>tale_noun->[SURGEON_nameDef] operating on [PATIENT_nameDef]</li>
    <li>tale_noun->[SURGEON_nameDef] performing a medical operation on [PATIENT_nameDef]</li>
    <li>tale_noun->[PATIENT_nameDef]'s medical operation</li>
    <li>image->[SURGEON_nameFull] putting [PATIENT_nameFull] to sleep with anesthetic [circumstance_group]</li>
    <li>image->[SURGEON_nameFull] elbow-deep in [PATIENT_nameFull] during surgery [circumstance_group]</li>
    <li>image->[SURGEON_nameFull] slicing into [PATIENT_nameFull] during surgery [circumstance_group]</li>
    <li>circumstance_phrase->as [PATIENT_pronoun] trembles with fear</li>
    <li>circumstance_phrase->as blood pools at [SURGEON_nameDef]'s feet</li>
    <li>circumstance_phrase->while surrounded by scary-looking surgical tools</li>
    <li>circumstance_phrase->with improvised but effective tools</li>
    <li>desc_sentence->[SURGEON_nameDef] is sweating profusely.</li>
    <li>desc_sentence->[SURGEON_nameDef] looks incredibly focused on the task.</li>
    <li>desc_sentence->[SURGEON_nameDef] has blood smeared on [SURGEON_possessive] face.</li>
    <li>desc_sentence->[PATIENT_nameDef] is shaking and writhing.</li>
  -->
  <DidSurgery.rulePack.rulesStrings>
    <li>tale_noun->как [PATIENT_nameDef] была проведена операция</li>
    <li>image->, как [SURGEON_nameFull] [circumstance_phrase] усыпляет больного по имени [PATIENT_nameFull] при помощи анестезии[circumstance_sentence]</li>
    <li>image->операцию, которую [SURGEON_nameFull] проводит [circumstance_phrase]. [SURGEON_possessive] рука по локоть находится в пациенте по имени [PATIENT_nameFull][circumstance_sentence]</li>
    <li>image->, как [SURGEON_nameFull] [circumstance_phrase] делает надрез на теле пациента по имени [PATIENT_nameFull][circumstance_sentence]</li>
    <li>circumstance_sentence->, а тот дрожит от страха</li>
    <li>circumstance_sentence->, пока кровь последнего собирается в лужицу у ног [SURGEON_nameDef]</li>
    <li>circumstance_phrase->в окружении страшновато выглядящих хирургических инструментов</li>
    <li>circumstance_phrase->импровизированными, но эффективными инструментами</li>
    <li>desc_sentence->[SURGEON_nameDef] обильно потеет.</li>
    <li>desc_sentence->[SURGEON_nameDef] изо всех сил пытается сосредоточиться.</li>
    <li>desc_sentence->У [SURGEON_nameDef] всё лицо в крови.</li>
    <li>desc_sentence->[PATIENT_nameDef] дрожит и корчится.</li>
  </DidSurgery.rulePack.rulesStrings>
  
  <!-- EN: prisoner executed -->
  <ExecutedPrisoner.label>пленник казнён</ExecutedPrisoner.label>
  <!-- EN:
    <li>tale_noun->[executioner] executing [PRISONER_nameDef]</li>
    <li>tale_noun->[PRISONER_nameDef] being executed by [EXECUTIONER_nameDef]</li>
    <li>tale_noun->the execution of [PRISONER_nameDef]</li>
    <li>image->[EXECUTIONER_nameFull] executing [PRISONER_nameFull] [circumstance_group]</li>
    <li>image->[EXECUTIONER_nameFull] putting [PRISONER_nameFull] to death [circumstance_group]</li>
    <li>image->[EXECUTIONER_nameFull] preparing to execute [PRISONER_nameFull] [circumstance_group]</li>
    <li>image->[EXECUTIONER_nameFull] entering a prison cell, going to execute [PRISONER_nameFull] [circumstance_group]</li>
    <li>circumstance_phrase->as [PRISONER_pronoun] writhes on the ground</li>
    <li>circumstance_phrase->as [PRISONER_pronoun] twists in pain</li>
    <li>circumstance_phrase->as [PRISONER_pronoun] cries out in terror</li>
    <li>circumstance_phrase->with professional efficiency</li>
    <li>circumstance_phrase->roughly and amateurishly</li>
    <li>circumstance_phrase->with obviously excessive force</li>
    <li>circumstance_phrase->with obvious pleasure</li>
    <li>circumstance_phrase->while smiling with dominance</li>
    <li>circumstance_phrase->with tears in [EXECUTIONER_possessive] eyes</li>
    <li>circumstance_phrase->with a look of utter indifference</li>
    <li>circumstance_phrase->while inflicting unnecessary pain</li>
    <li>circumstance_phrase->while thinking of something else</li>
    <li>circumstance_phrase->for the greater good</li>
    <li>desc_sentence->[EXECUTIONER_nameDef] is sweating profusely.</li>
    <li>desc_sentence->[EXECUTIONER_nameDef] is drooling a little bit.</li>
    <li>desc_sentence->[EXECUTIONER_nameDef] has blood smeared on [EXECUTIONER_possessive] face.</li>
    <li>desc_sentence->[PRISONER_nameDef] is shaking and writhing.</li>
    <li>desc_sentence->[PRISONER_nameDef] seems to have given up entirely.</li>
    <li>desc_sentence->[PRISONER_nameDef] has closed [PRISONER_possessive] eyes, seeming to pray to a higher power.</li>
    <li>desc_sentence->[PRISONER_nameDef] looks defiant.</li>
  -->
  <ExecutedPrisoner.rulePack.rulesStrings>
    <li>tale_noun->как казнили [PRISONER_nameDef]</li>
    <li>image->, как [circumstance_start], в то время как [EXECUTIONER_nameFull][circumstance_execution] казнит [PRISONER_possessive]</li>
    <li>image->, как [circumstance_start], в то время как [EXECUTIONER_nameFull][circumstance_execution] хладнокровно казнит [PRISONER_possessive]</li>
    <li>image->, как [circumstance_start], в то время как [EXECUTIONER_nameFull][circumstance_phrase] готовится казнить [PRISONER_possessive]</li>
    <li>image->, как [circumstance_start], в то время как [EXECUTIONER_nameFull][circumstance_phrase] входит в тюремную камеру, чтобы казнить [PRISONER_possessive]</li>
    <li>circumstance_start->[PRISONER_nameFull] корчится на земле</li>
    <li>circumstance_start->[PRISONER_nameFull] корчится от боли</li>
    <li>circumstance_start->[PRISONER_nameFull] в ужасе кричит</li>
    <li>circumstance_start->[PRISONER_nameFull] дрожит и корчится</li>
    <li>circumstance_phrase->[empty] со слезами на глазах</li>
    <li>circumstance_phrase->[empty] с явным удовольствием</li>
    <li>circumstance_phrase->, думая о чём-то другом,</li>
    <li>circumstance_phrase->, улыбаясь, осознавая своё превосходство,</li>
    <li>circumstance_phrase->[empty] с видом полного безразличия</li>
    <li>circumstance_execution->[empty] со сноровкой профессионала</li>
    <li>circumstance_execution->[empty] с явным превышением необходимой силы</li>
    <li>circumstance_execution->[empty] для общего блага</li>
    <li>circumstance_execution->, причиняя излишнюю боль,</li>
    <li>circumstance_execution->[empty] по-дилетантски грубо</li>
    <li>desc_sentence->у [EXECUTIONER_nameDef] немного течёт слюна.</li>
    <li>desc_sentence->у [EXECUTIONER_nameDef] по лицу размазана кровь.</li>
    <li>desc_sentence->[EXECUTIONER_nameDef] обильно потеет.</li>
    <li>desc_sentence->[PRISONER_nameDef] готовится к неизбежному.</li>
    <li>desc_sentence->[PRISONER_nameDef] изображается с закрытыми глазами, кажется, [PRISONER_pronoun] молится высшим силам.</li>
    <li>desc_sentence->[PRISONER_nameDef] выглядит демонстративно непокорно.</li>
  </ExecutedPrisoner.rulePack.rulesStrings>
  
  <!-- EN: animal hunted -->
  <Hunted.label>животное поймано</Hunted.label>
  <!-- EN:
    <li>tale_noun->[HUNTER_nameDef] hunting [PREY_nameDef]</li>
    <li>tale_noun->[PREY_nameDef] being hunted by [HUNTER_nameDef]</li>
    <li>tale_noun->[HUNTER_nameDef]'s successful hunt</li>
    <li>image->[PREY_nameFull] being hunted by [HUNTER_nameFull] [circumstance_group]</li>
    <li>image->[HUNTER_nameFull] stalking [PREY_nameFull] from afar [circumstance_group]</li>
    <li>image->[HUNTER_nameFull] hunting [PREY_nameFull] [circumstance_group]</li>
    <li>circumstance_phrase->as [PREY_nameDef] relaxes</li>
    <li>circumstance_phrase->as [PREY_nameDef] travels</li>
    <li>circumstance_phrase->as [PREY_nameDef] eats</li>
    <li>desc_sentence->[PREY_nameDef] seems totally oblivious.</li>
    <li>desc_sentence->[HUNTER_nameDef] is gripping [HUNTER_possessive] weapon tightly.</li>
    <li>desc_sentence->[PREY_nameDef] is looking around as though [PREY_pronoun] senses that something is wrong.</li>
  -->
  <Hunted.rulePack.rulesStrings>
    <li>tale_noun->как [HUNTER_nameDef] охотится</li>
    <li>image->[empty] животное, [PREY_nameFull], на которое охотится [HUNTER_nameFull][circumstance_phrase]</li>
    <li>image->, как [HUNTER_nameFull], преследует [PREY_nameFull] издали[circumstance_phrase]</li>
    <li>image->, как [HUNTER_nameFull], ведёт охоту на [PREY_nameFull][circumstance_phrase]</li>
    <li>circumstance_phrase->, пока [PREY_nameDef] расслабляется</li>
    <li>circumstance_phrase->, пока [PREY_nameDef] ходит</li>
    <li>circumstance_phrase->, пока [PREY_nameDef] ест</li>
    <li>desc_sentence->[PREY_nameDef], кажется, совершенно не обращает внимания.</li>
    <li>desc_sentence->[HUNTER_nameDef] крепко сжимает своё оружие.</li>
    <li>desc_sentence->[PREY_nameDef] осматривается, будто чувствует, что что-то не так.</li>
  </Hunted.rulePack.rulesStrings>
  
  <!-- EN: colonist kidnapped -->
  <KidnappedColonist.label>поселенец похищен</KidnappedColonist.label>
  <!-- EN:
    <li>tale_noun->[KIDNAPPER_nameDef] kidnapping [VICTIM_nameDef]</li>
    <li>tale_noun->[VICTIM_nameDef] being kidnapped by [KIDNAPPER_nameDef]</li>
    <li>tale_noun->the kidnapping of [VICTIM_nameDef]</li>
    <li>image->[KIDNAPPER_nameFull] carrying [VICTIM_nameFull] away to [KIDNAPPER_factionName] [circumstance_group]</li>
    <li>image->[KIDNAPPER_nameFull] of [KIDNAPPER_factionName] kidnapping [VICTIM_nameFull] [circumstance_group]</li>
    <li>image->[KIDNAPPER_nameFull] kidnapping [VICTIM_nameFull] [circumstance_group]</li>
    <li>circumstance_phrase->as [VICTIM_pronoun] twists in pain</li>
    <li>circumstance_phrase->with professional efficiency</li>
    <li>circumstance_phrase->roughly and amateurishly</li>
    <li>circumstance_phrase->with obviously excessive force</li>
    <li>circumstance_phrase->with obvious pleasure</li>
    <li>circumstance_phrase->while smiling with dominance</li>
    <li>circumstance_phrase->while covered in blood and filth</li>
    <li>desc_sentence->[VICTIM_nameDef] seems to have given up entirely.</li>
    <li>desc_sentence->[VICTIM_nameDef] has closed [VICTIM_possessive] eyes, seeming to pray to a higher power.</li>
    <li>desc_sentence->[VICTIM_nameDef] looks defiant.</li>
    <li>desc_sentence->[VICTIM_nameDef] is screaming with rage and terror.</li>
    <li>desc_sentence->[VICTIM_nameDef] looks broken and exhausted.</li>
    <li>desc_sentence->[VICTIM_nameDef] appears to be badly wounded.</li>
  -->
  <KidnappedColonist.rulePack.rulesStrings>
    <li>tale_noun->как похитили [VICTIM_nameDef]</li>
    <li>image->, как [KIDNAPPER_nameFull][circumstance_phrase] тащит [VICTIM_nameFull] к базе своей фракции, [KIDNAPPER_factionName]</li>
    <li>image->, как [KIDNAPPER_nameFull] из фракции [KIDNAPPER_factionName][circumstance_phrase] похищает [VICTIM_nameFull]</li>
    <li>image->, как [KIDNAPPER_nameFull][circumstance_phrase] похищает [VICTIM_nameFull]</li>
    <li>circumstance_phrase->, причиняя излишнюю боль,</li>
    <li>circumstance_phrase->[empty] со сноровкой профессионала</li>
    <li>circumstance_phrase->[empty] по-дилетантски грубо</li>
    <li>circumstance_phrase->[empty] с явным превышением необходимой силы</li>
    <li>circumstance_phrase->[empty] с явным удовольствием</li>
    <li>circumstance_phrase->, улыбаясь, осознавая своё превосходство,</li>
    <li>circumstance_phrase->, перепачкавшись кровью и грязью,</li>
    <li>desc_sentence->[VICTIM_nameDef], похоже, даже не пытается сопротивляться.</li>
    <li>desc_sentence->глаза [VICTIM_nameDef] закрыты, кажется, [VICTIM_pronoun] молится высшим силам.</li>
    <li>desc_sentence->[VICTIM_nameDef] выглядит демонстративно непокорно.</li>
    <li>desc_sentence->[VICTIM_nameDef] кричит от ярости и ужаса.</li>
    <li>desc_sentence->жертва выглядит сломленной и измождённой.</li>
    <li>desc_sentence->[VICTIM_nameDef], похоже, страдает от серьёзных ран.</li>
  </KidnappedColonist.rulePack.rulesStrings>
  
  <!-- EN: death -->
  <KilledBy.label>победа</KilledBy.label>
  <!-- EN:
    <li>tale_noun->[KILLER_nameDef] killing [VICTIM_nameDef]</li>
    <li>tale_noun->[VICTIM_nameDef] being killed by [KILLER_nameDef]</li>
    <li>tale_noun->the killing of [VICTIM_nameDef] by [KILLER_nameDef]</li>
    <li>tale_noun->the killing of [VICTIM_nameDef]</li>
    <li>image->[VICTIM_nameFull] being killed by [KILLER_nameFull] [circumstance_group]</li>
    <li>image->[KILLER_nameFull] killing [VICTIM_nameFull] [circumstance_group]</li>
    <li>image->[KILLER_nameFull] ending [VICTIM_nameFull]'s life [circumstance_group]</li>
    <li>image->[KILLER_nameFull] brutally murdering [VICTIM_nameFull] [circumstance_group]</li>
    <li>image->[VICTIM_nameFull] being killed [circumstance_group]</li>
    <li>circumstance_phrase->seemingly without remorse</li>
    <li>circumstance_phrase->with cold efficiency</li>
    <li>circumstance_phrase->with passionate rage</li>
    <li>circumstance_phrase->with quick, efficient movements</li>
    <li>circumstance_phrase->without emotion or expression</li>
    <li>circumstance_phrase->out of bleak necessity</li>
    <li>circumstance_phrase->in a cowardly, halfhearted way</li>
    <li>desc_sentence->The sun is setting behind them in a symbolic echo of the event.</li>
    <li>desc_sentence->[Quantity_adjphrase] [Animal]s look on.</li>
    <li>desc_sentence->A [PersonJob] watches silently [side_position].</li>
    <li>desc_sentence->Blood is pooling around [VICTIM_nameDef]'s body.</li>
    <li>desc_sentence->[VICTIM_nameDef]'s eyes are rendered in a realistically lifeless fashion.</li>
    <li>desc_sentence->[KILLER_nameDef] is baring [KILLER_possessive] teeth.</li>
    <li>desc_sentence->[KILLER_nameDef] seems satisfied.</li>
    <li>desc_sentence->[KILLER_nameDef] looks distressed at what [KILLER_pronoun] is doing.</li>
    <li>desc_sentence->[KILLER_nameDef] looks pleased with the situation.</li>
    <li>desc_sentence->[KILLER_nameDef] looks triumphant.</li>
  -->
  <KilledBy.rulePack.rulesStrings>
    <li>tale_noun->как [VICTIM_nameDef] падает от руки [KILLER_nameDef]</li>
    <li>tale_noun->как [KILLER_nameDef] побеждает [VICTIM_nameDef]</li>
    <li>tale_noun->как падает [VICTIM_nameDef]</li>
    <li>image->, как [circumstance_start], когда [VICTIM_possessive] [circumstance_phrase] побеждают</li>
    <li>image->, как [circumstance_start], когда [VICTIM_possessive] [circumstance_phrase] побеждает [KILLER_nameFull]</li>
    <li>image->, как [KILLER_nameFull] [circumstance_phrase] побеждает [VICTIM_nameFull]</li>
    <li>image->, как [KILLER_nameFull] [circumstance_phrase] прерывает игру поселенца по имени [VICTIM_nameFull]</li>
    <li>image->, как [VICTIM_nameFull] падает от руки противника по имени [KILLER_nameFull]</li>
    <li>circumstance_start->[VICTIM_nameFull] в ужасе кричит</li>
    <li>circumstance_start->[VICTIM_nameFull] корчится от боли</li>
    <li>circumstance_start->[VICTIM_nameFull] пытается сопротивляться</li>
    <li>circumstance_phrase->в ярости</li>
    <li>circumstance_phrase->быстрыми, эффективными движениями</li>
    <li>circumstance_phrase->без эмоций</li>
    <li>circumstance_phrase->с холодной эффективностью</li>
    <li>circumstance_phrase->трусливо, малодушно</li>
    <li>circumstance_phrase->без сожалений</li>
    <li>circumstance_phrase->жестоко</li>
    <li>desc_sentence->Позади кроваво-красный заход солнца символически отражает произошедшее.</li>
    <li>desc_sentence->Возле тела жертвы растекается лужа крови.</li>
    <li>desc_sentence->Глаза жертвы изображены реалистично безжизненными.</li>
    <li>desc_sentence->[KILLER_nameDef] скалит зубы.</li>
    <li>desc_sentence->[KILLER_nameDef] бросает [AdjectiveBadass] взгляд.</li>
    <li>desc_sentence->[KILLER_nameDef] испытывает душевные терзания от того, что [KILLER_objective] приходится делать.</li>
    <li>desc_sentence->[KILLER_nameDef] чувствует удовлетворение, видя результат.</li>
    <li>desc_sentence->[KILLER_nameDef] выглядит триумфально.</li>
  </KilledBy.rulePack.rulesStrings>
  
  <!-- EN: colonist killed -->
  <KilledColonist.label>потерян поселенец</KilledColonist.label>
  
  <!-- EN: colony animal killed -->
  <KilledColonyAnimal.label>потеряно животное поселения</KilledColonyAnimal.label>
  
  <!-- EN: person recruited -->
  <Recruited.label>человек завербован</Recruited.label>
  <!-- EN:
    <li>tale_noun->[RECRUITER_nameDef] recruiting [JOINER_nameDef]</li>
    <li>tale_noun->[JOINER_nameDef] being recruited by [RECRUITER_nameDef]</li>
    <li>tale_noun->the recruitment of [JOINER_nameDef]</li>
    <li>image->[RECRUITER_nameFull] recruiting [JOINER_nameFull] [circumstance_group]</li>
    <li>image->[RECRUITER_nameFull] welcoming [JOINER_nameFull] as [JOINER_pronoun] becomes a colonist [circumstance_group]</li>
    <li>image->[RECRUITER_nameFull] speaking convincingly to [JOINER_nameFull] [circumstance_group]</li>
    <li>circumstance_phrase->with obvious goodwill</li>
    <li>circumstance_phrase->with a hearty handshake</li>
    <li>circumstance_phrase->with smiles all around</li>
    <li>circumstance_phrase->in front of the whole colony</li>
    <li>circumstance_phrase->in a prison cell</li>
    <li>desc_sentence->[JOINER_nameDef] is nodding in understanding.</li>
    <li>desc_sentence->[JOINER_nameDef] is smiling and making eye contact.</li>
    <li>desc_sentence->[JOINER_nameDef] looks relieved.</li>
    <li>desc_sentence->[JOINER_nameDef] looks hopeful.</li>
  -->
  <Recruited.rulePack.rulesStrings>
    <li>tale_noun->как [JOINER_nameDef] присоединяется к поселению</li>
    <li>image->, как [RECRUITER_nameFull] [circumstance_phrase] рекрутирует [JOINER_nameFull]</li>
    <li>image->, как [RECRUITER_nameFull] [circumstance_phrase] приветствует [JOINER_nameFull], когда [JOINER_pronoun] становится поселенцем</li>
    <li>image->, как [RECRUITER_nameFull] [circumstance_phrase] убедительно говорит с [JOINER_nameFull]</li>
    <li>circumstance_phrase->с явной доброжелательностью</li>
    <li>circumstance_phrase->с сердечным рукопожатием</li>
    <li>circumstance_phrase->с улыбкой до ушей</li>
    <li>circumstance_phrase->перед всем поселением</li>
    <li>circumstance_phrase->в тюремной камере</li>
    <li>desc_sentence->[JOINER_nameDef] понимающе кивает.</li>
    <li>desc_sentence->[JOINER_nameDef] улыбается, глядя в глаза.</li>
    <li>desc_sentence->[JOINER_nameDef] смотрит с облегчением.</li>
    <li>desc_sentence->[JOINER_nameDef] выглядит обнадёженно.</li>
  </Recruited.rulePack.rulesStrings>
  
  <!-- EN: prisoner sold -->
  <SoldPrisoner.label>пленник продан</SoldPrisoner.label>
  <!-- EN:
    <li>tale_noun->the selling of [PRISONER_nameDef] to a trader</li>
    <li>tale_noun->[SELLER_nameDef] selling [PRISONER_nameDef] as a slave</li>
    <li>tale_noun->[PRISONER_nameDef] being sold as a slave by [SELLER_nameDef]</li>
    <li>image->[TRADER_nameFull] buying [PRISONER_nameFull] from [SELLER_nameFull] [circumstance_group]</li>
    <li>image->[SELLER_nameFull] selling [PRISONER_nameFull] to [TRADER_nameFull] [circumstance_group]</li>
    <li>circumstance_phrase->as the other colonists look on in disapproval</li>
    <li>circumstance_phrase->while [SELLER_nameDef] counts [TRADER_possessive] money</li>
    <li>circumstance_phrase->while [PRISONER_nameDef] moans plaintively</li>
    <li>circumstance_phrase->to [PRISONER_nameDef]'s chagrin</li>
    <li>desc_sentence->[TRADER_nameDef] is smiling devilishly.</li>
    <li>desc_sentence->[SELLER_nameDef] is laughing maniacally.</li>
    <li>desc_sentence->[SELLER_nameDef] reluctantly hands [PRISONER_nameDef] over to the trader.</li>
    <li>desc_sentence->[PRISONER_nameDef] stares defiantly at [PRISONER_possessive] new master.</li>
    <li>desc_sentence->[TRADER_nameDef] drags [PRISONER_nameDef] away by [PRISONER_possessive] chains.</li>
    <li>desc_sentence->[PRISONER_nameDef] stares at [SELLER_nameDef], plotting [PRISONER_possessive] revenge.</li>
    <li>desc_sentence->[PRISONER_nameDef] is crying.</li>
    <li>desc_sentence->[PRISONER_nameDef] is spitting in [SELLER_nameDef]'s face.</li>
    <li>desc_sentence->[PRISONER_nameDef] is melting into the ground.</li>
    <li>desc_sentence->[SELLER_nameDef] is thrusting the chains of [PRISONER_nameDef] into [TRADER_nameDef]'s hands.</li>
    <li>desc_sentence->An air of hopelessness pervades the situation.</li>
  -->
  <SoldPrisoner.rulePack.rulesStrings>
    <li>tale_noun->как продали [PRISONER_nameDef]</li>
    <li>image->, как торговец, [TRADER_nameFull], покупает у поселения пленника по имени [PRISONER_nameFull][circumstance_suffix]</li>
    <li>image->, как [SELLER_nameFull][circumstance_phrase] продаёт торговцу пленника по имени [PRISONER_nameFull][circumstance_suffix]</li>
    <li>image->, как [SELLER_nameFull] и [TRADER_nameFull][circumstance_phrase] договариваются о цене, за которую будет продан пленник, [PRISONER_nameFull]</li>
    <li>circumstance_phrase->, подсчитывая деньги,</li>
    <li>circumstance_phrase->, [TransFriendly],</li>
    <li>circumstance_suffix->[empty] к огорчению последнего</li>
    <li>circumstance_suffix->, пока тот жалобно стонет</li>
    <li>circumstance_suffix->, пока другие поселенцы неодобрительно смотрят</li>
    <li>desc_sentence->[SELLER_nameDef] неохотно передаёт последнего торговцу.</li>
    <li>desc_sentence->[PRISONER_nameDef] непокорно смотрит на своего нового хозяина.</li>
    <li>desc_sentence->[TRADER_nameDef] тащит [PRISONER_nameDef] за [PRISONER_possessive] цепи.</li>
    <li>desc_sentence->[PRISONER_nameDef] смотрит на [SELLER_nameDef], планируя свою месть.</li>
    <li>desc_sentence->[PRISONER_nameDef] плачет.</li>
    <li>desc_sentence->[PRISONER_nameDef] плюёт в лицо [SELLER_nameDef].</li>
    <li>desc_sentence->[PRISONER_nameDef] обмякает на землю.</li>
    <li>desc_sentence->[SELLER_nameDef] суёт цепи в руки покупателю.</li>
    <li>desc_sentence->[TRADER_nameDef] придирчиво осматривает пленника.</li>
  </SoldPrisoner.rulePack.rulesStrings>
  
  <!-- EN: animal tamed -->
  <TamedAnimal.label>животное приручено</TamedAnimal.label>
  <!-- EN:
    <li>tale_noun->the taming of [ANIMAL_nameDef] by [TAMER_nameDef]</li>
    <li>tale_noun->[TAMER_nameDef]'s taming of [ANIMAL_nameDef]</li>
    <li>image->[TAMER_nameFull] taming [ANIMAL_nameFull] [circumstance_group]</li>
    <li>image->[TAMER_nameFull] offering a morsel of food to [ANIMAL_nameFull] [circumstance_group]</li>
    <li>image->[TAMER_nameFull] whispering to a skittish [ANIMAL_nameFull] [circumstance_group]</li>
    <li>image->[TAMER_nameFull] calming a wild [ANIMAL_nameFull] [circumstance_group]</li>
    <li>circumstance_phrase->with great care and caution</li>
    <li>circumstance_phrase->with a smile</li>
    <li>circumstance_phrase->while exhausted but happy</li>
    <li>desc_sentence->[ANIMAL_nameDef] is snarling aggressively.</li>
    <li>desc_sentence->[ANIMAL_nameDef] looks sleepy and drunk with love.</li>
    <li>desc_sentence->[ANIMAL_nameDef] appears to be in some sort of hypnotic state.</li>
    <li>desc_sentence->[ANIMAL_nameDef] looks scared but interested.</li>
    <li>desc_sentence->[ANIMAL_nameDef] appears fascinated.</li>
    <li>desc_sentence->[TAMER_nameDef] is projecting a powerful sense of love towards [ANIMAL_nameDef].</li>
  -->
  <TamedAnimal.rulePack.rulesStrings>
    <li>tale_noun->как [TAMER_nameDef] приручает [ANIMAL_nameDef]</li>
    <li>image->, как [TAMER_nameFull] [circumstance_phrase] приручает дикое животное</li>
    <li>image->, как [TAMER_nameFull] [circumstance_phrase] предлагает дикому животному кусочек еды</li>
    <li>image->, как [TAMER_nameFull] [circumstance_phrase] шепчет что-то пугливому животному</li>
    <li>image->, как [TAMER_nameFull] [circumstance_phrase] успокаивает дикое животное</li>
    <li>circumstance_phrase->с огромной осторожностью и заботой</li>
    <li>circumstance_phrase->с улыбкой</li>
    <li>circumstance_phrase->устало, но удовлетворённо</li>
    <li>desc_sentence->[ANIMAL_nameDef] агрессивно рычит.</li>
    <li>desc_sentence->животное, [ANIMAL_nameDef], выглядит сонным и расслабленным от любви.</li>
    <li>desc_sentence->животное, [ANIMAL_nameDef], кажется, совершенно загипнотизировано.</li>
    <li>desc_sentence->[ANIMAL_nameDef] выглядит напугано, но заинтересованно.</li>
    <li>desc_sentence->[ANIMAL_nameDef] выглядит очарованно.</li>
    <li>desc_sentence->видно, как [TAMER_nameDef], словно создаёт невидимую, но сильную волну любви в сторону [ANIMAL_nameDef].</li>
  </TamedAnimal.rulePack.rulesStrings>
  
  <!-- EN: traded with someone -->
  <TradedWith.label>проведена сделка</TradedWith.label>
  <!-- EN:
    <li>tale_noun->a trade between [SELLER_nameFull] and [BUYER_nameFull]</li>
    <li>image->[BUYER_nameFull] buying goods from [SELLER_nameFull] [circumstance_group]</li>
    <li>image->[SELLER_nameFull] selling goods to [BUYER_nameFull] [circumstance_group]</li>
    <li>circumstance_phrase->with greedy intent</li>
    <li>circumstance_phrase->while [SELLER_nameDef] smirks at [BUYER_shortNameDef]</li>
    <li>desc_sentence->[BUYER_nameDef] is examining [SELLER_nameDef]'s wares.</li>
    <li>desc_sentence->[SELLER_nameDef] considers an item.</li>
    <li>desc_sentence->[SELLER_nameDef] starts haggling.</li>
    <li>desc_sentence->[BUYER_nameDef] argues with [SELLER_nameDef].</li>
    <li>desc_sentence->[SELLER_nameDef] and [BUYER_nameDef] agree on a price.</li>
    <li>desc_sentence->[BUYER_nameDef] pays for the item.</li>
    <li>desc_sentence->[SELLER_nameDef] is counting [SELLER_possessive] money.</li>
    <li>desc_sentence->[BUYER_nameDef] is taking [BUYER_possessive] goods.</li>
  -->
  <TradedWith.rulePack.rulesStrings>
    <li>tale_noun->как торговали друг с другом [SELLER_nameFull] и [BUYER_nameFull]</li>
    <li>image->, как [BUYER_nameFull] покупает товары у [SELLER_nameFull][circumstance_phrase]</li>
    <li>image->, как [SELLER_nameFull] продаёт товары [BUYER_nameFull][circumstance_phrase]</li>
    <li>circumstance_phrase->[empty] с алчными намерениями</li>
    <li>circumstance_phrase->, и [SELLER_nameDef] ухмыляется в сторону [BUYER_shortNameDef]</li>
    <li>desc_sentence->[BUYER_nameDef] осматривает товары [SELLER_nameDef].</li>
    <li>desc_sentence->[SELLER_nameDef] рассматривает предмет.</li>
    <li>desc_sentence->[SELLER_nameDef] начинает торговаться.</li>
    <li>desc_sentence->[BUYER_nameDef] спорит с [SELLER_nameDef].</li>
    <li>desc_sentence->[SELLER_nameDef] и [BUYER_nameDef] соглашаются о цене.</li>
    <li>desc_sentence->[BUYER_nameDef] платит за покупку.</li>
    <li>desc_sentence->[SELLER_nameDef] считает [SELLER_possessive] деньги.</li>
    <li>desc_sentence->[BUYER_nameDef] забирает [BUYER_possessive] товары.</li>
  </TradedWith.rulePack.rulesStrings>
  
  <!-- EN: animal trained -->
  <TrainedAnimal.label>животное натренировано</TrainedAnimal.label>
  <!-- EN:
    <li>tale_noun->[TRAINER_nameDef] training [ANIMAL_nameDef]</li>
    <li>tale_noun->the training of [ANIMAL_nameDef]</li>
    <li>tale_noun->the training of [ANIMAL_nameDef] by [TRAINER_nameDef]</li>
    <li>image->[TRAINER_nameFull] [train_syn] [ANIMAL_nameFull] in [TRAINABLE_label] [circumstance_group]</li>
    <li>image->[TRAINER_nameFull] teaching [TRAINABLE_label] to [ANIMAL_nameFull] [circumstance_group]</li>
    <li>image->[TRAINER_nameFull] practicing [TRAINABLE_label] with [ANIMAL_nameFull] [circumstance_group]</li>
    <li>train_syn->training</li>
    <li>train_syn->drilling</li>
    <li>train_syn->coaching</li>
    <li>train_syn->indoctrinating</li>
    <li>train_syn->educating</li>
    <li>circumstance_phrase->as others look on</li>
    <li>circumstance_phrase->as wild [Animal]s look on in disgust</li>
    <li>circumstance_phrase->as [ANIMAL_nameDef] thinks of the simpler days when [ANIMAL_pronoun] was a feral beast</li>
    <li>circumstance_phrase->as [TRAINER_nameDef] thinks of what's for lunch</li>
    <li>circumstance_phrase->as the other colonists do actual work</li>
    <li>desc_sentence->[TRAINER_nameDef] is showing pleasure.</li>
    <li>desc_sentence->[TRAINER_nameDef] is smiling.</li>
    <li>desc_sentence->[TRAINER_nameDef] looks bored.</li>
    <li>desc_sentence->[TRAINER_nameDef] is threateningly brandishing [TRAINER_possessive] fist.</li>
    <li>desc_sentence->[TRAINER_nameDef] is wrinkling [TRAINER_possessive] brow in concentration.</li>
    <li>desc_sentence->[ANIMAL_nameDef] looks puzzled.</li>
    <li>desc_sentence->[ANIMAL_nameDef] has a weapon in [ANIMAL_possessive] mouth.</li>
    <li>desc_sentence->[ANIMAL_nameDef] is emitting effortful grunts.</li>
    <li>desc_sentence->[TRAINER_nameDef] is shaking [TRAINER_possessive] head is frustration.</li>
    <li>desc_sentence->[ANIMAL_nameDef] is trembling in fear.</li>
    <li>desc_sentence->[ANIMAL_nameDef] appears to be morphing into a [Vegetable].</li>
    <li>desc_sentence->[ANIMAL_nameDef] is represented as a pile of power tools.</li>
    <li>desc_sentence->[ANIMAL_nameDef] is half [Color] and half [Color].</li>
    <li>desc_sentence->[ANIMAL_nameDef] is covered in scales.</li>
    <li>desc_sentence->[TRAINER_nameDef] is depicted with [quantity] arms.</li>
    <li>desc_sentence->[TRAINER_nameDef] is morphing into [ANIMAL_ShortDefinite].</li>
  -->
  <TrainedAnimal.rulePack.rulesStrings>
    <li>tale_noun->как удалось натренировать [ANIMAL_nameDef]</li>
    <li>image->, как [TAMER_nameFull] [train_syn] [ANIMAL_nameFull] в навыке «[trainable_label]»[circumstance_phrase]</li>
    <li>image->, как [TAMER_nameFull] учит [ANIMAL_nameFull] навыку «[trainable_label]»[circumstance_phrase]</li>
    <li>image->, как [TAMER_nameFull] практикует навык «[trainable_label]» с [ANIMAL_nameFull][circumstance_phrase]</li>
    <li>train_syn->тренирует</li>
    <li>train_syn->упражняет</li>
    <li>train_syn->наставляет</li>
    <li>train_syn->инструктирует</li>
    <li>train_syn->обучает</li>
    <li>circumstance_phrase->, пока другие смотрят</li>
    <li>circumstance_phrase->, пока другие дикие животные смотрят с отвращением</li>
    <li>circumstance_phrase->, пока [ANIMAL_nameDef] вспоминает о временах своей бытности диким зверем, когда жизнь была гораздо проще</li>
    <li>circumstance_phrase->, пока [TAMER_nameDef] думает о том, что сегодня на обед</li>
    <li>circumstance_phrase->, пока другие поселенцы занимаются действительно важной работой</li>
    <li>desc_sentence->На лице [TAMER_nameDef] видно удовольствие.</li>
    <li>desc_sentence->[TAMER_nameDef] улыбается.</li>
    <li>desc_sentence->На лице [TAMER_nameDef] видно скуку.</li>
    <li>desc_sentence->[TAMER_nameDef] угрожающе потрясает кулаком.</li>
    <li>desc_sentence->У [TAMER_nameDef] от напряжения сморщились брови.</li>
    <li>desc_sentence->[ANIMAL_nameDef] выглядит озадаченно.</li>
    <li>desc_sentence->[ANIMAL_nameDef] держит в зубах оружие.</li>
    <li>desc_sentence->[ANIMAL_nameDef] кряхтит от напряжения.</li>
    <li>desc_sentence->[TAMER_nameDef] разочарованно трясёт головой.</li>
    <li>desc_sentence->[ANIMAL_nameDef] трясётся от страха.</li>
    <li>desc_sentence->[ANIMAL_nameDef] бросает взгляд, полный [ConceptAny].</li>
    <li>desc_sentence->[ANIMAL_nameDef] изображается в виде кучи инструментов.</li>
    <li>desc_sentence->[ANIMAL_nameDef] имеет наполовину [Color], а наполовину [Color] цвет.</li>
    <li>desc_sentence->[ANIMAL_nameDef] стоит в перхоти.</li>
    <li>desc_sentence->[TAMER_nameDef] имеет [quantity] рук.</li>
    <li>desc_sentence->[TAMER_nameDef] уже почти выглядит как [ANIMAL_ShortDef].</li>
  </TrainedAnimal.rulePack.rulesStrings>
  
</LanguageData>