﻿<?xml version="1.0" encoding="UTF-8"?>
<LanguageData>
  
  <!-- EN: beauty -->
  <Beauty.label>красота</Beauty.label>
  <!-- EN: hideous -->
  <Beauty.scoreStages.hideous.label>отвратительно</Beauty.scoreStages.hideous.label>
  <!-- EN: ugly -->
  <Beauty.scoreStages.ugly.label>безобразно</Beauty.scoreStages.ugly.label>
  <!-- EN: neutral -->
  <Beauty.scoreStages.neutral.label>нормально</Beauty.scoreStages.neutral.label>
  <!-- EN: pretty -->
  <Beauty.scoreStages.pretty.label>очень мило</Beauty.scoreStages.pretty.label>
  <!-- EN: beautiful -->
  <Beauty.scoreStages.beautiful.label>красиво</Beauty.scoreStages.beautiful.label>
  <!-- EN: very beautiful -->
  <Beauty.scoreStages.very_beautiful.label>очень красиво</Beauty.scoreStages.very_beautiful.label>
  <!-- EN: extremely beautiful -->
  <Beauty.scoreStages.extremely_beautiful.label>прекрасно</Beauty.scoreStages.extremely_beautiful.label>
  <!-- EN: unbelievably beautiful -->
  <Beauty.scoreStages.unbelievably_beautiful.label>восхитительно</Beauty.scoreStages.unbelievably_beautiful.label>
  
  <!-- EN: cleanliness -->
  <Cleanliness.label>чистота</Cleanliness.label>
  <!-- EN: very dirty -->
  <Cleanliness.scoreStages.very_dirty.label>очень грязно</Cleanliness.scoreStages.very_dirty.label>
  <!-- EN: dirty -->
  <Cleanliness.scoreStages.dirty.label>грязно</Cleanliness.scoreStages.dirty.label>
  <!-- EN: slightly dirty -->
  <Cleanliness.scoreStages.slightly_dirty.label>грязновато</Cleanliness.scoreStages.slightly_dirty.label>
  <!-- EN: clean -->
  <Cleanliness.scoreStages.clean.label>чисто</Cleanliness.scoreStages.clean.label>
  <!-- EN: sterile -->
  <Cleanliness.scoreStages.sterile.label>стерильно</Cleanliness.scoreStages.sterile.label>
  
  <!-- EN: food poison chance -->
  <FoodPoisonChance.label>шанс отравления пищи</FoodPoisonChance.label>
  
  <!-- EN: grave visiting recreation factor -->
  <GraveVisitingJoyGainFactor.label>модификатор удовлетворения от посещения могилы</GraveVisitingJoyGainFactor.label>
  
  <!-- EN: impressiveness -->
  <Impressiveness.label>впечатление</Impressiveness.label>
  <!-- EN: awful -->
  <Impressiveness.scoreStages.awful.label>омерзительно</Impressiveness.scoreStages.awful.label>
  <!-- EN: dull -->
  <Impressiveness.scoreStages.dull.label>ужасно</Impressiveness.scoreStages.dull.label>
  <!-- EN: mediocre -->
  <Impressiveness.scoreStages.mediocre.label>посредственно</Impressiveness.scoreStages.mediocre.label>
  <!-- EN: decent -->
  <Impressiveness.scoreStages.decent.label>неплохо</Impressiveness.scoreStages.decent.label>
  <!-- EN: slightly impressive -->
  <Impressiveness.scoreStages.slightly_impressive.label>хорошо</Impressiveness.scoreStages.slightly_impressive.label>
  <!-- EN: somewhat impressive -->
  <Impressiveness.scoreStages.somewhat_impressive.label>отлично</Impressiveness.scoreStages.somewhat_impressive.label>
  <!-- EN: very impressive -->
  <Impressiveness.scoreStages.very_impressive.label>прекрасно</Impressiveness.scoreStages.very_impressive.label>
  <!-- EN: extremely impressive -->
  <Impressiveness.scoreStages.extremely_impressive.label>восхитительно</Impressiveness.scoreStages.extremely_impressive.label>
  <!-- EN: unbelievably impressive -->
  <Impressiveness.scoreStages.unbelievably_impressive.label>великолепно</Impressiveness.scoreStages.unbelievably_impressive.label>
  <!-- EN: wondrously impressive -->
  <Impressiveness.scoreStages.wondrously_impressive.label>чудесно</Impressiveness.scoreStages.wondrously_impressive.label>
  
  <!-- EN: infection chance factor -->
  <InfectionChanceFactor.label>шанс возникновения инфекции</InfectionChanceFactor.label>
  
  <!-- EN: research speed factor -->
  <ResearchSpeedFactor.label>скорость исследования</ResearchSpeedFactor.label>
  
  <!-- EN: space -->
  <Space.label>пространство</Space.label>
  <!-- EN: cramped -->
  <Space.scoreStages.cramped.label>тесно</Space.scoreStages.cramped.label>
  <!-- EN: rather tight -->
  <Space.scoreStages.rather_tight.label>весьма тесно</Space.scoreStages.rather_tight.label>
  <!-- EN: average-sized -->
  <Space.scoreStages.averagesized.label>средне</Space.scoreStages.averagesized.label>
  <!-- EN: somewhat spacious -->
  <Space.scoreStages.somewhat_spacious.label>вполне просторно</Space.scoreStages.somewhat_spacious.label>
  <!-- EN: quite spacious -->
  <Space.scoreStages.quite_spacious.label>просторно</Space.scoreStages.quite_spacious.label>
  <!-- EN: very spacious -->
  <Space.scoreStages.very_spacious.label>очень просторно</Space.scoreStages.very_spacious.label>
  <!-- EN: extremely spacious -->
  <Space.scoreStages.extremely_spacious.label>чрезвычайно просторно</Space.scoreStages.extremely_spacious.label>
  
  <!-- EN: surgery success chance cleanliness factor -->
  <SurgerySuccessChanceCleanlinessFactor.label>модификатор санитарных условий операции</SurgerySuccessChanceCleanlinessFactor.label>
  
  <!-- EN: wealth -->
  <Wealth.label>богатство</Wealth.label>
  <!-- EN: impoverished -->
  <Wealth.scoreStages.impoverished.label>бедно</Wealth.scoreStages.impoverished.label>
  <!-- EN: somewhat poor -->
  <Wealth.scoreStages.somewhat_poor.label>скудно</Wealth.scoreStages.somewhat_poor.label>
  <!-- EN: mediocre -->
  <Wealth.scoreStages.mediocre.label>посредственно</Wealth.scoreStages.mediocre.label>
  <!-- EN: somewhat rich -->
  <Wealth.scoreStages.somewhat_rich.label>почти богато</Wealth.scoreStages.somewhat_rich.label>
  <!-- EN: rich -->
  <Wealth.scoreStages.rich.label>богато</Wealth.scoreStages.rich.label>
  <!-- EN: luxurious -->
  <Wealth.scoreStages.luxurious.label>роскошно</Wealth.scoreStages.luxurious.label>
  <!-- EN: very luxurious -->
  <Wealth.scoreStages.very_luxurious.label>очень роскошно</Wealth.scoreStages.very_luxurious.label>
  <!-- EN: extremely luxurious -->
  <Wealth.scoreStages.extremely_luxurious.label>невероятно роскошно</Wealth.scoreStages.extremely_luxurious.label>
  <!-- EN: unbelievably luxurious -->
  <Wealth.scoreStages.unbelievably_luxurious.label>невообразимо роскошно</Wealth.scoreStages.unbelievably_luxurious.label>
  
</LanguageData>