﻿<?xml version="1.0" encoding="UTF-8"?>
<LanguageData>
  
  <!-- EN: beetle-like -->
  <BeetleLike.label>жукообразное</BeetleLike.label>
  <!-- EN: left elytra -->
  <BeetleLike.corePart.parts.left_elytra.customLabel>левое надкрылье</BeetleLike.corePart.parts.left_elytra.customLabel>
  <!-- EN: right elytra -->
  <BeetleLike.corePart.parts.right_elytra.customLabel>правое надкрылье</BeetleLike.corePart.parts.right_elytra.customLabel>
  <!-- EN: left eye -->
  <BeetleLike.corePart.parts.Pronotum.parts.InsectHead.parts.left_eye.customLabel>левый глаз</BeetleLike.corePart.parts.Pronotum.parts.InsectHead.parts.left_eye.customLabel>
  <!-- EN: right eye -->
  <BeetleLike.corePart.parts.Pronotum.parts.InsectHead.parts.right_eye.customLabel>правый глаз</BeetleLike.corePart.parts.Pronotum.parts.InsectHead.parts.right_eye.customLabel>
  <!-- EN: left antenna -->
  <BeetleLike.corePart.parts.Pronotum.parts.InsectHead.parts.left_antenna.customLabel>левый усик</BeetleLike.corePart.parts.Pronotum.parts.InsectHead.parts.left_antenna.customLabel>
  <!-- EN: right antenna -->
  <BeetleLike.corePart.parts.Pronotum.parts.InsectHead.parts.right_antenna.customLabel>правый усик</BeetleLike.corePart.parts.Pronotum.parts.InsectHead.parts.right_antenna.customLabel>
  <!-- EN: front left leg -->
  <BeetleLike.corePart.parts.front_left_leg.customLabel>передняя левая нога</BeetleLike.corePart.parts.front_left_leg.customLabel>
  <!-- EN: front right leg -->
  <BeetleLike.corePart.parts.front_right_leg.customLabel>передняя правая нога</BeetleLike.corePart.parts.front_right_leg.customLabel>
  <!-- EN: middle left leg -->
  <BeetleLike.corePart.parts.middle_left_leg.customLabel>средняя левая нога</BeetleLike.corePart.parts.middle_left_leg.customLabel>
  <!-- EN: middle right leg -->
  <BeetleLike.corePart.parts.middle_right_leg.customLabel>средняя правая нога</BeetleLike.corePart.parts.middle_right_leg.customLabel>
  <!-- EN: rear left leg -->
  <BeetleLike.corePart.parts.rear_left_leg.customLabel>задняя левая нога</BeetleLike.corePart.parts.rear_left_leg.customLabel>
  <!-- EN: rear right leg -->
  <BeetleLike.corePart.parts.rear_right_leg.customLabel>задняя правая нога</BeetleLike.corePart.parts.rear_right_leg.customLabel>
  
  <!-- EN: beetle-like with claw -->
  <BeetleLikeWithClaw.label>жукообразное с клешнями</BeetleLikeWithClaw.label>
  <!-- EN: left elytra -->
  <BeetleLikeWithClaw.corePart.parts.left_elytra.customLabel>левое надкрылье</BeetleLikeWithClaw.corePart.parts.left_elytra.customLabel>
  <!-- EN: right elytra -->
  <BeetleLikeWithClaw.corePart.parts.right_elytra.customLabel>правое надкрылье</BeetleLikeWithClaw.corePart.parts.right_elytra.customLabel>
  <!-- EN: left eye -->
  <BeetleLikeWithClaw.corePart.parts.Pronotum.parts.InsectHead.parts.left_eye.customLabel>левый глаз</BeetleLikeWithClaw.corePart.parts.Pronotum.parts.InsectHead.parts.left_eye.customLabel>
  <!-- EN: right eye -->
  <BeetleLikeWithClaw.corePart.parts.Pronotum.parts.InsectHead.parts.right_eye.customLabel>правый глаз</BeetleLikeWithClaw.corePart.parts.Pronotum.parts.InsectHead.parts.right_eye.customLabel>
  <!-- EN: left antenna -->
  <BeetleLikeWithClaw.corePart.parts.Pronotum.parts.InsectHead.parts.left_antenna.customLabel>левый усик</BeetleLikeWithClaw.corePart.parts.Pronotum.parts.InsectHead.parts.left_antenna.customLabel>
  <!-- EN: right antenna -->
  <BeetleLikeWithClaw.corePart.parts.Pronotum.parts.InsectHead.parts.right_antenna.customLabel>правый усик</BeetleLikeWithClaw.corePart.parts.Pronotum.parts.InsectHead.parts.right_antenna.customLabel>
  <!-- EN: front left leg -->
  <BeetleLikeWithClaw.corePart.parts.front_left_leg.customLabel>передняя левая нога</BeetleLikeWithClaw.corePart.parts.front_left_leg.customLabel>
  <!-- EN: front right leg -->
  <BeetleLikeWithClaw.corePart.parts.front_right_leg.customLabel>передняя правая нога</BeetleLikeWithClaw.corePart.parts.front_right_leg.customLabel>
  <!-- EN: middle left leg -->
  <BeetleLikeWithClaw.corePart.parts.middle_left_leg.customLabel>средняя левая нога</BeetleLikeWithClaw.corePart.parts.middle_left_leg.customLabel>
  <!-- EN: middle right leg -->
  <BeetleLikeWithClaw.corePart.parts.middle_right_leg.customLabel>средняя правая нога</BeetleLikeWithClaw.corePart.parts.middle_right_leg.customLabel>
  <!-- EN: rear left leg -->
  <BeetleLikeWithClaw.corePart.parts.rear_left_leg.customLabel>задняя левая нога</BeetleLikeWithClaw.corePart.parts.rear_left_leg.customLabel>
  <!-- EN: rear right leg -->
  <BeetleLikeWithClaw.corePart.parts.rear_right_leg.customLabel>задняя правая нога</BeetleLikeWithClaw.corePart.parts.rear_right_leg.customLabel>
  
</LanguageData>