﻿<?xml version="1.0" encoding="UTF-8"?>
<LanguageData>
  
  <!-- EN: snake -->
  <Snake.label>змея</Snake.label>
  <!-- EN: left lung -->
  <Snake.corePart.parts.left_lung.customLabel>левое лёгкое</Snake.corePart.parts.left_lung.customLabel>
  <!-- EN: right lung -->
  <Snake.corePart.parts.right_lung.customLabel>правое лёгкое</Snake.corePart.parts.right_lung.customLabel>
  <!-- EN: left kidney -->
  <Snake.corePart.parts.left_kidney.customLabel>левая почка</Snake.corePart.parts.left_kidney.customLabel>
  <!-- EN: right kidney -->
  <Snake.corePart.parts.right_kidney.customLabel>правая почка</Snake.corePart.parts.right_kidney.customLabel>
  <!-- EN: left eye -->
  <Snake.corePart.parts.SnakeHead.parts.left_eye.customLabel>левый глаз</Snake.corePart.parts.SnakeHead.parts.left_eye.customLabel>
  <!-- EN: right eye -->
  <Snake.corePart.parts.SnakeHead.parts.right_eye.customLabel>правый глаз</Snake.corePart.parts.SnakeHead.parts.right_eye.customLabel>
  
</LanguageData>