﻿<?xml version="1.0" encoding="UTF-8"?>
<LanguageData>
  
  <!-- EN: lancer -->
  <Lancer.label>улан</Lancer.label>
  <!-- EN: left sight sensor -->
  <Lancer.corePart.parts.MechanicalNeck.parts.MechanicalHead.parts.left_sight_sensor.customLabel>левый оптический датчик</Lancer.corePart.parts.MechanicalNeck.parts.MechanicalHead.parts.left_sight_sensor.customLabel>
  <!-- EN: right sight sensor -->
  <Lancer.corePart.parts.MechanicalNeck.parts.MechanicalHead.parts.right_sight_sensor.customLabel>правый оптический датчик</Lancer.corePart.parts.MechanicalNeck.parts.MechanicalHead.parts.right_sight_sensor.customLabel>
  <!-- EN: left hearing sensor -->
  <Lancer.corePart.parts.MechanicalNeck.parts.MechanicalHead.parts.left_hearing_sensor.customLabel>левый звуковой датчик</Lancer.corePart.parts.MechanicalNeck.parts.MechanicalHead.parts.left_hearing_sensor.customLabel>
  <!-- EN: right hearing sensor -->
  <Lancer.corePart.parts.MechanicalNeck.parts.MechanicalHead.parts.right_hearing_sensor.customLabel>правый звуковой датчик</Lancer.corePart.parts.MechanicalNeck.parts.MechanicalHead.parts.right_hearing_sensor.customLabel>
  <!-- EN: left shoulder -->
  <Lancer.corePart.parts.left_shoulder.customLabel>левое плечо</Lancer.corePart.parts.left_shoulder.customLabel>
  <!-- EN: left arm -->
  <Lancer.corePart.parts.left_shoulder.parts.left_arm.customLabel>левая рука</Lancer.corePart.parts.left_shoulder.parts.left_arm.customLabel>
  <!-- EN: left hand -->
  <Lancer.corePart.parts.left_shoulder.parts.left_arm.parts.left_hand.customLabel>левая кисть</Lancer.corePart.parts.left_shoulder.parts.left_arm.parts.left_hand.customLabel>
  <!-- EN: left pinky -->
  <Lancer.corePart.parts.left_shoulder.parts.left_arm.parts.left_hand.parts.left_pinky.customLabel>мизинец левой руки</Lancer.corePart.parts.left_shoulder.parts.left_arm.parts.left_hand.parts.left_pinky.customLabel>
  <!-- EN: left middle finger -->
  <Lancer.corePart.parts.left_shoulder.parts.left_arm.parts.left_hand.parts.left_middle_finger.customLabel>средний палец левой руки</Lancer.corePart.parts.left_shoulder.parts.left_arm.parts.left_hand.parts.left_middle_finger.customLabel>
  <!-- EN: left index finger -->
  <Lancer.corePart.parts.left_shoulder.parts.left_arm.parts.left_hand.parts.left_index_finger.customLabel>указательный палец левой руки</Lancer.corePart.parts.left_shoulder.parts.left_arm.parts.left_hand.parts.left_index_finger.customLabel>
  <!-- EN: left thumb -->
  <Lancer.corePart.parts.left_shoulder.parts.left_arm.parts.left_hand.parts.left_thumb.customLabel>большой палец левой руки</Lancer.corePart.parts.left_shoulder.parts.left_arm.parts.left_hand.parts.left_thumb.customLabel>
  <!-- EN: right mechanical shoulder -->
  <Lancer.corePart.parts.right_mechanical_shoulder.customLabel>правое механическое плечо</Lancer.corePart.parts.right_mechanical_shoulder.customLabel>
  <!-- EN: right arm -->
  <Lancer.corePart.parts.right_mechanical_shoulder.parts.right_arm.customLabel>правая рука</Lancer.corePart.parts.right_mechanical_shoulder.parts.right_arm.customLabel>
  <!-- EN: right hand -->
  <Lancer.corePart.parts.right_mechanical_shoulder.parts.right_arm.parts.right_hand.customLabel>правая кисть</Lancer.corePart.parts.right_mechanical_shoulder.parts.right_arm.parts.right_hand.customLabel>
  <!-- EN: right pinky -->
  <Lancer.corePart.parts.right_mechanical_shoulder.parts.right_arm.parts.right_hand.parts.right_pinky.customLabel>мизинец правой руки</Lancer.corePart.parts.right_mechanical_shoulder.parts.right_arm.parts.right_hand.parts.right_pinky.customLabel>
  <!-- EN: right middle finger -->
  <Lancer.corePart.parts.right_mechanical_shoulder.parts.right_arm.parts.right_hand.parts.right_middle_finger.customLabel>средний палец правой руки</Lancer.corePart.parts.right_mechanical_shoulder.parts.right_arm.parts.right_hand.parts.right_middle_finger.customLabel>
  <!-- EN: right index finger -->
  <Lancer.corePart.parts.right_mechanical_shoulder.parts.right_arm.parts.right_hand.parts.right_index_finger.customLabel>указательный палец правой руки</Lancer.corePart.parts.right_mechanical_shoulder.parts.right_arm.parts.right_hand.parts.right_index_finger.customLabel>
  <!-- EN: right thumb -->
  <Lancer.corePart.parts.right_mechanical_shoulder.parts.right_arm.parts.right_hand.parts.right_thumb.customLabel>большой палец правой руки</Lancer.corePart.parts.right_mechanical_shoulder.parts.right_arm.parts.right_hand.parts.right_thumb.customLabel>
  <!-- EN: left leg -->
  <Lancer.corePart.parts.left_leg.customLabel>левая нога</Lancer.corePart.parts.left_leg.customLabel>
  <!-- EN: left foot -->
  <Lancer.corePart.parts.left_leg.parts.left_foot.customLabel>левая стопа</Lancer.corePart.parts.left_leg.parts.left_foot.customLabel>
  <!-- EN: right leg -->
  <Lancer.corePart.parts.right_leg.customLabel>правая нога</Lancer.corePart.parts.right_leg.customLabel>
  <!-- EN: right foot -->
  <Lancer.corePart.parts.right_leg.parts.right_foot.customLabel>правая стопа</Lancer.corePart.parts.right_leg.parts.right_foot.customLabel>
  
  <!-- EN: mechanical centipede -->
  <MechanicalCentipede.label>сентипеда</MechanicalCentipede.label>
  <!-- EN: left sight sensor -->
  <MechanicalCentipede.corePart.parts.MechanicalHead.parts.left_sight_sensor.customLabel>левый оптический датчик</MechanicalCentipede.corePart.parts.MechanicalHead.parts.left_sight_sensor.customLabel>
  <!-- EN: right sight sensor -->
  <MechanicalCentipede.corePart.parts.MechanicalHead.parts.right_sight_sensor.customLabel>правый оптический датчик</MechanicalCentipede.corePart.parts.MechanicalHead.parts.right_sight_sensor.customLabel>
  <!-- EN: left hearing sensor -->
  <MechanicalCentipede.corePart.parts.MechanicalHead.parts.left_hearing_sensor.customLabel>левый звуковой датчик</MechanicalCentipede.corePart.parts.MechanicalHead.parts.left_hearing_sensor.customLabel>
  <!-- EN: right hearing sensor -->
  <MechanicalCentipede.corePart.parts.MechanicalHead.parts.right_hearing_sensor.customLabel>правый звуковой датчик</MechanicalCentipede.corePart.parts.MechanicalHead.parts.right_hearing_sensor.customLabel>
  
  <!-- EN: pikeman -->
  <Pikeman.label>драгун</Pikeman.label>
  <!-- EN: left sight sensor -->
  <Pikeman.corePart.parts.MechanicalNeck.parts.MechanicalHead.parts.left_sight_sensor.customLabel>левый оптический датчик</Pikeman.corePart.parts.MechanicalNeck.parts.MechanicalHead.parts.left_sight_sensor.customLabel>
  <!-- EN: right sight sensor -->
  <Pikeman.corePart.parts.MechanicalNeck.parts.MechanicalHead.parts.right_sight_sensor.customLabel>правый оптический датчик</Pikeman.corePart.parts.MechanicalNeck.parts.MechanicalHead.parts.right_sight_sensor.customLabel>
  <!-- EN: left hearing sensor -->
  <Pikeman.corePart.parts.MechanicalNeck.parts.MechanicalHead.parts.left_hearing_sensor.customLabel>левый звуковой датчик</Pikeman.corePart.parts.MechanicalNeck.parts.MechanicalHead.parts.left_hearing_sensor.customLabel>
  <!-- EN: right hearing sensor -->
  <Pikeman.corePart.parts.MechanicalNeck.parts.MechanicalHead.parts.right_hearing_sensor.customLabel>правый звуковой датчик</Pikeman.corePart.parts.MechanicalNeck.parts.MechanicalHead.parts.right_hearing_sensor.customLabel>
  <!-- EN: front left leg -->
  <Pikeman.corePart.parts.front_left_leg.customLabel>передняя левая нога</Pikeman.corePart.parts.front_left_leg.customLabel>
  <!-- EN: front left foot -->
  <Pikeman.corePart.parts.front_left_leg.parts.front_left_foot.customLabel>передняя левая стопа</Pikeman.corePart.parts.front_left_leg.parts.front_left_foot.customLabel>
  <!-- EN: front right leg -->
  <Pikeman.corePart.parts.front_right_leg.customLabel>передняя правая нога</Pikeman.corePart.parts.front_right_leg.customLabel>
  <!-- EN: front right foot -->
  <Pikeman.corePart.parts.front_right_leg.parts.front_right_foot.customLabel>передняя правая стопа</Pikeman.corePart.parts.front_right_leg.parts.front_right_foot.customLabel>
  <!-- EN: rear left leg -->
  <Pikeman.corePart.parts.rear_left_leg.customLabel>задняя левая нога</Pikeman.corePart.parts.rear_left_leg.customLabel>
  <!-- EN: rear left foot -->
  <Pikeman.corePart.parts.rear_left_leg.parts.rear_left_foot.customLabel>задняя левая стопа</Pikeman.corePart.parts.rear_left_leg.parts.rear_left_foot.customLabel>
  <!-- EN: rear right leg -->
  <Pikeman.corePart.parts.rear_right_leg.customLabel>задняя правая нога</Pikeman.corePart.parts.rear_right_leg.customLabel>
  <!-- EN: rear right foot -->
  <Pikeman.corePart.parts.rear_right_leg.parts.rear_right_foot.customLabel>задняя правая стопа</Pikeman.corePart.parts.rear_right_leg.parts.rear_right_foot.customLabel>
  
  <!-- EN: scyther -->
  <Scyther.label>жнец</Scyther.label>
  <!-- EN: left sight sensor -->
  <Scyther.corePart.parts.MechanicalNeck.parts.MechanicalHead.parts.left_sight_sensor.customLabel>левый оптический датчик</Scyther.corePart.parts.MechanicalNeck.parts.MechanicalHead.parts.left_sight_sensor.customLabel>
  <!-- EN: right sight sensor -->
  <Scyther.corePart.parts.MechanicalNeck.parts.MechanicalHead.parts.right_sight_sensor.customLabel>правый оптический датчик</Scyther.corePart.parts.MechanicalNeck.parts.MechanicalHead.parts.right_sight_sensor.customLabel>
  <!-- EN: left hearing sensor -->
  <Scyther.corePart.parts.MechanicalNeck.parts.MechanicalHead.parts.left_hearing_sensor.customLabel>левый звуковой датчик</Scyther.corePart.parts.MechanicalNeck.parts.MechanicalHead.parts.left_hearing_sensor.customLabel>
  <!-- EN: right hearing sensor -->
  <Scyther.corePart.parts.MechanicalNeck.parts.MechanicalHead.parts.right_hearing_sensor.customLabel>правый звуковой датчик</Scyther.corePart.parts.MechanicalNeck.parts.MechanicalHead.parts.right_hearing_sensor.customLabel>
  <!-- EN: left shoulder -->
  <Scyther.corePart.parts.left_shoulder.customLabel>левое плечо</Scyther.corePart.parts.left_shoulder.customLabel>
  <!-- EN: left arm -->
  <Scyther.corePart.parts.left_shoulder.parts.left_arm.customLabel>левая рука</Scyther.corePart.parts.left_shoulder.parts.left_arm.customLabel>
  <!-- EN: left blade -->
  <Scyther.corePart.parts.left_shoulder.parts.left_arm.parts.left_blade.customLabel>левое лезвие</Scyther.corePart.parts.left_shoulder.parts.left_arm.parts.left_blade.customLabel>
  <!-- EN: left hand -->
  <Scyther.corePart.parts.left_shoulder.parts.left_arm.parts.left_hand.customLabel>левая кисть</Scyther.corePart.parts.left_shoulder.parts.left_arm.parts.left_hand.customLabel>
  <!-- EN: left pinky -->
  <Scyther.corePart.parts.left_shoulder.parts.left_arm.parts.left_hand.parts.left_pinky.customLabel>мизинец левой руки</Scyther.corePart.parts.left_shoulder.parts.left_arm.parts.left_hand.parts.left_pinky.customLabel>
  <!-- EN: left middle finger -->
  <Scyther.corePart.parts.left_shoulder.parts.left_arm.parts.left_hand.parts.left_middle_finger.customLabel>средний палец левой руки</Scyther.corePart.parts.left_shoulder.parts.left_arm.parts.left_hand.parts.left_middle_finger.customLabel>
  <!-- EN: left index finger -->
  <Scyther.corePart.parts.left_shoulder.parts.left_arm.parts.left_hand.parts.left_index_finger.customLabel>указательный палец левой руки</Scyther.corePart.parts.left_shoulder.parts.left_arm.parts.left_hand.parts.left_index_finger.customLabel>
  <!-- EN: left thumb -->
  <Scyther.corePart.parts.left_shoulder.parts.left_arm.parts.left_hand.parts.left_thumb.customLabel>большой палец левой руки</Scyther.corePart.parts.left_shoulder.parts.left_arm.parts.left_hand.parts.left_thumb.customLabel>
  <!-- EN: right shoulder -->
  <Scyther.corePart.parts.right_shoulder.customLabel>правое плечо</Scyther.corePart.parts.right_shoulder.customLabel>
  <!-- EN: right arm -->
  <Scyther.corePart.parts.right_shoulder.parts.right_arm.customLabel>правая рука</Scyther.corePart.parts.right_shoulder.parts.right_arm.customLabel>
  <!-- EN: right blade -->
  <Scyther.corePart.parts.right_shoulder.parts.right_arm.parts.right_blade.customLabel>правое лезвие</Scyther.corePart.parts.right_shoulder.parts.right_arm.parts.right_blade.customLabel>
  <!-- EN: right hand -->
  <Scyther.corePart.parts.right_shoulder.parts.right_arm.parts.right_hand.customLabel>правая кисть</Scyther.corePart.parts.right_shoulder.parts.right_arm.parts.right_hand.customLabel>
  <!-- EN: right pinky -->
  <Scyther.corePart.parts.right_shoulder.parts.right_arm.parts.right_hand.parts.right_pinky.customLabel>мизинец правой руки</Scyther.corePart.parts.right_shoulder.parts.right_arm.parts.right_hand.parts.right_pinky.customLabel>
  <!-- EN: right middle finger -->
  <Scyther.corePart.parts.right_shoulder.parts.right_arm.parts.right_hand.parts.right_middle_finger.customLabel>средний палец правой руки</Scyther.corePart.parts.right_shoulder.parts.right_arm.parts.right_hand.parts.right_middle_finger.customLabel>
  <!-- EN: right index finger -->
  <Scyther.corePart.parts.right_shoulder.parts.right_arm.parts.right_hand.parts.right_index_finger.customLabel>указательный палец правой руки</Scyther.corePart.parts.right_shoulder.parts.right_arm.parts.right_hand.parts.right_index_finger.customLabel>
  <!-- EN: right thumb -->
  <Scyther.corePart.parts.right_shoulder.parts.right_arm.parts.right_hand.parts.right_thumb.customLabel>большой палец правой руки</Scyther.corePart.parts.right_shoulder.parts.right_arm.parts.right_hand.parts.right_thumb.customLabel>
  <!-- EN: left leg -->
  <Scyther.corePart.parts.left_leg.customLabel>левая нога</Scyther.corePart.parts.left_leg.customLabel>
  <!-- EN: left foot -->
  <Scyther.corePart.parts.left_leg.parts.left_foot.customLabel>левая стопа</Scyther.corePart.parts.left_leg.parts.left_foot.customLabel>
  <!-- EN: right leg -->
  <Scyther.corePart.parts.right_leg.customLabel>правая нога</Scyther.corePart.parts.right_leg.customLabel>
  <!-- EN: right foot -->
  <Scyther.corePart.parts.right_leg.parts.right_foot.customLabel>правая стопа</Scyther.corePart.parts.right_leg.parts.right_foot.customLabel>
  
</LanguageData>