﻿<?xml version="1.0" encoding="UTF-8"?>
<LanguageData>
  
  <!-- EN: monkey -->
  <Monkey.label>обезьяна</Monkey.label>
  <!-- EN: left clavicle -->
  <Monkey.corePart.parts.left_clavicle.customLabel>левая ключица</Monkey.corePart.parts.left_clavicle.customLabel>
  <!-- EN: right clavicle -->
  <Monkey.corePart.parts.right_clavicle.customLabel>правая ключица</Monkey.corePart.parts.right_clavicle.customLabel>
  <!-- EN: left lung -->
  <Monkey.corePart.parts.left_lung.customLabel>левое лёгкое</Monkey.corePart.parts.left_lung.customLabel>
  <!-- EN: right lung -->
  <Monkey.corePart.parts.right_lung.customLabel>правое лёгкое</Monkey.corePart.parts.right_lung.customLabel>
  <!-- EN: left kidney -->
  <Monkey.corePart.parts.left_kidney.customLabel>левая почка</Monkey.corePart.parts.left_kidney.customLabel>
  <!-- EN: right kidney -->
  <Monkey.corePart.parts.right_kidney.customLabel>правая почка</Monkey.corePart.parts.right_kidney.customLabel>
  <!-- EN: left eye -->
  <Monkey.corePart.parts.Neck.parts.Head.parts.left_eye.customLabel>левый глаз</Monkey.corePart.parts.Neck.parts.Head.parts.left_eye.customLabel>
  <!-- EN: right eye -->
  <Monkey.corePart.parts.Neck.parts.Head.parts.right_eye.customLabel>правый глаз</Monkey.corePart.parts.Neck.parts.Head.parts.right_eye.customLabel>
  <!-- EN: left ear -->
  <Monkey.corePart.parts.Neck.parts.Head.parts.left_ear.customLabel>левое ухо</Monkey.corePart.parts.Neck.parts.Head.parts.left_ear.customLabel>
  <!-- EN: right ear -->
  <Monkey.corePart.parts.Neck.parts.Head.parts.right_ear.customLabel>правое ухо</Monkey.corePart.parts.Neck.parts.Head.parts.right_ear.customLabel>
  <!-- EN: left shoulder -->
  <Monkey.corePart.parts.left_shoulder.customLabel>левое плечо</Monkey.corePart.parts.left_shoulder.customLabel>
  <!-- EN: left arm -->
  <Monkey.corePart.parts.left_shoulder.parts.left_arm.customLabel>левая рука</Monkey.corePart.parts.left_shoulder.parts.left_arm.customLabel>
  <!-- EN: left humerus -->
  <Monkey.corePart.parts.left_shoulder.parts.left_arm.parts.left_humerus.customLabel>левая плечевая кость</Monkey.corePart.parts.left_shoulder.parts.left_arm.parts.left_humerus.customLabel>
  <!-- EN: left radius -->
  <Monkey.corePart.parts.left_shoulder.parts.left_arm.parts.left_radius.customLabel>левое предплечье</Monkey.corePart.parts.left_shoulder.parts.left_arm.parts.left_radius.customLabel>
  <!-- EN: left hand -->
  <Monkey.corePart.parts.left_shoulder.parts.left_arm.parts.left_hand.customLabel>левая кисть</Monkey.corePart.parts.left_shoulder.parts.left_arm.parts.left_hand.customLabel>
  <!-- EN: left pinky -->
  <Monkey.corePart.parts.left_shoulder.parts.left_arm.parts.left_hand.parts.left_pinky.customLabel>мизинец левой руки</Monkey.corePart.parts.left_shoulder.parts.left_arm.parts.left_hand.parts.left_pinky.customLabel>
  <!-- EN: left ring finger -->
  <Monkey.corePart.parts.left_shoulder.parts.left_arm.parts.left_hand.parts.left_ring_finger.customLabel>безымянный палец левой руки</Monkey.corePart.parts.left_shoulder.parts.left_arm.parts.left_hand.parts.left_ring_finger.customLabel>
  <!-- EN: left middle finger -->
  <Monkey.corePart.parts.left_shoulder.parts.left_arm.parts.left_hand.parts.left_middle_finger.customLabel>средний палец левой руки</Monkey.corePart.parts.left_shoulder.parts.left_arm.parts.left_hand.parts.left_middle_finger.customLabel>
  <!-- EN: left index finger -->
  <Monkey.corePart.parts.left_shoulder.parts.left_arm.parts.left_hand.parts.left_index_finger.customLabel>указательный палец левой руки</Monkey.corePart.parts.left_shoulder.parts.left_arm.parts.left_hand.parts.left_index_finger.customLabel>
  <!-- EN: left thumb -->
  <Monkey.corePart.parts.left_shoulder.parts.left_arm.parts.left_hand.parts.left_thumb.customLabel>большой палец левой руки</Monkey.corePart.parts.left_shoulder.parts.left_arm.parts.left_hand.parts.left_thumb.customLabel>
  <!-- EN: right shoulder -->
  <Monkey.corePart.parts.right_shoulder.customLabel>правое плечо</Monkey.corePart.parts.right_shoulder.customLabel>
  <!-- EN: right arm -->
  <Monkey.corePart.parts.right_shoulder.parts.right_arm.customLabel>правая рука</Monkey.corePart.parts.right_shoulder.parts.right_arm.customLabel>
  <!-- EN: right humerus -->
  <Monkey.corePart.parts.right_shoulder.parts.right_arm.parts.right_humerus.customLabel>правая плечевая кость</Monkey.corePart.parts.right_shoulder.parts.right_arm.parts.right_humerus.customLabel>
  <!-- EN: right radius -->
  <Monkey.corePart.parts.right_shoulder.parts.right_arm.parts.right_radius.customLabel>правое предплечье</Monkey.corePart.parts.right_shoulder.parts.right_arm.parts.right_radius.customLabel>
  <!-- EN: right hand -->
  <Monkey.corePart.parts.right_shoulder.parts.right_arm.parts.right_hand.customLabel>правая кисть</Monkey.corePart.parts.right_shoulder.parts.right_arm.parts.right_hand.customLabel>
  <!-- EN: right pinky -->
  <Monkey.corePart.parts.right_shoulder.parts.right_arm.parts.right_hand.parts.right_pinky.customLabel>мизинец правой руки</Monkey.corePart.parts.right_shoulder.parts.right_arm.parts.right_hand.parts.right_pinky.customLabel>
  <!-- EN: right ring finger -->
  <Monkey.corePart.parts.right_shoulder.parts.right_arm.parts.right_hand.parts.right_ring_finger.customLabel>безымянный палец правой руки</Monkey.corePart.parts.right_shoulder.parts.right_arm.parts.right_hand.parts.right_ring_finger.customLabel>
  <!-- EN: right middle finger -->
  <Monkey.corePart.parts.right_shoulder.parts.right_arm.parts.right_hand.parts.right_middle_finger.customLabel>средний палец правой руки</Monkey.corePart.parts.right_shoulder.parts.right_arm.parts.right_hand.parts.right_middle_finger.customLabel>
  <!-- EN: right index finger -->
  <Monkey.corePart.parts.right_shoulder.parts.right_arm.parts.right_hand.parts.right_index_finger.customLabel>указательный палец правой руки</Monkey.corePart.parts.right_shoulder.parts.right_arm.parts.right_hand.parts.right_index_finger.customLabel>
  <!-- EN: right thumb -->
  <Monkey.corePart.parts.right_shoulder.parts.right_arm.parts.right_hand.parts.right_thumb.customLabel>большой палец правой руки</Monkey.corePart.parts.right_shoulder.parts.right_arm.parts.right_hand.parts.right_thumb.customLabel>
  <!-- EN: left leg -->
  <Monkey.corePart.parts.left_leg.customLabel>левая нога</Monkey.corePart.parts.left_leg.customLabel>
  <!-- EN: left femur -->
  <Monkey.corePart.parts.left_leg.parts.left_femur.customLabel>левое бедро</Monkey.corePart.parts.left_leg.parts.left_femur.customLabel>
  <!-- EN: left tibia -->
  <Monkey.corePart.parts.left_leg.parts.left_tibia.customLabel>левая голень</Monkey.corePart.parts.left_leg.parts.left_tibia.customLabel>
  <!-- EN: left foot -->
  <Monkey.corePart.parts.left_leg.parts.left_foot.customLabel>левая стопа</Monkey.corePart.parts.left_leg.parts.left_foot.customLabel>
  <!-- EN: left little toe -->
  <Monkey.corePart.parts.left_leg.parts.left_foot.parts.left_little_toe.customLabel>мизинец левой ноги</Monkey.corePart.parts.left_leg.parts.left_foot.parts.left_little_toe.customLabel>
  <!-- EN: left fourth toe -->
  <Monkey.corePart.parts.left_leg.parts.left_foot.parts.left_fourth_toe.customLabel>безымянный палец левой ноги</Monkey.corePart.parts.left_leg.parts.left_foot.parts.left_fourth_toe.customLabel>
  <!-- EN: left middle toe -->
  <Monkey.corePart.parts.left_leg.parts.left_foot.parts.left_middle_toe.customLabel>средний палец левой ноги</Monkey.corePart.parts.left_leg.parts.left_foot.parts.left_middle_toe.customLabel>
  <!-- EN: left second toe -->
  <Monkey.corePart.parts.left_leg.parts.left_foot.parts.left_second_toe.customLabel>указательный палец левой ноги</Monkey.corePart.parts.left_leg.parts.left_foot.parts.left_second_toe.customLabel>
  <!-- EN: left big toe -->
  <Monkey.corePart.parts.left_leg.parts.left_foot.parts.left_big_toe.customLabel>большой палец левой ноги</Monkey.corePart.parts.left_leg.parts.left_foot.parts.left_big_toe.customLabel>
  <!-- EN: right leg -->
  <Monkey.corePart.parts.right_leg.customLabel>правая нога</Monkey.corePart.parts.right_leg.customLabel>
  <!-- EN: right femur -->
  <Monkey.corePart.parts.right_leg.parts.right_femur.customLabel>правое бедро</Monkey.corePart.parts.right_leg.parts.right_femur.customLabel>
  <!-- EN: right tibia -->
  <Monkey.corePart.parts.right_leg.parts.right_tibia.customLabel>правая голень</Monkey.corePart.parts.right_leg.parts.right_tibia.customLabel>
  <!-- EN: right foot -->
  <Monkey.corePart.parts.right_leg.parts.right_foot.customLabel>правая стопа</Monkey.corePart.parts.right_leg.parts.right_foot.customLabel>
  <!-- EN: right little toe -->
  <Monkey.corePart.parts.right_leg.parts.right_foot.parts.right_little_toe.customLabel>мизинец правой ноги</Monkey.corePart.parts.right_leg.parts.right_foot.parts.right_little_toe.customLabel>
  <!-- EN: right fourth toe -->
  <Monkey.corePart.parts.right_leg.parts.right_foot.parts.right_fourth_toe.customLabel>безымянный палец правой ноги</Monkey.corePart.parts.right_leg.parts.right_foot.parts.right_fourth_toe.customLabel>
  <!-- EN: right middle toe -->
  <Monkey.corePart.parts.right_leg.parts.right_foot.parts.right_middle_toe.customLabel>средний палец правой ноги</Monkey.corePart.parts.right_leg.parts.right_foot.parts.right_middle_toe.customLabel>
  <!-- EN: right second toe -->
  <Monkey.corePart.parts.right_leg.parts.right_foot.parts.right_second_toe.customLabel>указательный палец правой ноги</Monkey.corePart.parts.right_leg.parts.right_foot.parts.right_second_toe.customLabel>
  <!-- EN: right big toe -->
  <Monkey.corePart.parts.right_leg.parts.right_foot.parts.right_big_toe.customLabel>большой палец правой ноги</Monkey.corePart.parts.right_leg.parts.right_foot.parts.right_big_toe.customLabel>
  
  <!-- EN: quadruped animal -->
  <QuadrupedAnimalWithClawsTailAndJowl.label>четвероногое с когтями, хвостом и пастью</QuadrupedAnimalWithClawsTailAndJowl.label>
  <!-- EN: left lung -->
  <QuadrupedAnimalWithClawsTailAndJowl.corePart.parts.left_lung.customLabel>левое лёгкое</QuadrupedAnimalWithClawsTailAndJowl.corePart.parts.left_lung.customLabel>
  <!-- EN: right lung -->
  <QuadrupedAnimalWithClawsTailAndJowl.corePart.parts.right_lung.customLabel>правое лёгкое</QuadrupedAnimalWithClawsTailAndJowl.corePart.parts.right_lung.customLabel>
  <!-- EN: left kidney -->
  <QuadrupedAnimalWithClawsTailAndJowl.corePart.parts.left_kidney.customLabel>левая почка</QuadrupedAnimalWithClawsTailAndJowl.corePart.parts.left_kidney.customLabel>
  <!-- EN: right kidney -->
  <QuadrupedAnimalWithClawsTailAndJowl.corePart.parts.right_kidney.customLabel>правая почка</QuadrupedAnimalWithClawsTailAndJowl.corePart.parts.right_kidney.customLabel>
  <!-- EN: left eye -->
  <QuadrupedAnimalWithClawsTailAndJowl.corePart.parts.Neck.parts.Head.parts.left_eye.customLabel>левый глаз</QuadrupedAnimalWithClawsTailAndJowl.corePart.parts.Neck.parts.Head.parts.left_eye.customLabel>
  <!-- EN: right eye -->
  <QuadrupedAnimalWithClawsTailAndJowl.corePart.parts.Neck.parts.Head.parts.right_eye.customLabel>правый глаз</QuadrupedAnimalWithClawsTailAndJowl.corePart.parts.Neck.parts.Head.parts.right_eye.customLabel>
  <!-- EN: left ear -->
  <QuadrupedAnimalWithClawsTailAndJowl.corePart.parts.Neck.parts.Head.parts.left_ear.customLabel>левое ухо</QuadrupedAnimalWithClawsTailAndJowl.corePart.parts.Neck.parts.Head.parts.left_ear.customLabel>
  <!-- EN: right ear -->
  <QuadrupedAnimalWithClawsTailAndJowl.corePart.parts.Neck.parts.Head.parts.right_ear.customLabel>правое ухо</QuadrupedAnimalWithClawsTailAndJowl.corePart.parts.Neck.parts.Head.parts.right_ear.customLabel>
  <!-- EN: front left leg -->
  <QuadrupedAnimalWithClawsTailAndJowl.corePart.parts.front_left_leg.customLabel>передняя левая нога</QuadrupedAnimalWithClawsTailAndJowl.corePart.parts.front_left_leg.customLabel>
  <!-- EN: front left leg first claw -->
  <QuadrupedAnimalWithClawsTailAndJowl.corePart.parts.front_left_leg.parts.front_left_leg_first_claw.customLabel>первый коготь передней левой лапы</QuadrupedAnimalWithClawsTailAndJowl.corePart.parts.front_left_leg.parts.front_left_leg_first_claw.customLabel>
  <!-- EN: front left leg second claw -->
  <QuadrupedAnimalWithClawsTailAndJowl.corePart.parts.front_left_leg.parts.front_left_leg_second_claw.customLabel>второй коготь передней левой лапы</QuadrupedAnimalWithClawsTailAndJowl.corePart.parts.front_left_leg.parts.front_left_leg_second_claw.customLabel>
  <!-- EN: front left leg third claw -->
  <QuadrupedAnimalWithClawsTailAndJowl.corePart.parts.front_left_leg.parts.front_left_leg_third_claw.customLabel>третий коготь передней левой лапы</QuadrupedAnimalWithClawsTailAndJowl.corePart.parts.front_left_leg.parts.front_left_leg_third_claw.customLabel>
  <!-- EN: front left leg fourth claw -->
  <QuadrupedAnimalWithClawsTailAndJowl.corePart.parts.front_left_leg.parts.front_left_leg_fourth_claw.customLabel>четвёртый коготь передней левой лапы</QuadrupedAnimalWithClawsTailAndJowl.corePart.parts.front_left_leg.parts.front_left_leg_fourth_claw.customLabel>
  <!-- EN: front left leg fifth claw -->
  <QuadrupedAnimalWithClawsTailAndJowl.corePart.parts.front_left_leg.parts.front_left_leg_fifth_claw.customLabel>пятый коготь передней левой лапы</QuadrupedAnimalWithClawsTailAndJowl.corePart.parts.front_left_leg.parts.front_left_leg_fifth_claw.customLabel>
  <!-- EN: front right leg -->
  <QuadrupedAnimalWithClawsTailAndJowl.corePart.parts.front_right_leg.customLabel>передняя правая нога</QuadrupedAnimalWithClawsTailAndJowl.corePart.parts.front_right_leg.customLabel>
  <!-- EN: front right leg first claw -->
  <QuadrupedAnimalWithClawsTailAndJowl.corePart.parts.front_right_leg.parts.front_right_leg_first_claw.customLabel>первый коготь передней правой лапы</QuadrupedAnimalWithClawsTailAndJowl.corePart.parts.front_right_leg.parts.front_right_leg_first_claw.customLabel>
  <!-- EN: front right leg second claw -->
  <QuadrupedAnimalWithClawsTailAndJowl.corePart.parts.front_right_leg.parts.front_right_leg_second_claw.customLabel>второй коготь передней правой лапы</QuadrupedAnimalWithClawsTailAndJowl.corePart.parts.front_right_leg.parts.front_right_leg_second_claw.customLabel>
  <!-- EN: front right leg third claw -->
  <QuadrupedAnimalWithClawsTailAndJowl.corePart.parts.front_right_leg.parts.front_right_leg_third_claw.customLabel>третий коготь передней правой лапы</QuadrupedAnimalWithClawsTailAndJowl.corePart.parts.front_right_leg.parts.front_right_leg_third_claw.customLabel>
  <!-- EN: front right leg fourth claw -->
  <QuadrupedAnimalWithClawsTailAndJowl.corePart.parts.front_right_leg.parts.front_right_leg_fourth_claw.customLabel>четвёртый коготь передней правой лапы</QuadrupedAnimalWithClawsTailAndJowl.corePart.parts.front_right_leg.parts.front_right_leg_fourth_claw.customLabel>
  <!-- EN: front right leg fifth claw -->
  <QuadrupedAnimalWithClawsTailAndJowl.corePart.parts.front_right_leg.parts.front_right_leg_fifth_claw.customLabel>пятый коготь передней правой лапы</QuadrupedAnimalWithClawsTailAndJowl.corePart.parts.front_right_leg.parts.front_right_leg_fifth_claw.customLabel>
  <!-- EN: rear left leg -->
  <QuadrupedAnimalWithClawsTailAndJowl.corePart.parts.rear_left_leg.customLabel>задняя левая нога</QuadrupedAnimalWithClawsTailAndJowl.corePart.parts.rear_left_leg.customLabel>
  <!-- EN: rear left leg first claw -->
  <QuadrupedAnimalWithClawsTailAndJowl.corePart.parts.rear_left_leg.parts.rear_left_leg_first_claw.customLabel>первый коготь задней левой лапы</QuadrupedAnimalWithClawsTailAndJowl.corePart.parts.rear_left_leg.parts.rear_left_leg_first_claw.customLabel>
  <!-- EN: rear left leg second claw -->
  <QuadrupedAnimalWithClawsTailAndJowl.corePart.parts.rear_left_leg.parts.rear_left_leg_second_claw.customLabel>второй коготь задней левой лапы</QuadrupedAnimalWithClawsTailAndJowl.corePart.parts.rear_left_leg.parts.rear_left_leg_second_claw.customLabel>
  <!-- EN: rear left leg third claw -->
  <QuadrupedAnimalWithClawsTailAndJowl.corePart.parts.rear_left_leg.parts.rear_left_leg_third_claw.customLabel>третий коготь задней левой лапы</QuadrupedAnimalWithClawsTailAndJowl.corePart.parts.rear_left_leg.parts.rear_left_leg_third_claw.customLabel>
  <!-- EN: rear left leg fourth claw -->
  <QuadrupedAnimalWithClawsTailAndJowl.corePart.parts.rear_left_leg.parts.rear_left_leg_fourth_claw.customLabel>четвёртый коготь задней левой лапы</QuadrupedAnimalWithClawsTailAndJowl.corePart.parts.rear_left_leg.parts.rear_left_leg_fourth_claw.customLabel>
  <!-- EN: rear left leg fifth claw -->
  <QuadrupedAnimalWithClawsTailAndJowl.corePart.parts.rear_left_leg.parts.rear_left_leg_fifth_claw.customLabel>пятый коготь задней левой лапы</QuadrupedAnimalWithClawsTailAndJowl.corePart.parts.rear_left_leg.parts.rear_left_leg_fifth_claw.customLabel>
  <!-- EN: rear right leg -->
  <QuadrupedAnimalWithClawsTailAndJowl.corePart.parts.rear_right_leg.customLabel>задняя правая нога</QuadrupedAnimalWithClawsTailAndJowl.corePart.parts.rear_right_leg.customLabel>
  <!-- EN: rear right leg first claw -->
  <QuadrupedAnimalWithClawsTailAndJowl.corePart.parts.rear_right_leg.parts.rear_right_leg_first_claw.customLabel>первый коготь задней правой лапы</QuadrupedAnimalWithClawsTailAndJowl.corePart.parts.rear_right_leg.parts.rear_right_leg_first_claw.customLabel>
  <!-- EN: rear right leg second claw -->
  <QuadrupedAnimalWithClawsTailAndJowl.corePart.parts.rear_right_leg.parts.rear_right_leg_second_claw.customLabel>второй коготь задней правой лапы</QuadrupedAnimalWithClawsTailAndJowl.corePart.parts.rear_right_leg.parts.rear_right_leg_second_claw.customLabel>
  <!-- EN: rear right leg third claw -->
  <QuadrupedAnimalWithClawsTailAndJowl.corePart.parts.rear_right_leg.parts.rear_right_leg_third_claw.customLabel>третий коготь задней правой лапы</QuadrupedAnimalWithClawsTailAndJowl.corePart.parts.rear_right_leg.parts.rear_right_leg_third_claw.customLabel>
  <!-- EN: rear right leg fourth claw -->
  <QuadrupedAnimalWithClawsTailAndJowl.corePart.parts.rear_right_leg.parts.rear_right_leg_fourth_claw.customLabel>четвёртый коготь задней правой лапы</QuadrupedAnimalWithClawsTailAndJowl.corePart.parts.rear_right_leg.parts.rear_right_leg_fourth_claw.customLabel>
  <!-- EN: rear right leg fifth claw -->
  <QuadrupedAnimalWithClawsTailAndJowl.corePart.parts.rear_right_leg.parts.rear_right_leg_fifth_claw.customLabel>пятый коготь задней правой лапы</QuadrupedAnimalWithClawsTailAndJowl.corePart.parts.rear_right_leg.parts.rear_right_leg_fifth_claw.customLabel>
  
  <!-- EN: quadruped animal -->
  <QuadrupedAnimalWithHooves.label>копытное четвероногое</QuadrupedAnimalWithHooves.label>
  <!-- EN: left lung -->
  <QuadrupedAnimalWithHooves.corePart.parts.left_lung.customLabel>левое лёгкое</QuadrupedAnimalWithHooves.corePart.parts.left_lung.customLabel>
  <!-- EN: right lung -->
  <QuadrupedAnimalWithHooves.corePart.parts.right_lung.customLabel>правое лёгкое</QuadrupedAnimalWithHooves.corePart.parts.right_lung.customLabel>
  <!-- EN: left kidney -->
  <QuadrupedAnimalWithHooves.corePart.parts.left_kidney.customLabel>левая почка</QuadrupedAnimalWithHooves.corePart.parts.left_kidney.customLabel>
  <!-- EN: right kidney -->
  <QuadrupedAnimalWithHooves.corePart.parts.right_kidney.customLabel>правая почка</QuadrupedAnimalWithHooves.corePart.parts.right_kidney.customLabel>
  <!-- EN: left eye -->
  <QuadrupedAnimalWithHooves.corePart.parts.Neck.parts.Head.parts.left_eye.customLabel>левый глаз</QuadrupedAnimalWithHooves.corePart.parts.Neck.parts.Head.parts.left_eye.customLabel>
  <!-- EN: right eye -->
  <QuadrupedAnimalWithHooves.corePart.parts.Neck.parts.Head.parts.right_eye.customLabel>правый глаз</QuadrupedAnimalWithHooves.corePart.parts.Neck.parts.Head.parts.right_eye.customLabel>
  <!-- EN: left ear -->
  <QuadrupedAnimalWithHooves.corePart.parts.Neck.parts.Head.parts.left_ear.customLabel>левое ухо</QuadrupedAnimalWithHooves.corePart.parts.Neck.parts.Head.parts.left_ear.customLabel>
  <!-- EN: right ear -->
  <QuadrupedAnimalWithHooves.corePart.parts.Neck.parts.Head.parts.right_ear.customLabel>правое ухо</QuadrupedAnimalWithHooves.corePart.parts.Neck.parts.Head.parts.right_ear.customLabel>
  <!-- EN: front left leg -->
  <QuadrupedAnimalWithHooves.corePart.parts.front_left_leg.customLabel>передняя левая нога</QuadrupedAnimalWithHooves.corePart.parts.front_left_leg.customLabel>
  <!-- EN: front left hoof -->
  <QuadrupedAnimalWithHooves.corePart.parts.front_left_leg.parts.front_left_hoof.customLabel>переднее левое копыто</QuadrupedAnimalWithHooves.corePart.parts.front_left_leg.parts.front_left_hoof.customLabel>
  <!-- EN: front right leg -->
  <QuadrupedAnimalWithHooves.corePart.parts.front_right_leg.customLabel>передняя правая нога</QuadrupedAnimalWithHooves.corePart.parts.front_right_leg.customLabel>
  <!-- EN: front right hoof -->
  <QuadrupedAnimalWithHooves.corePart.parts.front_right_leg.parts.front_right_hoof.customLabel>переднее правое копыто</QuadrupedAnimalWithHooves.corePart.parts.front_right_leg.parts.front_right_hoof.customLabel>
  <!-- EN: rear left leg -->
  <QuadrupedAnimalWithHooves.corePart.parts.rear_left_leg.customLabel>задняя левая нога</QuadrupedAnimalWithHooves.corePart.parts.rear_left_leg.customLabel>
  <!-- EN: rear left hoof -->
  <QuadrupedAnimalWithHooves.corePart.parts.rear_left_leg.parts.rear_left_hoof.customLabel>заднее левое копыто</QuadrupedAnimalWithHooves.corePart.parts.rear_left_leg.parts.rear_left_hoof.customLabel>
  <!-- EN: rear right leg -->
  <QuadrupedAnimalWithHooves.corePart.parts.rear_right_leg.customLabel>задняя правая нога</QuadrupedAnimalWithHooves.corePart.parts.rear_right_leg.customLabel>
  <!-- EN: rear right hoof -->
  <QuadrupedAnimalWithHooves.corePart.parts.rear_right_leg.parts.rear_right_hoof.customLabel>заднее правое копыто</QuadrupedAnimalWithHooves.corePart.parts.rear_right_leg.parts.rear_right_hoof.customLabel>
  
  <!-- EN: quadruped animal -->
  <QuadrupedAnimalWithHoovesAndHorn.label>копытное четвероногое с рогами</QuadrupedAnimalWithHoovesAndHorn.label>
  <!-- EN: left lung -->
  <QuadrupedAnimalWithHoovesAndHorn.corePart.parts.left_lung.customLabel>левое лёгкое</QuadrupedAnimalWithHoovesAndHorn.corePart.parts.left_lung.customLabel>
  <!-- EN: right lung -->
  <QuadrupedAnimalWithHoovesAndHorn.corePart.parts.right_lung.customLabel>правое лёгкое</QuadrupedAnimalWithHoovesAndHorn.corePart.parts.right_lung.customLabel>
  <!-- EN: left kidney -->
  <QuadrupedAnimalWithHoovesAndHorn.corePart.parts.left_kidney.customLabel>левая почка</QuadrupedAnimalWithHoovesAndHorn.corePart.parts.left_kidney.customLabel>
  <!-- EN: right kidney -->
  <QuadrupedAnimalWithHoovesAndHorn.corePart.parts.right_kidney.customLabel>правая почка</QuadrupedAnimalWithHoovesAndHorn.corePart.parts.right_kidney.customLabel>
  <!-- EN: left eye -->
  <QuadrupedAnimalWithHoovesAndHorn.corePart.parts.Neck.parts.Head.parts.left_eye.customLabel>левый глаз</QuadrupedAnimalWithHoovesAndHorn.corePart.parts.Neck.parts.Head.parts.left_eye.customLabel>
  <!-- EN: right eye -->
  <QuadrupedAnimalWithHoovesAndHorn.corePart.parts.Neck.parts.Head.parts.right_eye.customLabel>правый глаз</QuadrupedAnimalWithHoovesAndHorn.corePart.parts.Neck.parts.Head.parts.right_eye.customLabel>
  <!-- EN: left ear -->
  <QuadrupedAnimalWithHoovesAndHorn.corePart.parts.Neck.parts.Head.parts.left_ear.customLabel>левое ухо</QuadrupedAnimalWithHoovesAndHorn.corePart.parts.Neck.parts.Head.parts.left_ear.customLabel>
  <!-- EN: right ear -->
  <QuadrupedAnimalWithHoovesAndHorn.corePart.parts.Neck.parts.Head.parts.right_ear.customLabel>правое ухо</QuadrupedAnimalWithHoovesAndHorn.corePart.parts.Neck.parts.Head.parts.right_ear.customLabel>
  <!-- EN: front left leg -->
  <QuadrupedAnimalWithHoovesAndHorn.corePart.parts.front_left_leg.customLabel>передняя левая нога</QuadrupedAnimalWithHoovesAndHorn.corePart.parts.front_left_leg.customLabel>
  <!-- EN: front left hoof -->
  <QuadrupedAnimalWithHoovesAndHorn.corePart.parts.front_left_leg.parts.front_left_hoof.customLabel>переднее левое копыто</QuadrupedAnimalWithHoovesAndHorn.corePart.parts.front_left_leg.parts.front_left_hoof.customLabel>
  <!-- EN: front right leg -->
  <QuadrupedAnimalWithHoovesAndHorn.corePart.parts.front_right_leg.customLabel>передняя правая нога</QuadrupedAnimalWithHoovesAndHorn.corePart.parts.front_right_leg.customLabel>
  <!-- EN: front right hoof -->
  <QuadrupedAnimalWithHoovesAndHorn.corePart.parts.front_right_leg.parts.front_right_hoof.customLabel>переднее правое копыто</QuadrupedAnimalWithHoovesAndHorn.corePart.parts.front_right_leg.parts.front_right_hoof.customLabel>
  <!-- EN: rear left leg -->
  <QuadrupedAnimalWithHoovesAndHorn.corePart.parts.rear_left_leg.customLabel>задняя левая нога</QuadrupedAnimalWithHoovesAndHorn.corePart.parts.rear_left_leg.customLabel>
  <!-- EN: rear left hoof -->
  <QuadrupedAnimalWithHoovesAndHorn.corePart.parts.rear_left_leg.parts.rear_left_hoof.customLabel>заднее левое копыто</QuadrupedAnimalWithHoovesAndHorn.corePart.parts.rear_left_leg.parts.rear_left_hoof.customLabel>
  <!-- EN: rear right leg -->
  <QuadrupedAnimalWithHoovesAndHorn.corePart.parts.rear_right_leg.customLabel>задняя правая нога</QuadrupedAnimalWithHoovesAndHorn.corePart.parts.rear_right_leg.customLabel>
  <!-- EN: rear right hoof -->
  <QuadrupedAnimalWithHoovesAndHorn.corePart.parts.rear_right_leg.parts.rear_right_hoof.customLabel>заднее правое копыто</QuadrupedAnimalWithHoovesAndHorn.corePart.parts.rear_right_leg.parts.rear_right_hoof.customLabel>
  
  <!-- EN: quadruped animal -->
  <QuadrupedAnimalWithHoovesAndHump.label>копытное четвероногое с горбом</QuadrupedAnimalWithHoovesAndHump.label>
  <!-- EN: left lung -->
  <QuadrupedAnimalWithHoovesAndHump.corePart.parts.left_lung.customLabel>левое лёгкое</QuadrupedAnimalWithHoovesAndHump.corePart.parts.left_lung.customLabel>
  <!-- EN: right lung -->
  <QuadrupedAnimalWithHoovesAndHump.corePart.parts.right_lung.customLabel>правое лёгкое</QuadrupedAnimalWithHoovesAndHump.corePart.parts.right_lung.customLabel>
  <!-- EN: left kidney -->
  <QuadrupedAnimalWithHoovesAndHump.corePart.parts.left_kidney.customLabel>левая почка</QuadrupedAnimalWithHoovesAndHump.corePart.parts.left_kidney.customLabel>
  <!-- EN: right kidney -->
  <QuadrupedAnimalWithHoovesAndHump.corePart.parts.right_kidney.customLabel>правая почка</QuadrupedAnimalWithHoovesAndHump.corePart.parts.right_kidney.customLabel>
  <!-- EN: left eye -->
  <QuadrupedAnimalWithHoovesAndHump.corePart.parts.Neck.parts.Head.parts.left_eye.customLabel>левый глаз</QuadrupedAnimalWithHoovesAndHump.corePart.parts.Neck.parts.Head.parts.left_eye.customLabel>
  <!-- EN: right eye -->
  <QuadrupedAnimalWithHoovesAndHump.corePart.parts.Neck.parts.Head.parts.right_eye.customLabel>правый глаз</QuadrupedAnimalWithHoovesAndHump.corePart.parts.Neck.parts.Head.parts.right_eye.customLabel>
  <!-- EN: left ear -->
  <QuadrupedAnimalWithHoovesAndHump.corePart.parts.Neck.parts.Head.parts.left_ear.customLabel>левое ухо</QuadrupedAnimalWithHoovesAndHump.corePart.parts.Neck.parts.Head.parts.left_ear.customLabel>
  <!-- EN: right ear -->
  <QuadrupedAnimalWithHoovesAndHump.corePart.parts.Neck.parts.Head.parts.right_ear.customLabel>правое ухо</QuadrupedAnimalWithHoovesAndHump.corePart.parts.Neck.parts.Head.parts.right_ear.customLabel>
  <!-- EN: front left leg -->
  <QuadrupedAnimalWithHoovesAndHump.corePart.parts.front_left_leg.customLabel>передняя левая нога</QuadrupedAnimalWithHoovesAndHump.corePart.parts.front_left_leg.customLabel>
  <!-- EN: front left hoof -->
  <QuadrupedAnimalWithHoovesAndHump.corePart.parts.front_left_leg.parts.front_left_hoof.customLabel>переднее левое копыто</QuadrupedAnimalWithHoovesAndHump.corePart.parts.front_left_leg.parts.front_left_hoof.customLabel>
  <!-- EN: front right leg -->
  <QuadrupedAnimalWithHoovesAndHump.corePart.parts.front_right_leg.customLabel>передняя правая нога</QuadrupedAnimalWithHoovesAndHump.corePart.parts.front_right_leg.customLabel>
  <!-- EN: front right hoof -->
  <QuadrupedAnimalWithHoovesAndHump.corePart.parts.front_right_leg.parts.front_right_hoof.customLabel>переднее правое копыто</QuadrupedAnimalWithHoovesAndHump.corePart.parts.front_right_leg.parts.front_right_hoof.customLabel>
  <!-- EN: rear left leg -->
  <QuadrupedAnimalWithHoovesAndHump.corePart.parts.rear_left_leg.customLabel>задняя левая нога</QuadrupedAnimalWithHoovesAndHump.corePart.parts.rear_left_leg.customLabel>
  <!-- EN: rear left hoof -->
  <QuadrupedAnimalWithHoovesAndHump.corePart.parts.rear_left_leg.parts.rear_left_hoof.customLabel>заднее левое копыто</QuadrupedAnimalWithHoovesAndHump.corePart.parts.rear_left_leg.parts.rear_left_hoof.customLabel>
  <!-- EN: rear right leg -->
  <QuadrupedAnimalWithHoovesAndHump.corePart.parts.rear_right_leg.customLabel>задняя правая нога</QuadrupedAnimalWithHoovesAndHump.corePart.parts.rear_right_leg.customLabel>
  <!-- EN: rear right hoof -->
  <QuadrupedAnimalWithHoovesAndHump.corePart.parts.rear_right_leg.parts.rear_right_hoof.customLabel>заднее правое копыто</QuadrupedAnimalWithHoovesAndHump.corePart.parts.rear_right_leg.parts.rear_right_hoof.customLabel>
  
  <!-- EN: quadruped animal -->
  <QuadrupedAnimalWithHoovesAndTusks.label>копытное четвероногое с бивнями</QuadrupedAnimalWithHoovesAndTusks.label>
  <!-- EN: left lung -->
  <QuadrupedAnimalWithHoovesAndTusks.corePart.parts.left_lung.customLabel>левое лёгкое</QuadrupedAnimalWithHoovesAndTusks.corePart.parts.left_lung.customLabel>
  <!-- EN: right lung -->
  <QuadrupedAnimalWithHoovesAndTusks.corePart.parts.right_lung.customLabel>правое лёгкое</QuadrupedAnimalWithHoovesAndTusks.corePart.parts.right_lung.customLabel>
  <!-- EN: left kidney -->
  <QuadrupedAnimalWithHoovesAndTusks.corePart.parts.left_kidney.customLabel>левая почка</QuadrupedAnimalWithHoovesAndTusks.corePart.parts.left_kidney.customLabel>
  <!-- EN: right kidney -->
  <QuadrupedAnimalWithHoovesAndTusks.corePart.parts.right_kidney.customLabel>правая почка</QuadrupedAnimalWithHoovesAndTusks.corePart.parts.right_kidney.customLabel>
  <!-- EN: left eye -->
  <QuadrupedAnimalWithHoovesAndTusks.corePart.parts.Neck.parts.Head.parts.left_eye.customLabel>левый глаз</QuadrupedAnimalWithHoovesAndTusks.corePart.parts.Neck.parts.Head.parts.left_eye.customLabel>
  <!-- EN: right eye -->
  <QuadrupedAnimalWithHoovesAndTusks.corePart.parts.Neck.parts.Head.parts.right_eye.customLabel>правый глаз</QuadrupedAnimalWithHoovesAndTusks.corePart.parts.Neck.parts.Head.parts.right_eye.customLabel>
  <!-- EN: left ear -->
  <QuadrupedAnimalWithHoovesAndTusks.corePart.parts.Neck.parts.Head.parts.left_ear.customLabel>левое ухо</QuadrupedAnimalWithHoovesAndTusks.corePart.parts.Neck.parts.Head.parts.left_ear.customLabel>
  <!-- EN: right ear -->
  <QuadrupedAnimalWithHoovesAndTusks.corePart.parts.Neck.parts.Head.parts.right_ear.customLabel>правое ухо</QuadrupedAnimalWithHoovesAndTusks.corePart.parts.Neck.parts.Head.parts.right_ear.customLabel>
  <!-- EN: left tusk -->
  <QuadrupedAnimalWithHoovesAndTusks.corePart.parts.Neck.parts.Head.parts.AnimalJaw.parts.left_tusk.customLabel>левый бивень</QuadrupedAnimalWithHoovesAndTusks.corePart.parts.Neck.parts.Head.parts.AnimalJaw.parts.left_tusk.customLabel>
  <!-- EN: right tusk -->
  <QuadrupedAnimalWithHoovesAndTusks.corePart.parts.Neck.parts.Head.parts.AnimalJaw.parts.right_tusk.customLabel>правый бивень</QuadrupedAnimalWithHoovesAndTusks.corePart.parts.Neck.parts.Head.parts.AnimalJaw.parts.right_tusk.customLabel>
  <!-- EN: front left leg -->
  <QuadrupedAnimalWithHoovesAndTusks.corePart.parts.front_left_leg.customLabel>передняя левая нога</QuadrupedAnimalWithHoovesAndTusks.corePart.parts.front_left_leg.customLabel>
  <!-- EN: front left hoof -->
  <QuadrupedAnimalWithHoovesAndTusks.corePart.parts.front_left_leg.parts.front_left_hoof.customLabel>переднее левое копыто</QuadrupedAnimalWithHoovesAndTusks.corePart.parts.front_left_leg.parts.front_left_hoof.customLabel>
  <!-- EN: front right leg -->
  <QuadrupedAnimalWithHoovesAndTusks.corePart.parts.front_right_leg.customLabel>передняя правая нога</QuadrupedAnimalWithHoovesAndTusks.corePart.parts.front_right_leg.customLabel>
  <!-- EN: front right hoof -->
  <QuadrupedAnimalWithHoovesAndTusks.corePart.parts.front_right_leg.parts.front_right_hoof.customLabel>переднее правое копыто</QuadrupedAnimalWithHoovesAndTusks.corePart.parts.front_right_leg.parts.front_right_hoof.customLabel>
  <!-- EN: rear left leg -->
  <QuadrupedAnimalWithHoovesAndTusks.corePart.parts.rear_left_leg.customLabel>задняя левая нога</QuadrupedAnimalWithHoovesAndTusks.corePart.parts.rear_left_leg.customLabel>
  <!-- EN: rear left hoof -->
  <QuadrupedAnimalWithHoovesAndTusks.corePart.parts.rear_left_leg.parts.rear_left_hoof.customLabel>заднее левое копыто</QuadrupedAnimalWithHoovesAndTusks.corePart.parts.rear_left_leg.parts.rear_left_hoof.customLabel>
  <!-- EN: rear right leg -->
  <QuadrupedAnimalWithHoovesAndTusks.corePart.parts.rear_right_leg.customLabel>задняя правая нога</QuadrupedAnimalWithHoovesAndTusks.corePart.parts.rear_right_leg.customLabel>
  <!-- EN: rear right hoof -->
  <QuadrupedAnimalWithHoovesAndTusks.corePart.parts.rear_right_leg.parts.rear_right_hoof.customLabel>заднее правое копыто</QuadrupedAnimalWithHoovesAndTusks.corePart.parts.rear_right_leg.parts.rear_right_hoof.customLabel>
  
  <!-- EN: quadruped animal -->
  <QuadrupedAnimalWithHoovesTusksAndTrunk.label>копытное четвероногое с бивнями и хоботом</QuadrupedAnimalWithHoovesTusksAndTrunk.label>
  <!-- EN: left lung -->
  <QuadrupedAnimalWithHoovesTusksAndTrunk.corePart.parts.left_lung.customLabel>левое лёгкое</QuadrupedAnimalWithHoovesTusksAndTrunk.corePart.parts.left_lung.customLabel>
  <!-- EN: right lung -->
  <QuadrupedAnimalWithHoovesTusksAndTrunk.corePart.parts.right_lung.customLabel>правое лёгкое</QuadrupedAnimalWithHoovesTusksAndTrunk.corePart.parts.right_lung.customLabel>
  <!-- EN: left kidney -->
  <QuadrupedAnimalWithHoovesTusksAndTrunk.corePart.parts.left_kidney.customLabel>левая почка</QuadrupedAnimalWithHoovesTusksAndTrunk.corePart.parts.left_kidney.customLabel>
  <!-- EN: right kidney -->
  <QuadrupedAnimalWithHoovesTusksAndTrunk.corePart.parts.right_kidney.customLabel>правая почка</QuadrupedAnimalWithHoovesTusksAndTrunk.corePart.parts.right_kidney.customLabel>
  <!-- EN: left eye -->
  <QuadrupedAnimalWithHoovesTusksAndTrunk.corePart.parts.Neck.parts.Head.parts.left_eye.customLabel>левый глаз</QuadrupedAnimalWithHoovesTusksAndTrunk.corePart.parts.Neck.parts.Head.parts.left_eye.customLabel>
  <!-- EN: right eye -->
  <QuadrupedAnimalWithHoovesTusksAndTrunk.corePart.parts.Neck.parts.Head.parts.right_eye.customLabel>правый глаз</QuadrupedAnimalWithHoovesTusksAndTrunk.corePart.parts.Neck.parts.Head.parts.right_eye.customLabel>
  <!-- EN: left ear -->
  <QuadrupedAnimalWithHoovesTusksAndTrunk.corePart.parts.Neck.parts.Head.parts.left_ear.customLabel>левое ухо</QuadrupedAnimalWithHoovesTusksAndTrunk.corePart.parts.Neck.parts.Head.parts.left_ear.customLabel>
  <!-- EN: right ear -->
  <QuadrupedAnimalWithHoovesTusksAndTrunk.corePart.parts.Neck.parts.Head.parts.right_ear.customLabel>правое ухо</QuadrupedAnimalWithHoovesTusksAndTrunk.corePart.parts.Neck.parts.Head.parts.right_ear.customLabel>
  <!-- EN: left tusk -->
  <QuadrupedAnimalWithHoovesTusksAndTrunk.corePart.parts.Neck.parts.Head.parts.AnimalJaw.parts.left_tusk.customLabel>левый бивень</QuadrupedAnimalWithHoovesTusksAndTrunk.corePart.parts.Neck.parts.Head.parts.AnimalJaw.parts.left_tusk.customLabel>
  <!-- EN: right tusk -->
  <QuadrupedAnimalWithHoovesTusksAndTrunk.corePart.parts.Neck.parts.Head.parts.AnimalJaw.parts.right_tusk.customLabel>правый бивень</QuadrupedAnimalWithHoovesTusksAndTrunk.corePart.parts.Neck.parts.Head.parts.AnimalJaw.parts.right_tusk.customLabel>
  <!-- EN: front left leg -->
  <QuadrupedAnimalWithHoovesTusksAndTrunk.corePart.parts.front_left_leg.customLabel>передняя левая нога</QuadrupedAnimalWithHoovesTusksAndTrunk.corePart.parts.front_left_leg.customLabel>
  <!-- EN: front left hoof -->
  <QuadrupedAnimalWithHoovesTusksAndTrunk.corePart.parts.front_left_leg.parts.front_left_hoof.customLabel>переднее левое копыто</QuadrupedAnimalWithHoovesTusksAndTrunk.corePart.parts.front_left_leg.parts.front_left_hoof.customLabel>
  <!-- EN: front right leg -->
  <QuadrupedAnimalWithHoovesTusksAndTrunk.corePart.parts.front_right_leg.customLabel>передняя правая нога</QuadrupedAnimalWithHoovesTusksAndTrunk.corePart.parts.front_right_leg.customLabel>
  <!-- EN: front right hoof -->
  <QuadrupedAnimalWithHoovesTusksAndTrunk.corePart.parts.front_right_leg.parts.front_right_hoof.customLabel>переднее правое копыто</QuadrupedAnimalWithHoovesTusksAndTrunk.corePart.parts.front_right_leg.parts.front_right_hoof.customLabel>
  <!-- EN: rear left leg -->
  <QuadrupedAnimalWithHoovesTusksAndTrunk.corePart.parts.rear_left_leg.customLabel>задняя левая нога</QuadrupedAnimalWithHoovesTusksAndTrunk.corePart.parts.rear_left_leg.customLabel>
  <!-- EN: rear left hoof -->
  <QuadrupedAnimalWithHoovesTusksAndTrunk.corePart.parts.rear_left_leg.parts.rear_left_hoof.customLabel>заднее левое копыто</QuadrupedAnimalWithHoovesTusksAndTrunk.corePart.parts.rear_left_leg.parts.rear_left_hoof.customLabel>
  <!-- EN: rear right leg -->
  <QuadrupedAnimalWithHoovesTusksAndTrunk.corePart.parts.rear_right_leg.customLabel>задняя правая нога</QuadrupedAnimalWithHoovesTusksAndTrunk.corePart.parts.rear_right_leg.customLabel>
  <!-- EN: rear right hoof -->
  <QuadrupedAnimalWithHoovesTusksAndTrunk.corePart.parts.rear_right_leg.parts.rear_right_hoof.customLabel>заднее правое копыто</QuadrupedAnimalWithHoovesTusksAndTrunk.corePart.parts.rear_right_leg.parts.rear_right_hoof.customLabel>
  
  <!-- EN: quadruped animal -->
  <QuadrupedAnimalWithPaws.label>четвероногое</QuadrupedAnimalWithPaws.label>
  <!-- EN: left lung -->
  <QuadrupedAnimalWithPaws.corePart.parts.left_lung.customLabel>левое лёгкое</QuadrupedAnimalWithPaws.corePart.parts.left_lung.customLabel>
  <!-- EN: right lung -->
  <QuadrupedAnimalWithPaws.corePart.parts.right_lung.customLabel>правое лёгкое</QuadrupedAnimalWithPaws.corePart.parts.right_lung.customLabel>
  <!-- EN: left kidney -->
  <QuadrupedAnimalWithPaws.corePart.parts.left_kidney.customLabel>левая почка</QuadrupedAnimalWithPaws.corePart.parts.left_kidney.customLabel>
  <!-- EN: right kidney -->
  <QuadrupedAnimalWithPaws.corePart.parts.right_kidney.customLabel>правая почка</QuadrupedAnimalWithPaws.corePart.parts.right_kidney.customLabel>
  <!-- EN: left eye -->
  <QuadrupedAnimalWithPaws.corePart.parts.Neck.parts.Head.parts.left_eye.customLabel>левый глаз</QuadrupedAnimalWithPaws.corePart.parts.Neck.parts.Head.parts.left_eye.customLabel>
  <!-- EN: right eye -->
  <QuadrupedAnimalWithPaws.corePart.parts.Neck.parts.Head.parts.right_eye.customLabel>правый глаз</QuadrupedAnimalWithPaws.corePart.parts.Neck.parts.Head.parts.right_eye.customLabel>
  <!-- EN: left ear -->
  <QuadrupedAnimalWithPaws.corePart.parts.Neck.parts.Head.parts.left_ear.customLabel>левое ухо</QuadrupedAnimalWithPaws.corePart.parts.Neck.parts.Head.parts.left_ear.customLabel>
  <!-- EN: right ear -->
  <QuadrupedAnimalWithPaws.corePart.parts.Neck.parts.Head.parts.right_ear.customLabel>правое ухо</QuadrupedAnimalWithPaws.corePart.parts.Neck.parts.Head.parts.right_ear.customLabel>
  <!-- EN: front left leg -->
  <QuadrupedAnimalWithPaws.corePart.parts.front_left_leg.customLabel>передняя левая нога</QuadrupedAnimalWithPaws.corePart.parts.front_left_leg.customLabel>
  <!-- EN: front left paw -->
  <QuadrupedAnimalWithPaws.corePart.parts.front_left_leg.parts.front_left_paw.customLabel>передняя левая лапа</QuadrupedAnimalWithPaws.corePart.parts.front_left_leg.parts.front_left_paw.customLabel>
  <!-- EN: front right leg -->
  <QuadrupedAnimalWithPaws.corePart.parts.front_right_leg.customLabel>передняя правая нога</QuadrupedAnimalWithPaws.corePart.parts.front_right_leg.customLabel>
  <!-- EN: front right paw -->
  <QuadrupedAnimalWithPaws.corePart.parts.front_right_leg.parts.front_right_paw.customLabel>передняя правая лапа</QuadrupedAnimalWithPaws.corePart.parts.front_right_leg.parts.front_right_paw.customLabel>
  <!-- EN: rear left leg -->
  <QuadrupedAnimalWithPaws.corePart.parts.rear_left_leg.customLabel>задняя левая нога</QuadrupedAnimalWithPaws.corePart.parts.rear_left_leg.customLabel>
  <!-- EN: rear left paw -->
  <QuadrupedAnimalWithPaws.corePart.parts.rear_left_leg.parts.rear_left_paw.customLabel>задняя левая лапа</QuadrupedAnimalWithPaws.corePart.parts.rear_left_leg.parts.rear_left_paw.customLabel>
  <!-- EN: rear right leg -->
  <QuadrupedAnimalWithPaws.corePart.parts.rear_right_leg.customLabel>задняя правая нога</QuadrupedAnimalWithPaws.corePart.parts.rear_right_leg.customLabel>
  <!-- EN: rear right paw -->
  <QuadrupedAnimalWithPaws.corePart.parts.rear_right_leg.parts.rear_right_paw.customLabel>задняя правая лапа</QuadrupedAnimalWithPaws.corePart.parts.rear_right_leg.parts.rear_right_paw.customLabel>
  
  <!-- EN: quadruped animal -->
  <QuadrupedAnimalWithPawsAndTail.label>четвероногое с хвостом</QuadrupedAnimalWithPawsAndTail.label>
  <!-- EN: left lung -->
  <QuadrupedAnimalWithPawsAndTail.corePart.parts.left_lung.customLabel>левое лёгкое</QuadrupedAnimalWithPawsAndTail.corePart.parts.left_lung.customLabel>
  <!-- EN: right lung -->
  <QuadrupedAnimalWithPawsAndTail.corePart.parts.right_lung.customLabel>правое лёгкое</QuadrupedAnimalWithPawsAndTail.corePart.parts.right_lung.customLabel>
  <!-- EN: left kidney -->
  <QuadrupedAnimalWithPawsAndTail.corePart.parts.left_kidney.customLabel>левая почка</QuadrupedAnimalWithPawsAndTail.corePart.parts.left_kidney.customLabel>
  <!-- EN: right kidney -->
  <QuadrupedAnimalWithPawsAndTail.corePart.parts.right_kidney.customLabel>правая почка</QuadrupedAnimalWithPawsAndTail.corePart.parts.right_kidney.customLabel>
  <!-- EN: left eye -->
  <QuadrupedAnimalWithPawsAndTail.corePart.parts.Neck.parts.Head.parts.left_eye.customLabel>левый глаз</QuadrupedAnimalWithPawsAndTail.corePart.parts.Neck.parts.Head.parts.left_eye.customLabel>
  <!-- EN: right eye -->
  <QuadrupedAnimalWithPawsAndTail.corePart.parts.Neck.parts.Head.parts.right_eye.customLabel>правый глаз</QuadrupedAnimalWithPawsAndTail.corePart.parts.Neck.parts.Head.parts.right_eye.customLabel>
  <!-- EN: left ear -->
  <QuadrupedAnimalWithPawsAndTail.corePart.parts.Neck.parts.Head.parts.left_ear.customLabel>левое ухо</QuadrupedAnimalWithPawsAndTail.corePart.parts.Neck.parts.Head.parts.left_ear.customLabel>
  <!-- EN: right ear -->
  <QuadrupedAnimalWithPawsAndTail.corePart.parts.Neck.parts.Head.parts.right_ear.customLabel>правое ухо</QuadrupedAnimalWithPawsAndTail.corePart.parts.Neck.parts.Head.parts.right_ear.customLabel>
  <!-- EN: front left leg -->
  <QuadrupedAnimalWithPawsAndTail.corePart.parts.front_left_leg.customLabel>передняя левая нога</QuadrupedAnimalWithPawsAndTail.corePart.parts.front_left_leg.customLabel>
  <!-- EN: front left paw -->
  <QuadrupedAnimalWithPawsAndTail.corePart.parts.front_left_leg.parts.front_left_paw.customLabel>передняя левая лапа</QuadrupedAnimalWithPawsAndTail.corePart.parts.front_left_leg.parts.front_left_paw.customLabel>
  <!-- EN: front right leg -->
  <QuadrupedAnimalWithPawsAndTail.corePart.parts.front_right_leg.customLabel>передняя правая нога</QuadrupedAnimalWithPawsAndTail.corePart.parts.front_right_leg.customLabel>
  <!-- EN: front right paw -->
  <QuadrupedAnimalWithPawsAndTail.corePart.parts.front_right_leg.parts.front_right_paw.customLabel>передняя правая лапа</QuadrupedAnimalWithPawsAndTail.corePart.parts.front_right_leg.parts.front_right_paw.customLabel>
  <!-- EN: rear left leg -->
  <QuadrupedAnimalWithPawsAndTail.corePart.parts.rear_left_leg.customLabel>задняя левая нога</QuadrupedAnimalWithPawsAndTail.corePart.parts.rear_left_leg.customLabel>
  <!-- EN: rear left paw -->
  <QuadrupedAnimalWithPawsAndTail.corePart.parts.rear_left_leg.parts.rear_left_paw.customLabel>задняя левая лапа</QuadrupedAnimalWithPawsAndTail.corePart.parts.rear_left_leg.parts.rear_left_paw.customLabel>
  <!-- EN: rear right leg -->
  <QuadrupedAnimalWithPawsAndTail.corePart.parts.rear_right_leg.customLabel>задняя правая нога</QuadrupedAnimalWithPawsAndTail.corePart.parts.rear_right_leg.customLabel>
  <!-- EN: rear right paw -->
  <QuadrupedAnimalWithPawsAndTail.corePart.parts.rear_right_leg.parts.rear_right_paw.customLabel>задняя правая лапа</QuadrupedAnimalWithPawsAndTail.corePart.parts.rear_right_leg.parts.rear_right_paw.customLabel>
  
  <!-- EN: turtle-like -->
  <TurtleLike.label>черепахообразное</TurtleLike.label>
  <!-- EN: left lung -->
  <TurtleLike.corePart.parts.left_lung.customLabel>левое лёгкое</TurtleLike.corePart.parts.left_lung.customLabel>
  <!-- EN: right lung -->
  <TurtleLike.corePart.parts.right_lung.customLabel>правое лёгкое</TurtleLike.corePart.parts.right_lung.customLabel>
  <!-- EN: left kidney -->
  <TurtleLike.corePart.parts.left_kidney.customLabel>левая почка</TurtleLike.corePart.parts.left_kidney.customLabel>
  <!-- EN: right kidney -->
  <TurtleLike.corePart.parts.right_kidney.customLabel>правая почка</TurtleLike.corePart.parts.right_kidney.customLabel>
  <!-- EN: left eye -->
  <TurtleLike.corePart.parts.Head.parts.left_eye.customLabel>левый глаз</TurtleLike.corePart.parts.Head.parts.left_eye.customLabel>
  <!-- EN: right eye -->
  <TurtleLike.corePart.parts.Head.parts.right_eye.customLabel>правый глаз</TurtleLike.corePart.parts.Head.parts.right_eye.customLabel>
  <!-- EN: front left leg -->
  <TurtleLike.corePart.parts.front_left_leg.customLabel>передняя левая нога</TurtleLike.corePart.parts.front_left_leg.customLabel>
  <!-- EN: front right leg -->
  <TurtleLike.corePart.parts.front_right_leg.customLabel>передняя правая нога</TurtleLike.corePart.parts.front_right_leg.customLabel>
  <!-- EN: rear left leg -->
  <TurtleLike.corePart.parts.rear_left_leg.customLabel>задняя левая нога</TurtleLike.corePart.parts.rear_left_leg.customLabel>
  <!-- EN: rear right leg -->
  <TurtleLike.corePart.parts.rear_right_leg.customLabel>задняя правая нога</TurtleLike.corePart.parts.rear_right_leg.customLabel>
  
</LanguageData>