﻿<?xml version="1.0" encoding="UTF-8"?>
<LanguageData>
  
  <!-- EN: bird -->
  <Bird.label>птица</Bird.label>
  <!-- EN: left lung -->
  <Bird.corePart.parts.left_lung.customLabel>левое лёгкое</Bird.corePart.parts.left_lung.customLabel>
  <!-- EN: right lung -->
  <Bird.corePart.parts.right_lung.customLabel>правое лёгкое</Bird.corePart.parts.right_lung.customLabel>
  <!-- EN: left kidney -->
  <Bird.corePart.parts.left_kidney.customLabel>левая почка</Bird.corePart.parts.left_kidney.customLabel>
  <!-- EN: right kidney -->
  <Bird.corePart.parts.right_kidney.customLabel>правая почка</Bird.corePart.parts.right_kidney.customLabel>
  <!-- EN: left eye -->
  <Bird.corePart.parts.Neck.parts.Head.parts.left_eye.customLabel>левый глаз</Bird.corePart.parts.Neck.parts.Head.parts.left_eye.customLabel>
  <!-- EN: right eye -->
  <Bird.corePart.parts.Neck.parts.Head.parts.right_eye.customLabel>правый глаз</Bird.corePart.parts.Neck.parts.Head.parts.right_eye.customLabel>
  <!-- EN: left leg -->
  <Bird.corePart.parts.left_leg.customLabel>левая нога</Bird.corePart.parts.left_leg.customLabel>
  <!-- EN: left foot -->
  <Bird.corePart.parts.left_leg.parts.left_foot.customLabel>левая стопа</Bird.corePart.parts.left_leg.parts.left_foot.customLabel>
  <!-- EN: right leg -->
  <Bird.corePart.parts.right_leg.customLabel>правая нога</Bird.corePart.parts.right_leg.customLabel>
  <!-- EN: right foot -->
  <Bird.corePart.parts.right_leg.parts.right_foot.customLabel>правая стопа</Bird.corePart.parts.right_leg.parts.right_foot.customLabel>
  
</LanguageData>