﻿<?xml version="1.0" encoding="UTF-8"?>
<LanguageData>
  
  <!-- EN: human -->
  <Human.label>человек</Human.label>
  <!-- EN: left lung -->
  <Human.corePart.parts.left_lung.customLabel>левое лёгкое</Human.corePart.parts.left_lung.customLabel>
  <!-- EN: right lung -->
  <Human.corePart.parts.right_lung.customLabel>правое лёгкое</Human.corePart.parts.right_lung.customLabel>
  <!-- EN: left kidney -->
  <Human.corePart.parts.left_kidney.customLabel>левая почка</Human.corePart.parts.left_kidney.customLabel>
  <!-- EN: right kidney -->
  <Human.corePart.parts.right_kidney.customLabel>правая почка</Human.corePart.parts.right_kidney.customLabel>
  <!-- EN: left eye -->
  <Human.corePart.parts.Neck.parts.Head.parts.left_eye.customLabel>левый глаз</Human.corePart.parts.Neck.parts.Head.parts.left_eye.customLabel>
  <!-- EN: right eye -->
  <Human.corePart.parts.Neck.parts.Head.parts.right_eye.customLabel>правый глаз</Human.corePart.parts.Neck.parts.Head.parts.right_eye.customLabel>
  <!-- EN: left ear -->
  <Human.corePart.parts.Neck.parts.Head.parts.left_ear.customLabel>левое ухо</Human.corePart.parts.Neck.parts.Head.parts.left_ear.customLabel>
  <!-- EN: right ear -->
  <Human.corePart.parts.Neck.parts.Head.parts.right_ear.customLabel>правое ухо</Human.corePart.parts.Neck.parts.Head.parts.right_ear.customLabel>
  <!-- EN: left shoulder -->
  <Human.corePart.parts.left_shoulder.customLabel>левое плечо</Human.corePart.parts.left_shoulder.customLabel>
  <!-- EN: left clavicle -->
  <Human.corePart.parts.left_shoulder.parts.left_clavicle.customLabel>левая ключица</Human.corePart.parts.left_shoulder.parts.left_clavicle.customLabel>
  <!-- EN: left arm -->
  <Human.corePart.parts.left_shoulder.parts.left_arm.customLabel>левая рука</Human.corePart.parts.left_shoulder.parts.left_arm.customLabel>
  <!-- EN: left humerus -->
  <Human.corePart.parts.left_shoulder.parts.left_arm.parts.left_humerus.customLabel>левая плечевая кость</Human.corePart.parts.left_shoulder.parts.left_arm.parts.left_humerus.customLabel>
  <!-- EN: left radius -->
  <Human.corePart.parts.left_shoulder.parts.left_arm.parts.left_radius.customLabel>левое предплечье</Human.corePart.parts.left_shoulder.parts.left_arm.parts.left_radius.customLabel>
  <!-- EN: left hand -->
  <Human.corePart.parts.left_shoulder.parts.left_arm.parts.left_hand.customLabel>левая кисть</Human.corePart.parts.left_shoulder.parts.left_arm.parts.left_hand.customLabel>
  <!-- EN: left pinky -->
  <Human.corePart.parts.left_shoulder.parts.left_arm.parts.left_hand.parts.left_pinky.customLabel>мизинец левой руки</Human.corePart.parts.left_shoulder.parts.left_arm.parts.left_hand.parts.left_pinky.customLabel>
  <!-- EN: left ring finger -->
  <Human.corePart.parts.left_shoulder.parts.left_arm.parts.left_hand.parts.left_ring_finger.customLabel>безымянный палец левой руки</Human.corePart.parts.left_shoulder.parts.left_arm.parts.left_hand.parts.left_ring_finger.customLabel>
  <!-- EN: left middle finger -->
  <Human.corePart.parts.left_shoulder.parts.left_arm.parts.left_hand.parts.left_middle_finger.customLabel>средний палец левой руки</Human.corePart.parts.left_shoulder.parts.left_arm.parts.left_hand.parts.left_middle_finger.customLabel>
  <!-- EN: left index finger -->
  <Human.corePart.parts.left_shoulder.parts.left_arm.parts.left_hand.parts.left_index_finger.customLabel>указательный палец левой руки</Human.corePart.parts.left_shoulder.parts.left_arm.parts.left_hand.parts.left_index_finger.customLabel>
  <!-- EN: left thumb -->
  <Human.corePart.parts.left_shoulder.parts.left_arm.parts.left_hand.parts.left_thumb.customLabel>большой палец левой руки</Human.corePart.parts.left_shoulder.parts.left_arm.parts.left_hand.parts.left_thumb.customLabel>
  <!-- EN: right shoulder -->
  <Human.corePart.parts.right_shoulder.customLabel>правое плечо</Human.corePart.parts.right_shoulder.customLabel>
  <!-- EN: right clavicle -->
  <Human.corePart.parts.right_shoulder.parts.right_clavicle.customLabel>правая ключица</Human.corePart.parts.right_shoulder.parts.right_clavicle.customLabel>
  <!-- EN: right arm -->
  <Human.corePart.parts.right_shoulder.parts.right_arm.customLabel>правая рука</Human.corePart.parts.right_shoulder.parts.right_arm.customLabel>
  <!-- EN: right humerus -->
  <Human.corePart.parts.right_shoulder.parts.right_arm.parts.right_humerus.customLabel>правая плечевая кость</Human.corePart.parts.right_shoulder.parts.right_arm.parts.right_humerus.customLabel>
  <!-- EN: right radius -->
  <Human.corePart.parts.right_shoulder.parts.right_arm.parts.right_radius.customLabel>правое предплечье</Human.corePart.parts.right_shoulder.parts.right_arm.parts.right_radius.customLabel>
  <!-- EN: right hand -->
  <Human.corePart.parts.right_shoulder.parts.right_arm.parts.right_hand.customLabel>правая кисть</Human.corePart.parts.right_shoulder.parts.right_arm.parts.right_hand.customLabel>
  <!-- EN: right pinky -->
  <Human.corePart.parts.right_shoulder.parts.right_arm.parts.right_hand.parts.right_pinky.customLabel>мизинец правой руки</Human.corePart.parts.right_shoulder.parts.right_arm.parts.right_hand.parts.right_pinky.customLabel>
  <!-- EN: right ring finger -->
  <Human.corePart.parts.right_shoulder.parts.right_arm.parts.right_hand.parts.right_ring_finger.customLabel>безымянный палец правой руки</Human.corePart.parts.right_shoulder.parts.right_arm.parts.right_hand.parts.right_ring_finger.customLabel>
  <!-- EN: right middle finger -->
  <Human.corePart.parts.right_shoulder.parts.right_arm.parts.right_hand.parts.right_middle_finger.customLabel>средний палец правой руки</Human.corePart.parts.right_shoulder.parts.right_arm.parts.right_hand.parts.right_middle_finger.customLabel>
  <!-- EN: right index finger -->
  <Human.corePart.parts.right_shoulder.parts.right_arm.parts.right_hand.parts.right_index_finger.customLabel>указательный палец правой руки</Human.corePart.parts.right_shoulder.parts.right_arm.parts.right_hand.parts.right_index_finger.customLabel>
  <!-- EN: right thumb -->
  <Human.corePart.parts.right_shoulder.parts.right_arm.parts.right_hand.parts.right_thumb.customLabel>большой палец правой руки</Human.corePart.parts.right_shoulder.parts.right_arm.parts.right_hand.parts.right_thumb.customLabel>
  <!-- EN: left leg -->
  <Human.corePart.parts.left_leg.customLabel>левая нога</Human.corePart.parts.left_leg.customLabel>
  <!-- EN: left femur -->
  <Human.corePart.parts.left_leg.parts.left_femur.customLabel>левое бедро</Human.corePart.parts.left_leg.parts.left_femur.customLabel>
  <!-- EN: left tibia -->
  <Human.corePart.parts.left_leg.parts.left_tibia.customLabel>левая голень</Human.corePart.parts.left_leg.parts.left_tibia.customLabel>
  <!-- EN: left foot -->
  <Human.corePart.parts.left_leg.parts.left_foot.customLabel>левая стопа</Human.corePart.parts.left_leg.parts.left_foot.customLabel>
  <!-- EN: left little toe -->
  <Human.corePart.parts.left_leg.parts.left_foot.parts.left_little_toe.customLabel>мизинец левой ноги</Human.corePart.parts.left_leg.parts.left_foot.parts.left_little_toe.customLabel>
  <!-- EN: left fourth toe -->
  <Human.corePart.parts.left_leg.parts.left_foot.parts.left_fourth_toe.customLabel>безымянный палец левой ноги</Human.corePart.parts.left_leg.parts.left_foot.parts.left_fourth_toe.customLabel>
  <!-- EN: left middle toe -->
  <Human.corePart.parts.left_leg.parts.left_foot.parts.left_middle_toe.customLabel>средний палец левой ноги</Human.corePart.parts.left_leg.parts.left_foot.parts.left_middle_toe.customLabel>
  <!-- EN: left second toe -->
  <Human.corePart.parts.left_leg.parts.left_foot.parts.left_second_toe.customLabel>указательный палец левой ноги</Human.corePart.parts.left_leg.parts.left_foot.parts.left_second_toe.customLabel>
  <!-- EN: left big toe -->
  <Human.corePart.parts.left_leg.parts.left_foot.parts.left_big_toe.customLabel>большой палец левой ноги</Human.corePart.parts.left_leg.parts.left_foot.parts.left_big_toe.customLabel>
  <!-- EN: right leg -->
  <Human.corePart.parts.right_leg.customLabel>правая нога</Human.corePart.parts.right_leg.customLabel>
  <!-- EN: right femur -->
  <Human.corePart.parts.right_leg.parts.right_femur.customLabel>правое бедро</Human.corePart.parts.right_leg.parts.right_femur.customLabel>
  <!-- EN: right tibia -->
  <Human.corePart.parts.right_leg.parts.right_tibia.customLabel>правая голень</Human.corePart.parts.right_leg.parts.right_tibia.customLabel>
  <!-- EN: right foot -->
  <Human.corePart.parts.right_leg.parts.right_foot.customLabel>правая стопа</Human.corePart.parts.right_leg.parts.right_foot.customLabel>
  <!-- EN: right little toe -->
  <Human.corePart.parts.right_leg.parts.right_foot.parts.right_little_toe.customLabel>мизинец правой ноги</Human.corePart.parts.right_leg.parts.right_foot.parts.right_little_toe.customLabel>
  <!-- EN: right fourth toe -->
  <Human.corePart.parts.right_leg.parts.right_foot.parts.right_fourth_toe.customLabel>безымянный палец правой ноги</Human.corePart.parts.right_leg.parts.right_foot.parts.right_fourth_toe.customLabel>
  <!-- EN: right middle toe -->
  <Human.corePart.parts.right_leg.parts.right_foot.parts.right_middle_toe.customLabel>средний палец правой ноги</Human.corePart.parts.right_leg.parts.right_foot.parts.right_middle_toe.customLabel>
  <!-- EN: right second toe -->
  <Human.corePart.parts.right_leg.parts.right_foot.parts.right_second_toe.customLabel>указательный палец правой ноги</Human.corePart.parts.right_leg.parts.right_foot.parts.right_second_toe.customLabel>
  <!-- EN: right big toe -->
  <Human.corePart.parts.right_leg.parts.right_foot.parts.right_big_toe.customLabel>большой палец правой ноги</Human.corePart.parts.right_leg.parts.right_foot.parts.right_big_toe.customLabel>
  
</LanguageData>