﻿<?xml version="1.0" encoding="UTF-8"?>
<LanguageData>
  
  <!-- EN: They are attacking immediately. -->
  <ImmediateAttack.arrivalTextEnemy>Противник нападает немедленно.</ImmediateAttack.arrivalTextEnemy>
  <!-- EN: They are moving in to help you immediately. -->
  <ImmediateAttack.arrivalTextFriendly>Они спешат, чтобы помочь вам.</ImmediateAttack.arrivalTextFriendly>
  <!-- EN: Raid -->
  <ImmediateAttack.letterLabelEnemy>Налёт</ImmediateAttack.letterLabelEnemy>
  <!-- EN: Friendlies -->
  <ImmediateAttack.letterLabelFriendly>Союзники</ImmediateAttack.letterLabelFriendly>
  
  <!-- EN: They are attacking immediately. -->
  <ImmediateAttackFriendly.arrivalTextEnemy>Противник нападает немедленно.</ImmediateAttackFriendly.arrivalTextEnemy>
  <!-- EN: They are moving in to help you immediately. -->
  <ImmediateAttackFriendly.arrivalTextFriendly>Они спешат, чтобы помочь вам.</ImmediateAttackFriendly.arrivalTextFriendly>
  <!-- EN: Raid -->
  <ImmediateAttackFriendly.letterLabelEnemy>Налёт</ImmediateAttackFriendly.letterLabelEnemy>
  <!-- EN: Friendlies -->
  <ImmediateAttackFriendly.letterLabelFriendly>Союзники</ImmediateAttackFriendly.letterLabelFriendly>
  
  <!-- EN: It looks like they want to use sappers to tunnel around your defenses. -->
  <ImmediateAttackSappers.arrivalTextEnemy>Похоже, они хотят пробить брешь в защите вашего поселения.</ImmediateAttackSappers.arrivalTextEnemy>
  <!-- EN: Raid -->
  <ImmediateAttackSappers.letterLabelEnemy>Налёт</ImmediateAttackSappers.letterLabelEnemy>
  
  <!-- EN: They are attacking immediately.\n\nWatch out - they appear to be unusually clever with their tactics. They'll avoid your turrets' fields of fire and notice some of your traps. -->
  <ImmediateAttackSmart.arrivalTextEnemy>Противник нападает немедленно.\n\nБудьте внимательны, судя по всему, они используют более продуманную тактику, чем обычно. Они будут обходить ваши турели и замечать некоторые ловушки.</ImmediateAttackSmart.arrivalTextEnemy>
  <!-- EN: They are moving in to help you immediately. -->
  <ImmediateAttackSmart.arrivalTextFriendly>Они спешат, чтобы помочь вам.</ImmediateAttackSmart.arrivalTextFriendly>
  <!-- EN: Raid -->
  <ImmediateAttackSmart.letterLabelEnemy>Налёт</ImmediateAttackSmart.letterLabelEnemy>
  <!-- EN: Friendlies -->
  <ImmediateAttackSmart.letterLabelFriendly>Союзники</ImmediateAttackSmart.letterLabelFriendly>
  
  <!-- EN: It looks like they want to besiege the colony and pound you with mortars from a distance. You can try to wait them out - or go get them. -->
  <Siege.arrivalTextEnemy>Похоже, они собираются устроить осаду поселения и обстрелять вас с расстояния из миномётов. Вы можете переждать осаду или контратаковать.</Siege.arrivalTextEnemy>
  <!-- EN: It looks like they want to use siege tactics to help you. -->
  <Siege.arrivalTextFriendly>Похоже, что они хотят использовать осадную тактику, чтобы помочь вам.</Siege.arrivalTextFriendly>
  <!-- EN: Siege -->
  <Siege.letterLabelEnemy>Осада</Siege.letterLabelEnemy>
  <!-- EN: Friendlies -->
  <Siege.letterLabelFriendly>Помощь союзников</Siege.letterLabelFriendly>
  
  <!-- EN: Rather than attack directly, the mechanoids are setting up a mech cluster near the colony. You must attack it to finally remove the threat.\n\nThe cluster will be initially dormant, so you can take time to decide how to attack it.\n\nIt may remain dormant until disturbed, or it may have a timer or proximity activators.\n\nEven dormant mech clusters aren't harmless. A dormant cluster may assemble mechanoid attackers from time to time, or have some broader negative effect that must be dealt with eventually. -->
  <SiegeMechanoid.arrivalTextEnemy>Вместо того, чтобы нападать сразу, механоиды разбивают свой кластер неподалёку от поселения. Вам следует напасть на них, чтобы устранить угрозу.\n\nИзначально кластер будет в неактивном состоянии, поэтому у вас есть время спланировать атаку.\n\nОн может оставаться неактивным, пока его не потревожат, не сработает таймер или датчик движения.\n\nДаже неактивный кластер представляет угрозу. Он может время от времени собирать атакующих механоидов или наносить вам более серьёзный ущерб иными способами. Уничтожьте его как можно скорее.</SiegeMechanoid.arrivalTextEnemy>
  <!-- EN: Mechanoid Siege -->
  <SiegeMechanoid.letterLabelEnemy>Осада механоидов</SiegeMechanoid.letterLabelEnemy>
  
  <!-- EN: They will prepare for a while, then attack.\n\nPrepare a defense or attack them pre-emptively. -->
  <StageThenAttack.arrivalTextEnemy>У противника уйдёт какое-то время на подготовку перед атакой.\n\nПриготовьтесь к обороне или нанесите упреждающий удар.</StageThenAttack.arrivalTextEnemy>
  <!-- EN: They will prepare for a while before moving in to help you. -->
  <StageThenAttack.arrivalTextFriendly>У них уйдёт какое-то время на подготовку, прежде чем они помогут вам.</StageThenAttack.arrivalTextFriendly>
  <!-- EN: Raid -->
  <StageThenAttack.letterLabelEnemy>Налёт</StageThenAttack.letterLabelEnemy>
  <!-- EN: Friendlies -->
  <StageThenAttack.letterLabelFriendly>Помощь союзников</StageThenAttack.letterLabelFriendly>
  
</LanguageData>