﻿<?xml version="1.0" encoding="UTF-8"?>
<LanguageData>
  
  <!-- EN: blood filtration -->
  <BloodFiltration.label>фильтрация крови</BloodFiltration.label>
  <!-- EN: fluid reprocessing -->
  <BloodFiltration.labelMechanoids>рециркуляция</BloodFiltration.labelMechanoids>
  
  <!-- EN: blood pumping -->
  <BloodPumping.label>кровообращение</BloodPumping.label>
  <!-- EN: power generation -->
  <BloodPumping.labelMechanoids>энерговыработка</BloodPumping.labelMechanoids>
  
  <!-- EN: breathing -->
  <Breathing.label>дыхание</Breathing.label>
  
  <!-- EN: consciousness -->
  <Consciousness.label>сознание</Consciousness.label>
  <!-- EN: Data processing -->
  <Consciousness.labelMechanoids>обработка данных</Consciousness.labelMechanoids>
  
  <!-- EN: eating -->
  <Eating.label>питание</Eating.label>
  
  <!-- EN: hearing -->
  <Hearing.label>слух</Hearing.label>
  
  <!-- EN: manipulation -->
  <Manipulation.label>работа</Manipulation.label>
  
  <!-- EN: metabolism -->
  <Metabolism.label>метаболизм</Metabolism.label>
  
  <!-- EN: moving -->
  <Moving.label>движение</Moving.label>
  
  <!-- EN: sight -->
  <Sight.label>зрение</Sight.label>
  
  <!-- EN: talking -->
  <Talking.label>речь</Talking.label>
  <!-- EN: Communication -->
  <Talking.labelMechanoids>связь</Talking.labelMechanoids>
  
</LanguageData>