﻿<?xml version="1.0" encoding="utf-8" ?>
<Defs>

  <FactionDef Abstract="True" Name="OrassanFactionBase">
    <settlementTexturePath>World/WorldObjects/DefaultSettlement</settlementTexturePath>
    <colorSpectrum>
      <li>(0, 0.737, 0.847)</li>
    </colorSpectrum>
  </FactionDef>
  
  <FactionDef Parent="OrassanFactionBase">
    <defName>OrassanPlayerColony</defName>
    <label>Orassan Enclave</label>
    <description>Your own community.</description>
    <isPlayer>true</isPlayer>
    <basicMemberKind>Orassan</basicMemberKind>
    <pawnsPlural>colonists</pawnsPlural>
	<pawnNameMaker>NamerPersonOrassan</pawnNameMaker>
    <techLevel>Industrial</techLevel>
    <backstoryCategories><li>Orassan</li></backstoryCategories>
    <factionIconPath>World/OrassanBaseIcon</factionIconPath>
    <settlementTexturePath>World/WorldObjects/Expanding/Town</settlementTexturePath>
    <playerInitialSettlementNameMaker>NamerInitialSettlementColony</playerInitialSettlementNameMaker>
		<factionNameMaker>NamerFactionOutlander</factionNameMaker>
    <settlementNameMaker>NamerSettlementOutlander</settlementNameMaker>
		<geneticVariance>1</geneticVariance>
    <startingResearchTags>
      <li>ClassicStart</li>
    </startingResearchTags>
    <hairTags>
      <li>Urban</li>
    </hairTags>
    <apparelStuffFilter>
      <thingDefs>
        <li>Cloth</li>
		<li>CatLavenderCloth</li>
      </thingDefs>
    </apparelStuffFilter>

  </FactionDef>

</Defs>