﻿<?xml version="1.0" encoding="UTF-8"?>
<LanguageData>
  
  <!-- EN: EMP -->
  <EMP.label>ЭМИ</EMP.label>
  <!-- EN: {0} has been EMPed to death. -->
  <EMP.deathMessage>{0} {0_gender ? убит : убита} ЭМИ.</EMP.deathMessage>
  
  <!-- EN: stun -->
  <Stun.label>оглушение</Stun.label>
  <!-- EN: {0} has been stunned to death. -->
  <Stun.deathMessage>{0} {0_gender ? погиб : погибла} в результате оглушения.</Stun.deathMessage>
  
</LanguageData>