﻿<?xml version="1.0" encoding="UTF-8"?>
<LanguageData>
  
  <!-- EN: arrow -->
  <Arrow.label>стрела</Arrow.label>
  <!-- EN: {0} has been shot to death by an arrow. -->
  <Arrow.deathMessage>{0} {0_gender ? застрелен : застрелена} из лука.</Arrow.deathMessage>
  
  <!-- EN: arrow -->
  <ArrowHighVelocity.label>стрела</ArrowHighVelocity.label>
  <!-- EN: {0} has been shot to death by an arrow. -->
  <ArrowHighVelocity.deathMessage>{0} {0_gender ? застрелен : застрелена} из лука.</ArrowHighVelocity.deathMessage>
  
  <!-- EN: bullet -->
  <Bullet.label>пуля</Bullet.label>
  <!-- EN: {0} has been shot to death. -->
  <Bullet.deathMessage>{0} {0_gender ? застрелен : застрелена}.</Bullet.deathMessage>
  
  <!-- EN: stab -->
  <RangedStab.label>укол</RangedStab.label>
  <!-- EN: {0} has been stabbed to death. -->
  <RangedStab.deathMessage>{0} {0_gender ? заколот : заколота}.</RangedStab.deathMessage>
  
</LanguageData>