﻿<?xml version="1.0" encoding="UTF-8"?>
<LanguageData>
  
  <!-- EN: bomb -->
  <Bomb.label>взрыв</Bomb.label>
  <!-- EN: {0} has died in an explosion. -->
  <Bomb.deathMessage>{0} {0_gender ? убит : убита} взрывом.</Bomb.deathMessage>
  
  <!-- EN: bomb -->
  <BombSuper.label>взрыв</BombSuper.label>
  <!-- EN: {0} has died in an explosion. -->
  <BombSuper.deathMessage>{0} {0_gender ? убит : убита} взрывом.</BombSuper.deathMessage>
  
  <!-- EN: deterioration -->
  <Deterioration.label>ветшание</Deterioration.label>
  <!-- EN: {0} has been killed. -->
  <Deterioration.deathMessage>{0} {0_gender ? рассыпался : рассыпалась : рассыпалось} в прах.</Deterioration.deathMessage>
  
  <!-- EN: extinguish -->
  <Extinguish.label>тушение</Extinguish.label>
  <!-- EN: {0} has been killed. -->
  <Extinguish.deathMessage>{0} {0_gender ? убит : убита : убито}.</Extinguish.deathMessage>
  
  <!-- EN: mining -->
  <Mining.label>добыча</Mining.label>
  <!-- EN: {0} has been killed. -->
  <Mining.deathMessage>{0} {0_gender ? убит : убита : убито}.</Mining.deathMessage>
  
  <!-- EN: rotting -->
  <Rotting.label>гниение</Rotting.label>
  <!-- EN: {0} has been killed. -->
  <Rotting.deathMessage>{0} {0_gender ? сгнил : сгнила : сгнило}.</Rotting.deathMessage>
  
  <!-- EN: smoke -->
  <Smoke.label>дым</Smoke.label>
  <!-- EN: {0} has been killed. -->
  <Smoke.deathMessage>{0} {0_gender ? убит : убита : убито}.</Smoke.deathMessage>
  
</LanguageData>