﻿<?xml version="1.0" encoding="UTF-8"?>
<LanguageData>
  
  <!-- EN: Cassandra Classic -->
  <Cassandra.label>Кассандра Классическая</Cassandra.label>
  <!-- EN: Cassandra creates story events on a classic increasing curve of challenge and tension. She'll push you with dangerous events, then give breathing room, then come back to push once more. -->
  <Cassandra.description>Кассандра создаёт события истории в соответствии с законами хорошего повествования: с нарастающим накалом и напряжением. Она будет периодически насылать беды и невзгоды, давая время для передышки.</Cassandra.description>
  
  <!-- EN: Phoebe Chillax -->
  <Phoebe.label>Фиби Тихоня</Phoebe.label>
  <!-- EN: Phoebe gives lots of time between disasters to build your colony. But beware - at high difficulties, she'll hit as hard as anyone. -->
  <Phoebe.description>Между серьёзными испытаниями Фиби оставляет достаточно времени для отдыха и строительства вашего поселения. Но будьте осторожны: если выбрать высокую сложность, то она будет бить так же сильно, как и остальные.</Phoebe.description>
  
  <!-- EN: Randy Random -->
  <Randy.label>Ренди Случай</Randy.label>
  <!-- EN: Randy doesn't follow rules. He'll generate random events, and he doesn't care if they make a story of triumph or utter hopelessness. It's all drama to him.\n\nWarning: Since Randy is truly random, he will sometimes send extremely difficult or unfair groups of events at you. It makes for high drama - and unavoidable sacrifices. -->
  <Randy.description>Ренди не следует правилам. Он будет создавать случайные события, и его не волнует, сделают ли они историю триумфальной или же полной отчаяния. Для него это просто спектакль.\n\nВнимание: стиль Ренди полностью соответствует его прозвищу. Не удивляйтесь внезапным цепочкам тяжёлых событий с неминуемыми жертвами. Такой ход вещей может показаться несправедливым, но придаст происходящему лишь больше драматизма.</Randy.description>
  
  <!-- EN: Tutor Hidden -->
  <Tutor.label>Обучение Скрытое</Tutor.label>
  
</LanguageData>