﻿<?xml version="1.0" encoding="UTF-8"?>
<LanguageData>
  
  <!-- EN: clear -->
  <Clear.label>ясно</Clear.label>
  <!-- EN: A clear day. No penalties or modifiers. -->
  <Clear.description>Ясный день. Никаких штрафов или бонусов.</Clear.description>
  
  <!-- EN: dry thunderstorm -->
  <DryThunderstorm.label>сухая гроза</DryThunderstorm.label>
  <!-- EN: Dry thunderstorms are dangerous because the lightning can start fires and there is no rain to put them out. -->
  <DryThunderstorm.description>Сухая гроза опасна тем, что молнии вызывают пожары, но нет дождя, способного их потушить.</DryThunderstorm.description>
  
  <!-- EN: fog -->
  <Fog.label>туман</Fog.label>
  <!-- EN: Fog reduces the accuracy of ranged weapons. -->
  <Fog.description>Туман снижает точность стрельбы.</Fog.description>
  
  <!-- EN: foggy rain -->
  <FoggyRain.label>ливень</FoggyRain.label>
  <!-- EN: Reduces accuracy and movement speed. -->
  <FoggyRain.description>Снижена точность стрельбы и скорость передвижения.</FoggyRain.description>
  
  <!-- EN: rain -->
  <Rain.label>дождь</Rain.label>
  <!-- EN: Rain reduces the accuracy of ranged weapons, extinguishes fire, and slows people down. -->
  <Rain.description>Дождь снижает точность стрельбы, гасит огонь и замедляет передвижение.</Rain.description>
  
  <!-- EN: rainy thunderstorm -->
  <RainyThunderstorm.label>дождь с грозой</RainyThunderstorm.label>
  <!-- EN: The lightning will start fires, but the rain will put it out. The rain also reduces movement speed and shooting accuracy. -->
  <RainyThunderstorm.description>Из-за молний будут возникать пожары, но дождь их потушит. Также снижена скорость передвижения и точность стрельбы.</RainyThunderstorm.description>
  
  <!-- EN: gentle snow -->
  <SnowGentle.label>снег</SnowGentle.label>
  <!-- EN: Snow reduces the accuracy of ranged weapons, extinguishes fire, and slows people down. -->
  <SnowGentle.description>Снегопад снижает точность стрельбы, тушит пожары и замедляет передвижение.</SnowGentle.description>
  
  <!-- EN: hard snow -->
  <SnowHard.label>метель</SnowHard.label>
  <!-- EN: Snow reduces the accuracy of ranged weapons, extinguishes fire, and slows people down. -->
  <SnowHard.description>Метель снижает точность стрельбы, тушит пожары и замедляет передвижение.</SnowHard.description>
  
</LanguageData>