﻿<?xml version="1.0" encoding="UTF-8"?>
<LanguageData>
  
  <!-- EN: animals -->
  <Animals.label>Животноводство</Animals.label>
  <!-- EN: Taming, training, and controlling animals. -->
  <Animals.description>Приручение, тренировка, уход и контроль над животными.</Animals.description>
  <!-- EN: animals -->
  <Animals.skillLabel>Животноводство</Animals.skillLabel>
  
  <!-- EN: artistic -->
  <Artistic.label>Искусство</Artistic.label>
  <!-- EN: Crafting art. -->
  <Artistic.description>Создание предметов искусства.</Artistic.description>
  <!-- EN: artistic -->
  <Artistic.skillLabel>Искусство</Artistic.skillLabel>
  
  <!-- EN: construction -->
  <Construction.label>Строительство</Construction.label>
  <!-- EN: Constructing and deconstructing structures and furniture. -->
  <Construction.description>Возведение сооружений, создание мебели, разборка.</Construction.description>
  <!-- EN: construction -->
  <Construction.skillLabel>Строительство</Construction.skillLabel>
  
  <!-- EN: cooking -->
  <Cooking.label>Кулинария</Cooking.label>
  <!-- EN: Creating meals from raw ingredients quickly and without accidental food poisoning. -->
  <Cooking.description>Эффективное приготовление съедобных блюд из сырых ингредиентов.</Cooking.description>
  <!-- EN: cooking -->
  <Cooking.skillLabel>Кулинария</Cooking.skillLabel>
  
  <!-- EN: crafting -->
  <Crafting.label>Ремесло</Crafting.label>
  <!-- EN: Crafting general items including weapons, components, and refined resources. -->
  <Crafting.description>Производство инструментов, оружия, компонентов, стройматериалов и других предметов.</Crafting.description>
  <!-- EN: crafting -->
  <Crafting.skillLabel>Ремесло</Crafting.skillLabel>
  
  <!-- EN: intellectual -->
  <Intellectual.label>Умственный труд</Intellectual.label>
  <!-- EN: Researching and drug synthesis. -->
  <Intellectual.description>Исследовательская работа и синтез различных препаратов.</Intellectual.description>
  <!-- EN: intellectual -->
  <Intellectual.skillLabel>Умственный труд</Intellectual.skillLabel>
  
  <!-- EN: medical -->
  <Medicine.label>Медицина</Medicine.label>
  <!-- EN: Tending wounds and diseases and performing surgery. -->
  <Medicine.description>Лечение ранений, заболеваний, а также проведение операций.</Medicine.description>
  <!-- EN: medical -->
  <Medicine.skillLabel>Медицина</Medicine.skillLabel>
  
  <!-- EN: melee -->
  <Melee.label>Ближний бой</Melee.label>
  <!-- EN: Melee combat, both armed and unarmed. -->
  <Melee.description>Использование всех видов оружия ближнего боя, а также боя без оружия.</Melee.description>
  <!-- EN: melee -->
  <Melee.skillLabel>Ближний бой</Melee.skillLabel>
  
  <!-- EN: mining -->
  <Mining.label>Горное дело</Mining.label>
  <!-- EN: Digging tunnels and extracting buried resources. -->
  <Mining.description>Добыча полезных ресурсов и рытьё тоннелей.</Mining.description>
  <!-- EN: mining -->
  <Mining.skillLabel>Горное дело</Mining.skillLabel>
  
  <!-- EN: plants -->
  <Plants.label>Растениеводство</Plants.label>
  <!-- EN: Sowing, caring for and harvesting crops, and foraging for food while traveling. -->
  <Plants.description>Сбор, посадка и уход за растениями, добыча пропитания вдали от поселения.</Plants.description>
  <!-- EN: plants -->
  <Plants.skillLabel>Растениеводство</Plants.skillLabel>
  
  <!-- EN: shooting -->
  <Shooting.label>Дальний бой</Shooting.label>
  <!-- EN: Ranged combat, with both high-tech and low-tech weapons. -->
  <Shooting.description>Использование всех видов оружия для боя на дальней дистанции.</Shooting.description>
  <!-- EN: shooting -->
  <Shooting.skillLabel>Дальний бой</Shooting.skillLabel>
  
  <!-- EN: social -->
  <Social.label>Общение</Social.label>
  <!-- EN: Negotiating, convincing, manipulating, leading, and cheering up others. -->
  <Social.description>Ведение переговоров, убеждение, манипуляция, лидерство и возможность подбодрить других.</Social.description>
  <!-- EN: social -->
  <Social.skillLabel>Общение</Social.skillLabel>
  
</LanguageData>