﻿<?xml version="1.0" encoding="UTF-8"?>
<LanguageData>
  
  <!-- EN:
    <li>sent->[RECIPIENT_nameDef] agreed and the two are now engaged.</li>
  -->
  <Sentence_MarriageProposalAccepted.rulePack.rulesStrings>
    <li>sent->[RECIPIENT_nameDef] принимает предложение, и теперь они помолвлены.</li>
  </Sentence_MarriageProposalAccepted.rulePack.rulesStrings>
  
  <!-- EN:
    <li>sent->[RECIPIENT_nameDef] rejected the proposal.</li>
  -->
  <Sentence_MarriageProposalRejected.rulePack.rulesStrings>
    <li>sent->[RECIPIENT_nameDef] отклоняет предложение.</li>
  </Sentence_MarriageProposalRejected.rulePack.rulesStrings>
  
  <!-- EN:
    <li>sent->It was too much for the relationship to continue, and the two have now broken up.</li>
  -->
  <Sentence_MarriageProposalRejectedBrokeUp.rulePack.rulesStrings>
    <li>sent->После такого они не смогли продолжить свои отношения и расстались.</li>
  </Sentence_MarriageProposalRejectedBrokeUp.rulePack.rulesStrings>
  
  <!-- EN:
    <li>sent->[RECIPIENT_nameDef] was attracted and is now [INITIATOR_nameDef]'s lover.</li>
    <li>sent->[RECIPIENT_nameDef] responded well and is now [INITIATOR_nameDef]'s lover.</li>
    <li>sent->[RECIPIENT_nameDef] became aroused and agreed to become [INITIATOR_nameDef]'s lover.</li>
  -->
  <Sentence_RomanceAttemptAccepted.rulePack.rulesStrings>
    <li>sent->[RECIPIENT_nameDef] реагирует с улыбкой, и они начинают встречаться.</li>
    <li>sent->[RECIPIENT_nameDef] отвечает [INITIATOR_objective] взаимностью, и они начинают встречаться.</li>
    <li>sent->[RECIPIENT_nameDef] принимает [INITIATOR_possessive] ухаживания, и они начинают встречаться.</li>
    <li>sent->[RECIPIENT_nameDef] приходит от этого в восторг, и они начинают встречаться.</li>
  </Sentence_RomanceAttemptAccepted.rulePack.rulesStrings>
  
  <!-- EN:
    <li>sent->[RECIPIENT_nameDef] rejected the advance.</li>
    <li>sent->[RECIPIENT_nameDef] ignored the advance.</li>
    <li>sent->[RECIPIENT_nameDef] turned [RECIPIENT_possessive] back.</li>
    <li>sent->[RECIPIENT_nameDef] turned away.</li>
    <li>sent->[RECIPIENT_nameDef] gave a minimal response.</li>
    <li>sent->[RECIPIENT_nameDef] did not respond.</li>
    <li>sent->[RECIPIENT_nameDef] turned [INITIATOR_objective] down.</li>
  -->
  <Sentence_RomanceAttemptRejected.rulePack.rulesStrings>
    <li>sent->[RECIPIENT_nameDef] ругается в ответ на [INITIATOR_possessive] действия.</li>
    <li>sent->[RECIPIENT_nameDef] игнорирует [INITIATOR_possessive] действия.</li>
    <li>sent->[RECIPIENT_nameDef] смотрит на н[INITIATOR_possessive], как на пустое место.</li>
    <li>sent->[RECIPIENT_nameDef] демонстративно поворачивается к н[INITIATOR_objective] спиной.</li>
    <li>sent->[RECIPIENT_nameDef] не реагирует.</li>
    <li>sent->[RECIPIENT_nameDef] не отвечает [INITIATOR_objective] взаимностью.</li>
    <li>sent->[RECIPIENT_nameDef] отшивает [INITIATOR_possessive].</li>
  </Sentence_RomanceAttemptRejected.rulePack.rulesStrings>
  
</LanguageData>