﻿<?xml version="1.0" encoding="UTF-8"?>
<LanguageData>
  
  <!-- EN: anti-abasia mechanite infusion -->
  <CureAbasia.label>ввести противоабазийные механиты</CureAbasia.label>
  <!-- EN: This special medical operation uses a massive dose of mechanites to saturate brain tissue and execute a coordinated restructure of neural activity without damaging the brain. It permanently cures a patient's abasia-induced paralysis, but consumes a large amount of glitterworld medicine. -->
  <CureAbasia.description>Введение большой дозы механитов для улучшения питания мозговых тканей и координированной реорганизации нейронов без повреждения мозга. Это позволяет исцелить абазию, но требует большого количества передовых медикаментов.</CureAbasia.description>
  <!-- EN: Infusing anti-abasia mechanites. -->
  <CureAbasia.jobString>вводит противоабазийные механиты</CureAbasia.jobString>
  <!-- EN: {0} has successfully cured {1}'s paralytic abasia. -->
  <CureAbasia.successfullyRemovedHediffMessage> {0} успешно {0_gender ? исцелил : исцелила} {1} от абазии.</CureAbasia.successfullyRemovedHediffMessage>
  
  <!-- EN: cure blood rot -->
  <CureBloodRot.label>вылечить гнилокровие</CureBloodRot.label>
  <!-- EN: This special medical operation cures blood rot by a massive infusion of bacteriophage mechanites. -->
  <CureBloodRot.description>Провести особую процедуру лечения от гнилокровия путём введения пациенту большой дозы механитов-бактериофагов.</CureBloodRot.description>
  <!-- EN: Curing blood rot. -->
  <CureBloodRot.jobString>Лечит гнилокровие</CureBloodRot.jobString>
  <!-- EN: {0} has successfully cured {1}'s blood rot. -->
  <CureBloodRot.successfullyRemovedHediffMessage>{0} успешно {0_gender ? исцелил : исцелила} {1} от гнилокровия.</CureBloodRot.successfullyRemovedHediffMessage>
  
</LanguageData>