﻿<?xml version="1.0" encoding="UTF-8"?>
<LanguageData>
  
  <!-- EN: hunger pangs -->
  <HungerMaker.label>муки голода</HungerMaker.label>
  <!-- EN: This weapon's persona loves food, and transmits that onto whoever bonds with it. The bonded person's hunger rate will be 50% higher. -->
  <HungerMaker.description>Личность этого оружия обожает еду и любит дразнить аппетит своего хозяина. Владелец оружия становится голодным на 50% быстрее обычного.</HungerMaker.description>
  
  <!-- EN: jealous -->
  <Jealous.label>ревнивость</Jealous.label>
  <!-- EN: This weapon's persona becomes angry when the bonded individual uses another weapon, thus reducing their mood. -->
  <Jealous.description>Личность этого оружия сердится и портит настроение своему хозяину, когда тот пользуется другим оружием.</Jealous.description>
  
  <!-- EN: kill thirst -->
  <NeedKill.label>жажда крови</NeedKill.label>
  <!-- EN: This weapon's persona find purpose in bloodshed. If it does not kill for 20 days, it will become angry and psychically complain to whoever is bonded to it. -->
  <NeedKill.description>Личность этого оружия нашла своё предназначение в кровопролитии. Если она никого не ранит 20 дней, то начинает сердиться и выражать недовольство своему хозяину.</NeedKill.description>
  
  <!-- EN: neural cooling -->
  <NeuralHeatRecoveryGain.label>нейроохлаждение</NeuralHeatRecoveryGain.label>
  <!-- EN: This weapon's persona has the ability to help dissipate the wielder's neural heat. The wielder's neural heat dissipation is improved by 0.15 per second. -->
  <NeuralHeatRecoveryGain.description>Личность этого оружия способна рассеивать нейроперегрев своего хозяина. Скорость рассеивания увеличивается на 0.15 единиц в секунду.</NeuralHeatRecoveryGain.description>
  
  <!-- EN: freewielder -->
  <NeverBond.label>свободолюбие</NeverBond.label>
  <!-- EN: This weapon's persona does not form bonds in the normal way. Anyone can pick it up and use it. -->
  <NeverBond.description>Личность этого оружия не формирует обычной связи с хозяином. Кто угодно может взять его в руки и пользоваться им.</NeverBond.description>
  
  <!-- EN: painless -->
  <NoPain.label>анальгезия</NoPain.label>
  <!-- EN: This weapon's persona has some method of psychically disabling pain. The one holding the weapon will feel no pain of any kind. -->
  <NoPain.description>Личность этого оружия способна каким-то образом психически заглушать боль своего хозяина. Он перестаёт испытывать любые болевые ощущения.</NoPain.description>
  
  <!-- EN: kill-focused -->
  <OnKill_PsyfocusGain.label>кровавая концентрация</OnKill_PsyfocusGain.label>
  <!-- EN: This weapon's persona focuses on deaths. If the weapon kills someone, the wielder will instantly gain 20% psyfocus. -->
  <OnKill_PsyfocusGain.description>Личность этого оружия сосредоточена на крови. С каждым побеждённым врагом хозяин будет мгновенно получать 20% к пси-концентрации.</OnKill_PsyfocusGain.description>
  
  <!-- EN: kill sorrow -->
  <OnKill_ThoughtBad.label>скорбь из-за насилия</OnKill_ThoughtBad.label>
  <!-- EN: This weapon's persona hates killing. If this weapon kills someone, its sorrow will transmit psychically to the wielder, reducing their mood for a few days. -->
  <OnKill_ThoughtBad.description>Личность этого оружия ненавидит ранить кого-то. Её скорбь по каждой своей жертве будет передаваться хозяину, ухудшая его настроение на несколько дней.</OnKill_ThoughtBad.description>
  
  <!-- EN: kill-happy -->
  <OnKill_ThoughtGood.label>торжество из-за насилия</OnKill_ThoughtGood.label>
  <!-- EN: This weapon's persona loves to kill. If this weapon kills someone, its joy will transmit psychically to the wielder, making them happier for a few days. -->
  <OnKill_ThoughtGood.description>Личность этого оружия обожает кровь. С каждым побеждённым врагом её радость будет передаваться хозяину, поднимая ему настроение на несколько дней.</OnKill_ThoughtGood.description>
  
  <!-- EN: psychic fog -->
  <PsychicSensitivityDownMajor.label>пси-помутнение</PsychicSensitivityDownMajor.label>
  <!-- EN: This weapon suppresses the wielder's psychic sensitivity by 30%. This only applies while the weapon is held. -->
  <PsychicSensitivityDownMajor.description>Это оружие подавляет психочувствительность хозяина на 30% всякий раз, когда тот берёт его в руки.</PsychicSensitivityDownMajor.description>
  
  <!-- EN: psychic quiet -->
  <PsychicSensitivityDownMinor.label>пси-покой</PsychicSensitivityDownMinor.label>
  <!-- EN: This weapon suppresses the wielder's psychic sensitivity by 15%. This only applies while the weapon is held. -->
  <PsychicSensitivityDownMinor.description>Это оружие подавляет психочувствительность хозяина на 15% всякий раз, когда тот берёт его в руки.</PsychicSensitivityDownMinor.description>
  
  <!-- EN: psychic hypersensitizer -->
  <PsychicSensitivityUpMajor.label>пси-возбуждение</PsychicSensitivityUpMajor.label>
  <!-- EN: This weapon amplifies the wielder's psychic sensitivity by 40%. This only applies while the weapon is held. -->
  <PsychicSensitivityUpMajor.description>Это оружие усиливает психочувствительность хозяина на 40% всякий раз, когда тот берёт его в руки.</PsychicSensitivityUpMajor.description>
  
  <!-- EN: psychic sensitizer -->
  <PsychicSensitivityUpMinor.label>пси-стимуляция</PsychicSensitivityUpMinor.label>
  <!-- EN: This weapon amplifies the wielder's psychic sensitivity by 20%. This only applies while the weapon is held. -->
  <PsychicSensitivityUpMinor.description>Это оружие усиливает психочувствительность хозяина на 20% всякий раз, когда тот берёт его в руки.</PsychicSensitivityUpMinor.description>
  
  <!-- EN: psy-meditative -->
  <PsyfocusMeditationBonus.label>медитативность</PsyfocusMeditationBonus.label>
  <!-- EN: This weapon's persona is naturally meditative and helps its wielder focus in psychic meditation. The wielder gains an extra 10% psyfocus per day of meditation, as long as the weapon is held. -->
  <PsyfocusMeditationBonus.description>Личность этого оружия любит медитацию и помогает своему хозяину концентрироваться во время этого процесса. Пока оно в руках, хозяин будет за день медитации восстанавливать пси-концентрацию на 10% больше обычного.</PsyfocusMeditationBonus.description>
  
  <!-- EN: fast mover -->
  <SpeedBoost.label>подвижность</SpeedBoost.label>
  <!-- EN: This weapon's persona has a sense of motion. It confers this onto the wielder, making them move 15% faster as long as the weapon is held. -->
  <SpeedBoost.description>Личность этого оружия любит движение. Она передаёт эту любовь своему хозяину, побуждая его двигаться на 15% быстрее, пока тот держит оружие в руках.</SpeedBoost.description>
  
  <!-- EN: calm thoughts -->
  <ThoughtCalm.label>спокойствие</ThoughtCalm.label>
  <!-- EN: This weapon's persona is relaxed and steady. It whispers calming thoughts to whoever it is bonded with, increasing their mood. -->
  <ThoughtCalm.description>Личность этого оружия расслаблена и уравновешенна. Она шепчет своему хозяину успокаивающие мысли, чем поднимает ему настроение.</ThoughtCalm.description>
  
  <!-- EN: kind thoughts -->
  <ThoughtKind.label>доброта</ThoughtKind.label>
  <!-- EN: This weapon's persona is kind and supportive. It whispers kind thoughts to whoever it is bonded with, increasing their mood. -->
  <ThoughtKind.description>Личность этого оружия добра и отзывчива. Она всегда поддерживает своего хозяина, чем поднимает ему настроение.</ThoughtKind.description>
  
  <!-- EN: mad muttering -->
  <ThoughtMuttering.label>полоумное бурчание</ThoughtMuttering.label>
  <!-- EN: This weapon's persona is neurotic and unstable. It mutters mad thoughts to whoever it is bonded with, reducing their mood. -->
  <ThoughtMuttering.description>Личность этого оружия — нервная и неуравновешенная. Она будет бурчать своему хозяину всякие безумства и ему портить настроение.</ThoughtMuttering.description>
  
  <!-- EN: mad wailing -->
  <ThoughtWailing.label>полоумный вой</ThoughtWailing.label>
  <!-- EN: This weapon's persona is highly disturbed and won't shut up about it. It wails mad notions to whoever it is bonded with, suppressing their mood. -->
  <ThoughtWailing.description>Личность этого оружия очень тревожна и никак не может замолчать. Она будет портить хозяину настроение своим безумным нытьём.</ThoughtWailing.description>
  
</LanguageData>