﻿<?xml version="1.0" encoding="UTF-8"?>
<LanguageData>
  
  <!-- EN: alcohol withdrawal -->
  <AlcoholWithdrawal.stages.alcohol_withdrawal.label>алкогольная ломка</AlcoholWithdrawal.stages.alcohol_withdrawal.label>
  <!-- EN: Feeling shaky. Everything pisses me off. I keep thinking of drinking. -->
  <AlcoholWithdrawal.stages.alcohol_withdrawal.description>Неважно себя чувствую, меня всё раздражает. Не могу думать ни о чём, кроме выпивки.</AlcoholWithdrawal.stages.alcohol_withdrawal.description>
  
  <!-- EN: mild hangover -->
  <Hungover.stages.mild_hangover.label>лёгкое похмелье</Hungover.stages.mild_hangover.label>
  <!-- EN: The headache is almost gone. -->
  <Hungover.stages.mild_hangover.description>Моя голова почти не болит.</Hungover.stages.mild_hangover.description>
  <!-- EN: serious hangover -->
  <Hungover.stages.serious_hangover.label>сильное похмелье</Hungover.stages.serious_hangover.label>
  <!-- EN: My head hurts from all that liquor. -->
  <Hungover.stages.serious_hangover.description>Голова раскалывается от всей той выпивки.</Hungover.stages.serious_hangover.description>
  <!-- EN: pounding hangover -->
  <Hungover.stages.pounding_hangover.label>жесточайшее похмелье</Hungover.stages.pounding_hangover.label>
  <!-- EN: It feels like a gaggle of geese are pecking at my skull. -->
  <Hungover.stages.pounding_hangover.description>Такое чувство, будто стая гусей клюёт меня в череп.</Hungover.stages.pounding_hangover.description>
  
  <!-- EN: alcohol warmth -->
  <Inebriated.stages.alcohol_warmth.label>навеселе</Inebriated.stages.alcohol_warmth.label>
  <!-- EN: I just feel a bit more relaxed after that drink. That's good. -->
  <Inebriated.stages.alcohol_warmth.description>Я чувствую себя чуточку легче после этого стаканчика. Это хорошо.</Inebriated.stages.alcohol_warmth.description>
  <!-- EN: quite inebriated -->
  <Inebriated.stages.quite_inebriated.label>опьянение</Inebriated.stages.quite_inebriated.label>
  <!-- EN: I'm a bit wobbly! And this is quite enjoyable. -->
  <Inebriated.stages.quite_inebriated.description>Меня немного пошатывает! И это весьма приятно.</Inebriated.stages.quite_inebriated.description>
  <!-- EN: drunk -->
  <Inebriated.stages.drunk.label>сильное опьянение</Inebriated.stages.drunk.label>
  <!-- EN: I feel so uninhibited and unafraid! This is a great time! -->
  <Inebriated.stages.drunk.description>Я чувствую себя таким раскованным и бесстрашным! Это великолепно!</Inebriated.stages.drunk.description>
  <!-- EN: hammered -->
  <Inebriated.stages.hammered.label>в хлам</Inebriated.stages.hammered.label>
  <!-- EN: Wooo! What's going on? -->
  <Inebriated.stages.hammered.description>Э-хей! Что происходит?!</Inebriated.stages.hammered.description>
  
</LanguageData>