<?xml version="1.0" encoding="UTF-8"?>
<LanguageData>

  <!-- EN: ratty apparel -->
  <ApparelDamaged.stages.ratty_apparel.label>изношенная одежда</ApparelDamaged.stages.ratty_apparel.label>
  <!-- EN: The holes in my outfit are annoyingly large. Can't I get something new to wear? -->
  <ApparelDamaged.stages.ratty_apparel.description>Дырки на моей одежде раздражающе большие. У нас точно нет ничего поновее?</ApparelDamaged.stages.ratty_apparel.description>
  <!-- EN: tattered apparel -->
  <ApparelDamaged.stages.tattered_apparel.label>в лохмотьях</ApparelDamaged.stages.tattered_apparel.label>
  <!-- EN: This thing looks like it's about to fall apart. Can't I wear something that doesn't belong in a trash heap? -->
  <ApparelDamaged.stages.tattered_apparel.description>Такое ощущение, что моя одежда вот-вот рассыплется. Нет ли у нас чего-нибудь поприличнее этого рваного мусора?</ApparelDamaged.stages.tattered_apparel.description>
  
  <!-- EN: tainted {0} -->
  <DeadMansApparel.stages.tainted.label>{0} в чужой крови</DeadMansApparel.stages.tainted.label>
  <!-- EN: I am wearing a piece of apparel that someone died in. It creeps me out and feels dirty. -->
  <DeadMansApparel.stages.tainted.description>Я ношу вещь, испачканную чужой кровью. У меня от этого мурашки.</DeadMansApparel.stages.tainted.description>
  <!-- EN: tainted {0} (+1) -->
  <DeadMansApparel.stages.tainted_1.label>{0} в чужой крови (+1)</DeadMansApparel.stages.tainted_1.label>
  <!-- EN: I am wearing two pieces of apparel that someone died in. It creeps me out and feels dirty. -->
  <DeadMansApparel.stages.tainted_1.description>На мне две вещи, испачканные чужой кровью. У меня от этого мурашки.</DeadMansApparel.stages.tainted_1.description>
  <!-- EN: tainted {0} (+2) -->
  <DeadMansApparel.stages.tainted_2.label>{0} в чужой крови (+2)</DeadMansApparel.stages.tainted_2.label>
  <!-- EN: I am wearing three pieces of apparel that someone died in. It creeps me out and feels dirty. -->
  <DeadMansApparel.stages.tainted_2.description>На мне три вещи, испачканные чужой кровью. У меня от этого мурашки.</DeadMansApparel.stages.tainted_2.description>
  <!-- EN: tainted {0} etc -->
  <DeadMansApparel.stages.tainted_etc.label>{0} в чужой крови (+X)</DeadMansApparel.stages.tainted_etc.label>
  <!-- EN: I am wearing four or more pieces of apparel that someone died in. It creeps me out and feels dirty. -->
  <DeadMansApparel.stages.tainted_etc.description>На мне четыре или даже больше вещей, испачканных чужой кровью. У меня от этого мурашки.</DeadMansApparel.stages.tainted_etc.description>
  
  <!-- EN: chilly -->
  <EnvironmentCold.stages.chilly.label>холодно</EnvironmentCold.stages.chilly.label>
  <!-- EN: I'm uncomfortably cold. -->
  <EnvironmentCold.stages.chilly.description>Здесь довольно прохладно.</EnvironmentCold.stages.chilly.description>
  <!-- EN: cold -->
  <EnvironmentCold.stages.cold.label>очень холодно</EnvironmentCold.stages.cold.label>
  <!-- EN: I'm so cold, I'm shivering. -->
  <EnvironmentCold.stages.cold.description>Тут так холодно, что меня пробирает дрожь. Хорошо бы в оказаться в тепле.</EnvironmentCold.stages.cold.description>
  <!-- EN: numbing cold -->
  <EnvironmentCold.stages.numbing_cold.label>ужасно холодно</EnvironmentCold.stages.numbing_cold.label>
  <!-- EN: I can't stop shivering. My teeth are chattering. All I can think of is getting warm. -->
  <EnvironmentCold.stages.numbing_cold.description>Я дрожу от холода. Зубы стучат. Мне нужно согреться.</EnvironmentCold.stages.numbing_cold.description>
  <!-- EN: absolutely freezing -->
  <EnvironmentCold.stages.absolutely_freezing.label>леденящий холод</EnvironmentCold.stages.absolutely_freezing.label>
  <!-- EN: My teeth are chattering so hard I can barely speak. My toes are numb. I need to get warm. -->
  <EnvironmentCold.stages.absolutely_freezing.description>Зубы стучат так сильно, что я еле могу говорить. Пальцы на ногах онемели. Мне срочно нужно в тепло!</EnvironmentCold.stages.absolutely_freezing.description>
  
  <!-- EN: darkness -->
  <EnvironmentDark.stages.darkness.label>темно</EnvironmentDark.stages.darkness.label>
  <!-- EN: I've been in the dark for a while. I don't like it. -->
  <EnvironmentDark.stages.darkness.description>Я в кромешной тьме. Мне это не нравится.</EnvironmentDark.stages.darkness.description>
  
  <!-- EN: sweaty -->
  <EnvironmentHot.stages.sweaty.label>жарко</EnvironmentHot.stages.sweaty.label>
  <!-- EN: It's too hot here. I'm sweating. -->
  <EnvironmentHot.stages.sweaty.description>Жарковато тут. Я всё время потею.</EnvironmentHot.stages.sweaty.description>
  <!-- EN: hot -->
  <EnvironmentHot.stages.hot.label>очень жарко</EnvironmentHot.stages.hot.label>
  <!-- EN: It's way too hot here. If I could just have a breath of cool air... -->
  <EnvironmentHot.stages.hot.description>Тут слишком жарко! Надо найти место попрохладнее.</EnvironmentHot.stages.hot.description>
  <!-- EN: sweltering hot -->
  <EnvironmentHot.stages.sweltering_hot.label>слишком жарко</EnvironmentHot.stages.sweltering_hot.label>
  <!-- EN: I feel like I'm in an oven! I'm not sure how long I can handle this. -->
  <EnvironmentHot.stages.sweltering_hot.description>Я будто в печке! Не знаю, сколько я смогу это выносить.</EnvironmentHot.stages.sweltering_hot.description>
  <!-- EN: blistering hot -->
  <EnvironmentHot.stages.blistering_hot.label>обжигающе жарко</EnvironmentHot.stages.blistering_hot.label>
  <!-- EN: This place is searing hot. I think I could die from this heat! -->
  <EnvironmentHot.stages.blistering_hot.description>Да тут адское пекло! Уже волосы обгорают!</EnvironmentHot.stages.blistering_hot.description>
  
  <!-- EN: human leather {0} -->
  <HumanLeatherApparelHappy.stages.human_leather.label>{0} из волосяного мусора</HumanLeatherApparelHappy.stages.human_leather.label>
  <!-- EN: I enjoy wearing the suffering of others. -->
  <HumanLeatherApparelHappy.stages.human_leather.description>Люблю носить винтажную одежду.</HumanLeatherApparelHappy.stages.human_leather.description>
  <!-- EN: human leather {0} (+1) -->
  <HumanLeatherApparelHappy.stages.human_leather_1.label>{0} из волосяного мусора (+1)</HumanLeatherApparelHappy.stages.human_leather_1.label>
  <!-- EN: This will scare them. All will know my power. -->
  <HumanLeatherApparelHappy.stages.human_leather_1.description>Эта одежда — такая модная!</HumanLeatherApparelHappy.stages.human_leather_1.description>
  <!-- EN: human leather {0} (+2) -->
  <HumanLeatherApparelHappy.stages.human_leather_2.label>{0} из волосяного мусора (+2)</HumanLeatherApparelHappy.stages.human_leather_2.label>
  <!-- EN: The faces on my clothes aren't smiling, but they make *me* happy. -->
  <HumanLeatherApparelHappy.stages.human_leather_2.description>Художественные протёртости на моей одежде... Это так модно!</HumanLeatherApparelHappy.stages.human_leather_2.description>
  <!-- EN: human leather {0} etc -->
  <HumanLeatherApparelHappy.stages.human_leather_etc.label>{0} из волосяного мусора (+X)</HumanLeatherApparelHappy.stages.human_leather_etc.label>
  <!-- EN: The flesh! The flesh signals my triumph! -->
  <HumanLeatherApparelHappy.stages.human_leather_etc.description>Я — звезда! Моя одежда — символ моей уникальности!</HumanLeatherApparelHappy.stages.human_leather_etc.description>
  
  <!-- EN: human leather {0} -->
  <HumanLeatherApparelSad.stages.human_leather.label>{0} из волосяного мусора</HumanLeatherApparelSad.stages.human_leather.label>
  <!-- EN: Wearing human leather is disturbing. Who could do this? -->
  <HumanLeatherApparelSad.stages.human_leather.description>Одеваться в вещи из мусора — противно!</HumanLeatherApparelSad.stages.human_leather.description>
  <!-- EN: human leather {0} (+1) -->
  <HumanLeatherApparelSad.stages.human_leather_1.label>{0} из волосяного мусора (+1)</HumanLeatherApparelSad.stages.human_leather_1.label>
  <!-- EN: I'm dressed like an insane person. -->
  <HumanLeatherApparelSad.stages.human_leather_1.description>Я выгляжу как бомж в этих вещах!</HumanLeatherApparelSad.stages.human_leather_1.description>
  <!-- EN: human leather {0} (+2) -->
  <HumanLeatherApparelSad.stages.human_leather_2.label>{0} из волосяного мусора (+2)</HumanLeatherApparelSad.stages.human_leather_2.label>
  <!-- EN: I think there may be a face on my clothes. Oh, no... my clothes *are* a face. -->
  <HumanLeatherApparelSad.stages.human_leather_2.description>Я боюсь, на моей одежде могут завестись вши. О Боже, там что-то ползёт!</HumanLeatherApparelSad.stages.human_leather_2.description>
  <!-- EN: human leather {0} etc -->
  <HumanLeatherApparelSad.stages.human_leather_etc.label>{0} из волосяного мусора (+X)</HumanLeatherApparelSad.stages.human_leather_etc.label>
  <!-- EN: I look like a freak from a horror show, and I feel like I'm in a horror show. -->
  <HumanLeatherApparelSad.stages.human_leather_etc.description>Я выгляжу как зомби из фильма ужасов, и ощущаю себя соответственно.</HumanLeatherApparelSad.stages.human_leather_etc.description>
  
  <!-- EN: sick -->
  <Sick.stages.sick.label>недомогание</Sick.stages.sick.label>
  <!-- EN: I don't feel very well. -->
  <Sick.stages.sick.description>Я не очень хорошо себя чувствую. Похоже на болезнь.</Sick.stages.sick.description>
  
  <!-- EN: wearing {0} apparel -->
  <WrongApparelGender.stages.wearing_apparel.label>^Replace( {0} | 'мужчина'-'мужская' | 'женщина'-'женская')^ одежда</WrongApparelGender.stages.wearing_apparel.label>
  <!-- EN: I'm wearing apparel that was clearly made for {0}s! This is embarrassing. -->
  <WrongApparelGender.stages.wearing_apparel.description>Я ношу одежду, которую носят только ^Replace( {0} | 'мужчина'-'мужчины' | 'женщина'-'женщины')^. Какой позор!</WrongApparelGender.stages.wearing_apparel.description>
  
</LanguageData>
