﻿<?xml version="1.0" encoding="UTF-8"?>
<LanguageData>
  
  <!-- EN: bonded animal {0} lost -->
  <BondedAnimalLost.stages.bonded_animal_lost.label>пропал любимец, {0}</BondedAnimalLost.stages.bonded_animal_lost.label>
  <!-- EN: Such a tender, unique animal. This universe is evil! -->
  <BondedAnimalLost.stages.bonded_animal_lost.description>Такое нежное, уникальное животное. Вселенная так жестока!</BondedAnimalLost.stages.bonded_animal_lost.description>
  
  <!-- EN: colonist lost -->
  <ColonistLost.stages.colonist_lost.label>пропал поселенец</ColonistLost.stages.colonist_lost.label>
  <!-- EN: We just lost someone of our colony in a tragic way. -->
  <ColonistLost.stages.colonist_lost.description>При трагических обстоятельствах мы потеряли одного из наших поселенцев.</ColonistLost.stages.colonist_lost.description>
  
  <!-- EN: my aunt {0} lost -->
  <MyAuntLost.stages.my_aunt_lost.label>пропала тётя, {0}</MyAuntLost.stages.my_aunt_lost.label>
  <!-- EN: My aunt has gone lost. I hope she will get back to us someday. -->
  <MyAuntLost.stages.my_aunt_lost.description>Моя тётя пропала. Надеюсь, однажды она вернётся.</MyAuntLost.stages.my_aunt_lost.description>
  
  <!-- EN: my brother {0} lost -->
  <MyBrotherLost.stages.my_brother_lost.label>пропал брат, {0}</MyBrotherLost.stages.my_brother_lost.label>
  <!-- EN: My brother has gone lost. I hope he will get back to us someday. -->
  <MyBrotherLost.stages.my_brother_lost.description>Мой брат пропал. Надеюсь, однажды он вернётся.</MyBrotherLost.stages.my_brother_lost.description>
  
  <!-- EN: my cousin {0} lost -->
  <MyCousinLost.stages.my_cousin_lost.label>{1_gender ? пропал : пропала} {1_gender ? двоюродный : двоюродная} {1_gender ? брат : сестра}, {0}</MyCousinLost.stages.my_cousin_lost.label>
  <!-- EN: My cousin has gone lost. -->
  <MyCousinLost.stages.my_cousin_lost.description>{OTHERPAWN_gender ? Мой : Моя} {OTHERPAWN_gender ? двоюродный : двоюродная} {OTHERPAWN_gender ? брат : сестра} {OTHERPAWN_gender ? пропал : пропала}. Надеюсь, однажды {OTHERPAWN_pronoun} вернётся.</MyCousinLost.stages.my_cousin_lost.description>
  
  <!-- EN: my daughter {0} lost -->
  <MyDaughterLost.stages.my_daughter_lost.label>пропала дочь, {0}</MyDaughterLost.stages.my_daughter_lost.label>
  <!-- EN: My daughter has gone lost. I hope she will get back to us someday. -->
  <MyDaughterLost.stages.my_daughter_lost.description>Моя дочь пропала. Надеюсь, однажды она вернётся.</MyDaughterLost.stages.my_daughter_lost.description>
  
  <!-- EN: my father {0} lost -->
  <MyFatherLost.stages.my_father_lost.label>пропал отец, {0}</MyFatherLost.stages.my_father_lost.label>
  <!-- EN: My father has gone lost. I hope he will get back to us someday. -->
  <MyFatherLost.stages.my_father_lost.description>Мой отец пропал. Надеюсь, однажды он вернётся. Я так по нему скучаю.</MyFatherLost.stages.my_father_lost.description>
  
  <!-- EN: my fiancée {0} lost -->
  <MyFianceeLost.stages.my_fiance_lost.label>пропала невеста, {0}</MyFianceeLost.stages.my_fiance_lost.label>
  <!-- EN: My fiancée has gone lost. I hope she will get back to us someday. -->
  <MyFianceeLost.stages.my_fiance_lost.description>Моя невеста пропала. Надеюсь, однажды она вернётся.</MyFianceeLost.stages.my_fiance_lost.description>
  
  <!-- EN: my fiance {0} lost -->
  <MyFianceLost.stages.my_fiance_lost.label>пропал жених, {0}</MyFianceLost.stages.my_fiance_lost.label>
  <!-- EN: My fiance has gone lost. I hope he will get back to us someday. -->
  <MyFianceLost.stages.my_fiance_lost.description>Мой жених пропал. Надеюсь, однажды он вернётся.</MyFianceLost.stages.my_fiance_lost.description>
  
  <!-- EN: my grandchild {0} lost -->
  <MyGrandchildLost.stages.my_grandchild_lost.label>{1_gender ? пропал : пропала} {1_gender ? внук : внучка}, {0}</MyGrandchildLost.stages.my_grandchild_lost.label>
  <!-- EN: My grandchild has gone lost. I hope they will get back to us someday. -->
  <MyGrandchildLost.stages.my_grandchild_lost.description>{OTHERPAWN_gender ? Мой : Моя} {OTHERPAWN_gender ? внук : внучка} {OTHERPAWN_gender ? пропал : пропала}. Надеюсь, однажды {OTHERPAWN_pronoun} вернётся.</MyGrandchildLost.stages.my_grandchild_lost.description>
  
  <!-- EN: my grandparent {0} lost -->
  <MyGrandparentLost.stages.my_grandparent_lost.label>{1_gender ? пропал : пропала} {1_gender ? дед : бабушка}, {0}</MyGrandparentLost.stages.my_grandparent_lost.label>
  <!-- EN: My grandparent has gone lost. -->
  <MyGrandparentLost.stages.my_grandparent_lost.description>{OTHERPAWN_gender ? Мой : Моя} {OTHERPAWN_gender ? дед : бабушка} {OTHERPAWN_gender ? пропал : пропала}. Надеюсь, однажды {OTHERPAWN_pronoun} вернётся.</MyGrandparentLost.stages.my_grandparent_lost.description>
  
  <!-- EN: my half-sibling {0} lost -->
  <MyHalfSiblingLost.stages.my_halfsibling_lost.label>{1_gender ? пропал : пропала} {1_gender ? сводный : сводная} {1_gender ? брат : сестра}, {0}</MyHalfSiblingLost.stages.my_halfsibling_lost.label>
  <!-- EN: My half-sibling has gone lost. -->
  <MyHalfSiblingLost.stages.my_halfsibling_lost.description>{OTHERPAWN_gender ? Мой : Моя} {OTHERPAWN_gender ? сводный : сводная} {OTHERPAWN_gender ? брат : сестра} {OTHERPAWN_gender ? пропал : пропала}. Надеюсь, однажды {OTHERPAWN_pronoun} вернётся.</MyHalfSiblingLost.stages.my_halfsibling_lost.description>
  
  <!-- EN: my husband {0} lost -->
  <MyHusbandLost.stages.my_husband_lost.label>пропал муж, {0}</MyHusbandLost.stages.my_husband_lost.label>
  <!-- EN: My husband has gone lost. I hope he will get back to us someday. -->
  <MyHusbandLost.stages.my_husband_lost.description>Мой муж пропал. Надеюсь, однажды он вернётся. Я так по нему скучаю.</MyHusbandLost.stages.my_husband_lost.description>
  
  <!-- EN: my kin {0} lost -->
  <MyKinLost.stages.my_kin_lost.label>{1_gender ? пропал : пропала} {1_gender ? родственник : родственница}, {0}</MyKinLost.stages.my_kin_lost.label>
  <!-- EN: My kin has gone lost. -->
  <MyKinLost.stages.my_kin_lost.description>Пропал человек из моей родни.</MyKinLost.stages.my_kin_lost.description>
  
  <!-- EN: my lover {0} lost -->
  <MyLoverLost.stages.my_lover_lost.label>{1_gender ? пропал : пропала} {1_gender ? любимый : любимая}, {0}</MyLoverLost.stages.my_lover_lost.label>
  <!-- EN: My lover has gone lost. I hope he will get back to us someday. -->
  <MyLoverLost.stages.my_lover_lost.description>{OTHERPAWN_gender ? Мой : Моя} {OTHERPAWN_gender ? любимый : любимая} {OTHERPAWN_gender ? пропал : пропала}. Надеюсь, {OTHERPAWN_pronoun} скоро вернётся.</MyLoverLost.stages.my_lover_lost.description>
  
  <!-- EN: my mother {0} lost -->
  <MyMotherLost.stages.my_mother_lost.label>пропала мать, {0}</MyMotherLost.stages.my_mother_lost.label>
  <!-- EN: My mother has gone lost. I hope she will get back to us someday. -->
  <MyMotherLost.stages.my_mother_lost.description>Моя мама пропала. Надеюсь, однажды она вернётся.</MyMotherLost.stages.my_mother_lost.description>
  
  <!-- EN: my nephew {0} lost -->
  <MyNephewLost.stages.my_nephew_lost.label>пропал племянник, {0}</MyNephewLost.stages.my_nephew_lost.label>
  <!-- EN: My nephew has gone lost. I hope he will get back to us someday. -->
  <MyNephewLost.stages.my_nephew_lost.description>Мой племянник пропал. Надеюсь, однажды он вернётся.</MyNephewLost.stages.my_nephew_lost.description>
  
  <!-- EN: my niece {0} lost -->
  <MyNieceLost.stages.my_niece_lost.label>пропала племянница, {0}</MyNieceLost.stages.my_niece_lost.label>
  <!-- EN: My niece has gone lost. I hope she will get back to us someday. -->
  <MyNieceLost.stages.my_niece_lost.description>Моя племянница пропала. Надеюсь, однажды она вернётся.</MyNieceLost.stages.my_niece_lost.description>
  
  <!-- EN: my sister {0} lost -->
  <MySisterLost.stages.my_sister_lost.label>пропала сестра, {0}</MySisterLost.stages.my_sister_lost.label>
  <!-- EN: My sister has gone lost. I hope she will get back to us someday. -->
  <MySisterLost.stages.my_sister_lost.description>Моя сестра пропала. Надеюсь, однажды она вернётся.</MySisterLost.stages.my_sister_lost.description>
  
  <!-- EN: my son {0} lost -->
  <MySonLost.stages.my_son_lost.label>пропал сын, {0}</MySonLost.stages.my_son_lost.label>
  <!-- EN: My son has gone lost. I hope he will get back to us someday. -->
  <MySonLost.stages.my_son_lost.description>Мой сын пропал. Надеюсь, однажды он вернётся.</MySonLost.stages.my_son_lost.description>
  
  <!-- EN: my uncle {0} lost -->
  <MyUncleLost.stages.my_uncle_lost.label>пропал дядя, {0}</MyUncleLost.stages.my_uncle_lost.label>
  <!-- EN: My uncle has gone lost. I hope he will get back to us someday. -->
  <MyUncleLost.stages.my_uncle_lost.description>Мой дядя пропал. Надеюсь, однажды он вернётся.</MyUncleLost.stages.my_uncle_lost.description>
  
  <!-- EN: my wife {0} lost -->
  <MyWifeLost.stages.my_wife_lost.label>пропала жена, {0}</MyWifeLost.stages.my_wife_lost.label>
  <!-- EN: My wife has gone lost. I hope she will get back to us someday. -->
  <MyWifeLost.stages.my_wife_lost.description>Моя жена пропала. Надеюсь, однажды она вернётся.</MyWifeLost.stages.my_wife_lost.description>
  
  <!-- EN: my rival {0} lost -->
  <PawnWithBadOpinionLost.stages.my_rival_lost.label>{1_gender ? пропал : пропала} {1_gender ? соперник : соперница}, {0}</PawnWithBadOpinionLost.stages.my_rival_lost.label>
  <!-- EN: Serves them right. At least there's some justice in this world. -->
  <PawnWithBadOpinionLost.stages.my_rival_lost.description>Вот и славно. Всё же есть на свете справедливость.</PawnWithBadOpinionLost.stages.my_rival_lost.description>
  
  <!-- EN: my friend {0} lost -->
  <PawnWithGoodOpinionLost.stages.my_friend_lost.label>{1_gender ? пропал : пропала} {1_gender ? друг : подруга}, {0}</PawnWithGoodOpinionLost.stages.my_friend_lost.label>
  <!-- EN: Such a wonderful person, lost. The universe gets darker every day. -->
  <PawnWithGoodOpinionLost.stages.my_friend_lost.description>Пропал такой замечательный человек. Вселенная с каждым днем все мрачнее.</PawnWithGoodOpinionLost.stages.my_friend_lost.description>
  
</LanguageData>