﻿<?xml version="1.0" encoding="UTF-8"?>
<LanguageData>
  
  <!-- EN: chemical want -->
  <DrugDesireFascination.stages.chemical_want.label>тяга к «химии»</DrugDesireFascination.stages.chemical_want.label>
  <!-- EN: I'm fascinated by drugs. I want to experience them more. -->
  <DrugDesireFascination.stages.chemical_want.description>Я обожаю ловить кайф. И я хочу делать это почаще.</DrugDesireFascination.stages.chemical_want.description>
  <!-- EN: chemical hunger -->
  <DrugDesireFascination.stages.chemical_hunger.label>влечение к «химии»</DrugDesireFascination.stages.chemical_hunger.label>
  <!-- EN: I'm fascinated by drugs. I want to experience them a lot harder. -->
  <DrugDesireFascination.stages.chemical_hunger.description>Я обожаю ловить кайф. И я хочу это делать чаще и больше!</DrugDesireFascination.stages.chemical_hunger.description>
  <!-- EN: chemical starvation -->
  <DrugDesireFascination.stages.chemical_starvation.label>жажда «химии»</DrugDesireFascination.stages.chemical_starvation.label>
  <!-- EN: I'm fascinated by drugs. I want them! More intensity! -->
  <DrugDesireFascination.stages.chemical_starvation.description>Я обожаю ловить кайф. И я хочу его! Больше! Ещё больше!</DrugDesireFascination.stages.chemical_starvation.description>
  
  <!-- EN: chemical comfort -->
  <DrugDesireFascinationSatisfied.stages.chemical_comfort.label>наркотический покой</DrugDesireFascinationSatisfied.stages.chemical_comfort.label>
  <!-- EN: I'm fascinated by drugs, and I love satisfying my desires. -->
  <DrugDesireFascinationSatisfied.stages.chemical_comfort.description>Я обожаю ловить кайф. И следую своим желаниям.</DrugDesireFascinationSatisfied.stages.chemical_comfort.description>
  <!-- EN: chemical satisfaction -->
  <DrugDesireFascinationSatisfied.stages.chemical_satisfaction.label>наркотическое удовлетворение</DrugDesireFascinationSatisfied.stages.chemical_satisfaction.label>
  <!-- EN: I'm fascinated by drugs, and I am fully satisfied with my drug consumption. -->
  <DrugDesireFascinationSatisfied.stages.chemical_satisfaction.description>Я обожаю ловить кайф. И не так давно у меня отлично это получилось.</DrugDesireFascinationSatisfied.stages.chemical_satisfaction.description>
  
  <!-- EN: chemical want -->
  <DrugDesireInterest.stages.chemical_want.label>тяга к «химии»</DrugDesireInterest.stages.chemical_want.label>
  <!-- EN: I'm interested in drugs. I want to try more. -->
  <DrugDesireInterest.stages.chemical_want.description>Мне нравится ловить кайф. И хотелось бы это делать почаще.</DrugDesireInterest.stages.chemical_want.description>
  <!-- EN: chemical hunger -->
  <DrugDesireInterest.stages.chemical_hunger.label>влечение к «химии»</DrugDesireInterest.stages.chemical_hunger.label>
  <!-- EN: I'm interested in drugs. I want to experience a lot more. -->
  <DrugDesireInterest.stages.chemical_hunger.description>Мне нравится ловить кайф. И хотелось бы это делать гораздо чаще.</DrugDesireInterest.stages.chemical_hunger.description>
  <!-- EN: chemical starvation -->
  <DrugDesireInterest.stages.chemical_starvation.label>жажда «химии»</DrugDesireInterest.stages.chemical_starvation.label>
  <!-- EN: I'm interested in drugs. I want to consume drugs really badly. -->
  <DrugDesireInterest.stages.chemical_starvation.description>Мне нравится ловить кайф. И я уже хочу загулять как следует!</DrugDesireInterest.stages.chemical_starvation.description>
  
  <!-- EN: chemical comfort -->
  <DrugDesireInterestSatisfied.stages.chemical_comfort.label>«химический» покой</DrugDesireInterestSatisfied.stages.chemical_comfort.label>
  <!-- EN: I'm interested in drugs. I enjoyed satisfying my desire. -->
  <DrugDesireInterestSatisfied.stages.chemical_comfort.description>Мне нравится ловить кайф. И это было хорошо!</DrugDesireInterestSatisfied.stages.chemical_comfort.description>
  <!-- EN: chemical satisfaction -->
  <DrugDesireInterestSatisfied.stages.chemical_satisfaction.label>«химическое» удовлетворение</DrugDesireInterestSatisfied.stages.chemical_satisfaction.label>
  <!-- EN: I'm interested in drugs. I am really satisfied with all the drugs I've gotten recently. -->
  <DrugDesireInterestSatisfied.stages.chemical_satisfaction.description>Мне нравится ловить кайф. Не так давно у меня это получилось, и это неплохо.</DrugDesireInterestSatisfied.stages.chemical_satisfaction.description>
  
  <!-- EN: hideous environment -->
  <NeedBeauty.stages.hideous_environment.label>ужасное место</NeedBeauty.stages.hideous_environment.label>
  <!-- EN: This place is unbearably grotesque. I can't look at this any more. -->
  <NeedBeauty.stages.hideous_environment.description>Здесь жутко. Я хочу уйти отсюда...</NeedBeauty.stages.hideous_environment.description>
  <!-- EN: ugly environment -->
  <NeedBeauty.stages.ugly_environment.label>отвратительное место</NeedBeauty.stages.ugly_environment.label>
  <!-- EN: This place is really ugly. I wish I didn't have to look at this any more. -->
  <NeedBeauty.stages.ugly_environment.description>Какое противное место! Я не хочу здесь находиться.</NeedBeauty.stages.ugly_environment.description>
  <!-- EN: unsightly environment -->
  <NeedBeauty.stages.unsightly_environment.label>неприятное место</NeedBeauty.stages.unsightly_environment.label>
  <!-- EN: This place is kind of unsightly. I wish I didn't have to look at all this. -->
  <NeedBeauty.stages.unsightly_environment.description>Тут не слишком приятно находиться.</NeedBeauty.stages.unsightly_environment.description>
  <!-- EN: pretty environment -->
  <NeedBeauty.stages.pretty_environment.label>приятное место</NeedBeauty.stages.pretty_environment.label>
  <!-- EN: This place looks nice. -->
  <NeedBeauty.stages.pretty_environment.description>Здесь приятно находиться.</NeedBeauty.stages.pretty_environment.description>
  <!-- EN: beautiful environment -->
  <NeedBeauty.stages.beautiful_environment.label>красивое место</NeedBeauty.stages.beautiful_environment.label>
  <!-- EN: I really like this place. It's beautiful. -->
  <NeedBeauty.stages.beautiful_environment.description>Мне очень нравится это место. Здесь красиво.</NeedBeauty.stages.beautiful_environment.description>
  <!-- EN: gorgeous environment -->
  <NeedBeauty.stages.gorgeous_environment.label>замечательное место</NeedBeauty.stages.gorgeous_environment.label>
  <!-- EN: This place is beautiful. It lifts me up and makes me love life. -->
  <NeedBeauty.stages.gorgeous_environment.description>Это место восхитительно! Оно придаёт мне сил и поднимает настроение.</NeedBeauty.stages.gorgeous_environment.description>
  
  <!-- EN: uncomfortable -->
  <NeedComfort.stages.uncomfortable.label>неудобство</NeedComfort.stages.uncomfortable.label>
  <!-- EN: I've been kind of uncomfortable recently. We need to get something soft to sit on around here. -->
  <NeedComfort.stages.uncomfortable.description>Здесь весьма неуютно. Даже присесть негде.</NeedComfort.stages.uncomfortable.description>
  <!-- EN: comfortable -->
  <NeedComfort.stages.comfortable.label>уют</NeedComfort.stages.comfortable.label>
  <!-- EN: I've been comfortable recently. -->
  <NeedComfort.stages.comfortable.description>А тут довольно уютно!</NeedComfort.stages.comfortable.description>
  <!-- EN: quite comfortable -->
  <NeedComfort.stages.quite_comfortable.label>комфорт</NeedComfort.stages.quite_comfortable.label>
  <!-- EN: I've been very comfortable recently. -->
  <NeedComfort.stages.quite_comfortable.description>Хорошо, когда можно трудиться и отдыхать в комфортных условиях!</NeedComfort.stages.quite_comfortable.description>
  <!-- EN: extremely comfortable -->
  <NeedComfort.stages.extremely_comfortable.label>роскошный комфорт</NeedComfort.stages.extremely_comfortable.label>
  <!-- EN: I've been extremely comfortable recently. This place is so cushy! -->
  <NeedComfort.stages.extremely_comfortable.description>В таком комфорте можно было бы провести всю свою жизнь и не пожалеть об этом.</NeedComfort.stages.extremely_comfortable.description>
  <!-- EN: luxuriantly comfortable -->
  <NeedComfort.stages.luxuriantly_comfortable.label>райский комфорт</NeedComfort.stages.luxuriantly_comfortable.label>
  <!-- EN: I am resting on clouds of heaven. -->
  <NeedComfort.stages.luxuriantly_comfortable.description>Я отдыхаю будто на райских облаках...</NeedComfort.stages.luxuriantly_comfortable.description>
  
  <!-- EN: hungry -->
  <NeedFood.stages.hungry.label>недоедание</NeedFood.stages.hungry.label>
  <!-- EN: I'm really hungry. -->
  <NeedFood.stages.hungry.description>Пора бы чего-нибудь поесть.</NeedFood.stages.hungry.description>
  <!-- EN: ravenously hungry -->
  <NeedFood.stages.ravenously_hungry.label>сильное недоедание</NeedFood.stages.ravenously_hungry.label>
  <!-- EN: These hunger pangs are hard to ignore. -->
  <NeedFood.stages.ravenously_hungry.description>На этот голод сложно не обращать внимания.</NeedFood.stages.ravenously_hungry.description>
  <!-- EN: malnourished -->
  <NeedFood.stages.malnourished.label>незначительное голодание</NeedFood.stages.malnourished.label>
  <!-- EN: It's been so long since I ate. I'm all fuzzy and it's hard to focus. My body is starting to waste away. -->
  <NeedFood.stages.malnourished.description>Нельзя так долго не есть! Перед глазами плывёт, не могу ни на чём сосредоточиться. Кажется, я начинаю терять силы.</NeedFood.stages.malnourished.description>
  <!-- EN: badly malnourished -->
  <NeedFood.stages.badly_malnourished.label>лёгкое голодание</NeedFood.stages.badly_malnourished.label>
  <!-- EN: I can feel my body wasting away. My stomach hurts like never before. -->
  <NeedFood.stages.badly_malnourished.description>Я чувствую, что теряю силы. У меня никогда так сильно не болел живот...</NeedFood.stages.badly_malnourished.description>
  <!-- EN: starving -->
  <NeedFood.stages.starving.label>среднее голодание</NeedFood.stages.starving.label>
  <!-- EN: I can barely think about anything but food. My skin is stretching over my bones. Am I going to die? -->
  <NeedFood.stages.starving.description>Я не могу думать ни о чем, кроме еды. Сквозь кожу уже кости видны.</NeedFood.stages.starving.description>
  <!-- EN: advanced starvation -->
  <NeedFood.stages.advanced_starvation.label>сильное голодание</NeedFood.stages.advanced_starvation.label>
  <!-- EN: I can barely move or think about anything but food. My stomach hurts like never before. I feel like I'm going to pass out. -->
  <NeedFood.stages.advanced_starvation.description>Я еле двигаюсь, все мысли только о еде. Ещё никогда так сильно не болел живот. Такое ощущение, что я скоро протяну ноги...</NeedFood.stages.advanced_starvation.description>
  <!-- EN: extreme starvation -->
  <NeedFood.stages.extreme_starvation.label>экстремальное голодание</NeedFood.stages.extreme_starvation.label>
  <!-- EN: Food... food... anything... please... -->
  <NeedFood.stages.extreme_starvation.description>Еда... еедаа... хоть что-нибудь... что угодно... пожалуйста...</NeedFood.stages.extreme_starvation.description>
  
  <!-- EN: recreation-starved -->
  <NeedJoy.stages.recreationstarved.label>крайнее недовольство</NeedJoy.stages.recreationstarved.label>
  <!-- EN: It's been so long since I did anything for fun on my own time. -->
  <NeedJoy.stages.recreationstarved.description>Работа, работа... Когда же наконец можно будет расслабиться?!</NeedJoy.stages.recreationstarved.description>
  <!-- EN: recreation-deprived -->
  <NeedJoy.stages.recreationdeprived.label>сильное недовольство</NeedJoy.stages.recreationdeprived.label>
  <!-- EN: We need more variation in recreation activities, and I need time to enjoy them. This place is really dull. -->
  <NeedJoy.stages.recreationdeprived.description>Мне нужно больше разных видов досуга, больше свободного времени и поменьше унылой работы!</NeedJoy.stages.recreationdeprived.description>
  <!-- EN: recreation unfulfilled -->
  <NeedJoy.stages.recreation_unfulfilled.label>лёгкое недовольство</NeedJoy.stages.recreation_unfulfilled.label>
  <!-- EN: We need more variation in the recreation activities, and I need time to enjoy them. -->
  <NeedJoy.stages.recreation_unfulfilled.description>Мне нужно больше возможностей поднять себе настроение и больше свободного времени.</NeedJoy.stages.recreation_unfulfilled.description>
  <!-- EN: recreation satisfied -->
  <NeedJoy.stages.recreation_satisfied.label>удовлетворение</NeedJoy.stages.recreation_satisfied.label>
  <!-- EN: I've been having a great time doing various things I like to do. -->
  <NeedJoy.stages.recreation_satisfied.description>Хорошо проведённое время не может не радовать!</NeedJoy.stages.recreation_satisfied.description>
  <!-- EN: recreation fully satisfied -->
  <NeedJoy.stages.recreation_fully_satisfied.label>блаженство</NeedJoy.stages.recreation_fully_satisfied.label>
  <!-- EN: I've been enjoying myself so much, I love it! -->
  <NeedJoy.stages.recreation_fully_satisfied.description>Как хорошо на душе! Вот это я понимаю, расслабиться как следует!</NeedJoy.stages.recreation_fully_satisfied.description>
  
  <!-- EN: entombed underground -->
  <NeedOutdoors.stages.entombed_underground.label>погребение под землёй</NeedOutdoors.stages.entombed_underground.label>
  <!-- EN: I've been underground too long. I feel like the weight of this mountain is crushing me. I need to see the sky and feel the wind. -->
  <NeedOutdoors.stages.entombed_underground.description>Я уже не помню, что такое солнечный свет. Эта гора давит на меня всей своей массой! Ещё чуть-чуть, и у меня крыша поедет!</NeedOutdoors.stages.entombed_underground.description>
  <!-- EN: trapped underground -->
  <NeedOutdoors.stages.trapped_underground.label>заточение под землёй</NeedOutdoors.stages.trapped_underground.label>
  <!-- EN: How long have I been underground? I need to get out in the fresh air and spend some time under the sky. -->
  <NeedOutdoors.stages.trapped_underground.description>Сколько времени я уже под землёй? Месяц? Год? Надо срочно выбраться наружу, хоть глазком взглянуть на небо!</NeedOutdoors.stages.trapped_underground.description>
  <!-- EN: cabin fever -->
  <NeedOutdoors.stages.cabin_fever.label>клаустрофобия</NeedOutdoors.stages.cabin_fever.label>
  <!-- EN: I've spent so long indoors I feel like the roof is pressing in. I need to get out and see the sky. -->
  <NeedOutdoors.stages.cabin_fever.description>Я слишком долго сижу в четырёх стенах. Этот потолок давит на меня! Хочу наружу!</NeedOutdoors.stages.cabin_fever.description>
  <!-- EN: trapped indoors -->
  <NeedOutdoors.stages.trapped_indoors.label>взаперти</NeedOutdoors.stages.trapped_indoors.label>
  <!-- EN: It's been too long since I've seen the sky. -->
  <NeedOutdoors.stages.trapped_indoors.description>Сколько можно здесь сидеть? Хочу вновь увидеть небо.</NeedOutdoors.stages.trapped_indoors.description>
  <!-- EN: stuck indoors -->
  <NeedOutdoors.stages.stuck_indoors.label>в четырёх стенах</NeedOutdoors.stages.stuck_indoors.label>
  <!-- EN: I'd like to go outside and get some fresh air. -->
  <NeedOutdoors.stages.stuck_indoors.description>Надоело сидеть в помещении. Хорошо бы на улицу выйти.</NeedOutdoors.stages.stuck_indoors.description>
  
  <!-- EN: drowsy -->
  <NeedRest.stages.drowsy.label>усталость</NeedRest.stages.drowsy.label>
  <!-- EN: I haven't slept in a while. It's hard to keep focus. -->
  <NeedRest.stages.drowsy.description>Сейчас бы вздремнуть.</NeedRest.stages.drowsy.description>
  <!-- EN: tired -->
  <NeedRest.stages.tired.label>сильная усталость</NeedRest.stages.tired.label>
  <!-- EN: I'm so tired. I just want to lay down and rest for a few minutes... -->
  <NeedRest.stages.tired.description>Чем дальше, тем тяжелее. Нужно отдохнуть.</NeedRest.stages.tired.description>
  <!-- EN: exhausted -->
  <NeedRest.stages.exhausted.label>бессилие</NeedRest.stages.exhausted.label>
  <!-- EN: I'm so exhausted I can barely stand. My eyelids have lead weights on them. Let me sleep... -->
  <NeedRest.stages.exhausted.description>Я еле держусь на ногах... Глаза слипаются... Дайте мне поспать...</NeedRest.stages.exhausted.description>
  
  <!-- EN: confined interior -->
  <NeedRoomSize.stages.confined_interior.label>очень тесное помещение</NeedRoomSize.stages.confined_interior.label>
  <!-- EN: This space is so tiny. I feel like a rat in a cage. -->
  <NeedRoomSize.stages.confined_interior.description>Здесь не развернуться. Я чувствую себя как крыса в клетке.</NeedRoomSize.stages.confined_interior.description>
  <!-- EN: cramped interior -->
  <NeedRoomSize.stages.cramped_interior.label>тесное помещение</NeedRoomSize.stages.cramped_interior.label>
  <!-- EN: This room is too small. I wish I had more space to move around and breathe. -->
  <NeedRoomSize.stages.cramped_interior.description>Тесновато здесь. Мне даже как-то тяжелее дышать.</NeedRoomSize.stages.cramped_interior.description>
  <!-- EN: spacious interior -->
  <NeedRoomSize.stages.spacious_interior.label>просторный интерьер</NeedRoomSize.stages.spacious_interior.label>
  <!-- EN: This room is so expansive, I feel free. -->
  <NeedRoomSize.stages.spacious_interior.description>Комфорт и простор. Отличное место.</NeedRoomSize.stages.spacious_interior.description>
  
</LanguageData>