﻿<?xml version="1.0" encoding="UTF-8"?>
<LanguageData>
  
  <!-- EN: ate without table -->
  <AteWithoutTable.stages.ate_without_table.label>еда на земле</AteWithoutTable.stages.ate_without_table.label>
  <!-- EN: I had to eat a meal off the ground. Can't we get a table around here? -->
  <AteWithoutTable.stages.ate_without_table.description>Мне пришлось есть прямо на земле. Не могли бы мы сделать стол?</AteWithoutTable.stages.ate_without_table.description>
  
  <!-- EN: bonded animal {0} banished -->
  <BondedAnimalBanished.stages.bonded_animal_banished.label>питомец, {0}, изгнан</BondedAnimalBanished.stages.bonded_animal_banished.label>
  <!-- EN: My bonded animal was banished! -->
  <BondedAnimalBanished.stages.bonded_animal_banished.description>Моего любимого питомца выгнали из поселения!</BondedAnimalBanished.stages.bonded_animal_banished.description>
  
  <!-- EN: I butchered humanlike -->
  <ButcheredHumanlikeCorpse.stages.I_butchered_humanlike.label>порезан сустав</ButcheredHumanlikeCorpse.stages.I_butchered_humanlike.label>
  <!-- EN: I butchered someone up like an animal. -->
  <ButcheredHumanlikeCorpse.stages.I_butchered_humanlike.description>Как неудачно меня угораздило порезаться. Вроде не болит, но стоит неловко шевельнуться...</ButcheredHumanlikeCorpse.stages.I_butchered_humanlike.description>
  
  <!-- EN: catharsis -->
  <Catharsis.stages.catharsis.label>раскаяние</Catharsis.stages.catharsis.label>
  <!-- EN: It felt good to finally unbottle my feelings. -->
  <Catharsis.stages.catharsis.description>Было приятно наконец выплеснуть свои чувства и забыть об этом.</Catharsis.stages.catharsis.description>
  
  <!-- EN: colonist banished -->
  <ColonistBanished.stages.colonist_banished.label>поселенец изгнан</ColonistBanished.stages.colonist_banished.label>
  <!-- EN: We just banished someone. I hope they'll make it, but I'm worried. -->
  <ColonistBanished.stages.colonist_banished.description>Мы изгнали одного из наших поселенцев. Надеюсь, у него получится наладить свою жизнь, но всё же я беспокоюсь.</ColonistBanished.stages.colonist_banished.description>
  
  <!-- EN: colonist banished to death -->
  <ColonistBanishedToDie.stages.colonist_banished_to_death.label>поселенец изгнан и брошен</ColonistBanishedToDie.stages.colonist_banished_to_death.label>
  <!-- EN: We banished someone in such a way that there's almost no way they'll survive. -->
  <ColonistBanishedToDie.stages.colonist_banished_to_death.description>Мы изгнали нашего поселенца в таком состоянии, что у него практически нет шансов выжить.</ColonistBanishedToDie.stages.colonist_banished_to_death.description>
  
  <!-- EN: defeated hostile leader {0} -->
  <DefeatedHostileFactionLeader.stages.defeated_hostile_leader.label>устранение лидера вражеской фракции</DefeatedHostileFactionLeader.stages.defeated_hostile_leader.label>
  <!-- EN: They were leading efforts to destroy us, and I took them down! -->
  <DefeatedHostileFactionLeader.stages.defeated_hostile_leader.description>Они пытались уничтожить нас, но они не знали, что им придётся иметь дело со мной!</DefeatedHostileFactionLeader.stages.defeated_hostile_leader.description>
  
  <!-- EN: defeated hostile leader -->
  <DefeatedHostileFactionLeaderOpinion.stages.defeated_hostile_leader.label>устранение лидера вражеской фракции</DefeatedHostileFactionLeaderOpinion.stages.defeated_hostile_leader.label>
  
  <!-- EN: defeated mech cluster -->
  <DefeatedMechCluster.stages.defeated_mech_cluster.label>кластер механоидов уничтожен</DefeatedMechCluster.stages.defeated_mech_cluster.label>
  <!-- EN: Blood beats metal, you damn machines! -->
  <DefeatedMechCluster.stages.defeated_mech_cluster.description>Плоть побеждает металл, чёртовы машины!</DefeatedMechCluster.stages.defeated_mech_cluster.description>
  
  <!-- EN: failed to rescue {0} -->
  <FailedToRescueRelative.stages.failed_to_rescue.label>{1_labelShort} не {1_gender ? спасён : спасена}</FailedToRescueRelative.stages.failed_to_rescue.label>
  <!-- EN: We had a chance to rescue my relative, and failed. I could have helped! -->
  <FailedToRescueRelative.stages.failed_to_rescue.description>Дорогого мне человека не спасли. Как же так?! Мы же могли ему помочь!</FailedToRescueRelative.stages.failed_to_rescue.description>
  
  <!-- EN: freed from slavery -->
  <FreedFromSlavery.stages.freed_from_slavery.label>{PAWN_gender ? освобождён : освобождена} из рабства</FreedFromSlavery.stages.freed_from_slavery.label>
  <!-- EN: I have been freed from slavery. I'm so thankful! -->
  <FreedFromSlavery.stages.freed_from_slavery.description>Меня освободили из рабства! Я так {PAWN_gender ? благодарен : благодарна}!</FreedFromSlavery.stages.freed_from_slavery.description>
  
  <!-- EN: killed someone -->
  <KilledHumanlikeBloodlust.stages.killed_someone.label>выживание</KilledHumanlikeBloodlust.stages.killed_someone.label>
  <!-- EN: I killed someone! What a rush! -->
  <KilledHumanlikeBloodlust.stages.killed_someone.description>Мне удалось выжить после ужасного риска! Ах, это волнующее чувство!</KilledHumanlikeBloodlust.stages.killed_someone.description>
  
  <!-- EN: buried in sarcophagus -->
  <KnowBuriedInSarcophagus.stages.buried_in_sarcophagus.label>захоронение в саркофаге</KnowBuriedInSarcophagus.stages.buried_in_sarcophagus.label>
  <!-- EN: This colony buried someone in an ornamented sarcophagus. May their soul rest in peace. -->
  <KnowBuriedInSarcophagus.stages.buried_in_sarcophagus.description>Нашего поселенца похоронили в красивом саркофаге. Да упокоится его душа с миром!</KnowBuriedInSarcophagus.stages.buried_in_sarcophagus.description>
  
  <!-- EN: we butchered humanlike -->
  <KnowButcheredHumanlikeCorpse.stages.we_butchered_humanlike.label>бардак вокруг</KnowButcheredHumanlikeCorpse.stages.we_butchered_humanlike.label>
  <!-- EN: We butchered someone up like an animal. -->
  <KnowButcheredHumanlikeCorpse.stages.we_butchered_humanlike.description>Наше поселение подобно огромной свалке! Это отвратительно.</KnowButcheredHumanlikeCorpse.stages.we_butchered_humanlike.description>
  
  <!-- EN: colonist's organ harvested -->
  <KnowColonistOrganHarvested.stages.colonists_organ_harvested.label>поселенцу вырезали орган</KnowColonistOrganHarvested.stages.colonists_organ_harvested.label>
  <!-- EN: Someone took body parts from a colonist. It's horrible, breaking someone down for parts when they have no choice. -->
  <KnowColonistOrganHarvested.stages.colonists_organ_harvested.description>У поселенца удалили орган. Это ужасно, разбирать людей на части, когда у них нет выбора.</KnowColonistOrganHarvested.stages.colonists_organ_harvested.description>
  
  <!-- EN: someone's organ harvested -->
  <KnowGuestOrganHarvested.stages.someones_organ_harvested.label>вырезан чей-то орган</KnowGuestOrganHarvested.stages.someones_organ_harvested.label>
  <!-- EN: The colony took body parts from a guest or prisoner. It's horrible, breaking someone down for parts when they have no choice. -->
  <KnowGuestOrganHarvested.stages.someones_organ_harvested.description>У гостя или пленника удалили орган. Это ужасно, резать людей на части без их согласия.</KnowGuestOrganHarvested.stages.someones_organ_harvested.description>
  
  <!-- EN: prisoner sold -->
  <KnowPrisonerSold.stages.prisoner_sold.label>продан пленник</KnowPrisonerSold.stages.prisoner_sold.label>
  <!-- EN: This colony sold a prisoner into slavery. That's a worrying thought. -->
  <KnowPrisonerSold.stages.prisoner_sold.description>Поселение продаёт пленных в рабство. Это тревожный сигнал.</KnowPrisonerSold.stages.prisoner_sold.description>
  
  <!-- EN: my organ harvested -->
  <MyOrganHarvested.stages.my_organ_harvested.label>вырезан орган</MyOrganHarvested.stages.my_organ_harvested.label>
  <!-- EN: The colony harvested body parts from me! They're breaking me down like an old engine! -->
  <MyOrganHarvested.stages.my_organ_harvested.description>У меня удалили орган! Меня разбирают, словно старый двигатель!</MyOrganHarvested.stages.my_organ_harvested.description>
  
  <!-- EN: initial hope -->
  <NewColonyHope.stages.initial_hope.label>новое поселение, новая надежда</NewColonyHope.stages.initial_hope.label>
  <!-- EN: I'm getting used to this, but it's still an exciting new situation. I hope this works out... -->
  <NewColonyHope.stages.initial_hope.description>Понемногу привыкаю к такому положению дел, но энтузиазм пока не пропал. Надеюсь, так будет и дальше...</NewColonyHope.stages.initial_hope.description>
  
  <!-- EN: initial optimism -->
  <NewColonyOptimism.stages.initial_optimism.label>оптимизм поселенца</NewColonyOptimism.stages.initial_optimism.label>
  <!-- EN: It's a tough situation, but I'm excited to be founding a new settlement. -->
  <NewColonyOptimism.stages.initial_optimism.description>Ситуация непростая, но основать своё поселение — это здорово!</NewColonyOptimism.stages.initial_optimism.description>
  
  <!-- EN: nuzzled -->
  <Nuzzled.stages.nuzzled.label>ласка</Nuzzled.stages.nuzzled.label>
  <!-- EN: A cute animal nuzzled me. -->
  <Nuzzled.stages.nuzzled.description>Ко мне ласкалось милое животное.</Nuzzled.stages.nuzzled.description>
  
  <!-- EN: observed corpse -->
  <ObservedLayingCorpse.stages.observed_corpse.label>вид тела</ObservedLayingCorpse.stages.observed_corpse.label>
  <!-- EN: I saw a dead body laying on the ground. It was disturbing. -->
  <ObservedLayingCorpse.stages.observed_corpse.description>Тело человека, лежащее на земле, — не самое приятное зрелище.</ObservedLayingCorpse.stages.observed_corpse.description>
  
  <!-- EN: observed rotting corpse -->
  <ObservedLayingRottingCorpse.stages.observed_rotting_corpse.label>вид гниющего тела</ObservedLayingRottingCorpse.stages.observed_rotting_corpse.label>
  <!-- EN: I saw a rotting corpse laying on the ground. It was disgusting. -->
  <ObservedLayingRottingCorpse.stages.observed_rotting_corpse.description>Мне пришлось лицезреть гниющее тело... Отвратительно.</ObservedLayingRottingCorpse.stages.observed_rotting_corpse.description>
  
  <!-- EN: on duty -->
  <OnDuty.stages.on_duty.label>{PAWN_gender ? занят : занята} делом</OnDuty.stages.on_duty.label>
  <!-- EN: I have a job to do. -->
  <OnDuty.stages.on_duty.description>У меня есть работа.</OnDuty.stages.on_duty.description>
  
  <!-- EN: prisoner banished to death -->
  <PrisonerBanishedToDie.stages.prisoner_banished_to_death.label>пленник изгнан и брошен</PrisonerBanishedToDie.stages.prisoner_banished_to_death.label>
  <!-- EN: We banished a prisoner in such a way that there's almost no way they'll survive. -->
  <PrisonerBanishedToDie.stages.prisoner_banished_to_death.description>Мы изгнали пленного в таком состоянии, что у него практически нет шансов выжить.</PrisonerBanishedToDie.stages.prisoner_banished_to_death.description>
  
  <!-- EN: prisoner released -->
  <ReleasedHealthyPrisoner.stages.prisoner_released.label>пленник освобождён</ReleasedHealthyPrisoner.stages.prisoner_released.label>
  <!-- EN: We released a healthy prisoner. It feels good to know we even treat prisoners well. -->
  <ReleasedHealthyPrisoner.stages.prisoner_released.description>Мы освободили пленника в здравии. Приятно осознавать, что даже о пленниках мы заботимся как следует.</ReleasedHealthyPrisoner.stages.prisoner_released.description>
  
  <!-- EN: rescued -->
  <Rescued.stages.rescued.label>спасение</Rescued.stages.rescued.label>
  <!-- EN: I was rescued! I almost thought I was done for back there. I'm so thankful. -->
  <Rescued.stages.rescued.description>Я в безопасности! А мне уже начало казаться, что меня бросят. Спасибо всем, кто меня спас!</Rescued.stages.rescued.description>
  
  <!-- EN: rescued {0} -->
  <RescuedRelative.stages.rescued.label>{1_labelShort} {1_gender ? спасён : спасена}</RescuedRelative.stages.rescued.label>
  <!-- EN: We rescued one of my relatives. Finally, I can breathe a sigh of relief. -->
  <RescuedRelative.stages.rescued.description>Мы спасли дорогого мне человека. Теперь, когда он наконец в безопасности, я могу вздохнуть с облегчением.</RescuedRelative.stages.rescued.description>
  
  <!-- EN: disturbed sleep -->
  <SleepDisturbed.stages.disturbed_sleep.label>прерванный сон</SleepDisturbed.stages.disturbed_sleep.label>
  <!-- EN: I was disturbed during sleep by people moving around nearby. A private room would solve this. -->
  <SleepDisturbed.stages.disturbed_sleep.description>Кто-то прошёл мимо и разбудил меня! Хотелось бы найти место для сна потише.</SleepDisturbed.stages.disturbed_sleep.description>
  
  <!-- EN: slept in the cold -->
  <SleptInCold.stages.slept_in_the_cold.label>сон на холоде</SleptInCold.stages.slept_in_the_cold.label>
  <!-- EN: I had to sleep in the cold. We really need some heaters. -->
  <SleptInCold.stages.slept_in_the_cold.description>Мне пришлось спать на холоде. Нам нужны обогреватели.</SleptInCold.stages.slept_in_the_cold.description>
  
  <!-- EN: slept in the heat -->
  <SleptInHeat.stages.slept_in_the_heat.label>сон на жаре</SleptInHeat.stages.slept_in_the_heat.label>
  <!-- EN: I had to sleep in unbearable heat. Can't we have air conditioning? -->
  <SleptInHeat.stages.slept_in_the_heat.description>Мне пришлось спать в непереносимую жару. Может, мы поставим кондиционер?</SleptInHeat.stages.slept_in_the_heat.description>
  
  <!-- EN: slept on ground -->
  <SleptOnGround.stages.slept_on_ground.label>сон на земле</SleptOnGround.stages.slept_on_ground.label>
  <!-- EN: I had to sleep on the ground like an animal. -->
  <SleptOnGround.stages.slept_on_ground.description>Пришлось спать на земле, будто животному.</SleptOnGround.stages.slept_on_ground.description>
  
  <!-- EN: slept outside -->
  <SleptOutside.stages.slept_outside.label>сон на улице</SleptOutside.stages.slept_outside.label>
  <!-- EN: I had to sleep outdoors without any protection from the elements. -->
  <SleptOutside.stages.slept_outside.description>Мне пришлось спать на открытом воздухе, безо всякой защиты от непогоды.</SleptOutside.stages.slept_outside.description>
  
  <!-- EN: soaking wet -->
  <SoakingWet.stages.soaking_wet.label>мокро</SoakingWet.stages.soaking_wet.label>
  <!-- EN: I'm soaking wet. -->
  <SoakingWet.stages.soaking_wet.description>С меня стекает вода. Надо обсохнуть.</SoakingWet.stages.soaking_wet.description>
  
  <!-- EN: was imprisoned -->
  <WasImprisoned.stages.was_imprisoned.label>заключение в тюрьме</WasImprisoned.stages.was_imprisoned.label>
  <!-- EN: The colony had me in jail for a while, like a caged animal. -->
  <WasImprisoned.stages.was_imprisoned.description>Меня бросили в тюрьму, будто зверушку в клетку.</WasImprisoned.stages.was_imprisoned.description>
  
  <!-- EN: witnessed ally's death -->
  <WitnessedDeathAlly.stages.witnessed_allys_death.label>свидетель потери союзника</WitnessedDeathAlly.stages.witnessed_allys_death.label>
  <!-- EN: I saw one of my people die. They were alive one moment, and dead the next. -->
  <WitnessedDeathAlly.stages.witnessed_allys_death.description>Один из наших потерян. Ещё мгновение назад он был с нами, а теперь нет.</WitnessedDeathAlly.stages.witnessed_allys_death.description>
  
  <!-- EN: witnessed death with bloodlust -->
  <WitnessedDeathBloodlust.stages.witnessed_death_with_bloodlust.label>свидетель победы</WitnessedDeathBloodlust.stages.witnessed_death_with_bloodlust.label>
  <!-- EN: I saw someone die! That was intense! -->
  <WitnessedDeathBloodlust.stages.witnessed_death_with_bloodlust.description>Победа в неравном бою — вот это удача!</WitnessedDeathBloodlust.stages.witnessed_death_with_bloodlust.description>
  
  <!-- EN: witnessed family member's death -->
  <WitnessedDeathFamily.stages.witnessed_family_members_death.label>свидетель потери члена семьи</WitnessedDeathFamily.stages.witnessed_family_members_death.label>
  <!-- EN: I saw a member of my family die. My own flesh and blood... -->
  <WitnessedDeathFamily.stages.witnessed_family_members_death.description>Я потерял одного из членов моей семьи. Моя кровь и плоть...</WitnessedDeathFamily.stages.witnessed_family_members_death.description>
  
  <!-- EN: witnessed outsider's death -->
  <WitnessedDeathNonAlly.stages.witnessed_outsiders_death.label>свидетель потери человека</WitnessedDeathNonAlly.stages.witnessed_outsiders_death.label>
  <!-- EN: I saw someone die. They were alive one moment, and dead the next. -->
  <WitnessedDeathNonAlly.stages.witnessed_outsiders_death.description>Потерян человек. Только что он был здесь, а через секунду его уже нет.</WitnessedDeathNonAlly.stages.witnessed_outsiders_death.description>
  
</LanguageData>