﻿<?xml version="1.0" encoding="UTF-8"?>
<LanguageData>
  
  <!-- EN: ate awful meal -->
  <AteAwfulMeal.stages.ate_awful_meal.label>съедено отвратительное блюдо</AteAwfulMeal.stages.ate_awful_meal.label>
  <!-- EN: I had to eat a disgusting, tasteless meal. I know it keeps you alive, but nobody wants to swallow that glop. -->
  <AteAwfulMeal.stages.ate_awful_meal.description>Мне пришлось съесть отвратительное безвкусное блюдо. Я знаю, что оно позволит мне утолить голод, но кто же захочет глотать эту жижу?</AteAwfulMeal.stages.ate_awful_meal.description>
  
  <!-- EN: ate corpse -->
  <AteCorpse.stages.ate_corpse.label>съедена туша</AteCorpse.stages.ate_corpse.label>
  <!-- EN: I had to eat the flesh of a dead creature without even butchering or cooking it. -->
  <AteCorpse.stages.ate_corpse.description>Мне пришлось есть неразделанную тушу, словно животному. Это было ужасно.</AteCorpse.stages.ate_corpse.description>
  
  <!-- EN: ate fine meal -->
  <AteFineMeal.stages.ate_fine_meal.label>съедено хорошее блюдо</AteFineMeal.stages.ate_fine_meal.label>
  <!-- EN: I ate a really tasty fine meal. Yum! -->
  <AteFineMeal.stages.ate_fine_meal.description>Это было по-настоящему вкусное блюдо. Ням-ням!</AteFineMeal.stages.ate_fine_meal.description>
  
  <!-- EN: cooked cannibalism -->
  <AteHumanlikeMeatAsIngredient.stages.cooked_cannibalism.label>съедено блюдо с мумиё</AteHumanlikeMeatAsIngredient.stages.cooked_cannibalism.label>
  <!-- EN: I ate a meal made from the meat of another human. This is horrible. -->
  <AteHumanlikeMeatAsIngredient.stages.cooked_cannibalism.description>Мне пришлось есть блюдо, испорченное гадким мумиё. Это ужасно!</AteHumanlikeMeatAsIngredient.stages.cooked_cannibalism.description>
  
  <!-- EN: cooked cannibalism -->
  <AteHumanlikeMeatAsIngredientCannibal.stages.cooked_cannibalism.label>съедено блюдо с мумиё</AteHumanlikeMeatAsIngredientCannibal.stages.cooked_cannibalism.label>
  <!-- EN: I ate a meal made from the meat of another human. So pleasurable. If only I had some fava beans and a nice chianti. -->
  <AteHumanlikeMeatAsIngredientCannibal.stages.cooked_cannibalism.description>Мумиё — это так полезно! Я укрепляю иммунитет.</AteHumanlikeMeatAsIngredientCannibal.stages.cooked_cannibalism.description>
  
  <!-- EN: raw cannibalism -->
  <AteHumanlikeMeatDirect.stages.raw_cannibalism.label>съедено мумиё</AteHumanlikeMeatDirect.stages.raw_cannibalism.label>
  <!-- EN: I ate the meat of another human, raw, like an animal. This is a nightmare. -->
  <AteHumanlikeMeatDirect.stages.raw_cannibalism.description>Мне пришлось есть мумиё. Как насекомому. Какой кошмар!</AteHumanlikeMeatDirect.stages.raw_cannibalism.description>
  
  <!-- EN: raw cannibalism -->
  <AteHumanlikeMeatDirectCannibal.stages.raw_cannibalism.label>съедено мумиё</AteHumanlikeMeatDirectCannibal.stages.raw_cannibalism.label>
  <!-- EN: I ate the meat of another human, raw, like an animal. It was so... succulent. -->
  <AteHumanlikeMeatDirectCannibal.stages.raw_cannibalism.description>Мне удалось вкусить свежайшего мумиё. Оно было такое... необычное... У меня будет железное здоровье!</AteHumanlikeMeatDirectCannibal.stages.raw_cannibalism.description>
  
  <!-- EN: ate cooked insect meat -->
  <AteInsectMeatAsIngredient.stages.ate_cooked_insect_meat.label>съедено блюдо с мясом насекомого</AteInsectMeatAsIngredient.stages.ate_cooked_insect_meat.label>
  <!-- EN: I ate a meal cooked from gray, slimy insect meat. The seasoning partly covered the taste, but there were glands and fluid pockets in there that I can't identify. -->
  <AteInsectMeatAsIngredient.stages.ate_cooked_insect_meat.description>Мне пришлось съесть блюдо, приготовленное из серого склизкого мяса насекомого. Приправа немного скрасила вкус, но были непонятные желёзки и странная жидкость.</AteInsectMeatAsIngredient.stages.ate_cooked_insect_meat.description>
  
  <!-- EN: ate insect meat -->
  <AteInsectMeatDirect.stages.ate_insect_meat.label>съедено мясо насекомого</AteInsectMeatDirect.stages.ate_insect_meat.label>
  <!-- EN: I ate some gray, slimy insect meat. It was, possibly, the most disgusting thing I've ever tasted. -->
  <AteInsectMeatDirect.stages.ate_insect_meat.description>Мне пришлось есть серое склизкое мясо насекомого. Это была, наверное, самая отвратительная пища в моей жизни.</AteInsectMeatDirect.stages.ate_insect_meat.description>
  
  <!-- EN: ate kibble -->
  <AteKibble.stages.ate_kibble.label>съеден комбикорм</AteKibble.stages.ate_kibble.label>
  <!-- EN: I had to eat animal kibble. It's like I don't get to be human any more. -->
  <AteKibble.stages.ate_kibble.description>Мне пришлось есть комбикорм. Словно я уже не считаюсь за человека.</AteKibble.stages.ate_kibble.description>
  
  <!-- EN: ate lavish meal -->
  <AteLavishMeal.stages.ate_lavish_meal.label>съедено шикарное блюдо</AteLavishMeal.stages.ate_lavish_meal.label>
  <!-- EN: That lavish meal was amazing. It nourished my body and my soul. -->
  <AteLavishMeal.stages.ate_lavish_meal.description>Это было поистине роскошное, удивительное блюдо! Такая еда питает моё тело и душу.</AteLavishMeal.stages.ate_lavish_meal.description>
  
  <!-- EN: ate raw food -->
  <AteRawFood.stages.ate_raw_food.label>съедена сырая пища</AteRawFood.stages.ate_raw_food.label>
  <!-- EN: I had to eat raw food. We should be cooking that kind of food before eating it. We're not animals. -->
  <AteRawFood.stages.ate_raw_food.description>Мне пришлось есть сырые продукты. Разве мы не можем их приготовить или хотя бы синтезировать питательную пасту?</AteRawFood.stages.ate_raw_food.description>
  
  <!-- EN: ate rotten food -->
  <AteRottenFood.stages.ate_rotten_food.label>съедена гнилая пища</AteRottenFood.stages.ate_rotten_food.label>
  <!-- EN: I ate some disgusting, putrid food. It was melting in my mouth - but not in a good way. -->
  <AteRottenFood.stages.ate_rotten_food.description>Мне пришлось есть отвратительную, гнилую пищу! Она таяла во рту... в плохом смысле.</AteRottenFood.stages.ate_rotten_food.description>
  
</LanguageData>
