﻿<?xml version="1.0" encoding="UTF-8"?>
<LanguageData>
  
  <!-- EN: beautiful aurora -->
  <Aurora.stages.beautiful_aurora.label>полярное сияние</Aurora.stages.beautiful_aurora.label>
  <!-- EN: The view is amazing. -->
  <Aurora.stages.beautiful_aurora.description>Это невероятно красиво!</Aurora.stages.beautiful_aurora.description>
  
  <!-- EN: colonist left unburied -->
  <ColonistLeftUnburied.stages.colonist_left_unburied.label>поселенец не похоронен</ColonistLeftUnburied.stages.colonist_left_unburied.label>
  <!-- EN: One of us died and we're just leaving them lying in the open. Nobody should be left like that. People deserve a decent burial. -->
  <ColonistLeftUnburied.stages.colonist_left_unburied.description>Мы потеряли одного из нас и бросили его останки под открытым небом. Так нельзя. Люди заслуживают достойных похорон.</ColonistLeftUnburied.stages.colonist_left_unburied.description>
  
  <!-- EN: minor passion for my work -->
  <DoingPassionateWork.stages.minor_passion_for_my_work.label>работа с огоньком</DoingPassionateWork.stages.minor_passion_for_my_work.label>
  <!-- EN: I enjoy my work. -->
  <DoingPassionateWork.stages.minor_passion_for_my_work.description>Мне нравится делать то, чем я занимаюсь.</DoingPassionateWork.stages.minor_passion_for_my_work.description>
  <!-- EN: burning passion for my work -->
  <DoingPassionateWork.stages.burning_passion_for_my_work.label>энтузиазм</DoingPassionateWork.stages.burning_passion_for_my_work.label>
  <!-- EN: I love my work. I could do this all day, every day. -->
  <DoingPassionateWork.stages.burning_passion_for_my_work.description>Обожаю делать то, что я делаю! Могу заниматься этим как угодно долго.</DoingPassionateWork.stages.burning_passion_for_my_work.description>
  
  <!-- EN: joywire -->
  <Joywire.stages.joywire.label>чип счастья</Joywire.stages.joywire.label>
  <!-- EN: It feels amazing. -->
  <Joywire.stages.joywire.description>Я чувствую себя просто прекрасно.</Joywire.stages.joywire.description>
  
  <!-- EN: naked -->
  <Naked.stages.naked.label>без одежды</Naked.stages.naked.label>
  <!-- EN: I'm naked. This is humiliating. -->
  <Naked.stages.naked.description>На мне совсем нет одежды. Это унизительно.</Naked.stages.naked.description>
  
  <!-- EN: minor pain -->
  <Pain.stages.minor_pain.label>лёгкая боль</Pain.stages.minor_pain.label>
  <!-- EN: Ow... That hurts. -->
  <Pain.stages.minor_pain.description>Ай... Это больно.</Pain.stages.minor_pain.description>
  <!-- EN: serious pain -->
  <Pain.stages.serious_pain.label>средняя боль</Pain.stages.serious_pain.label>
  <!-- EN: Ughhh... When will it end? -->
  <Pain.stages.serious_pain.description>У-у-ух... Эти боли... Когда же это всё кончится?</Pain.stages.serious_pain.description>
  <!-- EN: intense pain -->
  <Pain.stages.intense_pain.label>сильная боль</Pain.stages.intense_pain.label>
  <!-- EN: Make it stop... make it stop... make it stop... -->
  <Pain.stages.intense_pain.description>У собачки заболи... У кошечки заболи... А-ай-ай-ай, пройди же у меня скорее!</Pain.stages.intense_pain.description>
  <!-- EN: mind-shattering pain -->
  <Pain.stages.mindshattering_pain.label>адская боль</Pain.stages.mindshattering_pain.label>
  <!-- EN: AAAAAHHH! -->
  <Pain.stages.mindshattering_pain.description>А-А-А-А-А-А!</Pain.stages.mindshattering_pain.description>
  
  <!-- EN: psychic soothe -->
  <PsychicDrone.stages.psychic_soothe.label>умиротворение</PsychicDrone.stages.psychic_soothe.label>
  <!-- EN: It's like a calming voice at the back of my mind, soothing me, settling my nerves. -->
  <PsychicDrone.stages.psychic_soothe.description>Похоже, что тихий, успокаивающий голос в подсознании успокаивает меня, приводя в порядок нервную систему.</PsychicDrone.stages.psychic_soothe.description>
  <!-- EN: low psychic drone -->
  <PsychicDrone.stages.low_psychic_drone.label>слабый гул</PsychicDrone.stages.low_psychic_drone.label>
  <!-- EN: It's like a scratching at the back of my mind. A voice, whispering. I can only make out a few words, and I don't like them. -->
  <PsychicDrone.stages.low_psychic_drone.description>Как будто кто-то скребётся в глубине сознания. Голос, он что-то шепчет. Я могу разобрать лишь несколько слов, и мне они не нравятся.</PsychicDrone.stages.low_psychic_drone.description>
  <!-- EN: moderate psychic drone -->
  <PsychicDrone.stages.moderate_psychic_drone.label>средний гул</PsychicDrone.stages.moderate_psychic_drone.label>
  <!-- EN: I feel like someone is always just out of sight, speaking to me. The voice changes but the message doesn't. I'm supposed to hurt people. Make it go away! -->
  <PsychicDrone.stages.moderate_psychic_drone.description>Со мной постоянно говорит кто-то невидимый. Разные голоса, но слова одни и те же. Они приказывают причинять людям боль. Пусть они замолчат!</PsychicDrone.stages.moderate_psychic_drone.description>
  <!-- EN: high psychic drone -->
  <PsychicDrone.stages.high_psychic_drone.label>сильный гул</PsychicDrone.stages.high_psychic_drone.label>
  <!-- EN: The voice is unbearably loud. It's hard to concentrate. I find myself talking back to it, yelling at it. But it just keeps shouting! -->
  <PsychicDrone.stages.high_psychic_drone.description>Невыносимо громкий голос. Трудно сосредоточиться. Я замечаю, что разговариваю с ним, кричу на него. Но он продолжает приказывать!</PsychicDrone.stages.high_psychic_drone.description>
  <!-- EN: extreme psychic drone -->
  <PsychicDrone.stages.extreme_psychic_drone.label>запредельный гул</PsychicDrone.stages.extreme_psychic_drone.label>
  <!-- EN: My heart pounds and I'm sweating. All I can think of is hurting and suffering and all these enemies around me. They're my nightmare, my nightmare, my nightmare... -->
  <PsychicDrone.stages.extreme_psychic_drone.description>Сердце бешено колотится, пот льётся ручьём. Всё, всё о чём я могу думать — это боль, страдания и враги, враги вокруг меня! Они мой кошмар, мой кошмар, кошмар...</PsychicDrone.stages.extreme_psychic_drone.description>
  
  <!-- EN: psychic emanator soothe -->
  <PsychicEmanatorSoothe.stages.psychic_emanator_soothe.label>покой от пси-излучателя</PsychicEmanatorSoothe.stages.psychic_emanator_soothe.label>
  <!-- EN: The psychic emanator makes me feel strange, but also very relaxed. -->
  <PsychicEmanatorSoothe.stages.psychic_emanator_soothe.description>Успокаивающий гул от излучателя даёт весьма странное, но в то же время очень расслабляющее ощущение.</PsychicEmanatorSoothe.stages.psychic_emanator_soothe.description>
  
  <!-- EN: sharing bed -->
  <SharedBed.stages.sharing_bed.label>общая кровать</SharedBed.stages.sharing_bed.label>
  <!-- EN: I have to share a bed with someone who I don't particularly want to. -->
  <SharedBed.stages.sharing_bed.description>Мне приходится делить кровать с кем-то, кто мне не слишком нравится.</SharedBed.stages.sharing_bed.description>
  
</LanguageData>