﻿<?xml version="1.0" encoding="UTF-8"?>
<LanguageData>
  
  <Art.label>Художник</Art.label>
  <!-- EN: Create beautiful works of art from raw materials. -->
  <Art.description>Художники создают прекрасные произведения искусства.</Art.description>
  <!-- EN: art -->
  <Art.gerundLabel>Творить искусство</Art.gerundLabel>
  <!-- EN: Art -->
  <Art.labelShort>Художник</Art.labelShort>
  <!-- EN: Artist -->
  <Art.pawnLabel>Художник</Art.pawnLabel>
  <!-- EN: Do art at -->
  <Art.verb>Творить искусство</Art.verb>
  
  <BasicWorker.label>Работа</BasicWorker.label>
  <!-- EN: Unskilled and easy tasks. Release prisoners and flick switches on machines. -->
  <BasicWorker.description>Работа, не требующая специальных навыков: освобождение пленников и переключение выключателей.</BasicWorker.description>
  <!-- EN: dealing with -->
  <BasicWorker.gerundLabel>Работать</BasicWorker.gerundLabel>
  <!-- EN: Basic -->
  <BasicWorker.labelShort>Работа</BasicWorker.labelShort>
  <!-- EN: Worker -->
  <BasicWorker.pawnLabel>Рабочий</BasicWorker.pawnLabel>
  <!-- EN: Deal with -->
  <BasicWorker.verb>Работать</BasicWorker.verb>
  
  <Cleaning.label>Уборщик</Cleaning.label>
  <!-- EN: Clear snow and clean the floor in the home area. -->
  <Cleaning.description>Уборщики чистят снег и наводят порядок в домашней области.</Cleaning.description>
  <!-- EN: cleaning -->
  <Cleaning.gerundLabel>Убирать</Cleaning.gerundLabel>
  <!-- EN: Clean -->
  <Cleaning.labelShort>Уборщик</Cleaning.labelShort>
  <!-- EN: Cleaner -->
  <Cleaning.pawnLabel>Уборщик</Cleaning.pawnLabel>
  <!-- EN: Clean -->
  <Cleaning.verb>Убирать</Cleaning.verb>
  
  <Construction.label>Строитель</Construction.label>
  <!-- EN: Build things that you've designated, and fix damaged or broken-down buildings. -->
  <Construction.description>Строители возводят разнообразные сооружения и восстанавливают их в случае повреждений.</Construction.description>
  <!-- EN: constructing -->
  <Construction.gerundLabel>Строить</Construction.gerundLabel>
  <!-- EN: Construct -->
  <Construction.labelShort>Строитель</Construction.labelShort>
  <!-- EN: Constructor -->
  <Construction.pawnLabel>Строитель</Construction.pawnLabel>
  <!-- EN: Construct -->
  <Construction.verb>Строить</Construction.verb>
  
  <Cooking.label>Повар</Cooking.label>
  <!-- EN: Prepare meals and butcher meat. -->
  <Cooking.description>Повара готовят еду и разделывают туши.</Cooking.description>
  <!-- EN: cooking -->
  <Cooking.gerundLabel>Готовить</Cooking.gerundLabel>
  <!-- EN: Cook -->
  <Cooking.labelShort>Повар</Cooking.labelShort>
  <!-- EN: Cook -->
  <Cooking.pawnLabel>Повар</Cooking.pawnLabel>
  <!-- EN: Cook -->
  <Cooking.verb>Готовить</Cooking.verb>
  
  <Crafting.label>Ремесло</Crafting.label>
  <!-- EN: Do general low-skilled labor at work stations. This includes stonecutting, smelting, and more. -->
  <Crafting.description>Ремесленники занимаются на станках работой, не требующей специальных навыков: резкой камня, плавкой металла и многим другим.</Crafting.description>
  <!-- EN: crafting -->
  <Crafting.gerundLabel>Заниматься ремеслом</Crafting.gerundLabel>
  <!-- EN: Craft -->
  <Crafting.labelShort>Ремесло</Crafting.labelShort>
  <!-- EN: Crafter -->
  <Crafting.pawnLabel>Ремесленник</Crafting.pawnLabel>
  <!-- EN: Craft at -->
  <Crafting.verb>Заниматься ремеслом</Crafting.verb>
  
  <Doctor.label>Врач</Doctor.label>
  <!-- EN: Treat the sick, bring them food, cheer them up, and perform assigned surgeries. Doctors will care for both colonists and prisoners. -->
  <Doctor.description>Врачи приносят еду и лечат тех, кто выведен из строя и находится в постели. Они заботятся и о поселенцах, и о пленниках.</Doctor.description>
  <!-- EN: doctoring -->
  <Doctor.gerundLabel>Лечить</Doctor.gerundLabel>
  <!-- EN: Doctor -->
  <Doctor.labelShort>Врач</Doctor.labelShort>
  <!-- EN: Doctor -->
  <Doctor.pawnLabel>Врач</Doctor.pawnLabel>
  <!-- EN: Care for -->
  <Doctor.verb>Лечить</Doctor.verb>
  
  <Firefighter.label>Пожарный</Firefighter.label>
  <!-- EN: Extinguish fires in the colony. -->
  <Firefighter.description>Пожарные тушат огонь в поселении.</Firefighter.description>
  <!-- EN: firefighting -->
  <Firefighter.gerundLabel>Тушить пожар</Firefighter.gerundLabel>
  <!-- EN: Firefight -->
  <Firefighter.labelShort>Пожарный</Firefighter.labelShort>
  <!-- EN: Firefighter -->
  <Firefighter.pawnLabel>Пожарный</Firefighter.pawnLabel>
  <!-- EN: Extinguish -->
  <Firefighter.verb>Тушить пожар</Firefighter.verb>
  
  <Growing.label>Фермер</Growing.label>
  <!-- EN: Plant seeds, harvest crops, and forage for wild plants. -->
  <Growing.description>Фермеры сажают семена растений, чтобы вырастить урожай, а также добывают пропитание вдали от поселения.</Growing.description>
  <!-- EN: growing -->
  <Growing.gerundLabel>Выращивать</Growing.gerundLabel>
  <!-- EN: Grow -->
  <Growing.labelShort>Фермер</Growing.labelShort>
  <!-- EN: Grower -->
  <Growing.pawnLabel>Фермер</Growing.pawnLabel>
  <!-- EN: Grow -->
  <Growing.verb>Выращивать</Growing.verb>
  
  <Handling.label>Животные</Handling.label>
  <!-- EN: Tame, train, harvest resources from and slaughter animals. -->
  <Handling.description>Животноводы приручают животных, ухаживают за ними, собирают приносимые животными ресурсы и забивают их.</Handling.description>
  <!-- EN: handling -->
  <Handling.gerundLabel>Работать с животными</Handling.gerundLabel>
  <!-- EN: Handle -->
  <Handling.labelShort>Животновод</Handling.labelShort>
  <!-- EN: Handler -->
  <Handling.pawnLabel>Животновод</Handling.pawnLabel>
  <!-- EN: Handle -->
  <Handling.verb>Работать с животными</Handling.verb>
  
  <Hauling.label>Носильщик</Hauling.label>
  <!-- EN: Carry things to where they need to be. -->
  <Hauling.description>Носильщики переносят вещи туда, где они должны быть.</Hauling.description>
  <!-- EN: hauling -->
  <Hauling.gerundLabel>Переносить</Hauling.gerundLabel>
  <!-- EN: Haul -->
  <Hauling.labelShort>Носильщик</Hauling.labelShort>
  <!-- EN: Hauler -->
  <Hauling.pawnLabel>Носильщик</Hauling.pawnLabel>
  <!-- EN: Haul -->
  <Hauling.verb>Перенести</Hauling.verb>
  
  <Hunting.label>Охотник</Hunting.label>
  <!-- EN: Kill animals which are designated to be hunted. -->
  <Hunting.description>Охотники убивают животных, которые отмечены для охоты.</Hunting.description>
  <!-- EN: hunting -->
  <Hunting.gerundLabel>Охотиться</Hunting.gerundLabel>
  <!-- EN: Hunt -->
  <Hunting.labelShort>Охотник</Hunting.labelShort>
  <!-- EN: Hunter -->
  <Hunting.pawnLabel>Охотник</Hunting.pawnLabel>
  <!-- EN: Hunt -->
  <Hunting.verb>Охотиться</Hunting.verb>
  
  <Mining.label>Шахтёр</Mining.label>
  <!-- EN: Digging and drilling. -->
  <Mining.description>Шахтёры копают породу, выполняют бурение и добывают полезные ископаемые.</Mining.description>
  <!-- EN: mining -->
  <Mining.gerundLabel>Добывать породу</Mining.gerundLabel>
  <!-- EN: Mine -->
  <Mining.labelShort>Шахтёр</Mining.labelShort>
  <!-- EN: Miner -->
  <Mining.pawnLabel>Шахтёр</Mining.pawnLabel>
  <!-- EN: Mine -->
  <Mining.verb>Добывать породу</Mining.verb>
  
  <Patient.label>Пациент</Patient.label>
  <!-- EN: Go to a medical bed for treatment if you have an immediately life-threatening health condition. -->
  <Patient.description>Пациенты отправляются на медицинскую кровать, если у них серьёзные проблемы со здоровьем.</Patient.description>
  <!-- EN: patienting -->
  <Patient.gerundLabel>Лечиться</Patient.gerundLabel>
  <!-- EN: Patient -->
  <Patient.labelShort>Пациент</Patient.labelShort>
  <!-- EN: Patient -->
  <Patient.pawnLabel>Пациент</Patient.pawnLabel>
  <!-- EN: Become patient -->
  <Patient.verb>Лечиться</Patient.verb>
  
  <PatientBedRest.label>Отдых</PatientBedRest.label>
  <!-- EN: Rest in bed to recuperate from not-immediately-life-threatening medical problems. -->
  <PatientBedRest.description>Поселенцы отдыхают в кровати, чтобы восстановиться от не угрожающих жизни проблем со здоровьем.</PatientBedRest.description>
  <!-- EN: resting in bed -->
  <PatientBedRest.gerundLabel>Отдыхать</PatientBedRest.gerundLabel>
  <!-- EN: Bed rest -->
  <PatientBedRest.labelShort>Отдых</PatientBedRest.labelShort>
  <!-- EN: Bed rester -->
  <PatientBedRest.pawnLabel>Отдыхающий</PatientBedRest.pawnLabel>
  <!-- EN: Become patient -->
  <PatientBedRest.verb>Отдыхать</PatientBedRest.verb>
  
  <PlantCutting.label>Садовод</PlantCutting.label>
  <!-- EN: Cut or harvest plants as designated. -->
  <PlantCutting.description>Садоводы срезают и собирают урожай с растений.</PlantCutting.description>
  <!-- EN: plant cutting -->
  <PlantCutting.gerundLabel>Заниматься садоводством</PlantCutting.gerundLabel>
  <!-- EN: Plant cut -->
  <PlantCutting.labelShort>Садовод</PlantCutting.labelShort>
  <!-- EN: Plant cutter -->
  <PlantCutting.pawnLabel>Садовод</PlantCutting.pawnLabel>
  <!-- EN: Cut -->
  <PlantCutting.verb>Заниматься садоводством</PlantCutting.verb>
  
  <Research.label>Учёный</Research.label>
  <!-- EN: Perform research work. -->
  <Research.description>Учёные занимаются исследовательской работой.</Research.description>
  <!-- EN: researching -->
  <Research.gerundLabel>Исследовать</Research.gerundLabel>
  <!-- EN: Research -->
  <Research.labelShort>Учёный</Research.labelShort>
  <!-- EN: Researcher -->
  <Research.pawnLabel>Учёный</Research.pawnLabel>
  <!-- EN: Research at -->
  <Research.verb>Исследовать</Research.verb>
  
  <Smithing.label>Кузнец</Smithing.label>
  <!-- EN: Create weapons and tools from raw materials, either as a blacksmith or by machining. -->
  <Smithing.description>Кузнецы, работая на кузнях и станках, изготавливают оружие и снаряжение.</Smithing.description>
  <!-- EN: smithing -->
  <Smithing.gerundLabel>Ковать</Smithing.gerundLabel>
  <!-- EN: Smith -->
  <Smithing.labelShort>Кузнец</Smithing.labelShort>
  <!-- EN: Smith -->
  <Smithing.pawnLabel>Кузнец</Smithing.pawnLabel>
  <!-- EN: Smith at -->
  <Smithing.verb>Ковать</Smithing.verb>
  
  <Tailoring.label>Портной</Tailoring.label>
  <!-- EN: Create apparel from raw materials. -->
  <Tailoring.description>Портные шьют различные виды одежды.</Tailoring.description>
  <!-- EN: tailoring -->
  <Tailoring.gerundLabel>Шить</Tailoring.gerundLabel>
  <!-- EN: Tailor -->
  <Tailoring.labelShort>Портной</Tailoring.labelShort>
  <!-- EN: Tailor -->
  <Tailoring.pawnLabel>Портной</Tailoring.pawnLabel>
  <!-- EN: Tailor at -->
  <Tailoring.verb>Шить</Tailoring.verb>
  
  <Warden.label>Надзор</Warden.label>
  <!-- EN: Manage, feed, chat with, and recruit prisoners. -->
  <Warden.description>Надзиратели присматривают за пленниками: кормят, беседуют и вербуют.</Warden.description>
  <!-- EN: wardening -->
  <Warden.gerundLabel>Надзирать</Warden.gerundLabel>
  <!-- EN: Warden -->
  <Warden.labelShort>Надзор</Warden.labelShort>
  <!-- EN: Warden -->
  <Warden.pawnLabel>Надзиратель</Warden.pawnLabel>
  <!-- EN: Handle -->
  <Warden.verb>Надзирать</Warden.verb>
  
</LanguageData>