﻿<?xml version="1.0" encoding="UTF-8"?>
<LanguageData>
  
  <!-- EN: haul -->
  <Haul.label>переноска</Haul.label>
  <!-- EN: The animal will randomly haul items from time to time (though it can't be directed to haul specific items). -->
  <Haul.description>Животное будет по своему усмотрению время от времени переносить предметы.</Haul.description>
  
  <!-- EN: guard -->
  <Obedience.label>преданность</Obedience.label>
  <!-- EN: The animal can be assigned a master whom it will follow and defend. -->
  <Obedience.description>Животному может быть назначен хозяин, за которым оно будет следовать и которого будет защищать.</Obedience.description>
  
  <!-- EN: attack -->
  <Release.label>натравливание</Release.label>
  <!-- EN: The animal can be released to attack distant targets instead of just guarding its master. -->
  <Release.description>Животное может атаковать отдалённые цели, а не только защищать хозяина.</Release.description>
  
  <!-- EN: rescue -->
  <Rescue.label>спасение</Rescue.label>
  <!-- EN: The animal will rescue wounded allies and drag them to safety. -->
  <Rescue.description>Животное может спасать раненых союзников, перетаскивая их в безопасное место.</Rescue.description>
  
  <!-- EN: tameness -->
  <Tameness.label>приручённость</Tameness.label>
  <!-- EN: The animal can learn to consider itself a member of your colony. -->
  <Tameness.description>Животное считает себя частью вашего поселения.</Tameness.description>
  
</LanguageData>