﻿<?xml version="1.0" encoding="UTF-8"?>
<LanguageData>
  
  <!-- EN: {WEAPON}'s calm thoughts -->
  <BondedThoughtCalm.stages.s_calm_thoughts.label>{WEAPON} успокаивает</BondedThoughtCalm.stages.s_calm_thoughts.label>
  <!-- EN: {WEAPON}, my bonded weapon, is whispering calming thoughts to me. -->
  <BondedThoughtCalm.stages.s_calm_thoughts.description>Моё оружие, {WEAPON}, нашёптывает мне успокаивающие мысли.</BondedThoughtCalm.stages.s_calm_thoughts.description>
  
  <!-- EN: {WEAPON}'s kind thoughts -->
  <BondedThoughtKind.stages.s_kind_thoughts.label>{WEAPON} ободряет</BondedThoughtKind.stages.s_kind_thoughts.label>
  <!-- EN: {WEAPON}, my bonded weapon, is whispering kind thoughts to me. -->
  <BondedThoughtKind.stages.s_kind_thoughts.description>Моё оружие, {WEAPON}, ободряет меня.</BondedThoughtKind.stages.s_kind_thoughts.description>
  
  <!-- EN: {WEAPON}'s muttering -->
  <BondedThoughtMuttering.stages.s_muttering.label>{WEAPON} бурчит</BondedThoughtMuttering.stages.s_muttering.label>
  <!-- EN: {WEAPON}, my bonded weapon, is muttering in my head. It's hard to ignore sometimes. -->
  <BondedThoughtMuttering.stages.s_muttering.description>Моё оружие, {WEAPON}, ворчит у меня в голове. Временами это трудно не замечать.</BondedThoughtMuttering.stages.s_muttering.description>
  
  <!-- EN: {WEAPON}'s wailing -->
  <BondedThoughtWailing.stages.s_wailing.label>{WEAPON} воет</BondedThoughtWailing.stages.s_wailing.label>
  <!-- EN: {WEAPON}, my bonded weapon, is wailing madly in my head. I wish I could ignore it. -->
  <BondedThoughtWailing.stages.s_wailing.description>Моё оружие, {WEAPON}, безумно завывает у меня в голове. Как бы мне хотелось этого не замечать.</BondedThoughtWailing.stages.s_wailing.description>
  
  <!-- EN: {WEAPON}'s jealousy -->
  <JealousRage.stages.s_jealousy.label>{WEAPON} ревнует</JealousRage.stages.s_jealousy.label>
  <!-- EN: My bonded weapon {WEAPON} is jealous I am using another weapon. I can feel the rage it is screaming into my head. -->
  <JealousRage.stages.s_jealousy.description>Моё оружие, {WEAPON}, ревнует меня к другому оружию. Я слышу его крики ярости у себя в голове.</JealousRage.stages.s_jealousy.description>
  
  <!-- EN: {WEAPON}'s kill thirst -->
  <KillThirst.stages.s_kill_thirst.label>{WEAPON} жаждет крови</KillThirst.stages.s_kill_thirst.label>
  <!-- EN: My bonded weapon {WEAPON} is angry it has gone so long without killing. I can feel its rage. -->
  <KillThirst.stages.s_kill_thirst.description>Моё оружие, {WEAPON}, злится из-за того, что долго никого не ранило. Я чувствую его ярость.</KillThirst.stages.s_kill_thirst.description>
  
  <!-- EN: {WEAPON}'s kill sorrow -->
  <OnKill_BadThought.stages.s_kill_sorrow.label>{WEAPON} скорбит по жертвам</OnKill_BadThought.stages.s_kill_sorrow.label>
  <!-- EN: {WEAPON}'s sorrow over its kill is affecting my mind as well. -->
  <OnKill_BadThought.stages.s_kill_sorrow.description>Моё оружие, {WEAPON}, скорбит по побеждённым противникам, и его скорбь захватывает мой разум.</OnKill_BadThought.stages.s_kill_sorrow.description>
  
  <!-- EN: {WEAPON}'s kill happiness -->
  <OnKill_GoodThought.stages.s_kill_happiness.label>{WEAPON} радуется крови</OnKill_GoodThought.stages.s_kill_happiness.label>
  <!-- EN: {WEAPON} was overjoyed with its kill, and feel some of that too. -->
  <OnKill_GoodThought.stages.s_kill_happiness.description>Моё оружие, {WEAPON}, переполнено радостью от пролитой им крови, и я чувствую её отголоски.</OnKill_GoodThought.stages.s_kill_happiness.description>
  
</LanguageData>