﻿<?xml version="1.0" encoding="UTF-8"?>
<LanguageData>
  
  <!-- EN: manhunter -->
  <Manhunter.label>агрессия</Manhunter.label>
  <!-- EN: Maddened: Manhunter -->
  <Manhunter.baseInspectLine>Душевное состояние: агрессия</Manhunter.baseInspectLine>
  <!-- EN: {0} has become a manhunter! -->
  <Manhunter.beginLetter>{0} ведёт себя очень агрессивно!</Manhunter.beginLetter>
  <Manhunter.beginLetterLabel>агрессия</Manhunter.beginLetterLabel>
  <!-- EN: {0}'s manhunting bloodlust has come to an end. -->
  <Manhunter.recoveryMessage>{0} успокаивается, агрессия проходит.</Manhunter.recoveryMessage>
  
  <!-- EN: manhunter -->
  <ManhunterPermanent.label>агрессия</ManhunterPermanent.label>
  <!-- EN: Maddened: Manhunter -->
  <ManhunterPermanent.baseInspectLine>Душевное состояние: агрессия</ManhunterPermanent.baseInspectLine>
  <!-- EN: {0} has become a manhunter! -->
  <ManhunterPermanent.beginLetter>{0} ведёт себя очень агрессивно!</ManhunterPermanent.beginLetter>
  <ManhunterPermanent.beginLetterLabel>агрессия</ManhunterPermanent.beginLetterLabel>
  <!-- EN: {0}'s manhunting bloodlust has come to an end. -->
  <ManhunterPermanent.recoveryMessage>{0} никогда не успокоится, агрессия не пройдёт.</ManhunterPermanent.recoveryMessage>
  
  <!-- EN: panic fleeing -->
  <PanicFlee.label>бегство</PanicFlee.label>
  <!-- EN: Mental state: Fleeing in panic -->
  <PanicFlee.baseInspectLine>Душевное состояние: спасается бегством</PanicFlee.baseInspectLine>
  <!-- EN: {0} is fleeing in panic. -->
  <PanicFlee.beginLetter>{0} бежит в панике.</PanicFlee.beginLetter>
  <!-- EN: flee -->
  <PanicFlee.beginLetterLabel>бегство</PanicFlee.beginLetterLabel>
  <!-- EN: {0} is no longer fleeing in panic. -->
  <PanicFlee.recoveryMessage>{0} больше не паникует.</PanicFlee.recoveryMessage>
  
  <!-- EN: social fighting -->
  <SocialFighting.label>драка</SocialFighting.label>
  <!-- EN: Mental state: Social fighting -->
  <SocialFighting.baseInspectLine>Душевное состояние: дерётся</SocialFighting.baseInspectLine>
  
  <!-- EN: confused wandering -->
  <WanderConfused.label>замешательство</WanderConfused.label>
  <!-- EN: Mental state: Confused and wandering -->
  <WanderConfused.baseInspectLine>Душевное состояние: растерянно блуждает туда-сюда</WanderConfused.baseInspectLine>
  <!-- EN: {0} has broken down and is wandering around confused. -->
  <WanderConfused.beginLetter>{0} получает нервный срыв и бродит в замешательстве.</WanderConfused.beginLetter>
  <!-- EN: confusion -->
  <WanderConfused.beginLetterLabel>замешательство</WanderConfused.beginLetterLabel>
  <!-- EN: {0} is no longer confused. -->
  <WanderConfused.recoveryMessage>{0} оправляется и возвращается.</WanderConfused.recoveryMessage>
  
</LanguageData>