﻿<?xml version="1.0" encoding="UTF-8"?>
<LanguageData>
  
  <!-- EN: cataphract armor -->
  <Apparel_ArmorCataphract.label>катафрактарская броня</Apparel_ArmorCataphract.label>
  <!-- EN: A suit of heavy powered armor, built for maximum protection at the cost of mobility. Heavy layered plasteel-weave plates with solid ablative coatings stop all but the most well-aimed or powerful attacks. Neuro-memetic assistors prevent the suit's massive weight from immobilizing the wearer entirely, but the suit is still quite cumbersome.\n\nArmor like this is used by imperial cataphracts to break heavily fortified positions in frontal assaults when no other option is available. -->
  <Apparel_ArmorCataphract.description>Тяжёлая силовая броня, созданная для максимальной защиты владельца, но ограничивающая мобильность. Несколько слоёв пласталевого волокна с абляционным покрытием защитят от всех атак, кроме самых метких или мощных. Нейроимитирующая робомеханика поможет владельцу передвигаться в массивной броне, но всё же она достаточно громоздкая.\n\nЧасто используется имперскими катафрактариями, чтобы прорываться через хорошо укреплённые линии обороны в самых безвыходных ситуациях.</Apparel_ArmorCataphract.description>
  
  <!-- EN: phoenix armor -->
  <Apparel_ArmorCataphractPhoenix.label>броня «феникса»</Apparel_ArmorCataphractPhoenix.label>
  <!-- EN: A variant of cataphract armor with a shoulder-mounted flamebolt launcher. This armor is slightly less protective than standard cataphract armor against normal damage, but is especially flame-resistant. The flamebolt launcher has very limited ammo and must be reloaded after use.\n\nPhoenixes specialize in clearing out very confined spaces full of enemies, as in underground or shipborne operations. They can absorb hits while moving down a corridor, fill rooms with flame, and emerge from the smoke unscathed. -->
  <Apparel_ArmorCataphractPhoenix.description>Разновидность катафрактарской брони с интегрированным наплечным реактивным огнемётом. Данная броня немного уступает стандартному варианту по защищённости от обычных повреждений, однако обладает повышенной огнеупорностью. Реактивный огнемёт несёт крайне ограниченный боезапас и должен перезаряжаться после каждого использования.\n\n«Фениксы» специализируются на зачистке замкнутых пространств, кишащих противниками, — например, подземелий и космических кораблей. Благодаря такой броне «фениксы» могут двигаться по узким коридорам, заливать огнём помещение за помещением и выходить из дыма невредимыми.</Apparel_ArmorCataphractPhoenix.description>
  <!-- EN: incendiary -->
  <Apparel_ArmorCataphractPhoenix.comps.CompReloadable.chargeNoun>зажигательный снаряд</Apparel_ArmorCataphractPhoenix.comps.CompReloadable.chargeNoun>
  <!-- EN: launch incendiary -->
  <Apparel_ArmorCataphractPhoenix.verbs.launch_incendiary.label>запустить зажигательный снаряд</Apparel_ArmorCataphractPhoenix.verbs.launch_incendiary.label>
  
  <!-- EN: prestige cataphract armor -->
  <Apparel_ArmorCataphractPrestige.label>роскошная катафрактарская броня</Apparel_ArmorCataphractPrestige.label>
  <!-- EN: A suit of heavy powered armor, built for maximum protection at the cost of mobility. Heavy layered plasteel-weave plates with solid ablative coatings stop all but the most well-aimed or powerful attacks. Neuro-memetic assistors prevent the suit's massive weight from immobilizing the wearer entirely, but the suit is still quite cumbersome.\n\nExpensive and beautiful, prestige armor like this is usually made for those of high status. Embedded eltex threads also enhance the wearer's psychic sensitivity. -->
  <Apparel_ArmorCataphractPrestige.description>Тяжёлая силовая броня, созданная для максимальной защиты владельца, но ограничивающая мобильность. Несколько слоёв пласталевого волокна с абляционным покрытием защитят от всех атак, кроме самых метких или мощных. Нейроимитирующая робомеханика поможет владельцу передвигаться в массивной броне, но всё же она достаточно громоздкая.\n\nЭту роскошную, изысканную броню обычно носят, чтобы подчеркнуть высокий статус владельца, а внедрённые волокна эльтекса усиливают психочувствительность носящего.</Apparel_ArmorCataphractPrestige.description>
  
  <!-- EN: cataphract helmet -->
  <Apparel_ArmorHelmetCataphract.label>катафрактарский шлем</Apparel_ArmorHelmetCataphract.label>
  <!-- EN: A heavily-armored high-tech helmet, with a solid plasteel-weave shell and indirect visual system for non-frontal view angles. It protects against all but the most powerful or luckily-aimed shots.\n\nArmor like this is used by imperial cataphracts to break heavily fortified positions in frontal assaults when no other option is available. -->
  <Apparel_ArmorHelmetCataphract.description>Высокотехнологичный шлем тяжёлой брони, сделанный из единой оболочки из пласталевого волокна и снабжённый системой непрямого обзора, позволяющей расширить боковое зрение. Защитит от всех видов атак, кроме самых мощных или метких.\n\nЧасто используется имперскими катафрактариями, чтобы прорываться через хорошо укреплённые линии обороны в самых безвыходных ситуациях.</Apparel_ArmorHelmetCataphract.description>
  
  <!-- EN: prestige cataphract helmet -->
  <Apparel_ArmorHelmetCataphractPrestige.label>роскошный катафрактарский шлем</Apparel_ArmorHelmetCataphractPrestige.label>
  <!-- EN: A heavily-armored high-tech helmet, with a solid plasteel-weave shell and indirect visual system for non-frontal view angles. It protects against all but the most powerful or luckily-aimed shots.\n\nExpensive and beautiful, prestige armor like this is usually made for those of high status. Embedded eltex threads also enhance the wearer's psychic sensitivity. -->
  <Apparel_ArmorHelmetCataphractPrestige.description>Высокотехнологичный шлем тяжёлой брони, сделанный из единой оболочки из пласталевого волокна и снабжённый системой непрямого обзора, позволяющей расширить боковое зрение. Защитит от всех видов атак, кроме самых мощных или метких.\n\nЭту роскошную, изысканную броню обычно носят, чтобы подчеркнуть высокий статус владельца, а внедрённые волокна эльтекса усиливают психочувствительность носящего.</Apparel_ArmorHelmetCataphractPrestige.description>
  
  <!-- EN: prestige recon helmet -->
  <Apparel_ArmorHelmetReconPrestige.label>роскошный разведшлем</Apparel_ArmorHelmetReconPrestige.label>
  <!-- EN: A high-tech armored helmet with a built-in status computer and a protective plasteel-weave plate.\n\nExpensive and beautiful, prestige armor like this is usually made for those of high status. Embedded eltex threads also enhance the wearer's psychic sensitivity. -->
  <Apparel_ArmorHelmetReconPrestige.description>Высокотехнологичный бронированный шлем со встроенным компьютером и защитой из пласталевого волокна.\n\nЭту роскошную, изысканную броню обычно носят, чтобы подчеркнуть высокий статус владельца, а внедрённые волокна эльтекса усиливают психочувствительность носящего.</Apparel_ArmorHelmetReconPrestige.description>
  
  <!-- EN: locust armor -->
  <Apparel_ArmorLocust.label>броня «богомола»</Apparel_ArmorLocust.label>
  <!-- EN: A variant of recon armor with an integrated burst rocket for short-ranged flight. Locust armor is slightly less protective than standard recon armor. Each jump consumes a burst of fuel, so the armor must be reloaded after several uses.\n\nUnlike most ultratech military units, locusts train primarily with melee weapons. They usually avoid static shootouts, preferring to jump straight into enemy fortifications and fight hand-to-hand. They do poorly in static defense or confined quarters, but excel in mixed cover or shipcracking operations. -->
  <Apparel_ArmorLocust.description>Разновидность разведброни с интегрированным реактивным ранцем для полётов на короткие расстояния. Данная броня немного уступает по защищённости своему стандартному варианту. Каждый скачок потребляет определённое количество топлива, поэтому броня требует перезарядки после нескольких использований ранца.\n\nВ отличие от большинства подразделений армий высокотехнологичных миров, «богомолы» тренируются преимущественно с холодным оружием. Они избегают позиционного боя, предпочитая влетать на своей реактивной броне прямо вглубь вражеских укреплений и сражаться врукопашную. «Богомолы» плохо показывают себя в затяжной обороне или в замкнутых пространствах, однако не имеют равных в бое на близкой дистанции и на пересечённой местности.</Apparel_ArmorLocust.description>
  <!-- EN: jump -->
  <Apparel_ArmorLocust.comps.CompReloadable.chargeNoun>скачковый заряд</Apparel_ArmorLocust.comps.CompReloadable.chargeNoun>
  <!-- EN: jump -->
  <Apparel_ArmorLocust.verbs.jump.label>совершить скачок</Apparel_ArmorLocust.verbs.jump.label>
  
  <!-- EN: grenadier armor -->
  <Apparel_ArmorMarineGrenadier.label>гренадерская броня</Apparel_ArmorMarineGrenadier.label>
  <!-- EN: A variant of marine armor with an integrated frag launcher on the shoulder. The armor is slightly less protective than standard marine armor. The launcher can only hold a limited amount of ammo and must be reloaded after use.\n\nGrenadiers usually specialize in breaching buildings or internal ship bulkheads. While not effective at very long range, grenadiers can be surprisingly deadly in confined quarters. -->
  <Apparel_ArmorMarineGrenadier.description>Разновидность пехотной брони с интегрированным наплечным гранатомётом. Данная броня немного уступает по защищённости стандартному варианту. Гранатомёт имеет очень ограниченный боезапас и должен перезаряжаться после использования.\n\nГренадеры обычно специализируются в прорывах укреплений или внутренних переборок космических кораблей. Несмотря на свою пониженную эффективность на дальних расстояниях, гренадеры могут быть довольно опасны в замкнутых пространствах.</Apparel_ArmorMarineGrenadier.description>
  <!-- EN: grenade -->
  <Apparel_ArmorMarineGrenadier.comps.CompReloadable.chargeNoun>граната</Apparel_ArmorMarineGrenadier.comps.CompReloadable.chargeNoun>
  <!-- EN: launch frag grenade -->
  <Apparel_ArmorMarineGrenadier.verbs.launch_frag_grenade.label>запустить осколочную гранату</Apparel_ArmorMarineGrenadier.verbs.launch_frag_grenade.label>
  
  <!-- EN: prestige marine helmet -->
  <Apparel_ArmorMarineHelmetPrestige.label>роскошный пехотный шлем</Apparel_ArmorMarineHelmetPrestige.label>
  <!-- EN: A marine armor helmet, with a built-in status computer and layered plasteel-weave plates.\n\nExpensive and beautiful, prestige armor like this is usually made for those of high status. Embedded eltex threads also enhance the wearer's psychic sensitivity. -->
  <Apparel_ArmorMarineHelmetPrestige.description>Шлем пехотной брони со встроенным компьютером и многослойной защитой из пласталевого волокна.\n\nЭту роскошную, изысканную броню обычно носят, чтобы подчеркнуть высокий статус владельца, а внедрённые волокна эльтекса усиливают психочувствительность носящего.</Apparel_ArmorMarineHelmetPrestige.description>
  
  <!-- EN: prestige marine armor -->
  <Apparel_ArmorMarinePrestige.label>роскошная пехотная броня</Apparel_ArmorMarinePrestige.label>
  <!-- EN: A suit of powered armor. Layered plasteel-weave plates are very effective at stopping attacks, with few vulnerable joint sections. Neuro-memetic assistors allow a human to wear the armor and still move easily.\n\nExpensive and beautiful, prestige armor like this is usually made for those of high status. Embedded eltex threads also enhance the wearer's psychic sensitivity. -->
  <Apparel_ArmorMarinePrestige.description>Костюм силовой брони. Многослойная защита из пласталевого волокна хорошо отражает атаки и имеет мало уязвимых узлов сопряжения. Нейроимитирующая робомеханика позволяет без труда нести броню.\n\nЭту роскошную, изысканную броню обычно носят, чтобы подчеркнуть высокий статус владельца, а внедрённые волокна эльтекса усиливают психочувствительность носящего.</Apparel_ArmorMarinePrestige.description>
  
  <!-- EN: prestige recon armor -->
  <Apparel_ArmorReconPrestige.label>роскошная разведброня</Apparel_ArmorReconPrestige.label>
  <!-- EN: A suit of light partially-powered armor, designed to permit quick movement. Plasteel-weave plates block attacks without compromising mobility, and neuro-memetic assistors in the lower body allow a human to wear the armor and still move easily.\n\nExpensive and beautiful, prestige armor like this is usually made for those of high status. Embedded eltex threads also enhance the wearer's psychic sensitivity. -->
  <Apparel_ArmorReconPrestige.description>Лёгкий костюм частично силовой брони, разработанной, чтобы не стеснять быстрые движения. Легковесная защита из пласталевого волокна отражает атаки без ущерба для мобильности носящего. Нейроимитирующая робомеханика нижней части костюма позволяет без труда нести броню.\n\nЭту роскошную, изысканную броню обычно носят, чтобы подчеркнуть высокий статус владельца, а внедрённые волокна эльтекса усиливают психочувствительность носящего.</Apparel_ArmorReconPrestige.description>
  
  <!-- EN: gunlink -->
  <Apparel_Gunlink.label>стрелковый визор</Apparel_Gunlink.label>
  <!-- EN: A targeting computer that helps the user aim. It detects and analyzes targets using infrared, visible, and millimeter-wave electromagnetic sensors. An onboard targeting computer displays firing solutions on a retinal projection. It offers no protection at all. -->
  <Apparel_Gunlink.description>Носимое устройство, помогающее пользователю целиться. Оно обнаруживает и анализирует цели при помощи электромагнитных сенсоров, работающих в инфракрасном, видимом и миллиметровом диапазонах. Встроенный компьютер проводит все необходимые вычисления и проецирует нужную информацию на сетчатку глаза. Не даёт никакой защиты.</Apparel_Gunlink.description>
  
  <!-- EN: incendiary grenade -->
  <Proj_GrenadePhoenixFire.label>зажигательный снаряд</Proj_GrenadePhoenixFire.label>
  
  <!-- EN: frag grenade -->
  <Proj_GrenadierGrenade.label>осколочная граната</Proj_GrenadierGrenade.label>
  
</LanguageData>