<?xml version="1.0" encoding="utf-8"?>
<ModMetaData>

	<name>18plus</name>
	<author>UncleShvya</author>
	<packageId>UncleShvya.18plus</packageId>
	<url>https://github.com/uncleshvya/rimworld-mod-7plus</url>
	<supportedVersions>
		<li>1.2</li>
	</supportedVersions>
	<description>For English, scroll down.

Что делает мод:

Это вспомогательный мод, предназначен для начала новой игры в 7plus моде.

Проверено на Римворлде v1.2.2719 rev.709. Текущая версия 18plus мода: v0.2.5 rev.2020.09.03.

=====

What the mod does:

This is an auxiliary mod, designed for beginning a new game in 7plus mod.

Tested with Rimworld v1.2.2719 rev.709. Current mod: v0.2.5 rev.2020.09.03.

	</description>

</ModMetaData>
