﻿<?xml version="1.0" encoding="UTF-8"?>
<LanguageData>
  
  <!-- EN: afro -->
  <Afro.label>афро</Afro.label>
  
  <!-- EN: bob -->
  <Bob.label>пучок</Bob.label>
  
  <!-- EN: bowlcut -->
  <Bowlcut.label>под горшок</Bowlcut.label>
  
  <!-- EN: braided knot -->
  <BraidedKnot.label>коса в узле</BraidedKnot.label>
  
  <!-- EN: bravo -->
  <Bravo.label>браво</Bravo.label>
  
  <!-- EN: brief ponytail -->
  <BriefPonytail.label>короткий хвостик</BriefPonytail.label>
  
  <!-- EN: burgundy -->
  <Burgundy.label>бургундия</Burgundy.label>
  
  <!-- EN: cleopatra -->
  <Cleopatra.label>Клеопатра</Cleopatra.label>
  
  <!-- EN: curly -->
  <Curly.label>кудрявые</Curly.label>
  
  <!-- EN: cute -->
  <Cute.label>милые</Cute.label>
  
  <!-- EN: decent -->
  <Decent.label>приличные</Decent.label>
  
  <!-- EN: elder -->
  <Elder.label>старушачьи</Elder.label>
  
  <!-- EN: fancy bun -->
  <FancyBun.label>сложный пучок</FancyBun.label>
  
  <!-- EN: firestarter -->
  <Firestarter.label>поджигатель</Firestarter.label>
  
  <!-- EN: flowy -->
  <Flowy.label>плавные</Flowy.label>
  
  <!-- EN: fringe -->
  <Fringe.label>встрёпанные</Fringe.label>
  
  <!-- EN: frozen -->
  <Frozen.label>залакированные</Frozen.label>
  
  <!-- EN: greasy swoop -->
  <GreasySwoop.label>жирный начёс</GreasySwoop.label>
  
  <!-- EN: junkie -->
  <Junkie.label>наркоман</Junkie.label>
  
  <!-- EN: keeper -->
  <Keeper.label>хранитель</Keeper.label>
  
  <!-- EN: lackland -->
  <Lackland.label>безземельный</Lackland.label>
  
  <!-- EN: locks -->
  <Locks.label>локоны</Locks.label>
  
  <!-- EN: long -->
  <Long.label>длинные</Long.label>
  
  <!-- EN: messy -->
  <Messy.label>беспорядочные</Messy.label>
  
  <!-- EN: mohawk -->
  <Mohawk.label>ирокез</Mohawk.label>
  
  <!-- EN: mop -->
  <Mop.label>моп-топ</Mop.label>
  
  <!-- EN: pigtails -->
  <Pigtails.label>две косички</Pigtails.label>
  
  <!-- EN: ponytails -->
  <Ponytails.label>хвостики</Ponytails.label>
  
  <!-- EN: primal -->
  <Primal.label>первобытные</Primal.label>
  
  <!-- EN: princess -->
  <Princess.label>принцесса</Princess.label>
  
  <!-- EN: randy -->
  <Randy.label>как у Рэнди</Randy.label>
  
  <!-- EN: recruit -->
  <Recruit.label>рекрут</Recruit.label>
  
  <!-- EN: revolt -->
  <Revolt.label>бунтарь</Revolt.label>
  
  <!-- EN: rockstar -->
  <Rockstar.label>рок-звезда</Rockstar.label>
  
  <!-- EN: rookie -->
  <Rookie.label>новобранец</Rookie.label>
  
  <!-- EN: savage -->
  <Savage.label>дикарь</Savage.label>
  
  <!-- EN: scatman -->
  <Scatman.label>зализанные</Scatman.label>
  
  <!-- EN: scorpion tail -->
  <ScorpionTail.label>жало скорпиона</ScorpionTail.label>
  
  <!-- EN: scrapper -->
  <Scrapper.label>задира</Scrapper.label>
  
  <!-- EN: senorita -->
  <Senorita.label>сеньорита</Senorita.label>
  
  <!-- EN: shaved -->
  <Shaved.label>бритый наголо</Shaved.label>
  
  <!-- EN: shaved -->
  <ShavedFemale.label>бритая наголо</ShavedFemale.label>
  
  <!-- EN: shave top braid -->
  <ShaveTopBraid.label>выбритая коса</ShaveTopBraid.label>
  
  <!-- EN: snazzy -->
  <Snazzy.label>броские</Snazzy.label>
  
  <!-- EN: spikes -->
  <Spikes.label>шипы</Spikes.label>
  
  <!-- EN: sticky -->
  <Sticky.label>липкие</Sticky.label>
  
  <!-- EN: topdog -->
  <Topdog.label>победитель</Topdog.label>
  
  <!-- EN: troubadour -->
  <Troubadour.label>трубадур</Troubadour.label>
  
  <!-- EN: tuft -->
  <Tuft.label>хохолок</Tuft.label>
  
  <!-- EN: warden -->
  <Warden.label>смотритель</Warden.label>
  
  <!-- EN: wavy -->
  <Wavy.label>волнистые</Wavy.label>
  
</LanguageData>