﻿<?xml version="1.0" encoding="UTF-8"?>
<LanguageData>
  
  <!-- EN: install archotech arm -->
  <InstallArchotechArm.label>вживить архоруку</InstallArchotechArm.label>
  <!-- EN: Install an archotech arm. -->
  <InstallArchotechArm.description>Вживить архоруку.</InstallArchotechArm.description>
  <!-- EN: Installing archotech arm. -->
  <InstallArchotechArm.jobString>Вживляет архоруку</InstallArchotechArm.jobString>
  
  <!-- EN: install archotech eye -->
  <InstallArchotechEye.label>вживить архоглаз</InstallArchotechEye.label>
  <!-- EN: Install an archotech eye. -->
  <InstallArchotechEye.description>Вживить архоглаз.</InstallArchotechEye.description>
  <!-- EN: Installing archotech eye. -->
  <InstallArchotechEye.jobString>Вживляет архоглаз</InstallArchotechEye.jobString>
  
  <!-- EN: install archotech leg -->
  <InstallArchotechLeg.label>вживить архоногу</InstallArchotechLeg.label>
  <!-- EN: Install an archotech leg. -->
  <InstallArchotechLeg.description>Вживить архоногу.</InstallArchotechLeg.description>
  <!-- EN: Installing archotech leg. -->
  <InstallArchotechLeg.jobString>Вживляет архоногу</InstallArchotechLeg.jobString>
  
</LanguageData>