﻿<?xml version="1.0" encoding="UTF-8"?>
<LanguageData>
  
  <!-- EN: install heart -->
  <InstallNaturalHeart.label>пересадка сердца</InstallNaturalHeart.label>
  <!-- EN: Install a biological heart. -->
  <InstallNaturalHeart.description>Пересадить сердце.</InstallNaturalHeart.description>
  <!-- EN: Installing heart. -->
  <InstallNaturalHeart.jobString>Пересаживает сердце</InstallNaturalHeart.jobString>
  
  <!-- EN: install kidney -->
  <InstallNaturalKidney.label>пересадка почки</InstallNaturalKidney.label>
  <!-- EN: Install a biological kidney. -->
  <InstallNaturalKidney.description>Пересадить почку.</InstallNaturalKidney.description>
  <!-- EN: Installing kidney. -->
  <InstallNaturalKidney.jobString>Пересаживает почку</InstallNaturalKidney.jobString>
  
  <!-- EN: install liver -->
  <InstallNaturalLiver.label>пересадка печени</InstallNaturalLiver.label>
  <!-- EN: Install a biological liver. -->
  <InstallNaturalLiver.description>Пересадить печень.</InstallNaturalLiver.description>
  <!-- EN: Installing liver. -->
  <InstallNaturalLiver.jobString>Пересаживает печень</InstallNaturalLiver.jobString>
  
  <!-- EN: install lung -->
  <InstallNaturalLung.label>пересадка лёгкого</InstallNaturalLung.label>
  <!-- EN: Install a lung. -->
  <InstallNaturalLung.description>Пересадить лёгкое.</InstallNaturalLung.description>
  <!-- EN: Installing lung. -->
  <InstallNaturalLung.jobString>Пересаживает лёгкое</InstallNaturalLung.jobString>
  
</LanguageData>