﻿<?xml version="1.0" encoding="UTF-8"?>
<LanguageData>
  
  <!-- EN: install denture -->
  <InstallDenture.label>установить зубной протез</InstallDenture.label>
  <!-- EN: Install a denture. -->
  <InstallDenture.description>Установить зубной протез.</InstallDenture.description>
  <!-- EN: Installing denture. -->
  <InstallDenture.jobString>Устанавливает зубной протез</InstallDenture.jobString>
  
  <!-- EN: install peg leg -->
  <InstallPegLeg.label>установить деревянную ногу</InstallPegLeg.label>
  <!-- EN: Install a peg leg. -->
  <InstallPegLeg.description>Установить деревянную ногу.</InstallPegLeg.description>
  <!-- EN: Installing peg leg. -->
  <InstallPegLeg.jobString>Устанавливает деревянную ногу</InstallPegLeg.jobString>
  
  <!-- EN: install wooden foot -->
  <InstallWoodenFoot.label>установить деревянную стопу</InstallWoodenFoot.label>
  <!-- EN: Install a wooden foot. -->
  <InstallWoodenFoot.description>Установить деревянную стопу.</InstallWoodenFoot.description>
  <!-- EN: Installing wooden foot. -->
  <InstallWoodenFoot.jobString>Устанавливает деревянную стопу</InstallWoodenFoot.jobString>
  
  <!-- EN: install wooden hand -->
  <InstallWoodenHand.label>установить деревянную кисть</InstallWoodenHand.label>
  <!-- EN: Install a wooden hand. -->
  <InstallWoodenHand.description>Установить деревянную кисть.</InstallWoodenHand.description>
  <!-- EN: Installing wooden hand. -->
  <InstallWoodenHand.jobString>Устанавливает деревянную кисть</InstallWoodenHand.jobString>
  
</LanguageData>