﻿<?xml version="1.0" encoding="UTF-8"?>
<LanguageData>
  
  <!-- EN: cure scaria -->
  <CureScaria.label>вылечить агриоз</CureScaria.label>
  <!-- EN: This special medical operation cures scaria. -->
  <CureScaria.description>Это особая медицинская процедура для исцеления агриоза.</CureScaria.description>
  <!-- EN: Curing scaria. -->
  <CureScaria.jobString>Лечит агриоз</CureScaria.jobString>
  <!-- EN: {0} has successfully cured {1}'s scaria. -->
  <CureScaria.successfullyRemovedHediffMessage> {0} успешно {0_gender ? исцелил : исцелила} {1} от агриоза.</CureScaria.successfullyRemovedHediffMessage>
  
</LanguageData>