﻿<?xml version="1.0" encoding="UTF-8"?>
<LanguageData>
  
  <!-- EN: install cochlear implant -->
  <InstallCochlearImplant.label>установить кохлеарный имплант</InstallCochlearImplant.label>
  <!-- EN: Install a cochlear implant. -->
  <InstallCochlearImplant.description>Установить кохлеарный имплант.</InstallCochlearImplant.description>
  <!-- EN: Installing cochlear implant. -->
  <InstallCochlearImplant.jobString>установить кохлеарный имплант</InstallCochlearImplant.jobString>
  
  <!-- EN: install joywire -->
  <InstallJoywire.label>установить чип счастья</InstallJoywire.label>
  <!-- EN: Install a joywire. -->
  <InstallJoywire.description>Установить чип счастья.</InstallJoywire.description>
  <!-- EN: Installing joywire. -->
  <InstallJoywire.jobString>Устанавливает чип счастья</InstallJoywire.jobString>
  
  <!-- EN: install painstopper -->
  <InstallPainstopper.label>установить чип обезболивания</InstallPainstopper.label>
  <!-- EN: Install a painstopper. -->
  <InstallPainstopper.description>Установить чип обезболивания.</InstallPainstopper.description>
  <!-- EN: Installing painstopper. -->
  <InstallPainstopper.jobString>Устанавливает чип обезболивания</InstallPainstopper.jobString>
  
  <!-- EN: install power claw -->
  <InstallPowerClaw.label>установить силовые когти</InstallPowerClaw.label>
  <!-- EN: Install a power claw. -->
  <InstallPowerClaw.description>Установить силовые когти.</InstallPowerClaw.description>
  <!-- EN: Installing power claw. -->
  <InstallPowerClaw.jobString>Устанавливает силовые когти</InstallPowerClaw.jobString>
  
  <!-- EN: install prosthetic arm -->
  <InstallSimpleProstheticArm.label>установить простой протез руки</InstallSimpleProstheticArm.label>
  <!-- EN: Install a prosthetic arm. -->
  <InstallSimpleProstheticArm.description>Установить простой протез руки.</InstallSimpleProstheticArm.description>
  <!-- EN: Installing prosthetic arm. -->
  <InstallSimpleProstheticArm.jobString>Устанавливает простой протез руки</InstallSimpleProstheticArm.jobString>
  
  <!-- EN: install prosthetic heart -->
  <InstallSimpleProstheticHeart.label>имплантировать простой кардиопротез</InstallSimpleProstheticHeart.label>
  <!-- EN: Install a prosthetic heart. -->
  <InstallSimpleProstheticHeart.description>Имплантировать простой кардиопротез.</InstallSimpleProstheticHeart.description>
  <!-- EN: Installing prosthetic heart. -->
  <InstallSimpleProstheticHeart.jobString>Имплантирует простой кардиопротез</InstallSimpleProstheticHeart.jobString>
  
  <!-- EN: install prosthetic leg -->
  <InstallSimpleProstheticLeg.label>установить простой протез ноги</InstallSimpleProstheticLeg.label>
  <!-- EN: Install a prosthetic leg. -->
  <InstallSimpleProstheticLeg.description>Установить простой протез ноги.</InstallSimpleProstheticLeg.description>
  <!-- EN: Installing prosthetic leg. -->
  <InstallSimpleProstheticLeg.jobString>Устанавливает простой протез ноги</InstallSimpleProstheticLeg.jobString>
  
  <!-- EN: remove painstopper -->
  <RemovePainstopper.label>удалить чип обезболивания</RemovePainstopper.label>
  <!-- EN: Remove the painstopper. -->
  <RemovePainstopper.description>Удалить чип обезболивания.</RemovePainstopper.description>
  <!-- EN: Removing painstopper. -->
  <RemovePainstopper.jobString>Удаляет чип обезболивания</RemovePainstopper.jobString>
  
</LanguageData>