﻿<?xml version="1.0" encoding="UTF-8"?>
<LanguageData>
  
  <!-- EN: excise carcinoma -->
  <ExciseCarcinoma.label>удалить карциному</ExciseCarcinoma.label>
  <!-- EN: Excise a carcinoma. -->
  <ExciseCarcinoma.description>Удалить карциному.</ExciseCarcinoma.description>
  <!-- EN: Excising carcinoma. -->
  <ExciseCarcinoma.jobString>Удаляет карциному</ExciseCarcinoma.jobString>
  <!-- EN: {0} has successfully excised {1}'s carcinoma. -->
  <ExciseCarcinoma.successfullyRemovedHediffMessage>{0} успешно удаляет карциному у {1}.</ExciseCarcinoma.successfullyRemovedHediffMessage>
  
</LanguageData>