﻿<?xml version="1.0" encoding="UTF-8"?>
<LanguageData>
  
  <!-- EN: назначить амброзия -->
  <Administer_Ambrosia.label>назначить амброзию</Administer_Ambrosia.label>
  <!-- EN: Принимает амброзия -->
  <Administer_Ambrosia.jobString>Даёт амброзию</Administer_Ambrosia.jobString>
  
  <!-- EN: назначить пиво -->
  <Administer_Beer.label>назначить пиво</Administer_Beer.label>
  <!-- EN: Принимает пиво -->
  <Administer_Beer.jobString>Даёт пиво</Administer_Beer.jobString>
  
  <!-- EN: назначить хлопья психина -->
  <Administer_Flake.label>назначить хлопья психина</Administer_Flake.label>
  <!-- EN: Принимает хлопья психина -->
  <Administer_Flake.jobString>Даёт хлопья психина</Administer_Flake.jobString>
  
  <!-- EN: назначить Go-сок -->
  <Administer_GoJuice.label>назначить Go-сок</Administer_GoJuice.label>
  <!-- EN: Принимает Go-сок -->
  <Administer_GoJuice.jobString>Даёт Go-сок</Administer_GoJuice.jobString>
  
  <!-- EN: назначить люциферий -->
  <Administer_Luciferium.label>назначить люциферий</Administer_Luciferium.label>
  <!-- EN: Принимает люциферий -->
  <Administer_Luciferium.jobString>Даёт люциферий</Administer_Luciferium.jobString>
  
  <!-- EN: назначить пеноксицилин -->
  <Administer_Penoxycyline.label>назначить пеноксицилин</Administer_Penoxycyline.label>
  <!-- EN: Принимает пеноксицилин -->
  <Administer_Penoxycyline.jobString>Даёт пеноксицилин</Administer_Penoxycyline.jobString>
  
  <!-- EN: назначить психиновый чай -->
  <Administer_PsychiteTea.label>назначить психиновый чай</Administer_PsychiteTea.label>
  <!-- EN: Принимает психиновый чай -->
  <Administer_PsychiteTea.jobString>Даёт психиновый чай</Administer_PsychiteTea.jobString>
  
  <!-- EN: назначить косяк дымолиста -->
  <Administer_SmokeleafJoint.label>назначить дымолист</Administer_SmokeleafJoint.label>
  <!-- EN: Принимает косяк дымолиста -->
  <Administer_SmokeleafJoint.jobString>Даёт косяк</Administer_SmokeleafJoint.jobString>
  
  <!-- EN: назначить бодрин -->
  <Administer_WakeUp.label>назначить бодрин</Administer_WakeUp.label>
  <!-- EN: Принимает бодрин -->
  <Administer_WakeUp.jobString>Даёт бодрин</Administer_WakeUp.jobString>
  
  <!-- EN: назначить порошок психина -->
  <Administer_Yayo.label>назначить порошок психина</Administer_Yayo.label>
  <!-- EN: Принимает порошок психина -->
  <Administer_Yayo.jobString>Даёт порошок психина</Administer_Yayo.jobString>
  
  <!-- EN: сделать бронешлем -->
  <Make_Apparel_AdvancedHelmet.label>изготовить бронешлем</Make_Apparel_AdvancedHelmet.label>
  <!-- EN: Сделать бронешлем -->
  <Make_Apparel_AdvancedHelmet.description>Изготовить бронешлем.</Make_Apparel_AdvancedHelmet.description>
  <!-- EN: Делает бронешлем -->
  <Make_Apparel_AdvancedHelmet.jobString>Изготавливает бронешлем</Make_Apparel_AdvancedHelmet.jobString>
  
  <!-- EN: сделать футболка -->
  <Make_Apparel_BasicShirt.label>сшить футболку</Make_Apparel_BasicShirt.label>
  <!-- EN: Сделать футболка -->
  <Make_Apparel_BasicShirt.description>Сшить футболку.</Make_Apparel_BasicShirt.description>
  <!-- EN: Делает футболка -->
  <Make_Apparel_BasicShirt.jobString>Шьёт футболку</Make_Apparel_BasicShirt.jobString>
  
  <!-- EN: сделать шляпа-котелок -->
  <Make_Apparel_BowlerHat.label>сшить шляпу-котелок</Make_Apparel_BowlerHat.label>
  <!-- EN: Сделать шляпа-котелок -->
  <Make_Apparel_BowlerHat.description>Сшить шляпу-котелок.</Make_Apparel_BowlerHat.description>
  <!-- EN: Делает шляпа-котелок -->
  <Make_Apparel_BowlerHat.jobString>Шьёт шляпу-котелок</Make_Apparel_BowlerHat.jobString>
  
  <!-- EN: сделать рубашка -->
  <Make_Apparel_CollarShirt.label>сшить рубашку</Make_Apparel_CollarShirt.label>
  <!-- EN: Сделать рубашка -->
  <Make_Apparel_CollarShirt.description>Сшить рубашку.</Make_Apparel_CollarShirt.description>
  <!-- EN: Делает рубашка -->
  <Make_Apparel_CollarShirt.jobString>Шьёт рубашку</Make_Apparel_CollarShirt.jobString>
  
  <!-- EN: сделать ковбойская шляпа -->
  <Make_Apparel_CowboyHat.label>сшить ковбойскую шляпу</Make_Apparel_CowboyHat.label>
  <!-- EN: Сделать ковбойская шляпа -->
  <Make_Apparel_CowboyHat.description>Сшить ковбойскую шляпу.</Make_Apparel_CowboyHat.description>
  <!-- EN: Делает ковбойская шляпа -->
  <Make_Apparel_CowboyHat.jobString>Шьёт ковбойскую шляпу</Make_Apparel_CowboyHat.jobString>
  
  <!-- EN: сделать плащ -->
  <Make_Apparel_Duster.label>сшить плащ</Make_Apparel_Duster.label>
  <!-- EN: Сделать плащ -->
  <Make_Apparel_Duster.description>Сшить плащ.</Make_Apparel_Duster.description>
  <!-- EN: Делает плащ -->
  <Make_Apparel_Duster.jobString>Шьёт плащ</Make_Apparel_Duster.jobString>
  
  <!-- EN: сделать бронекуртка -->
  <Make_Apparel_FlakJacket.label>сшить бронекуртку</Make_Apparel_FlakJacket.label>
  <!-- EN: Сделать бронекуртка -->
  <Make_Apparel_FlakJacket.description>Сшить бронекуртку.</Make_Apparel_FlakJacket.description>
  <!-- EN: Делает бронекуртка -->
  <Make_Apparel_FlakJacket.jobString>Шьёт бронекуртку</Make_Apparel_FlakJacket.jobString>
  
  <!-- EN: сделать бронештаны -->
  <Make_Apparel_FlakPants.label>сшить бронештаны</Make_Apparel_FlakPants.label>
  <!-- EN: Сделать бронештаны -->
  <Make_Apparel_FlakPants.description>Сшить бронештаны.</Make_Apparel_FlakPants.description>
  <!-- EN: Делает бронештаны -->
  <Make_Apparel_FlakPants.jobString>Шьёт бронештаны</Make_Apparel_FlakPants.jobString>
  
  <!-- EN: сделать бронежилет -->
  <Make_Apparel_FlakVest.label>сшить бронежилет</Make_Apparel_FlakVest.label>
  <!-- EN: Сделать бронежилет -->
  <Make_Apparel_FlakVest.description>Сшить бронежилет.</Make_Apparel_FlakVest.description>
  <!-- EN: Делает бронежилет -->
  <Make_Apparel_FlakVest.jobString>Шьёт бронежилет</Make_Apparel_FlakVest.jobString>
  
  <!-- EN: сделать куртка -->
  <Make_Apparel_Jacket.label>сшить куртку</Make_Apparel_Jacket.label>
  <!-- EN: Сделать куртка -->
  <Make_Apparel_Jacket.description>Сшить куртку.</Make_Apparel_Jacket.description>
  <!-- EN: Делает куртка -->
  <Make_Apparel_Jacket.jobString>Шьёт куртку</Make_Apparel_Jacket.jobString>
  
  <!-- EN: сделать штаны -->
  <Make_Apparel_Pants.label>сшить штаны</Make_Apparel_Pants.label>
  <!-- EN: Сделать штаны -->
  <Make_Apparel_Pants.description>Сшить штаны.</Make_Apparel_Pants.description>
  <!-- EN: Делает штаны -->
  <Make_Apparel_Pants.jobString>Шьёт штаны</Make_Apparel_Pants.jobString>
  
  <!-- EN: сделать пуховик -->
  <Make_Apparel_Parka.label>сшить пуховик</Make_Apparel_Parka.label>
  <!-- EN: Сделать пуховик -->
  <Make_Apparel_Parka.description>Сшить пуховик.</Make_Apparel_Parka.description>
  <!-- EN: Делает пуховик -->
  <Make_Apparel_Parka.jobString>Шьёт пуховик</Make_Apparel_Parka.jobString>
  
  <!-- EN: сделать пластинчатый доспех -->
  <Make_Apparel_PlateArmor.label>изготовить пластинчатый доспех</Make_Apparel_PlateArmor.label>
  <!-- EN: Сделать пластинчатый доспех -->
  <Make_Apparel_PlateArmor.description>Изготовить пластинчатый доспех.</Make_Apparel_PlateArmor.description>
  <!-- EN: Делает пластинчатый доспех -->
  <Make_Apparel_PlateArmor.jobString>Изготавливает пластинчатый доспех</Make_Apparel_PlateArmor.jobString>
  
  <!-- EN: сделать пехотная броня -->
  <Make_Apparel_PowerArmor.label>изготовить пехотную броню</Make_Apparel_PowerArmor.label>
  <!-- EN: Сделать пехотная броня -->
  <Make_Apparel_PowerArmor.description>Изготовить пехотную броню.</Make_Apparel_PowerArmor.description>
  <!-- EN: Делает пехотная броня -->
  <Make_Apparel_PowerArmor.jobString>Изготавливает пехотную броню</Make_Apparel_PowerArmor.jobString>
  
  <!-- EN: сделать пехотный шлем -->
  <Make_Apparel_PowerArmorHelmet.label>изготовить пехотный шлем</Make_Apparel_PowerArmorHelmet.label>
  <!-- EN: Сделать пехотный шлем -->
  <Make_Apparel_PowerArmorHelmet.description>Изготовить пехотный шлем.</Make_Apparel_PowerArmorHelmet.description>
  <!-- EN: Делает пехотный шлем -->
  <Make_Apparel_PowerArmorHelmet.jobString>Изготавливает пехотный шлем</Make_Apparel_PowerArmorHelmet.jobString>
  
  <!-- EN: сделать пояс-щит -->
  <Make_Apparel_ShieldBelt.label>изготовить пояс-щит</Make_Apparel_ShieldBelt.label>
  <!-- EN: Сделать пояс-щит -->
  <Make_Apparel_ShieldBelt.description>Изготовить пояс-щит.</Make_Apparel_ShieldBelt.description>
  <!-- EN: Делает пояс-щит -->
  <Make_Apparel_ShieldBelt.jobString>Изготавливает пояс-щит</Make_Apparel_ShieldBelt.jobString>
  
  <!-- EN: сделать простой шлем -->
  <Make_Apparel_SimpleHelmet.label>изготовить простой шлем</Make_Apparel_SimpleHelmet.label>
  <!-- EN: Сделать простой шлем -->
  <Make_Apparel_SimpleHelmet.description>Изготовить простой шлем.</Make_Apparel_SimpleHelmet.description>
  <!-- EN: Делает простой шлем -->
  <Make_Apparel_SimpleHelmet.jobString>Изготавливает простой шлем</Make_Apparel_SimpleHelmet.jobString>
  
  <!-- EN: сделать дымовые шашки -->
  <Make_Apparel_SmokepopBelt.label>изготовить дымовые шашки</Make_Apparel_SmokepopBelt.label>
  <!-- EN: Сделать дымовые шашки -->
  <Make_Apparel_SmokepopBelt.description>Изготовить дымовые шашки.</Make_Apparel_SmokepopBelt.description>
  <!-- EN: Делает дымовые шашки -->
  <Make_Apparel_SmokepopBelt.jobString>Изготавливает дымовые шашки</Make_Apparel_SmokepopBelt.jobString>
  
  <!-- EN: сделать туника -->
  <Make_Apparel_TribalA.label>сшить тунику</Make_Apparel_TribalA.label>
  <!-- EN: Сделать туника -->
  <Make_Apparel_TribalA.description>Сшить тунику.</Make_Apparel_TribalA.description>
  <!-- EN: Делает туника -->
  <Make_Apparel_TribalA.jobString>Шьёт тунику</Make_Apparel_TribalA.jobString>
  
  <!-- EN: сделать зверошапка -->
  <Make_Apparel_TribalHeaddress.label>сшить зверошапку</Make_Apparel_TribalHeaddress.label>
  <!-- EN: Сделать зверошапка -->
  <Make_Apparel_TribalHeaddress.description>Сшить зверошапку.</Make_Apparel_TribalHeaddress.description>
  <!-- EN: Делает зверошапка -->
  <Make_Apparel_TribalHeaddress.jobString>Шьёт зверошапку</Make_Apparel_TribalHeaddress.jobString>
  
  <!-- EN: сделать вязаная шапка -->
  <Make_Apparel_Tuque.label>связать шапку</Make_Apparel_Tuque.label>
  <!-- EN: Сделать вязаная шапка -->
  <Make_Apparel_Tuque.description>Связать шапку.</Make_Apparel_Tuque.description>
  <!-- EN: Делает вязаная шапка -->
  <Make_Apparel_Tuque.jobString>Вяжет шапку</Make_Apparel_Tuque.jobString>
  
  <!-- EN: сделать маска войны -->
  <Make_Apparel_WarMask.label>выточить маску войны</Make_Apparel_WarMask.label>
  <!-- EN: Сделать маска войны -->
  <Make_Apparel_WarMask.description>Выточить маску войны.</Make_Apparel_WarMask.description>
  <!-- EN: Делает маска войны -->
  <Make_Apparel_WarMask.jobString>Вытачивает маску войны</Make_Apparel_WarMask.jobString>
  
  <!-- EN: сделать боевой покров -->
  <Make_Apparel_WarVeil.label>сшить боевой покров</Make_Apparel_WarVeil.label>
  <!-- EN: Сделать боевой покров -->
  <Make_Apparel_WarVeil.description>Сшить боевой покров.</Make_Apparel_WarVeil.description>
  <!-- EN: Делает боевой покров -->
  <Make_Apparel_WarVeil.jobString>Шьёт боевой покров</Make_Apparel_WarVeil.jobString>
  
  <!-- EN: сделать бионическая рука -->
  <Make_BionicArm.label>изготовить бионическую руку</Make_BionicArm.label>
  <!-- EN: Сделать бионическая рука -->
  <Make_BionicArm.description>Изготовить бионическую руку.</Make_BionicArm.description>
  <!-- EN: Делает бионическая рука -->
  <Make_BionicArm.jobString>Изготавливает бионическую руку</Make_BionicArm.jobString>
  
  <!-- EN: сделать бионическое ухо -->
  <Make_BionicEar.label>изготовить бионическое ухо</Make_BionicEar.label>
  <!-- EN: Сделать бионическое ухо -->
  <Make_BionicEar.description>Изготовить бионическое ухо.</Make_BionicEar.description>
  <!-- EN: Делает бионическое ухо -->
  <Make_BionicEar.jobString>Изготавливает бионическое ухо</Make_BionicEar.jobString>
  
  <!-- EN: сделать бионический глаз -->
  <Make_BionicEye.label>изготовить бионический глаз</Make_BionicEye.label>
  <!-- EN: Сделать бионический глаз -->
  <Make_BionicEye.description>Изготовить бионический глаз.</Make_BionicEye.description>
  <!-- EN: Делает бионический глаз -->
  <Make_BionicEye.jobString>Изготавливает бионический глаз</Make_BionicEye.jobString>
  
  <!-- EN: сделать бионическое сердце -->
  <Make_BionicHeart.label>изготовить бионическое сердце</Make_BionicHeart.label>
  <!-- EN: Сделать бионическое сердце -->
  <Make_BionicHeart.description>Изготовить бионическое сердце.</Make_BionicHeart.description>
  <!-- EN: Делает бионическое сердце -->
  <Make_BionicHeart.jobString>Изготавливает бионическое сердце</Make_BionicHeart.jobString>
  
  <!-- EN: сделать бионическая нога -->
  <Make_BionicLeg.label>изготовить бионическую ногу</Make_BionicLeg.label>
  <!-- EN: Сделать бионическая нога -->
  <Make_BionicLeg.description>Изготовить бионическую ногу.</Make_BionicLeg.description>
  <!-- EN: Делает бионическая нога -->
  <Make_BionicLeg.jobString>Изготавливает бионическую ногу</Make_BionicLeg.jobString>
  
  <!-- EN: сделать бионический позвоночник -->
  <Make_BionicSpine.label>изготовить бионический позвоночник</Make_BionicSpine.label>
  <!-- EN: Сделать бионический позвоночник -->
  <Make_BionicSpine.description>Изготовить бионический позвоночник.</Make_BionicSpine.description>
  <!-- EN: Делает бионический позвоночник -->
  <Make_BionicSpine.jobString>Изготавливает бионический позвоночник</Make_BionicSpine.jobString>
  
  <!-- EN: сделать бионический желудок -->
  <Make_BionicStomach.label>изготовить бионический желудок</Make_BionicStomach.label>
  <!-- EN: Сделать бионический желудок -->
  <Make_BionicStomach.description>Изготовить бионический желудок.</Make_BionicStomach.description>
  <!-- EN: Делает бионический желудок -->
  <Make_BionicStomach.jobString>Изготавливает бионический желудок</Make_BionicStomach.jobString>
  
  <!-- EN: сделать длинный лук -->
  <Make_Bow_Great.label>изготовить длинный лук</Make_Bow_Great.label>
  <!-- EN: Сделать длинный лук -->
  <Make_Bow_Great.description>Изготовить длинный лук.</Make_Bow_Great.description>
  <!-- EN: Делает длинный лук -->
  <Make_Bow_Great.jobString>Изготавливает длинный лук</Make_Bow_Great.jobString>
  
  <!-- EN: сделать рекурсивный лук -->
  <Make_Bow_Recurve.label>изготовить рекурсивный лук</Make_Bow_Recurve.label>
  <!-- EN: Сделать рекурсивный лук -->
  <Make_Bow_Recurve.description>Изготовить рекурсивный лук.</Make_Bow_Recurve.description>
  <!-- EN: Делает рекурсивный лук -->
  <Make_Bow_Recurve.jobString>Изготавливает рекурсивный лук</Make_Bow_Recurve.jobString>
  
  <!-- EN: сделать короткий лук -->
  <Make_Bow_Short.label>изготовить короткий лук</Make_Bow_Short.label>
  <!-- EN: Сделать короткий лук -->
  <Make_Bow_Short.description>Изготовить короткий лук.</Make_Bow_Short.description>
  <!-- EN: Делает короткий лук -->
  <Make_Bow_Short.jobString>Изготавливает короткий лук</Make_Bow_Short.jobString>
  
  <!-- EN: сделать кохлеарный имплант -->
  <Make_CochlearImplant.label>изготовить кохлеарный имплант</Make_CochlearImplant.label>
  <!-- EN: Сделать кохлеарный имплант -->
  <Make_CochlearImplant.description>Изготовить кохлеарный имплант.</Make_CochlearImplant.description>
  <!-- EN: Делает кохлеарный имплант -->
  <Make_CochlearImplant.jobString>Изготавливает кохлеарный имплант</Make_CochlearImplant.jobString>
  
  <!-- EN: сделать хлопья психина -->
  <Make_Flake.label>получить хлопья психина</Make_Flake.label>
  <!-- EN: Сделать хлопья психина -->
  <Make_Flake.description>Получить хлопья психина.</Make_Flake.description>
  <!-- EN: Делает хлопья психина -->
  <Make_Flake.jobString>Получает хлопья психина</Make_Flake.jobString>
  
  <!-- EN: сделать Go-сок -->
  <Make_GoJuice.label>синтезировать Go-сок</Make_GoJuice.label>
  <!-- EN: Сделать Go-сок -->
  <Make_GoJuice.description>Синтезировать Go-сок.</Make_GoJuice.description>
  <!-- EN: Делает Go-сок -->
  <Make_GoJuice.jobString>Синтезирует Go-сок</Make_GoJuice.jobString>
  
  <!-- EN: сделать автомат -->
  <Make_Gun_AssaultRifle.label>изготовить автомат</Make_Gun_AssaultRifle.label>
  <!-- EN: Сделать автомат -->
  <Make_Gun_AssaultRifle.description>Изготовить автомат.</Make_Gun_AssaultRifle.description>
  <!-- EN: Делает автомат -->
  <Make_Gun_AssaultRifle.jobString>Изготавливает автомат</Make_Gun_AssaultRifle.jobString>
  
  <!-- EN: сделать пистолет -->
  <Make_Gun_Autopistol.label>изготовить самозарядный пистолет</Make_Gun_Autopistol.label>
  <!-- EN: Сделать пистолет -->
  <Make_Gun_Autopistol.description>Изготовить самозарядный пистолет.</Make_Gun_Autopistol.description>
  <!-- EN: Делает пистолет -->
  <Make_Gun_Autopistol.jobString>Изготавливает самозарядный пистолет</Make_Gun_Autopistol.jobString>
  
  <!-- EN: сделать винтовка -->
  <Make_Gun_BoltActionRifle.label>изготовить винтовку</Make_Gun_BoltActionRifle.label>
  <!-- EN: Сделать винтовка -->
  <Make_Gun_BoltActionRifle.description>Изготовить винтовку.</Make_Gun_BoltActionRifle.description>
  <!-- EN: Делает винтовка -->
  <Make_Gun_BoltActionRifle.jobString>Изготавливает винтовку</Make_Gun_BoltActionRifle.jobString>
  
  <!-- EN: сделать автоматический дробовик -->
  <Make_Gun_ChainShotgun.label>изготовить автоматический дробовик</Make_Gun_ChainShotgun.label>
  <!-- EN: Сделать автоматический дробовик -->
  <Make_Gun_ChainShotgun.description>Изготовить автоматический дробовик.</Make_Gun_ChainShotgun.description>
  <!-- EN: Делает автоматический дробовик -->
  <Make_Gun_ChainShotgun.jobString>Изготавливает автоматический дробовик</Make_Gun_ChainShotgun.jobString>
  
  <!-- EN: сделать энергокопьё -->
  <Make_Gun_ChargeLance.label>изготовить энергокопьё</Make_Gun_ChargeLance.label>
  <!-- EN: Сделать энергокопьё -->
  <Make_Gun_ChargeLance.description>Изготовить энергокопьё.</Make_Gun_ChargeLance.description>
  <!-- EN: Делает энергокопьё -->
  <Make_Gun_ChargeLance.jobString>Изготавливает энергокопьё</Make_Gun_ChargeLance.jobString>
  
  <!-- EN: сделать энерговинтовка -->
  <Make_Gun_ChargeRifle.label>изготовить энерговинтовку</Make_Gun_ChargeRifle.label>
  <!-- EN: Сделать энерговинтовка -->
  <Make_Gun_ChargeRifle.description>Изготовить энерговинтовку.</Make_Gun_ChargeRifle.description>
  <!-- EN: Делает энерговинтовка -->
  <Make_Gun_ChargeRifle.jobString>Изготавливает энерговинтовку</Make_Gun_ChargeRifle.jobString>
  
  <!-- EN: сделать пистолет-пулемёт -->
  <Make_Gun_HeavySMG.label>изготовить пистолет-пулемёт</Make_Gun_HeavySMG.label>
  <!-- EN: Сделать пистолет-пулемёт -->
  <Make_Gun_HeavySMG.description>Изготовить пистолет-пулемёт.</Make_Gun_HeavySMG.description>
  <!-- EN: Делает пистолет-пулемёт -->
  <Make_Gun_HeavySMG.jobString>Изготавливает пистолет-пулемёт</Make_Gun_HeavySMG.jobString>
  
  <!-- EN: сделать реактивный огнемёт -->
  <Make_Gun_IncendiaryLauncher.label>изготовить реактивный огнемёт</Make_Gun_IncendiaryLauncher.label>
  <!-- EN: Сделать реактивный огнемёт -->
  <Make_Gun_IncendiaryLauncher.description>Изготовить реактивный огнемёт.</Make_Gun_IncendiaryLauncher.description>
  <!-- EN: Делает реактивный огнемёт -->
  <Make_Gun_IncendiaryLauncher.jobString>Изготавливает реактивный огнемёт</Make_Gun_IncendiaryLauncher.jobString>
  
  <!-- EN: сделать ручной пулемёт -->
  <Make_Gun_LMG.label>изготовить ручной пулемёт</Make_Gun_LMG.label>
  <!-- EN: Сделать ручной пулемёт -->
  <Make_Gun_LMG.description>Изготовить ручной пулемёт.</Make_Gun_LMG.description>
  <!-- EN: Делает ручной пулемёт -->
  <Make_Gun_LMG.jobString>Изготавливает ручной пулемёт</Make_Gun_LMG.jobString>
  
  <!-- EN: сделать автоматический пистолет -->
  <Make_Gun_MachinePistol.label>изготовить автоматический пистолет</Make_Gun_MachinePistol.label>
  <!-- EN: Сделать автоматический пистолет -->
  <Make_Gun_MachinePistol.description>Изготовить автоматический пистолет.</Make_Gun_MachinePistol.description>
  <!-- EN: Делает автоматический пистолет -->
  <Make_Gun_MachinePistol.jobString>Изготавливает автоматический пистолет</Make_Gun_MachinePistol.jobString>
  
  <!-- EN: сделать миниган -->
  <Make_Gun_Minigun.label>изготовить миниган</Make_Gun_Minigun.label>
  <!-- EN: Сделать миниган -->
  <Make_Gun_Minigun.description>Изготовить миниган.</Make_Gun_Minigun.description>
  <!-- EN: Делает миниган -->
  <Make_Gun_Minigun.jobString>Изготавливает миниган</Make_Gun_Minigun.jobString>
  
  <!-- EN: сделать дробовик -->
  <Make_Gun_PumpShotgun.label>изготовить дробовик</Make_Gun_PumpShotgun.label>
  <!-- EN: Сделать дробовик -->
  <Make_Gun_PumpShotgun.description>Изготовить дробовик.</Make_Gun_PumpShotgun.description>
  <!-- EN: Делает дробовик -->
  <Make_Gun_PumpShotgun.jobString>Изготавливает дробовик</Make_Gun_PumpShotgun.jobString>
  
  <!-- EN: сделать револьвер -->
  <Make_Gun_Revolver.label>изготовить револьвер</Make_Gun_Revolver.label>
  <!-- EN: Сделать револьвер -->
  <Make_Gun_Revolver.description>Изготовить револьвер.</Make_Gun_Revolver.description>
  <!-- EN: Делает револьвер -->
  <Make_Gun_Revolver.jobString>Изготавливает револьвер</Make_Gun_Revolver.jobString>
  
  <!-- EN: сделать снайперская винтовка -->
  <Make_Gun_SniperRifle.label>изготовить снайперскую винтовку</Make_Gun_SniperRifle.label>
  <!-- EN: Сделать снайперская винтовка -->
  <Make_Gun_SniperRifle.description>Изготовить снайперскую винтовку.</Make_Gun_SniperRifle.description>
  <!-- EN: Делает снайперская винтовка -->
  <Make_Gun_SniperRifle.jobString>Изготавливает снайперскую винтовку</Make_Gun_SniperRifle.jobString>
  
  <!-- EN: сделать медикаменты -->
  <Make_MedicineIndustrial.label>изготовить медикаменты</Make_MedicineIndustrial.label>
  <!-- EN: Сделать медикаменты -->
  <Make_MedicineIndustrial.description>Изготовить медикаменты.</Make_MedicineIndustrial.description>
  <!-- EN: Делает медикаменты -->
  <Make_MedicineIndustrial.jobString>Изготавливает медикаменты</Make_MedicineIndustrial.jobString>
  
  <!-- EN: сделать дубина -->
  <Make_MeleeWeapon_Club.label>вырезать дубину</Make_MeleeWeapon_Club.label>
  <!-- EN: Сделать дубина -->
  <Make_MeleeWeapon_Club.description>Вырезать дубину.</Make_MeleeWeapon_Club.description>
  <!-- EN: Делает дубина -->
  <Make_MeleeWeapon_Club.jobString>Вырезает дубину</Make_MeleeWeapon_Club.jobString>
  
  <!-- EN: сделать гладиус -->
  <Make_MeleeWeapon_Gladius.label>выковать гладиус</Make_MeleeWeapon_Gladius.label>
  <!-- EN: Сделать гладиус -->
  <Make_MeleeWeapon_Gladius.description>Выковать гладиус.</Make_MeleeWeapon_Gladius.description>
  <!-- EN: Делает гладиус -->
  <Make_MeleeWeapon_Gladius.jobString>Куёт гладиус</Make_MeleeWeapon_Gladius.jobString>
  
  <!-- EN: сделать иклва -->
  <Make_MeleeWeapon_Ikwa.label>выковать иклва</Make_MeleeWeapon_Ikwa.label>
  <!-- EN: Сделать иклва -->
  <Make_MeleeWeapon_Ikwa.description>Выковать иклва.</Make_MeleeWeapon_Ikwa.description>
  <!-- EN: Делает иклва -->
  <Make_MeleeWeapon_Ikwa.jobString>Куёт иклва</Make_MeleeWeapon_Ikwa.jobString>
  
  <!-- EN: сделать нож -->
  <Make_MeleeWeapon_Knife.label>выковать нож</Make_MeleeWeapon_Knife.label>
  <!-- EN: Сделать нож -->
  <Make_MeleeWeapon_Knife.description>Выковать нож.</Make_MeleeWeapon_Knife.description>
  <!-- EN: Делает нож -->
  <Make_MeleeWeapon_Knife.jobString>Куёт нож</Make_MeleeWeapon_Knife.jobString>
  
  <!-- EN: сделать длинный меч -->
  <Make_MeleeWeapon_LongSword.label>выковать длинный меч</Make_MeleeWeapon_LongSword.label>
  <!-- EN: Сделать длинный меч -->
  <Make_MeleeWeapon_LongSword.description>Выковать длинный меч.</Make_MeleeWeapon_LongSword.description>
  <!-- EN: Делает длинный меч -->
  <Make_MeleeWeapon_LongSword.jobString>Куёт длинный меч</Make_MeleeWeapon_LongSword.jobString>
  
  <!-- EN: сделать булава -->
  <Make_MeleeWeapon_Mace.label>выковать булаву</Make_MeleeWeapon_Mace.label>
  <!-- EN: Сделать булава -->
  <Make_MeleeWeapon_Mace.description>Выковать булаву.</Make_MeleeWeapon_Mace.description>
  <!-- EN: Делает булава -->
  <Make_MeleeWeapon_Mace.jobString>Куёт булаву</Make_MeleeWeapon_Mace.jobString>
  
  <!-- EN: сделать копьё -->
  <Make_MeleeWeapon_Spear.label>выковать копьё</Make_MeleeWeapon_Spear.label>
  <!-- EN: Сделать копьё -->
  <Make_MeleeWeapon_Spear.description>Выковать копьё.</Make_MeleeWeapon_Spear.description>
  <!-- EN: Делает копьё -->
  <Make_MeleeWeapon_Spear.jobString>Куёт копьё</Make_MeleeWeapon_Spear.jobString>
  
  <!-- EN: сделать пеноксицилин -->
  <Make_Penoxycyline.label>синтезировать пеноксицилин</Make_Penoxycyline.label>
  <!-- EN: Сделать пеноксицилин -->
  <Make_Penoxycyline.description>Синтезировать пеноксицилин.</Make_Penoxycyline.description>
  <!-- EN: Делает пеноксицилин -->
  <Make_Penoxycyline.jobString>Синтезирует пеноксицилин</Make_Penoxycyline.jobString>
  
  <!-- EN: сделать пилум -->
  <Make_Pila.label>выковать пилум</Make_Pila.label>
  <!-- EN: Сделать пилум -->
  <Make_Pila.description>Выковать пилум.</Make_Pila.description>
  <!-- EN: Делает пилум -->
  <Make_Pila.jobString>Куёт пилум</Make_Pila.jobString>
  
  <!-- EN: сделать психиновый чай -->
  <Make_PsychiteTea.label>заварить психиновый чай</Make_PsychiteTea.label>
  <!-- EN: Сделать психиновый чай -->
  <Make_PsychiteTea.description>Заварить психиновый чай.</Make_PsychiteTea.description>
  <!-- EN: Делает психиновый чай -->
  <Make_PsychiteTea.jobString>заваривает психиновый чай</Make_PsychiteTea.jobString>
  
  <!-- EN: сделать огромная скульптура -->
  <Make_SculptureGrand.label>изваять огромную скульптуру</Make_SculptureGrand.label>
  <!-- EN: Сделать огромная скульптура -->
  <Make_SculptureGrand.description>Изваять огромную скульптуру.</Make_SculptureGrand.description>
  <!-- EN: Делает огромная скульптура -->
  <Make_SculptureGrand.jobString>Ваяет скульптуру</Make_SculptureGrand.jobString>
  
  <!-- EN: сделать большая скульптура -->
  <Make_SculptureLarge.label>изваять большую скульптуру</Make_SculptureLarge.label>
  <!-- EN: Сделать большая скульптура -->
  <Make_SculptureLarge.description>Изваять большую скульптуру.</Make_SculptureLarge.description>
  <!-- EN: Делает большая скульптура -->
  <Make_SculptureLarge.jobString>Ваяет скульптуру</Make_SculptureLarge.jobString>
  
  <!-- EN: сделать малая скульптура -->
  <Make_SculptureSmall.label>изваять малую скульптуру</Make_SculptureSmall.label>
  <!-- EN: Сделать малая скульптура -->
  <Make_SculptureSmall.description>Изваять малую скульптуру.</Make_SculptureSmall.description>
  <!-- EN: Делает малая скульптура -->
  <Make_SculptureSmall.jobString>Ваяет скульптуру</Make_SculptureSmall.jobString>
  
  <!-- EN: сделать ЭМИ-снаряд -->
  <Make_Shell_EMP.label>изготовить ЭМИ-снаряд</Make_Shell_EMP.label>
  <!-- EN: Сделать ЭМИ-снаряд -->
  <Make_Shell_EMP.description>Изготовить ЭМИ-снаряд.</Make_Shell_EMP.description>
  <!-- EN: Делает ЭМИ-снаряд -->
  <Make_Shell_EMP.jobString>Изготавливает ЭМИ-снаряд</Make_Shell_EMP.jobString>
  
  <!-- EN: сделать пенный снаряд -->
  <Make_Shell_Firefoam.label>изготовить пенный снаряд</Make_Shell_Firefoam.label>
  <!-- EN: Сделать пенный снаряд -->
  <Make_Shell_Firefoam.description>Изготовить пенный снаряд.</Make_Shell_Firefoam.description>
  <!-- EN: Делает пенный снаряд -->
  <Make_Shell_Firefoam.jobString>Изготавливает пенный снаряд</Make_Shell_Firefoam.jobString>
  
  <!-- EN: сделать осколочный снаряд -->
  <Make_Shell_HighExplosive.label>изготовить осколочный снаряд</Make_Shell_HighExplosive.label>
  <!-- EN: Сделать осколочный снаряд -->
  <Make_Shell_HighExplosive.description>Изготовить осколочный снаряд.</Make_Shell_HighExplosive.description>
  <!-- EN: Делает осколочный снаряд -->
  <Make_Shell_HighExplosive.jobString>Изготавливает осколочный снаряд</Make_Shell_HighExplosive.jobString>
  
  <!-- EN: сделать зажигательный снаряд -->
  <Make_Shell_Incendiary.label>изготовить зажигательный снаряд</Make_Shell_Incendiary.label>
  <!-- EN: Сделать зажигательный снаряд -->
  <Make_Shell_Incendiary.description>Изготовить зажигательный снаряд.</Make_Shell_Incendiary.description>
  <!-- EN: Делает зажигательный снаряд -->
  <Make_Shell_Incendiary.jobString>Изготавливает зажигательный снаряд</Make_Shell_Incendiary.jobString>
  
  <!-- EN: сделать простой протез руки -->
  <Make_SimpleProstheticArm.label>изготовить простой протез руки</Make_SimpleProstheticArm.label>
  <!-- EN: Сделать простой протез руки -->
  <Make_SimpleProstheticArm.description>Изготовить простой протез руки.</Make_SimpleProstheticArm.description>
  <!-- EN: Делает простой протез руки -->
  <Make_SimpleProstheticArm.jobString>Изготавливает простой протез руки</Make_SimpleProstheticArm.jobString>
  
  <!-- EN: сделать простой кардиопротез -->
  <Make_SimpleProstheticHeart.label>изготовить простой кардиопротез</Make_SimpleProstheticHeart.label>
  <!-- EN: Сделать простой кардиопротез -->
  <Make_SimpleProstheticHeart.description>Изготовить простой кардиопротез.</Make_SimpleProstheticHeart.description>
  <!-- EN: Делает простой кардиопротез -->
  <Make_SimpleProstheticHeart.jobString>Изготавливает простой кардиопротез</Make_SimpleProstheticHeart.jobString>
  
  <!-- EN: сделать простой протез ноги -->
  <Make_SimpleProstheticLeg.label>изготовить простой протез ноги</Make_SimpleProstheticLeg.label>
  <!-- EN: Сделать простой протез ноги -->
  <Make_SimpleProstheticLeg.description>Изготовить простой протез ноги.</Make_SimpleProstheticLeg.description>
  <!-- EN: Делает простой протез ноги -->
  <Make_SimpleProstheticLeg.jobString>Изготавливает простой протез ноги</Make_SimpleProstheticLeg.jobString>
  
  <!-- EN: сделать косяк дымолиста -->
  <Make_SmokeleafJoint.label>скрутить косяк</Make_SmokeleafJoint.label>
  <!-- EN: Сделать косяк дымолиста -->
  <Make_SmokeleafJoint.description>Скрутить косяк.</Make_SmokeleafJoint.description>
  <!-- EN: Делает косяк дымолиста -->
  <Make_SmokeleafJoint.jobString>Крутит косяк</Make_SmokeleafJoint.jobString>
  
  <!-- EN: сделать бодрин -->
  <Make_WakeUp.label>синтезировать бодрин</Make_WakeUp.label>
  <!-- EN: Сделать бодрин -->
  <Make_WakeUp.description>Синтезировать бодрин.</Make_WakeUp.description>
  <!-- EN: Делает бодрин -->
  <Make_WakeUp.jobString>Синтезирует бодрин</Make_WakeUp.jobString>
  
  <!-- EN: сделать ЭМИ-гранаты -->
  <Make_Weapon_GrenadeEMP.label>изготовить ЭМИ-гранаты</Make_Weapon_GrenadeEMP.label>
  <!-- EN: Сделать ЭМИ-гранаты -->
  <Make_Weapon_GrenadeEMP.description>Изготовить ЭМИ-гранаты.</Make_Weapon_GrenadeEMP.description>
  <!-- EN: Делает ЭМИ-гранаты -->
  <Make_Weapon_GrenadeEMP.jobString>Изготавливает ЭМИ-гранаты</Make_Weapon_GrenadeEMP.jobString>
  
  <!-- EN: сделать осколочные гранаты -->
  <Make_Weapon_GrenadeFrag.label>изготовить осколочные гранаты</Make_Weapon_GrenadeFrag.label>
  <!-- EN: Сделать осколочные гранаты -->
  <Make_Weapon_GrenadeFrag.description>Изготовить осколочные гранаты.</Make_Weapon_GrenadeFrag.description>
  <!-- EN: Делает осколочные гранаты -->
  <Make_Weapon_GrenadeFrag.jobString>Изготавливает осколочные гранаты</Make_Weapon_GrenadeFrag.jobString>
  
  <!-- EN: сделать коктейли Молотова -->
  <Make_Weapon_GrenadeMolotov.label>изготовить коктейли Молотова</Make_Weapon_GrenadeMolotov.label>
  <!-- EN: Сделать коктейли Молотова -->
  <Make_Weapon_GrenadeMolotov.description>Изготовить коктейли Молотова.</Make_Weapon_GrenadeMolotov.description>
  <!-- EN: Делает коктейли Молотова -->
  <Make_Weapon_GrenadeMolotov.jobString>Изготавливает коктейли Молотова</Make_Weapon_GrenadeMolotov.jobString>
  
  <!-- EN: сделать порошок психина -->
  <Make_Yayo.label>получить порошок психина</Make_Yayo.label>
  <!-- EN: Сделать порошок психина -->
  <Make_Yayo.description>Получить порошок психина.</Make_Yayo.description>
  <!-- EN: Делает порошок психина -->
  <Make_Yayo.jobString>Получает порошок психина</Make_Yayo.jobString>
  
</LanguageData>