﻿<?xml version="1.0" encoding="UTF-8"?>
<LanguageData>
  
  <!-- EN: cook fine meal -->
  <CookMealFine.label>приготовить вкусное блюдо</CookMealFine.label>
  <!-- EN: Cook a somewhat complex meal from a combination of meat and plant ingredients. -->
  <CookMealFine.description>Приготовить вкусное сбалансированное блюдо из ингредиентов растительного и животного происхождения.</CookMealFine.description>
  <!-- EN: Cooking fine meal. -->
  <CookMealFine.jobString>Готовит вкусное блюдо</CookMealFine.jobString>
  
  <!-- EN: cook fine meal x4 -->
  <CookMealFineBulk.label>приготовить вкусное блюдо x4</CookMealFineBulk.label>
  <!-- EN: Cook 4 somewhat complex meals from a combination of meat and plant ingredients. -->
  <CookMealFineBulk.description>Приготовить 4 вкусных сбалансированных блюда из ингредиентов растительного и животного происхождения.</CookMealFineBulk.description>
  <!-- EN: Cooking 4 fine meals. -->
  <CookMealFineBulk.jobString>Готовит 4 вкусных блюда</CookMealFineBulk.jobString>
  
  <!-- EN: cook lavish meal -->
  <CookMealLavish.label>приготовить шикарное блюдо</CookMealLavish.label>
  <!-- EN: Cook a very complex meal from a combination of meat and plant ingredients. Much of the ingredients are wasted. -->
  <CookMealLavish.description>Приготовить сложное изысканное блюдо из ингредиентов растительного и животного происхождения. Часть ингредиентов уйдёт впустую.</CookMealLavish.description>
  <!-- EN: Cooking lavish meal. -->
  <CookMealLavish.jobString>Готовит шикарное блюдо</CookMealLavish.jobString>
  
  <!-- EN: cook lavish meal x4 -->
  <CookMealLavishBulk.label>приготовить шикарное блюдо x4</CookMealLavishBulk.label>
  <!-- EN: Cook 4 very complex meals from a combination of meat and plant ingredients. Much of the ingredients are wasted. -->
  <CookMealLavishBulk.description>Приготовить 4 сложных изысканных блюда из ингредиентов растительного и животного происхождения. Часть ингредиентов уйдёт впустую.</CookMealLavishBulk.description>
  <!-- EN: Cooking 4 lavish meals. -->
  <CookMealLavishBulk.jobString>Готовит 4 шикарных блюда</CookMealLavishBulk.jobString>
  
  <!-- EN: cook simple meal -->
  <CookMealSimple.label>приготовить простое блюдо</CookMealSimple.label>
  <!-- EN: Cook a straightforward meal from one ingredient. -->
  <CookMealSimple.description>Приготовить простое блюдо из ингредиентов растительного или животного происхождения.</CookMealSimple.description>
  <!-- EN: Cooking simple meal. -->
  <CookMealSimple.jobString>Готовит простое блюдо</CookMealSimple.jobString>
  
  <!-- EN: cook simple meal x4 -->
  <CookMealSimpleBulk.label>приготовить простое блюдо x4</CookMealSimpleBulk.label>
  <!-- EN: Cook 4 straightforward meals from one ingredient. -->
  <CookMealSimpleBulk.description>Приготовить 4 простых блюда из ингредиентов растительного или животного происхождения.</CookMealSimpleBulk.description>
  <!-- EN: Cooking 4 simple meals. -->
  <CookMealSimpleBulk.jobString>Готовит 4 простых блюда</CookMealSimpleBulk.jobString>
  
  <!-- EN: cook packaged survival meal -->
  <CookMealSurvival.label>приготовить сухпаёк</CookMealSurvival.label>
  <!-- EN: Prepare a packaged survival meal from a combination of meat and plant ingredients. Much of the ingredients are wasted in the preservation process. -->
  <CookMealSurvival.description>Приготовить запечатанный сухой паёк из ингредиентов растительного и животного происхождения. В процессе консервации часть ингредиентов уйдёт впустую.</CookMealSurvival.description>
  <!-- EN: Cooking survival meal. -->
  <CookMealSurvival.jobString>Готовит сухпаёк</CookMealSurvival.jobString>
  
  <!-- EN: cook packaged survival meal x4 -->
  <CookMealSurvivalBulk.label>приготовить сухпаёк x4</CookMealSurvivalBulk.label>
  <!-- EN: Prepare 4 packaged survival meals from a combination of meat and plant ingredients. Much of the ingredients are wasted in the preservation process. -->
  <CookMealSurvivalBulk.description>Приготовить 4 запечатанных сухих пайка из ингредиентов растительного и животного происхождения. В процессе консервации часть ингредиентов уйдёт впустую.</CookMealSurvivalBulk.description>
  <!-- EN: Cooking 4 survival meals. -->
  <CookMealSurvivalBulk.jobString>Готовит 4 сухпайка</CookMealSurvivalBulk.jobString>
  
</LanguageData>