﻿<?xml version="1.0" encoding="UTF-8"?>
<LanguageData>
  
  <!-- EN: anesthetize -->
  <Anesthetize.label>наркоз</Anesthetize.label>
  <!-- EN: Render a creature unconscious by administering general anesthetic. -->
  <Anesthetize.description>Ввести в наркоз, используя имеющиеся медицинские средства.</Anesthetize.description>
  <!-- EN: Anesthetizing. -->
  <Anesthetize.jobString>Вводит в наркоз</Anesthetize.jobString>
  
  <!-- EN: euthanize by cut -->
  <Euthanize.label>эвтаназия</Euthanize.label>
  <!-- EN: Euthanize a creature by cutting. -->
  <Euthanize.description>Провести эвтаназию.</Euthanize.description>
  <!-- EN: Euthanizing by cutting. -->
  <Euthanize.jobString>Проводит эвтаназию</Euthanize.jobString>
  
  <!-- EN: remove part -->
  <RemoveBodyPart.label>удалить часть тела</RemoveBodyPart.label>
  <!-- EN: Remove a body part. -->
  <RemoveBodyPart.description>Удалить часть тела.</RemoveBodyPart.description>
  <!-- EN: Removing body part. -->
  <RemoveBodyPart.jobString>Удаляет часть тела</RemoveBodyPart.jobString>
  
</LanguageData>