﻿<?xml version="1.0" encoding="UTF-8"?>
<LanguageData>
  
  <!-- EN: make kibble -->
  <Make_Kibble.label>приготовить комбикорм</Make_Kibble.label>
  <!-- EN: Make animal kibble by combining raw meat and plants. -->
  <Make_Kibble.description>Приготовить комбикорм для животных из сырого мяса и растений.</Make_Kibble.description>
  <!-- EN: Making kibble. -->
  <Make_Kibble.jobString>Готовит комбикорм</Make_Kibble.jobString>
  
  <!-- EN: make pemmican -->
  <Make_Pemmican.label>приготовить пеммикан</Make_Pemmican.label>
  <!-- EN: Make pemmican, a preserved combination of meat and plant food. It doesn't taste amazing, but lasts a long time without refrigeration. -->
  <Make_Pemmican.description>Высушить мясо и смешать его с жиром и ингредиентами растительного происхождения. Вкусовые качества у такой пищи сомнительные, зато она может храниться целый год, даже находясь в тепле.</Make_Pemmican.description>
  <!-- EN: Making pemmican. -->
  <Make_Pemmican.jobString>Готовит пеммикан</Make_Pemmican.jobString>
  
  <!-- EN: make pemmican x4 -->
  <Make_PemmicanBulk.label>приготовить пеммикан x4</Make_PemmicanBulk.label>
  <!-- EN: Make bulk pemmican, a preserved combination of meat and plant food. It doesn't taste amazing, but lasts a long time without refrigeration. -->
  <Make_PemmicanBulk.description>Высушить мясо и смешать его с жиром и ингредиентами растительного происхождения. Вкусовые качества у такой пищи сомнительные, зато она может храниться целый год, даже находясь в тепле.</Make_PemmicanBulk.description>
  <!-- EN: Making bulk pemmican. -->
  <Make_PemmicanBulk.jobString>Готовит порцию пеммикана</Make_PemmicanBulk.jobString>
  
</LanguageData>