﻿<?xml version="1.0" encoding="UTF-8"?>
<LanguageData>
  
  <!-- EN: make granite blocks -->
  <Make_StoneBlocksGranite.label>изготовить блоки гранита</Make_StoneBlocksGranite.label>
  <!-- EN: Cuts granite chunks into usable blocks. -->
  <Make_StoneBlocksGranite.description>Распилить обломки гранита на блоки, пригодные для строительства.</Make_StoneBlocksGranite.description>
  <!-- EN: Cutting stone blocks from chunk. -->
  <Make_StoneBlocksGranite.jobString>Изготавливает блоки гранита</Make_StoneBlocksGranite.jobString>
  
  <!-- EN: make limestone blocks -->
  <Make_StoneBlocksLimestone.label>изготовить блоки известняка</Make_StoneBlocksLimestone.label>
  <!-- EN: Cuts limestone chunks into usable blocks. -->
  <Make_StoneBlocksLimestone.description>Распилить обломки известняка на блоки, пригодные для строительства.</Make_StoneBlocksLimestone.description>
  <!-- EN: Cutting stone blocks from chunk. -->
  <Make_StoneBlocksLimestone.jobString>Изготавливает блоки известняка</Make_StoneBlocksLimestone.jobString>
  
  <!-- EN: make marble blocks -->
  <Make_StoneBlocksMarble.label>изготовить блоки мрамора</Make_StoneBlocksMarble.label>
  <!-- EN: Cuts marble chunks into usable blocks. -->
  <Make_StoneBlocksMarble.description>Распилить обломки мрамора на блоки, пригодные для строительства.</Make_StoneBlocksMarble.description>
  <!-- EN: Cutting stone blocks from chunk. -->
  <Make_StoneBlocksMarble.jobString>Изготавливает блоки мрамора</Make_StoneBlocksMarble.jobString>
  
  <!-- EN: make sandstone blocks -->
  <Make_StoneBlocksSandstone.label>изготовить блоки песчаника</Make_StoneBlocksSandstone.label>
  <!-- EN: Cuts sandstone chunks into usable blocks. -->
  <Make_StoneBlocksSandstone.description>Распилить обломки песчаника на блоки, пригодные для строительства.</Make_StoneBlocksSandstone.description>
  <!-- EN: Cutting stone blocks from chunk. -->
  <Make_StoneBlocksSandstone.jobString>Изготавливает блоки песчаника</Make_StoneBlocksSandstone.jobString>
  
  <!-- EN: make slate blocks -->
  <Make_StoneBlocksSlate.label>изготовить блоки сланца</Make_StoneBlocksSlate.label>
  <!-- EN: Cuts slate chunks into usable blocks. -->
  <Make_StoneBlocksSlate.description>Распилить обломки сланца на блоки, пригодные для строительства.</Make_StoneBlocksSlate.description>
  <!-- EN: Cutting stone blocks from chunk. -->
  <Make_StoneBlocksSlate.jobString>Изготавливает блоки сланца</Make_StoneBlocksSlate.jobString>
  
</LanguageData>