﻿<?xml version="1.0" encoding="UTF-8"?>
<LanguageData>
  
  <!-- EN: cochlear implant -->
  <CochlearImplant.label>кохлеарный имплант</CochlearImplant.label>
  <!-- EN: An implant which replaces normal hearing. An external microphone transmits a sound signal to electrodes wrapped around the inner ear's auditory sensing nerves. The electrodes stimulate the nerves according to the sound, creating a sensation of hearing. It's not as good as a natural ear, but it's a lot better than being deaf. -->
  <CochlearImplant.description>Имплант, позволяющий компенсировать потерю слуха. Звук со внешнего микрофона передаётся в виде сигнала на массив электродов, вживлённый во внутреннее ухо пациента. Это приводит к возбуждению слуховых нейронов и даёт возможность слышать. Установка кохлеарного импланта не вернёт слух в полном объёме, но всё же избавит от глухоты.</CochlearImplant.description>
  
  <!-- EN: joywire -->
  <Joywire.label>чип счастья</Joywire.label>
  <!-- EN: A brain implant that stimulates the brain's pleasure centers. While it dramatically improves a user's mood, the blanket of happiness makes it hard to concentrate on anything real. Joywires are illegal on many worlds, and are known for destroying whole cultures. -->
  <Joywire.description>Мозговой имплант, стимулирующий центр удовольствия в головном мозге. Резко улучшает настроение пациента, но пелена наслаждения не даст ему полноценно сосредоточиться на какой-либо деятельности. По вине чипов счастья погибали целые культуры, они вне закона на большинстве миров.</Joywire.description>
  
  <!-- EN: painstopper -->
  <Painstopper.label>чип обезболивания</Painstopper.label>
  <!-- EN: A brain implant which inhibits nociception, or pain sensation. While it does allow the user to accomplish more, it turns out pain has a purpose. When you don't feel it, you can get hurt really bad really easily. -->
  <Painstopper.description>Мозговой имплант, подавляющий болевые рецепторы и чувствительность к боли. Пациент сможет вынести больше урона, но из-за отсутствия боли может сам себя серьёзно покалечить.</Painstopper.description>
  
  <!-- EN: power claw -->
  <PowerClaw.label>силовые когти</PowerClaw.label>
  <!-- EN: A combat-oriented hand replacement consisting of a mechanical hand with a hooked claw on each finger. It cuts deep, and it is strong enough to crush a skull like a hand crushes an egg. The claws can be retracted, making it as useful as a natural hand for non-combat tasks, however its overall ungainlyness slows down movement slightly. -->
  <PowerClaw.description>Боевой механический протез кисти руки с загнутыми когтями на каждом из пальцев. Позволяет наносить глубокие раны и сокрушать кости, словно яичную скорлупу. Вне боя когти можно убрать, тем самым обеспечивая возможности для выполнения обычной ручной работы, сравнимые с возможностями обычной руки, однако слегка громоздкая конструкция несколько затрудняет передвижение пользователя.</PowerClaw.description>
  
  <!-- EN: prosthetic arm -->
  <SimpleProstheticArm.label>простой протез руки</SimpleProstheticArm.label>
  <!-- EN: An arm prosthesis. While it lacks a neural interface, its complex arrangement of internal joints allows it to mimic natural movement quite convincingly. Still, it is inferior to a real arm. -->
  <SimpleProstheticArm.description>Протез руки. Не имеет нейроинтерфейса, но сложная система механических сочленений позволяет весьма убедительно повторять естественные движения, хоть и уступая настоящей руке.</SimpleProstheticArm.description>
  
  <!-- EN: prosthetic heart -->
  <SimpleProstheticHeart.label>простой кардиопротез</SimpleProstheticHeart.label>
  <!-- EN: A heart prosthesis. It contains an electric motor that pumps blood smoothly around the body. Users often report feeling tired, but it's better than the alternative. -->
  <SimpleProstheticHeart.description>Простое искусственное сердце. Его электромотор обеспечивает непрерывный ток крови по телу. Пациенты часто жалуются на повышенную утомляемость, но это лучше, чем вообще ничего.</SimpleProstheticHeart.description>
  
  <!-- EN: prosthetic leg -->
  <SimpleProstheticLeg.label>простой протез ноги</SimpleProstheticLeg.label>
  <!-- EN: A leg prosthesis. While it lacks a neural interface, its complex arrangement of internal joints allows it to mimic natural movement quite convincingly. Still, it is inferior to a real leg. -->
  <SimpleProstheticLeg.description>Протез для замены отсутствующей ноги. Не имеет нейроинтерфейса, но сложная система механических сочленений позволяет весьма убедительно повторять естественные движения, хоть и уступая настоящей ноге.</SimpleProstheticLeg.description>
  
</LanguageData>