﻿<?xml version="1.0" encoding="UTF-8"?>
<LanguageData>
  
  <!-- EN: труп альпака -->
  <Corpse_Alpaca.label>туша альпака</Corpse_Alpaca.label>
  <!-- EN: Мёртвое тело альпака. -->
  <Corpse_Alpaca.description>Туша альпака.</Corpse_Alpaca.description>
  
  <!-- EN: труп альфабобёр -->
  <Corpse_Alphabeaver.label>тушка альфабобра</Corpse_Alphabeaver.label>
  <!-- EN: Мёртвое тело альфабобёр. -->
  <Corpse_Alphabeaver.description>Туша альфабобра.</Corpse_Alphabeaver.description>
  
  <!-- EN: труп медведь -->
  <Corpse_Bear_Grizzly.label>туша медведя</Corpse_Bear_Grizzly.label>
  <!-- EN: Мёртвое тело медведь. -->
  <Corpse_Bear_Grizzly.description>Туша бурого медведя.</Corpse_Bear_Grizzly.description>
  
  <!-- EN: труп белый медведь -->
  <Corpse_Bear_Polar.label>туша белого медведя</Corpse_Bear_Polar.label>
  <!-- EN: Мёртвое тело белый медведь. -->
  <Corpse_Bear_Polar.description>Туша белого медведя.</Corpse_Bear_Polar.description>
  
  <!-- EN: труп бумалопа -->
  <Corpse_Boomalope.label>туша бумалопы</Corpse_Boomalope.label>
  <!-- EN: Мёртвое тело бумалопа. -->
  <Corpse_Boomalope.description>Туша бумалопы.</Corpse_Boomalope.description>
  
  <!-- EN: труп бумкрыса -->
  <Corpse_Boomrat.label>тушка бумкрысы</Corpse_Boomrat.label>
  <!-- EN: Мёртвое тело бумкрыса. -->
  <Corpse_Boomrat.description>Тушка бумкрысы.</Corpse_Boomrat.description>
  
  <!-- EN: труп капибара -->
  <Corpse_Capybara.label>туша капибары</Corpse_Capybara.label>
  <!-- EN: Мёртвое тело капибара. -->
  <Corpse_Capybara.description>Туша капибары.</Corpse_Capybara.description>
  
  <!-- EN: труп северный олень -->
  <Corpse_Caribou.label>туша северного оленя</Corpse_Caribou.label>
  <!-- EN: Мёртвое тело северный олень. -->
  <Corpse_Caribou.description>Туша северного оленя.</Corpse_Caribou.description>
  
  <!-- EN: труп казуар -->
  <Corpse_Cassowary.label>туша казуара</Corpse_Cassowary.label>
  <!-- EN: Мёртвое тело казуар. -->
  <Corpse_Cassowary.description>Туша казуара.</Corpse_Cassowary.description>
  
  <!-- EN: труп кошка -->
  <Corpse_Cat.label>тушка кошки</Corpse_Cat.label>
  <!-- EN: Мёртвое тело кошка. -->
  <Corpse_Cat.description>Тушка кошки.</Corpse_Cat.description>
  
  <!-- EN: труп курица -->
  <Corpse_Chicken.label>тушка курицы</Corpse_Chicken.label>
  <!-- EN: Мёртвое тело курица. -->
  <Corpse_Chicken.description>Тушка курицы.</Corpse_Chicken.description>
  
  <!-- EN: труп шиншилла -->
  <Corpse_Chinchilla.label>тушка шиншиллы</Corpse_Chinchilla.label>
  <!-- EN: Мёртвое тело шиншилла. -->
  <Corpse_Chinchilla.description>Тушка шиншиллы.</Corpse_Chinchilla.description>
  
  <!-- EN: труп кобра -->
  <Corpse_Cobra.label>тушка кобры</Corpse_Cobra.label>
  <!-- EN: Мёртвое тело кобра. -->
  <Corpse_Cobra.description>Тушка кобры.</Corpse_Cobra.description>
  
  <!-- EN: труп пума -->
  <Corpse_Cougar.label>туша пумы</Corpse_Cougar.label>
  <!-- EN: Мёртвое тело пума. -->
  <Corpse_Cougar.description>Туша пумы.</Corpse_Cougar.description>
  
  <!-- EN: труп корова -->
  <Corpse_Cow.label>коровья туша</Corpse_Cow.label>
  <!-- EN: Мёртвое тело корова. -->
  <Corpse_Cow.description>Туша коровы.</Corpse_Cow.description>
  
  <!-- EN: труп олень -->
  <Corpse_Deer.label>туша оленя</Corpse_Deer.label>
  <!-- EN: Мёртвое тело олень. -->
  <Corpse_Deer.description>Туша оленя.</Corpse_Deer.description>
  
  <!-- EN: труп верблюд -->
  <Corpse_Dromedary.label>туша верблюда</Corpse_Dromedary.label>
  <!-- EN: Мёртвое тело верблюд. -->
  <Corpse_Dromedary.description>Туша верблюда.</Corpse_Dromedary.description>
  
  <!-- EN: труп слон -->
  <Corpse_Elephant.label>туша слона</Corpse_Elephant.label>
  <!-- EN: Мёртвое тело слон. -->
  <Corpse_Elephant.description>Туша слона.</Corpse_Elephant.description>
  
  <!-- EN: труп марал -->
  <Corpse_Elk.label>туша марала</Corpse_Elk.label>
  <!-- EN: Мёртвое тело марал. -->
  <Corpse_Elk.description>Туша марала.</Corpse_Elk.description>
  
  <!-- EN: труп эму -->
  <Corpse_Emu.label>туша эму</Corpse_Emu.label>
  <!-- EN: Мёртвое тело эму. -->
  <Corpse_Emu.description>Туша эму.</Corpse_Emu.description>
  
  <!-- EN: труп песец -->
  <Corpse_Fox_Arctic.label>туша песца</Corpse_Fox_Arctic.label>
  <!-- EN: Мёртвое тело песец. -->
  <Corpse_Fox_Arctic.description>Туша песца.</Corpse_Fox_Arctic.description>
  
  <!-- EN: труп фенек -->
  <Corpse_Fox_Fennec.label>тушка фенека</Corpse_Fox_Fennec.label>
  <!-- EN: Мёртвое тело фенек. -->
  <Corpse_Fox_Fennec.description>Тушка фенека.</Corpse_Fox_Fennec.description>
  
  <!-- EN: труп лисица -->
  <Corpse_Fox_Red.label>туша лисицы</Corpse_Fox_Red.label>
  <!-- EN: Мёртвое тело лисица. -->
  <Corpse_Fox_Red.description>Туша лисицы.</Corpse_Fox_Red.description>
  
  <!-- EN: труп газель -->
  <Corpse_Gazelle.label>туша газели</Corpse_Gazelle.label>
  <!-- EN: Мёртвое тело газель. -->
  <Corpse_Gazelle.description>Туша газели.</Corpse_Gazelle.description>
  
  <!-- EN: труп заяц -->
  <Corpse_Hare.label>тушка зайца</Corpse_Hare.label>
  <!-- EN: Мёртвое тело заяц. -->
  <Corpse_Hare.description>Тушка зайца.</Corpse_Hare.description>
  
  <!-- EN: труп человек -->
  <Corpse_Human.label>тело человека</Corpse_Human.label>
  <!-- EN: Мёртвое тело человек. -->
  <Corpse_Human.description>Тело человека.</Corpse_Human.description>
  
  <!-- EN: труп хаски -->
  <Corpse_Husky.label>туша хаски</Corpse_Husky.label>
  <!-- EN: Мёртвое тело хаски. -->
  <Corpse_Husky.description>Туша хаски.</Corpse_Husky.description>
  
  <!-- EN: труп горный козёл -->
  <Corpse_Ibex.label>туша горного козла</Corpse_Ibex.label>
  <!-- EN: Мёртвое тело горный козёл. -->
  <Corpse_Ibex.description>Туша горного козла.</Corpse_Ibex.description>
  
  <!-- EN: труп игуана -->
  <Corpse_Iguana.label>тушка игуаны</Corpse_Iguana.label>
  <!-- EN: Мёртвое тело игуана. -->
  <Corpse_Iguana.description>Тушка игуаны.</Corpse_Iguana.description>
  
  <!-- EN: труп лабрадор-ретривер -->
  <Corpse_LabradorRetriever.label>туша лабрадора</Corpse_LabradorRetriever.label>
  <!-- EN: Мёртвое тело лабрадор-ретривер. -->
  <Corpse_LabradorRetriever.description>Туша лабрадора-ретривера.</Corpse_LabradorRetriever.description>
  
  <!-- EN: труп рысь -->
  <Corpse_Lynx.label>туша рыси</Corpse_Lynx.label>
  <!-- EN: Мёртвое тело рысь. -->
  <Corpse_Lynx.description>Туша рыси.</Corpse_Lynx.description>
  
  <!-- EN: труп сентипеда -->
  <Corpse_Mech_Centipede.label>сломанная сентипеда</Corpse_Mech_Centipede.label>
  <!-- EN: Мёртвое тело сентипеда. -->
  <Corpse_Mech_Centipede.description>Сломанная сентипеда.</Corpse_Mech_Centipede.description>
  
  <!-- EN: труп улан -->
  <Corpse_Mech_Lancer.label>сломанный улан</Corpse_Mech_Lancer.label>
  <!-- EN: Мёртвое тело улан. -->
  <Corpse_Mech_Lancer.description>Сломанный улан.</Corpse_Mech_Lancer.description>
  
  <!-- EN: труп жнец -->
  <Corpse_Mech_Scyther.label>сломанный жнец</Corpse_Mech_Scyther.label>
  <!-- EN: Мёртвое тело жнец. -->
  <Corpse_Mech_Scyther.description>Сломанный жнец.</Corpse_Mech_Scyther.description>
  
  <!-- EN: труп мегаскарабей -->
  <Corpse_Megascarab.label>туша мегаскарабея</Corpse_Megascarab.label>
  <!-- EN: Мёртвое тело мегаскарабей. -->
  <Corpse_Megascarab.description>Тушка мегаскарабея.</Corpse_Megascarab.description>
  
  <!-- EN: труп гигантский ленивец -->
  <Corpse_Megasloth.label>туша гигантского ленивца</Corpse_Megasloth.label>
  <!-- EN: Мёртвое тело гигантский ленивец. -->
  <Corpse_Megasloth.description>Туша гигантский ленивца.</Corpse_Megasloth.description>
  
  <!-- EN: труп мегапаук -->
  <Corpse_Megaspider.label>туша мегапаука</Corpse_Megaspider.label>
  <!-- EN: Мёртвое тело мегапаук. -->
  <Corpse_Megaspider.description>Туша мегапаука.</Corpse_Megaspider.description>
  
  <!-- EN: труп обезьяна -->
  <Corpse_Monkey.label>тушка обезьяны</Corpse_Monkey.label>
  <!-- EN: Мёртвое тело обезьяна. -->
  <Corpse_Monkey.description>Тушка обезьяны.</Corpse_Monkey.description>
  
  <!-- EN: труп муффало -->
  <Corpse_Muffalo.label>туша муффало</Corpse_Muffalo.label>
  <!-- EN: Мёртвое тело муффало. -->
  <Corpse_Muffalo.description>Туша муффало.</Corpse_Muffalo.description>
  
  <!-- EN: труп страус -->
  <Corpse_Ostrich.label>туша страуса</Corpse_Ostrich.label>
  <!-- EN: Мёртвое тело страус. -->
  <Corpse_Ostrich.description>Туша страуса.</Corpse_Ostrich.description>
  
  <!-- EN: труп пантера -->
  <Corpse_Panther.label>туша пантеры</Corpse_Panther.label>
  <!-- EN: Мёртвое тело пантера. -->
  <Corpse_Panther.description>Туша пантеры.</Corpse_Panther.description>
  
  <!-- EN: труп свинья -->
  <Corpse_Pig.label>свиная туша</Corpse_Pig.label>
  <!-- EN: Мёртвое тело свинья. -->
  <Corpse_Pig.description>Туша свиньи.</Corpse_Pig.description>
  
  <!-- EN: труп енот -->
  <Corpse_Raccoon.label>тушка енота</Corpse_Raccoon.label>
  <!-- EN: Мёртвое тело енот. -->
  <Corpse_Raccoon.description>Тушка енота.</Corpse_Raccoon.description>
  
  <!-- EN: труп крыса -->
  <Corpse_Rat.label>тушка крысы</Corpse_Rat.label>
  <!-- EN: Мёртвое тело крыса. -->
  <Corpse_Rat.description>Тушка крысы.</Corpse_Rat.description>
  
  <!-- EN: труп носорог -->
  <Corpse_Rhinoceros.label>туша носорога</Corpse_Rhinoceros.label>
  <!-- EN: Мёртвое тело носорог. -->
  <Corpse_Rhinoceros.description>Туша носорога.</Corpse_Rhinoceros.description>
  
  <!-- EN: труп беляк -->
  <Corpse_Snowhare.label>тушка беляка</Corpse_Snowhare.label>
  <!-- EN: Мёртвое тело беляк. -->
  <Corpse_Snowhare.description>Тушка беляка.</Corpse_Snowhare.description>
  
  <!-- EN: труп пещерный жук -->
  <Corpse_Spelopede.label>туша пещерного жука</Corpse_Spelopede.label>
  <!-- EN: Мёртвое тело пещерный жук. -->
  <Corpse_Spelopede.description>Туша пещерного жука.</Corpse_Spelopede.description>
  
  <!-- EN: труп белка -->
  <Corpse_Squirrel.label>тушка белки</Corpse_Squirrel.label>
  <!-- EN: Мёртвое тело белка. -->
  <Corpse_Squirrel.description>Тушка белки.</Corpse_Squirrel.description>
  
  <!-- EN: труп трумбо -->
  <Corpse_Thrumbo.label>туша трумбо</Corpse_Thrumbo.label>
  <!-- EN: Мёртвое тело трумбо. -->
  <Corpse_Thrumbo.description>Туша трумбо.</Corpse_Thrumbo.description>
  
  <!-- EN: труп черепаха -->
  <Corpse_Tortoise.label>тушка черепахи</Corpse_Tortoise.label>
  <!-- EN: Мёртвое тело черепаха. -->
  <Corpse_Tortoise.description>Тушка черепахи.</Corpse_Tortoise.description>
  
  <!-- EN: труп индейка -->
  <Corpse_Turkey.label>туша индейки</Corpse_Turkey.label>
  <!-- EN: Мёртвое тело индейка. -->
  <Corpse_Turkey.description>Тушка индейки.</Corpse_Turkey.description>
  
  <!-- EN: труп варг -->
  <Corpse_Warg.label>туша варга</Corpse_Warg.label>
  <!-- EN: Мёртвое тело варг. -->
  <Corpse_Warg.description>Туша варга.</Corpse_Warg.description>
  
  <!-- EN: труп кабан -->
  <Corpse_WildBoar.label>туша кабана</Corpse_WildBoar.label>
  <!-- EN: Мёртвое тело кабан. -->
  <Corpse_WildBoar.description>Туша кабана.</Corpse_WildBoar.description>
  
  <!-- EN: труп полярный волк -->
  <Corpse_Wolf_Arctic.label>туша полярного волка</Corpse_Wolf_Arctic.label>
  <!-- EN: Мёртвое тело полярный волк. -->
  <Corpse_Wolf_Arctic.description>Туша полярного волка.</Corpse_Wolf_Arctic.description>
  
  <!-- EN: труп волк -->
  <Corpse_Wolf_Timber.label>туша волка</Corpse_Wolf_Timber.label>
  <!-- EN: Мёртвое тело волк. -->
  <Corpse_Wolf_Timber.description>Туша волка.</Corpse_Wolf_Timber.description>
  
  <!-- EN: труп йоркширский терьер -->
  <Corpse_YorkshireTerrier.label>тушка терьера</Corpse_YorkshireTerrier.label>
  <!-- EN: Мёртвое тело йоркширский терьер. -->
  <Corpse_YorkshireTerrier.description>Тушка йоркширского терьера.</Corpse_YorkshireTerrier.description>
  
  <!-- EN: спальное место животных (в процессе сборки) -->
  <Frame_AnimalSleepingSpot.label>спальное место животных (обустраивается)</Frame_AnimalSleepingSpot.label>
  
  <!-- EN: автодверь (в процессе сборки) -->
  <Frame_Autodoor.label>автодверь (строится)</Frame_Autodoor.label>
  
  <!-- EN: спальный мешок (в процессе сборки) -->
  <Frame_Bedroll.label>спальный мешок (в процессе шитья)</Frame_Bedroll.label>
  
  <!-- EN: двойной спальный мешок (в процессе сборки) -->
  <Frame_BedrollDouble.label>двойной спальный мешок (в процессе шитья)</Frame_BedrollDouble.label>
  
  <!-- EN: место разделки (в процессе сборки) -->
  <Frame_ButcherSpot.label>место разделки (обустраивается)</Frame_ButcherSpot.label>
  
  <!-- EN: костёр (в процессе сборки) -->
  <Frame_Campfire.label>костёр (разжигается)</Frame_Campfire.label>
  
  <!-- EN: место сбора каравана (в процессе сборки) -->
  <Frame_CaravanPackingSpot.label>место сбора каравана (обустраивается)</Frame_CaravanPackingSpot.label>
  
  <!-- EN: синий ковёр (в процессе сборки) -->
  <Frame_CarpetBlue.label>синий ковёр (укладывается)</Frame_CarpetBlue.label>
  <!-- EN: Terrain building in progress. -->
  <Frame_CarpetBlue.description>Ведутся отделочные работы.</Frame_CarpetBlue.description>
  
  <!-- EN: кремовый ковёр (в процессе сборки) -->
  <Frame_CarpetCream.label>кремовый ковёр (укладывается)</Frame_CarpetCream.label>
  <!-- EN: Terrain building in progress. -->
  <Frame_CarpetCream.description>Ведутся отделочные работы.</Frame_CarpetCream.description>
  
  <!-- EN: тёмный ковёр (в процессе сборки) -->
  <Frame_CarpetDark.label>тёмный ковёр (укладывается)</Frame_CarpetDark.label>
  <!-- EN: Terrain building in progress. -->
  <Frame_CarpetDark.description>Ведутся отделочные работы.</Frame_CarpetDark.description>
  
  <!-- EN: зелёный ковёр (в процессе сборки) -->
  <Frame_CarpetGreen.label>зелёный ковёр (укладывается)</Frame_CarpetGreen.label>
  <!-- EN: Terrain building in progress. -->
  <Frame_CarpetGreen.description>Ведутся отделочные работы.</Frame_CarpetGreen.description>
  
  <!-- EN: красный ковёр (в процессе сборки) -->
  <Frame_CarpetRed.label>красный ковёр (укладывается)</Frame_CarpetRed.label>
  <!-- EN: Terrain building in progress. -->
  <Frame_CarpetRed.description>Ведутся отделочные работы.</Frame_CarpetRed.description>
  
  <!-- EN: бетон (в процессе сборки) -->
  <Frame_Concrete.label>бетон (укладывается)</Frame_Concrete.label>
  <!-- EN: Terrain building in progress. -->
  <Frame_Concrete.description>Ведутся отделочные работы.</Frame_Concrete.description>
  
  <!-- EN: рабочее место (в процессе сборки) -->
  <Frame_CraftingSpot.label>рабочее место (обустраивается)</Frame_CraftingSpot.label>
  
  <!-- EN: дверь (в процессе сборки) -->
  <Frame_Door.label>дверь (строится)</Frame_Door.label>
  
  <!-- EN: двойное спальное место (в процессе сборки) -->
  <Frame_DoubleSleepingSpot.label>двойное спальное место (обустраивается)</Frame_DoubleSleepingSpot.label>
  
  <!-- EN: электрический крематорий (в процессе сборки) -->
  <Frame_ElectricCrematorium.label>электрический крематорий (строится)</Frame_ElectricCrematorium.label>
  
  <!-- EN: грубая гранитная плитка (в процессе сборки) -->
  <Frame_FlagstoneGranite.label>грубая гранитная плитка (укладывается)</Frame_FlagstoneGranite.label>
  <!-- EN: Terrain building in progress. -->
  <Frame_FlagstoneGranite.description>Ведутся отделочные работы.</Frame_FlagstoneGranite.description>
  
  <!-- EN: грубая плитка из известняка (в процессе сборки) -->
  <Frame_FlagstoneLimestone.label>грубая плитка из известняка (укладывается)</Frame_FlagstoneLimestone.label>
  <!-- EN: Terrain building in progress. -->
  <Frame_FlagstoneLimestone.description>Ведутся отделочные работы.</Frame_FlagstoneLimestone.description>
  
  <!-- EN: грубая мраморная плитка (в процессе сборки) -->
  <Frame_FlagstoneMarble.label>грубая мраморная плитка (укладывается)</Frame_FlagstoneMarble.label>
  <!-- EN: Terrain building in progress. -->
  <Frame_FlagstoneMarble.description>Ведутся отделочные работы.</Frame_FlagstoneMarble.description>
  
  <!-- EN: грубая плитка из песчаника (в процессе сборки) -->
  <Frame_FlagstoneSandstone.label>грубая плитка из песчаника (укладывается)</Frame_FlagstoneSandstone.label>
  <!-- EN: Terrain building in progress. -->
  <Frame_FlagstoneSandstone.description>Ведутся отделочные работы.</Frame_FlagstoneSandstone.description>
  
  <!-- EN: грубая плитка из сланца (в процессе сборки) -->
  <Frame_FlagstoneSlate.label>грубая плитка из сланца (укладывается)</Frame_FlagstoneSlate.label>
  <!-- EN: Terrain building in progress. -->
  <Frame_FlagstoneSlate.description>Ведутся отделочные работы.</Frame_FlagstoneSlate.description>
  
  <!-- EN: геотермальный генератор (в процессе сборки) -->
  <Frame_GeothermalGenerator.label>геотермальный генератор (строится)</Frame_GeothermalGenerator.label>
  
  <!-- EN: золотая плитка (в процессе сборки) -->
  <Frame_GoldTile.label>золотая плитка (укладывается)</Frame_GoldTile.label>
  <!-- EN: Terrain building in progress. -->
  <Frame_GoldTile.description>Ведутся отделочные работы.</Frame_GoldTile.description>
  
  <!-- EN: могила (в процессе сборки) -->
  <Frame_Grave.label>могила (идёт рытьё)</Frame_Grave.label>
  
  <!-- EN: глубинный сканер (в процессе сборки) -->
  <Frame_GroundPenetratingScanner.label>глубинный сканер (строится)</Frame_GroundPenetratingScanner.label>
  
  <!-- EN: кольцо для бросания камней (в процессе сборки) -->
  <Frame_HoopstoneRing.label>кольцо для бросания камней (обустраивается)</Frame_HoopstoneRing.label>
  
  <!-- EN: колышек для метания подковы (в процессе сборки) -->
  <Frame_HorseshoesPin.label>колышек для метания подковы (устанавливается)</Frame_HorseshoesPin.label>
  
  <!-- EN: гидропонная ферма (в процессе сборки) -->
  <Frame_HydroponicsBasin.label>гидропонная ферма (строится)</Frame_HydroponicsBasin.label>
  
  <!-- EN: сканер минералов дальнего действия (в процессе сборки) -->
  <Frame_LongRangeMineralScanner.label>сканер минералов дальнего действия (строится)</Frame_LongRangeMineralScanner.label>
  
  <!-- EN: место проведения свадеб (в процессе сборки) -->
  <Frame_MarriageSpot.label>место проведения свадеб (обустраивается)</Frame_MarriageSpot.label>
  
  <!-- EN: стальная плитка (в процессе сборки) -->
  <Frame_MetalTile.label>стальная плитка (укладывается)</Frame_MetalTile.label>
  <!-- EN: Terrain building in progress. -->
  <Frame_MetalTile.description>Ведутся отделочные работы.</Frame_MetalTile.description>
  
  <!-- EN: место проведения вечеринок (в процессе сборки) -->
  <Frame_PartySpot.label>место проведения вечеринок (обустраивается)</Frame_PartySpot.label>
  
  <!-- EN: бетонная плитка (в процессе сборки) -->
  <Frame_PavedTile.label>бетонная плитка (укладывается)</Frame_PavedTile.label>
  <!-- EN: Terrain building in progress. -->
  <Frame_PavedTile.description>Ведутся отделочные работы.</Frame_PavedTile.description>
  
  <!-- EN: цветочный горшок (в процессе сборки) -->
  <Frame_PlantPot.label>цветочный горшок (изготавливается)</Frame_PlantPot.label>
  
  <!-- EN: пусковая установка для капсул (в процессе сборки) -->
  <Frame_PodLauncher.label>пусковая установка для капсул (строится)</Frame_PodLauncher.label>
  
  <!-- EN: кабель (в процессе сборки) -->
  <Frame_PowerConduit.label>кабель (прокладывается)</Frame_PowerConduit.label>
  
  <!-- EN: мешки с песком (в процессе сборки) -->
  <Frame_Sandbags.label>мешки с песком (идёт укладка)</Frame_Sandbags.label>
  
  <!-- EN: корабельная балка (в процессе сборки) -->
  <Frame_Ship_Beam.label>корабельная балка (строится)</Frame_Ship_Beam.label>
  
  <!-- EN: корабельный реактор (в процессе сборки) -->
  <Frame_Ship_Reactor.label>корабельный реактор (строится)</Frame_Ship_Reactor.label>
  
  <!-- EN: серебряная плитка (в процессе сборки) -->
  <Frame_SilverTile.label>серебряная плитка (укладывается)</Frame_SilverTile.label>
  <!-- EN: Terrain building in progress. -->
  <Frame_SilverTile.description>Ведутся отделочные работы.</Frame_SilverTile.description>
  
  <!-- EN: спальное место (в процессе сборки) -->
  <Frame_SleepingSpot.label>спальное место (обустраивается)</Frame_SleepingSpot.label>
  
  <!-- EN: солнечная батарея (в процессе сборки) -->
  <Frame_SolarGenerator.label>солнечная батарея (строится)</Frame_SolarGenerator.label>
  
  <!-- EN: стерильная плитка (в процессе сборки) -->
  <Frame_SterileTile.label>стерильная плитка (укладывается)</Frame_SterileTile.label>
  <!-- EN: Terrain building in progress. -->
  <Frame_SterileTile.description>Ведутся отделочные работы.</Frame_SterileTile.description>
  
  <!-- EN: гранитная плитка (в процессе сборки) -->
  <Frame_TileGranite.label>гранитная плитка (укладывается)</Frame_TileGranite.label>
  <!-- EN: Terrain building in progress. -->
  <Frame_TileGranite.description>Ведутся отделочные работы.</Frame_TileGranite.description>
  
  <!-- EN: плитка из известняка (в процессе сборки) -->
  <Frame_TileLimestone.label>плитка из известняка (укладывается)</Frame_TileLimestone.label>
  <!-- EN: Terrain building in progress. -->
  <Frame_TileLimestone.description>Ведутся отделочные работы.</Frame_TileLimestone.description>
  
  <!-- EN: мраморная плитка (в процессе сборки) -->
  <Frame_TileMarble.label>мраморная плитка (укладывается)</Frame_TileMarble.label>
  <!-- EN: Terrain building in progress. -->
  <Frame_TileMarble.description>Ведутся отделочные работы.</Frame_TileMarble.description>
  
  <!-- EN: плитка из песчаника (в процессе сборки) -->
  <Frame_TileSandstone.label>плитка из песчаника (укладывается)</Frame_TileSandstone.label>
  <!-- EN: Terrain building in progress. -->
  <Frame_TileSandstone.description>Ведутся отделочные работы.</Frame_TileSandstone.description>
  
  <!-- EN: плитка из сланца (в процессе сборки) -->
  <Frame_TileSlate.label>плитка из сланца (укладывается)</Frame_TileSlate.label>
  <!-- EN: Terrain building in progress. -->
  <Frame_TileSlate.description>Ведутся отделочные работы.</Frame_TileSlate.description>
  
  <!-- EN: лампа-факел (в процессе сборки) -->
  <Frame_TorchLamp.label>лампа-факел (устанавливается)</Frame_TorchLamp.label>
  
  <!-- EN: гранульная мина (в процессе сборки) -->
  <Frame_TrapIED_AntigrainWarhead.label>гранульная мина (устанавливается)</Frame_TrapIED_AntigrainWarhead.label>
  
  <!-- EN: ЭМИ-мина (в процессе сборки) -->
  <Frame_TrapIED_EMP.label>ЭМИ-мина (устанавливается)</Frame_TrapIED_EMP.label>
  
  <!-- EN: пенная мина (в процессе сборки) -->
  <Frame_TrapIED_Firefoam.label>пенная мина (устанавливается)</Frame_TrapIED_Firefoam.label>
  
  <!-- EN: осколочная мина (в процессе сборки) -->
  <Frame_TrapIED_HighExplosive.label>осколочная мина (устанавливается)</Frame_TrapIED_HighExplosive.label>
  
  <!-- EN: зажигательная мина (в процессе сборки) -->
  <Frame_TrapIED_Incendiary.label>зажигательная мина (устанавливается)</Frame_TrapIED_Incendiary.label>
  
  <!-- EN: вентиляция (в процессе сборки) -->
  <Frame_Vent.label>вентиляция (строится)</Frame_Vent.label>
  
  <!-- EN: стена (в процессе сборки) -->
  <Frame_Wall.label>стена (строится)</Frame_Wall.label>
  
  <!-- EN: водяной генератор (в процессе сборки) -->
  <Frame_WatermillGenerator.label>водяной генератор (строится)</Frame_WatermillGenerator.label>
  
  <!-- EN: подводный кабель (в процессе сборки) -->
  <Frame_WaterproofConduit.label>подводный кабель (прокладывается)</Frame_WaterproofConduit.label>
  
  <!-- EN: ветрогенератор (в процессе сборки) -->
  <Frame_WindTurbine.label>ветрогенератор (строится)</Frame_WindTurbine.label>
  
  <!-- EN: дощатый пол (в процессе сборки) -->
  <Frame_WoodPlankFloor.label>дощатый пол (укладывается)</Frame_WoodPlankFloor.label>
  <!-- EN: Terrain building in progress. -->
  <Frame_WoodPlankFloor.description>Ведутся отделочные работы.</Frame_WoodPlankFloor.description>
  
  <!-- EN: мясо альпака -->
  <Meat_Alpaca.label>мясо альпака</Meat_Alpaca.label>
  
  <!-- EN: мясо альфабобёр -->
  <Meat_Alphabeaver.label>мясо альфабобра</Meat_Alphabeaver.label>
  
  <!-- EN: мясо бумалопа -->
  <Meat_Boomalope.label>мясо бумалопы</Meat_Boomalope.label>
  
  <!-- EN: мясо бумкрыса -->
  <Meat_Boomrat.label>бумкрысятина</Meat_Boomrat.label>
  
  <!-- EN: мясо капибара -->
  <Meat_Capybara.label>мясо капибары</Meat_Capybara.label>
  
  <!-- EN: мясо северный олень -->
  <Meat_Caribou.label>мясо северного оленя</Meat_Caribou.label>
  
  <!-- EN: мясо кошка -->
  <Meat_Cat.label>мясо кошки</Meat_Cat.label>
  
  <!-- EN: мясо курица -->
  <Meat_Chicken.label>курятина</Meat_Chicken.label>
  
  <!-- EN: мясо шиншилла -->
  <Meat_Chinchilla.label>мясо шиншиллы</Meat_Chinchilla.label>
  
  <!-- EN: мясо пума -->
  <Meat_Cougar.label>мясо пумы</Meat_Cougar.label>
  
  <!-- EN: мясо верблюд -->
  <Meat_Dromedary.label>мясо верблюда</Meat_Dromedary.label>
  
  <!-- EN: мясо слон -->
  <Meat_Elephant.label>мясо слона</Meat_Elephant.label>
  
  <!-- EN: мясо марал -->
  <Meat_Elk.label>мясо марала</Meat_Elk.label>
  
  <!-- EN: мясо газель -->
  <Meat_Gazelle.label>мясо газели</Meat_Gazelle.label>
  
  <!-- EN: мясо человек -->
  <Meat_Human.label>мумиё</Meat_Human.label>
  
  <!-- EN: мясо хаски -->
  <Meat_Husky.label>мясо хаски</Meat_Husky.label>
  
  <!-- EN: мясо горный козёл -->
  <Meat_Ibex.label>мясо горного козла</Meat_Ibex.label>
  
  <!-- EN: мясо игуана -->
  <Meat_Iguana.label>мясо игуаны</Meat_Iguana.label>
  
  <!-- EN: мясо лабрадор-ретривер -->
  <Meat_LabradorRetriever.label>мясо лабрадора</Meat_LabradorRetriever.label>
  
  <!-- EN: мясо рысь -->
  <Meat_Lynx.label>мясо рыси</Meat_Lynx.label>
  
  <!-- EN: мясо гигантский ленивец -->
  <Meat_Megasloth.label>мясо гигантского ленивца</Meat_Megasloth.label>
  
  <!-- EN: мясо обезьяна -->
  <Meat_Monkey.label>мясо обезьяны</Meat_Monkey.label>
  
  <!-- EN: мясо муффало -->
  <Meat_Muffalo.label>мясо муффало</Meat_Muffalo.label>
  
  <!-- EN: мясо пантера -->
  <Meat_Panther.label>мясо пантеры</Meat_Panther.label>
  
  <!-- EN: мясо енот -->
  <Meat_Raccoon.label>мясо енота</Meat_Raccoon.label>
  
  <!-- EN: мясо крыса -->
  <Meat_Rat.label>крысятина</Meat_Rat.label>
  
  <!-- EN: мясо носорог -->
  <Meat_Rhinoceros.label>мясо носорога</Meat_Rhinoceros.label>
  
  <!-- EN: мясо белка -->
  <Meat_Squirrel.label>бельчатина</Meat_Squirrel.label>
  
  <!-- EN: мясо трумбо -->
  <Meat_Thrumbo.label>мясо трумбо</Meat_Thrumbo.label>
  
  <!-- EN: мясо черепаха -->
  <Meat_Tortoise.label>мясо черепахи</Meat_Tortoise.label>
  
  <!-- EN: мясо индейка -->
  <Meat_Turkey.label>мясо индейки</Meat_Turkey.label>
  
  <!-- EN: мясо варг -->
  <Meat_Warg.label>мясо варга</Meat_Warg.label>
  
  <!-- EN: мясо йоркширский терьер -->
  <Meat_YorkshireTerrier.label>мясо терьера</Meat_YorkshireTerrier.label>
  
</LanguageData>
