<?xml version="1.0" encoding="UTF-8"?>
<LanguageData>
  
  <!-- EN: bearskin -->
  <Leather_Bear.label>медвежья шкура</Leather_Bear.label>
  <!-- EN: The strong furry leather of a bear. Compared to most leather, it is quite a bit tougher and a bit better at all kinds of temperature regulation. -->
  <Leather_Bear.description>Крепкая медвежья шкура с длинным мехом. В сравнении с другими видами шкур, несколько крепче и лучше подходит для любого климата.</Leather_Bear.description>
  <Leather_Bear.stuffProps.stuffAdjective>медвежьей шкуры</Leather_Bear.stuffProps.stuffAdjective>
  
  <!-- EN: birdskin -->
  <Leather_Bird.label>кожа птицы</Leather_Bird.label>
  <!-- EN: Tanned, dried, scraped bird skin. It is quite delicate. Without its feathers, it provides little protection from heat or cold. -->
  <Leather_Bird.description>Дублёная, высушенная, очищенная птичья кожа. Весьма хрупкая. Без перьев даёт довольно слабую защиту от холода и жары.</Leather_Bird.description>
  <Leather_Bird.stuffProps.stuffAdjective>кожи птицы</Leather_Bird.stuffProps.stuffAdjective>
  
  <!-- EN: bluefur -->
  <Leather_Bluefur.label>голубой мех</Leather_Bluefur.label>
  <!-- EN: The furry pelt of muffalo. Recognizable by its distinctive blue tint. Good at temperature regulation in cold climates. -->
  <Leather_Bluefur.description>Мягкая шкура муффало. Легко узнать по характерному голубоватому оттенку. Хороша для холодного климата.</Leather_Bluefur.description>
  <Leather_Bluefur.stuffProps.stuffAdjective>голубого меха</Leather_Bluefur.stuffProps.stuffAdjective>
  
  <!-- EN: camelhide -->
  <Leather_Camel.label>шкура верблюда</Leather_Camel.label>
  <!-- EN: Tanned, dried, scraped camel skin. Good at temperature regulation in hot climates. -->
  <Leather_Camel.description>Дублёная, высушенная, очищенная верблюжья шкура. Хороша для жаркого климата.</Leather_Camel.description>
  <Leather_Camel.stuffProps.stuffAdjective>шкуры верблюда</Leather_Camel.stuffProps.stuffAdjective>
  
  <!-- EN: chinchilla fur -->
  <Leather_Chinchilla.label>мех шиншиллы</Leather_Chinchilla.label>
  <!-- EN: Tanned, dried, scraped chinchilla skin. Known as an extremely luxurious and insulating fur, it is exceptionally valuable. -->
  <Leather_Chinchilla.description>Дублёная, высушенная, очищенная шкурка шиншиллы. Имеет исключительно высокую цену из-за густого меха и хорошей защиты от холода и жары.</Leather_Chinchilla.description>
  <Leather_Chinchilla.stuffProps.stuffAdjective>меха шиншиллы</Leather_Chinchilla.stuffProps.stuffAdjective>
  
  <!-- EN: dog leather -->
  <Leather_Dog.label>собачья шкура</Leather_Dog.label>
  <!-- EN: Tanned, dried, scraped skin. A good traditional material for making clothes and bags. -->
  <Leather_Dog.description>Дублёная, высушенная, очищенная шкура собаки. Хороший материал для изготовления одежды и сумок.</Leather_Dog.description>
  <Leather_Dog.stuffProps.stuffAdjective>собачьей шкуры</Leather_Dog.stuffProps.stuffAdjective>
  
  <!-- EN: elephant leather -->
  <Leather_Elephant.label>слоновья кожа</Leather_Elephant.label>
  <!-- EN: Tanned, dried, scraped elephant skin. While quite tough, it is a poor insulator. -->
  <Leather_Elephant.description>Дублёная, высушенная, очищенная кожа слона. Будучи весьма крепкой, не обладает высокими термоизоляционными свойствами.</Leather_Elephant.description>
  <Leather_Elephant.stuffProps.stuffAdjective>слоновьей кожи</Leather_Elephant.stuffProps.stuffAdjective>
  
  <!-- EN: foxfur -->
  <Leather_Fox.label>лисья шкура</Leather_Fox.label>
  <!-- EN: The pelt of a fox. It protects well from the cold and is quite luxurious, fetching a high price. -->
  <Leather_Fox.description>Мягкая лисья шкура. Густой мех хорошо защищает от холода, что существенно сказывается на цене.</Leather_Fox.description>
  <Leather_Fox.stuffProps.stuffAdjective>лисьей шкуры</Leather_Fox.stuffProps.stuffAdjective>
  
  <!-- EN: guinea pig fur -->
  <Leather_GuineaPig.label>мех морской свинки</Leather_GuineaPig.label>
  <!-- EN: Sheets of guinea pig fur. It is delicate, but luxurious. -->
  <Leather_GuineaPig.description>Шкурка морской свинки. Довольно хрупкая, но изделия из неё выглядят роскошно.</Leather_GuineaPig.description>
  <Leather_GuineaPig.stuffProps.stuffAdjective>меха морской свинки</Leather_GuineaPig.stuffProps.stuffAdjective>
  
  <!-- EN: heavy fur -->
  <Leather_Heavy.label>толстая шкура</Leather_Heavy.label>
  <!-- EN: Thick leather covered in a long, rugged mat of fur. Harvested from a large, hardy animal. This thick skin insulates and protects very well. -->
  <Leather_Heavy.description>Толстая шкура, покрытая длинной грубой щетиной. Снята с крупного животного, приспособленного к холодному климату. Очень хорошо защищает от ударов и изолирует.</Leather_Heavy.description>
  <Leather_Heavy.stuffProps.stuffAdjective>толстой шкуры</Leather_Heavy.stuffProps.stuffAdjective>
  
  <!-- EN: human leather -->
  <Leather_Human.label>человеческие волосы</Leather_Human.label>
  <!-- EN: Tanned, dried, scraped human skin. Most people find this material horrifying. Some find it fascinating. While a decent leather, it neither protects nor insulates particularly well. -->
  <Leather_Human.description>Колонисты просто так не отдают свои волосы. Похоже, кто-то покопался в мусоре из парикмахерской, кое-как свалял их и сделал подобие полотна. Мало кому понравится такой материал.</Leather_Human.description>
  <Leather_Human.stuffProps.stuffAdjective>волосяного мусора</Leather_Human.stuffProps.stuffAdjective>
  
  <!-- EN: lightleather -->
  <Leather_Light.label>лёгкая кожа</Leather_Light.label>
  <!-- EN: Lightweight, thin leather. Probably harvested from a small animal. Not as protective as thicker leathers. -->
  <Leather_Light.description>Лёгкая тонкая кожа, снятая с небольшого животного. Не так хорошо защищает, как более толстые шкуры.</Leather_Light.description>
  <Leather_Light.stuffProps.stuffAdjective>лёгкой кожи</Leather_Light.stuffProps.stuffAdjective>
  
  <!-- EN: lizardskin -->
  <Leather_Lizard.label>кожа рептилии</Leather_Lizard.label>
  <!-- EN: The tanned skin of a cold-blooded reptile. Lizardskin is reasonably tough, but does not insulate well at all. -->
  <Leather_Lizard.description>Дублёная кожа холоднокровной рептилии. Весьма крепкая, но слабо защищает от холода или жары.</Leather_Lizard.description>
  <Leather_Lizard.stuffProps.stuffAdjective>кожи рептилии</Leather_Lizard.stuffProps.stuffAdjective>
  
  <!-- EN: panthera fur -->
  <Leather_Panthera.label>шкура пантеры</Leather_Panthera.label>
  <!-- EN: A soft furry pelt harvested from a big cat. It is difficult to pierce and insulates well against heat. -->
  <Leather_Panthera.description>Мягкая шкура с коротким мехом, снятая с крупного представителя кошачьих. Хорошо защищает от жары и проникающих ударов.</Leather_Panthera.description>
  <Leather_Panthera.stuffProps.stuffAdjective>шкуры пантеры</Leather_Panthera.stuffProps.stuffAdjective>
  
  <!-- EN: patchleather -->
  <Leather_Patch.label>лоскутное полотно</Leather_Patch.label>
  <!-- EN: A weak textile created by cutting up and sewing together various types of leathers. Regardless of what kind of leather is used to create it, patchleather's irregular seams make it less tough and less insulating than any intact leather. -->
  <Leather_Patch.description>Слабый материал, представляющий собой сшитые лоскуты из шкур разных видов. Вне зависимости от свойств исходных шкур, этот материал менее прочен и хуже защищает от непогоды, чем любая цельная шкура.</Leather_Patch.description>
  <Leather_Patch.stuffProps.stuffAdjective>лоскутного полотна</Leather_Patch.stuffProps.stuffAdjective>
  
  <!-- EN: pigskin -->
  <Leather_Pig.label>свиная кожа</Leather_Pig.label>
  <!-- EN: Tanned, dried, scraped pig skin. While a decent leather, it neither protects nor insulates particularly well. -->
  <Leather_Pig.description>Дублёная, высушенная, очищенная свиная кожа. Никакими защитными или термоизоляционными свойствами не отличается.</Leather_Pig.description>
  <Leather_Pig.stuffProps.stuffAdjective>свиной кожи</Leather_Pig.stuffProps.stuffAdjective>
  
  <!-- EN: plainleather -->
  <Leather_Plain.label>крепкая кожа</Leather_Plain.label>
  <!-- EN: Tanned, dried, scraped skin. A good traditional material for making clothes and bags. -->
  <Leather_Plain.description>Дублёная, высушенная, очищенная крепкая кожа. Хороший материал для изготовления одежды и сумок.</Leather_Plain.description>
  <Leather_Plain.stuffProps.stuffAdjective>крепкой кожи</Leather_Plain.stuffProps.stuffAdjective>
  
  <!-- EN: rhinoceros leather -->
  <Leather_Rhinoceros.label>кожа носорога</Leather_Rhinoceros.label>
  <!-- EN: Tanned, dried, scraped rhinocerous skin. It is exceptionally durable in combat, but provides little protection from weather. -->
  <Leather_Rhinoceros.description>Дублёная, высушенная, очищенная кожа носорога. Даёт исключительную защиту от ударов, но плохо защищает от плохих погодных условий.</Leather_Rhinoceros.description>
  <Leather_Rhinoceros.stuffProps.stuffAdjective>кожи носорога</Leather_Rhinoceros.stuffProps.stuffAdjective>
  
  <!-- EN: thrumbofur -->
  <Leather_Thrumbo.label>мех трумбо</Leather_Thrumbo.label>
  <!-- EN: Furry pelt of a thrumbo. Luxurious and extraordinarily durable. Used for the highest-quality crafts for its insulation and strength. -->
  <Leather_Thrumbo.description>Шкура трумбо с длинным мехом. Невероятно прочная и роскошно выглядящая. Из-за своих защитных и термоизоляционных свойств применяется в изделиях высшего качества.</Leather_Thrumbo.description>
  <Leather_Thrumbo.stuffProps.stuffAdjective>меха трумбо</Leather_Thrumbo.stuffProps.stuffAdjective>
  
  <!-- EN: wolfskin -->
  <Leather_Wolf.label>волчья шкура</Leather_Wolf.label>
  <!-- EN: A soft furry pelt harvested from a wolf-like creature. It is difficult to pierce and insulates well against cold. -->
  <Leather_Wolf.description>Мягкая шкура с длинным мехом, снятая с волка или другого похожего животного. Хорошо защищает от холода и проникающих ударов.</Leather_Wolf.description>
  <Leather_Wolf.stuffProps.stuffAdjective>волчьей шкуры</Leather_Wolf.stuffProps.stuffAdjective>
  
</LanguageData>
