﻿<?xml version="1.0" encoding="UTF-8"?>
<LanguageData>
  
  <!-- EN: cougar -->
  <Cougar.label>пума</Cougar.label>
  <!-- EN: One of the most dangerous big cats, cougars are solitary hunters with long, sharp teeth and claws. They stalk prey from hidden positions before pouncing.\n\nWhile humans are not their normal diet, they won't turn down a meal of vulnerable human meat. -->
  <Cougar.description>Одни из самых опасных больших кошек, пумы, — одиночные охотники с длинными острыми зубами и когтями. Они незаметно подбираются к добыче, чтобы затем настигнуть её одним прыжком.\n\nХоть люди и не являются частью их обычного рациона, они не откажутся полакомиться беззащитным зазевавшимся человеком.</Cougar.description>
  <!-- EN: left claw -->
  <Cougar.tools.left_claw.label>левая лапа</Cougar.tools.left_claw.label>
  <!-- EN: right claw -->
  <Cougar.tools.right_claw.label>правая лапа</Cougar.tools.right_claw.label>
  <!-- EN: head -->
  <Cougar.tools.head.label>голова</Cougar.tools.head.label>
  
  <!-- EN: lynx -->
  <Lynx.label>рысь</Lynx.label>
  <!-- EN: A wildcat larger than a housecat, but smaller than a cougar. Lynxes survive on a diet of small birds and animals. Their very warm fur keeps them safe from the brutally cold temperatures of their frozen territories. -->
  <Lynx.description>Рыси больше домашних кошек, но меньше пум. Обычно они питаются мелкими птицами и животными. Тёплый мех обеспечивает рысям защиту даже от очень низких температур их северных сред обитания.</Lynx.description>
  <!-- EN: left claw -->
  <Lynx.tools.left_claw.label>левая лапа</Lynx.tools.left_claw.label>
  <!-- EN: right claw -->
  <Lynx.tools.right_claw.label>правая лапа</Lynx.tools.right_claw.label>
  <!-- EN: head -->
  <Lynx.tools.head.label>голова</Lynx.tools.head.label>
  
  <!-- EN: panther -->
  <Panther.label>пантера</Panther.label>
  <!-- EN: An agile and powerful big cat native to the jungles of old Earth. As solitary ambush predators, panthers are masters of taking down both large and small prey. Onlookers tend to focus on their graceful movements, while those in closer contact usually notice their skull-crushing strength. -->
  <Panther.description>Подвижные и мощные большие кошки, обитавшие в джунглях старой Земли. Пантеры — хищники-одиночки. Нападая из засады, они умело расправляются как с малой, так и с крупной добычей.\nСторонние наблюдатели обычно обращают внимание на грациозность движений пантер, а вот те, кому пришлось познакомиться с ними поближе, отмечают сокрушительную силу их когтистых лап.</Panther.description>
  <!-- EN: left claw -->
  <Panther.tools.left_claw.label>левая лапа</Panther.tools.left_claw.label>
  <!-- EN: right claw -->
  <Panther.tools.right_claw.label>правая лапа</Panther.tools.right_claw.label>
  <!-- EN: head -->
  <Panther.tools.head.label>голова</Panther.tools.head.label>
  
</LanguageData>