﻿<?xml version="1.0" encoding="UTF-8"?>
<LanguageData>
  
  <!-- EN: artistic -->
  <Artistic.label>искусство</Artistic.label>
  
  <!-- EN: dignified -->
  <Dignified.label>возвышенность</Dignified.label>
  
  <!-- EN: flame -->
  <Flame.label>огонь</Flame.label>
  
  <!-- EN: minimal -->
  <Minimal.label>минимализм</Minimal.label>
  
  <!-- EN: morbid -->
  <Morbid.label>скорбь</Morbid.label>
  
  <!-- EN: natural -->
  <Natural.label>природа</Natural.label>
  
</LanguageData>