﻿<?xml version="1.0" encoding="utf-8" ?>
<Defs>

	<RecipeDef>
		<defName>ButcherCorpseFlesh</defName>
		<label>butcher creature</label>
		<description>Butcher a creature to obtain its meat, leather, and other body products.</description>
    <workerCounterClass>RecipeWorkerCounter_ButcherAnimals</workerCounterClass>
		<jobString>Butchering.</jobString>
		<workAmount>450</workAmount>
		<workSpeedStat>ButcheryFleshSpeed</workSpeedStat>
    <workSkill>Cooking</workSkill>
		<efficiencyStat>ButcheryFleshEfficiency</efficiencyStat>
    <effectWorking>ButcherFlesh</effectWorking>
    <soundWorking>Recipe_ButcherCorpseFlesh</soundWorking>
    <ingredients>
			<li>
				<filter>
					<categories>
						<li>Corpses</li>
					</categories>
				</filter>
				<count>1</count>
			</li>
		</ingredients>
		<specialProducts>
			<li>Butchery</li>
		</specialProducts>
		<fixedIngredientFilter>
			<categories>
				<li>Corpses</li>
			</categories>
			<disallowedCategories>
				<li>CorpsesMechanoid</li>
				<li>CorpsesHumanlike</li>
			</disallowedCategories>
      <specialFiltersToDisallow>
        <li>AllowRotten</li>
      </specialFiltersToDisallow>
		</fixedIngredientFilter>
		<defaultIngredientFilter>
			<categories>
				<li>CorpsesAnimal</li>
			</categories>
		</defaultIngredientFilter>
	</RecipeDef>
  
</Defs>