﻿<?xml version="1.0" encoding="UTF-8"?>
<LanguageData>
  
  <!-- EN: bandit camp -->
  <BanditCamp.label>лагерь бандитов</BanditCamp.label>
  <!-- EN: A bandit camp. -->
  <BanditCamp.description>Лагерь бандитов.</BanditCamp.description>
  <!-- EN: Attacking {0} -->
  <BanditCamp.approachingReportString>Нападает на {0}</BanditCamp.approachingReportString>
  <!-- EN: Attack {0} -->
  <BanditCamp.approachOrderString>Напасть на {0}</BanditCamp.approachOrderString>
  <!-- EN: There is an enemy outpost in this area. -->
  <BanditCamp.arrivedLetter>В этом месте расположен вражеский лагерь.</BanditCamp.arrivedLetter>
  
</LanguageData>