﻿<?xml version="1.0" encoding="UTF-8"?>
<LanguageData>
  
  <!-- EN: outpost -->
  <Outpost.label>лагерь</Outpost.label>
  <!-- EN: A small, guarded outpost. -->
  <Outpost.description>Небольшой охраняемый лагерь.</Outpost.description>
  <!-- EN: Attacking {0} -->
  <Outpost.approachingReportString>Нападает на {0}</Outpost.approachingReportString>
  <!-- EN: Attack {0} -->
  <Outpost.approachOrderString>Напасть на {0}</Outpost.approachOrderString>
  <!-- EN: There is an enemy outpost in this area. -->
  <Outpost.arrivedLetter>В этом месте расположен вражеский лагерь.</Outpost.arrivedLetter>
  
</LanguageData>