<?xml version="1.0" encoding="utf-8" ?>

<Patch>

	<Operation MayRequire="dianawinters.OrassansLite" Class="PatchOperationSequence">
		<success>Always</success>
		<operations>
			<li Class="PatchOperationAdd">
				<xpath>Defs/ThingDef[defName="Ori"]/race</xpath>
				<value>
					<willNeverEat>
						<li>Corpse_Human</li>
						<li>Meat_Human</li>
						<li>Corpse_Alien_Orassan</li>
					</willNeverEat>
				</value>
			</li>
			<li Class="PatchOperationAdd">
				<xpath>Defs/ThingDef[defName="Animal_Desiri"]/race</xpath>
				<value>
					<willNeverEat>
						<li>Corpse_Human</li>
						<li>Meat_Human</li>
						<li>Corpse_Alien_Orassan</li>
					</willNeverEat>
				</value>
			</li>
		</operations>
	</Operation>

</Patch>