﻿<?xml version="1.0" encoding="UTF-8"?>
<LanguageData>
  
  <!-- EN: install bionic arm -->
  <InstallBionicArm.label>вживить бионическую руку</InstallBionicArm.label>
  <!-- EN: Install a bionic arm. -->
  <InstallBionicArm.description>Вживить бионическую руку.</InstallBionicArm.description>
  <!-- EN: Installing bionic arm. -->
  <InstallBionicArm.jobString>Вживляет бионическую руку</InstallBionicArm.jobString>
  
  <!-- EN: install bionic ear -->
  <InstallBionicEar.label>вживить бионическое ухо</InstallBionicEar.label>
  <!-- EN: Install a bionic ear. -->
  <InstallBionicEar.description>Вживить бионическое ухо.</InstallBionicEar.description>
  <!-- EN: Installing bionic ear. -->
  <InstallBionicEar.jobString>Вживляет бионическое ухо</InstallBionicEar.jobString>
  
  <!-- EN: install bionic eye -->
  <InstallBionicEye.label>вживить бионический глаз</InstallBionicEye.label>
  <!-- EN: Install a bionic eye. -->
  <InstallBionicEye.description>Вживить бионический глаз.</InstallBionicEye.description>
  <!-- EN: Installing bionic eye. -->
  <InstallBionicEye.jobString>Вживляет бионический глаз</InstallBionicEye.jobString>
  
  <!-- EN: install bionic heart -->
  <InstallBionicHeart.label>имплантировать бионическое сердце</InstallBionicHeart.label>
  <!-- EN: Install a bionic heart. -->
  <InstallBionicHeart.description>Имплантировать бионическое сердце.</InstallBionicHeart.description>
  <!-- EN: Installing bionic heart. -->
  <InstallBionicHeart.jobString>Имплантирует бионическое сердце</InstallBionicHeart.jobString>
  
  <!-- EN: install bionic leg -->
  <InstallBionicLeg.label>вживить бионическую ногу</InstallBionicLeg.label>
  <!-- EN: Install a bionic leg. -->
  <InstallBionicLeg.description>Вживить бионическую ногу.</InstallBionicLeg.description>
  <!-- EN: Installing bionic leg. -->
  <InstallBionicLeg.jobString>Вживляет бионическую ногу</InstallBionicLeg.jobString>
  
  <!-- EN: install bionic spine -->
  <InstallBionicSpine.label>вживить бионический позвоночник</InstallBionicSpine.label>
  <!-- EN: Install a bionic spine. -->
  <InstallBionicSpine.description>Вживить бионический позвоночник.</InstallBionicSpine.description>
  <!-- EN: Installing bionic spine. -->
  <InstallBionicSpine.jobString>Вживляет бионический позвоночник</InstallBionicSpine.jobString>
  
  <!-- EN: install bionic stomach -->
  <InstallBionicStomach.label>вживить бионический желудок</InstallBionicStomach.label>
  <!-- EN: Install a bionic stomach. -->
  <InstallBionicStomach.description>Вживить бионический желудок.</InstallBionicStomach.description>
  <!-- EN: Installing bionic stomach. -->
  <InstallBionicStomach.jobString>Вживляет бионический желудок</InstallBionicStomach.jobString>
  
  <!-- EN: install death acidifier -->
  <InstallDeathAcidifier.label>вживить растворитель снаряжения</InstallDeathAcidifier.label>
  <!-- EN: Install a death acidifier. -->
  <InstallDeathAcidifier.description>Вживить растворитель снаряжения.</InstallDeathAcidifier.description>
  <!-- EN: Installing death acidifier. -->
  <InstallDeathAcidifier.jobString>Вживляет растворитель снаряжения</InstallDeathAcidifier.jobString>
  
</LanguageData>