﻿<?xml version="1.0" encoding="UTF-8"?>
<LanguageData>
  
  <!-- EN: burn apparel -->
  <BurnApparel.label>сжечь одежду</BurnApparel.label>
  <!-- EN: Burn unwanted apparel to completely destroy it. -->
  <BurnApparel.description>Сжечь одежду, чтобы навсегда от неё избавиться.</BurnApparel.description>
  <!-- EN: Burning apparel. -->
  <BurnApparel.jobString>Сжигает одежду</BurnApparel.jobString>
  
  <!-- EN: burn drugs -->
  <BurnDrugs.label>сжечь наркотики</BurnDrugs.label>
  <!-- EN: Burn unwanted drugs to completely destroy them. -->
  <BurnDrugs.description>Сжечь наркотики, чтобы навсегда от них избавиться.</BurnDrugs.description>
  <!-- EN: Burning drugs. -->
  <BurnDrugs.jobString>Сжигает наркотики</BurnDrugs.jobString>
  
  <!-- EN: burn weapon -->
  <BurnWeapon.label>сжечь оружие</BurnWeapon.label>
  <!-- EN: Burn unwanted weapon to completely destroy it. -->
  <BurnWeapon.description>Сжечь ненужное оружие, чтобы навсегда от него избавиться.</BurnWeapon.description>
  <!-- EN: Burning weapon. -->
  <BurnWeapon.jobString>Сжигает оружие</BurnWeapon.jobString>
  
  <!-- EN: cremate corpse -->
  <CremateCorpse.label>сжечь тело</CremateCorpse.label>
  <!-- EN: Cremate a corpse to completely destroy it. -->
  <CremateCorpse.description>Сжечь тело, чтобы навсегда от него избавиться.</CremateCorpse.description>
  <!-- EN: Cremating. -->
  <CremateCorpse.jobString>Сжигает тело</CremateCorpse.jobString>
  
</LanguageData>