﻿<?xml version="1.0" encoding="UTF-8"?>
<LanguageData>
  
  <!-- EN: butcher creature -->
  <ButcherCorpseFlesh.label>разделать тушу</ButcherCorpseFlesh.label>
  <!-- EN: Butcher a creature to obtain its meat, leather, and other body products. -->
  <ButcherCorpseFlesh.description>Разделать животное для получения мяса, шкуры и других ресурсов.</ButcherCorpseFlesh.description>
  <!-- EN: Butchering. -->
  <ButcherCorpseFlesh.jobString>Разделывает</ButcherCorpseFlesh.jobString>
  
  <!-- EN: shred mechanoid -->
  <ButcherCorpseMechanoid.label>переработать механоида</ButcherCorpseMechanoid.label>
  <!-- EN: Shred a dead mechanoid to try to salvage usable material. -->
  <ButcherCorpseMechanoid.description>Переработать механоида в попытке извлечь полезные материалы.</ButcherCorpseMechanoid.description>
  <!-- EN: Shredding mechanoid. -->
  <ButcherCorpseMechanoid.jobString>Перерабатывает механоида</ButcherCorpseMechanoid.jobString>
  
  <!-- EN: smash mechanoid -->
  <SmashCorpseMechanoid.label>разбить механоида</SmashCorpseMechanoid.label>
  <!-- EN: Smash a dead mechanoid with simple hand tools to salvage usable material. -->
  <SmashCorpseMechanoid.description>Разбить механоида для извлечения полезных материалов.</SmashCorpseMechanoid.description>
  <!-- EN: Smashing mechanoid. -->
  <SmashCorpseMechanoid.jobString>Разбивает механоида</SmashCorpseMechanoid.jobString>
  
</LanguageData>