﻿<?xml version="1.0" encoding="UTF-8"?>
<LanguageData>
  
  <!-- EN: destroy apparel -->
  <DestroyApparel.label>уничтожить одежду</DestroyApparel.label>
  <!-- EN: Use heat to destroy unwanted apparels. This process is faster than smelting, and works on non-smeltable items, but yields no resources. -->
  <DestroyApparel.description>Уничтожить ненужную одежду при помощи высоких температур. Сжигание быстрее переплавки и работает с непереплавляемой одеждой, но не даёт никаких ресурсов.</DestroyApparel.description>
  <!-- EN: Destroying apparel. -->
  <DestroyApparel.jobString>Уничтожает одежду</DestroyApparel.jobString>
  
  <!-- EN: destroy weapon -->
  <DestroyWeapon.label>уничтожить оружие</DestroyWeapon.label>
  <!-- EN: Use heat to destroy unwanted weapons. This process is faster than smelting, and works on non-smeltable items, but yields no resources. -->
  <DestroyWeapon.description>Уничтожить ненужное оружие при помощи высоких температур. Сжигание быстрее переплавки и работает с непереплавляемым оружием, но не даёт никаких ресурсов.</DestroyWeapon.description>
  <!-- EN: Destroying weapon. -->
  <DestroyWeapon.jobString>Уничтожает оружие</DestroyWeapon.jobString>
  
  <!-- EN: smelt metal from slag -->
  <ExtractMetalFromSlag.label>переплавить металлолом</ExtractMetalFromSlag.label>
  <!-- EN: Use heat and strong electromagnets to extract useful metal from slag chunks. -->
  <ExtractMetalFromSlag.description>Добыть металл из металлолома с помощью высокой температуры и мощных электромагнитов.</ExtractMetalFromSlag.description>
  <!-- EN: Smelting metal from slag. -->
  <ExtractMetalFromSlag.jobString>Переплавляет металлолом</ExtractMetalFromSlag.jobString>
  
  <!-- EN: make chemfuel from organics -->
  <Make_ChemfuelFromOrganics.label>получить химтопливо из органики</Make_ChemfuelFromOrganics.label>
  <!-- EN: Make a batch of chemfuel by extracting biofuel from organic feedstocks. -->
  <Make_ChemfuelFromOrganics.description>Получить партию химического топлива путём извлечения биоактивных компонентов из органического сырья.</Make_ChemfuelFromOrganics.description>
  <!-- EN: Refining chemfuel from organics. -->
  <Make_ChemfuelFromOrganics.jobString>Производит химтопливо из органики</Make_ChemfuelFromOrganics.jobString>
  
  <!-- EN: make chemfuel from wood -->
  <Make_ChemfuelFromWood.label>получить химтопливо из древесины</Make_ChemfuelFromWood.label>
  <!-- EN: Make a batch of chemfuel by extracting and condensing wood gas from logs. -->
  <Make_ChemfuelFromWood.description>Получить партию химического топлива путём газификации древесины.</Make_ChemfuelFromWood.description>
  <!-- EN: Refining chemfuel from wood. -->
  <Make_ChemfuelFromWood.jobString>Производит химтопливо из древесины</Make_ChemfuelFromWood.jobString>
  
  <!-- EN: make component -->
  <Make_ComponentIndustrial.label>изготовить компонент</Make_ComponentIndustrial.label>
  <!-- EN: Make a component. -->
  <Make_ComponentIndustrial.description>Изготовить компонент.</Make_ComponentIndustrial.description>
  <!-- EN: Making component. -->
  <Make_ComponentIndustrial.jobString>Изготавливает компонент</Make_ComponentIndustrial.jobString>
  
  <!-- EN: make advanced component -->
  <Make_ComponentSpacer.label>изготовить продвинутый компонент</Make_ComponentSpacer.label>
  <!-- EN: Make an advanced component. -->
  <Make_ComponentSpacer.description>Изготовить продвинутый компонент.</Make_ComponentSpacer.description>
  <!-- EN: Making advanced component. -->
  <Make_ComponentSpacer.jobString>Изготавливает продвинутый компонент</Make_ComponentSpacer.jobString>
  
  <!-- EN: make patchleather -->
  <Make_Patchleather.label>изготовить лоскутное полотно</Make_Patchleather.label>
  <!-- EN: Combine various types of leather to create weak patchleather. -->
  <Make_Patchleather.description>Сшить лоскуты шкур любых типов в единое полотно.</Make_Patchleather.description>
  <!-- EN: Making patchleather. -->
  <Make_Patchleather.jobString>Изготавливает лоскутное полотно</Make_Patchleather.jobString>
  
  <!-- EN: make any stone blocks -->
  <Make_StoneBlocksAny.label>изготовить любые каменные блоки</Make_StoneBlocksAny.label>
  <!-- EN: Cut rock chunks into usable stone blocks. -->
  <Make_StoneBlocksAny.description>Обработать каменные обломки для получения пригодных для строительства блоков.</Make_StoneBlocksAny.description>
  <!-- EN: Cutting stone blocks from chunk. -->
  <Make_StoneBlocksAny.jobString>Изготавливает каменные блоки</Make_StoneBlocksAny.jobString>
  
  <!-- EN: smelt apparel -->
  <SmeltApparel.label>переплавить броню</SmeltApparel.label>
  <!-- EN: Use heat and strong electromagnets to break down metallic apparel like armor into useful resources. -->
  <SmeltApparel.description>Извлечь полезные ресурсы из одежды с металлическими частями, например, брони, при помощи высокой температуры и мощных электромагнитов.</SmeltApparel.description>
  <!-- EN: Smelting apparel. -->
  <SmeltApparel.jobString>Переплавляет одежду</SmeltApparel.jobString>
  
  <!-- EN: smelt weapon -->
  <SmeltWeapon.label>переплавить оружие на металл</SmeltWeapon.label>
  <!-- EN: Use heat and strong electromagnets to break down weapons into useful resources. -->
  <SmeltWeapon.description>Извлечь полезные ресурсы из оружия при помощи высокой температуры и мощных электромагнитов.</SmeltWeapon.description>
  <!-- EN: Smelting weapon. -->
  <SmeltWeapon.jobString>Переплавляет оружие</SmeltWeapon.jobString>
  
</LanguageData>