﻿<?xml version="1.0" encoding="UTF-8"?>
<LanguageData>

  <!-- Royal titles -->
  <!-- EN: {TITLE} title lost: {PAWN_labelShort} -->
  <LetterLabelLostRoyalTitle>Потерян титул {TITLE}: {PAWN_labelShort}</LetterLabelLostRoyalTitle>
  <!-- EN: {TITLE} title gained: {PAWN_labelShort} -->
  <LetterLabelGainedRoyalTitle>Принят титул {TITLE}: {PAWN_labelShort}</LetterLabelGainedRoyalTitle>

  <!-- EN: Permit points awarded: {0}. -->
  <PermitPointsAwarded>Полученные очки привилегий: {0}.</PermitPointsAwarded>

  <!-- EN: This title requires apparel of {1} quality or better. -->
  <LetterRoyalTitleApparelQualityRequirement>Этот титул предполагает ношение одежды качества «{1}» или выше.</LetterRoyalTitleApparelQualityRequirement>
  <!-- EN: This title requires apparel appropriate to {PAWN_possessive} title: -->
  <LetterRoyalTitleApparelRequirement>Этот титул предполагает ношение одежды определённых видов:</LetterRoyalTitleApparelRequirement>
  <!-- EN: {PAWN_possessive} expectations will never be less than {1}. -->
  <LetterRoyalTitleExpectation>У н{PAWN_possessive} всегда будут как минимум {1} ожидания.</LetterRoyalTitleExpectation>
  
  <!-- EN: Because {PAWN_labelShort} is {1}, {PAWN_pronoun} will demand that this title's privileges be fully respected. {PAWN_pronoun} may refuse to do certain work types, eat low-class food and will issue decrees. -->
  <LetterRoyalTitleConceitedTrait>Поскольку в {PAWN_labelShort} есть {1}, {PAWN_pronoun} будет требовать всех привилегий, соответствующих {PAWN_possessive} титулу. {PAWN_pronoun} будет отказываться выполнять работу определённых видов, есть низкосортную еду и начнёт выпускать указы.</LetterRoyalTitleConceitedTrait>

  <!-- EN: {PAWN_labelShort} recieved the title of {TITLE} from {FACTION_name}! -->
  <LetterGainedRoyalTitle>{PAWN_labelShort} {PAWN_gender ? принял : приняла} титул {TITLE} в {FACTION_name}!</LetterGainedRoyalTitle>
  <!-- EN: {PAWN_labelShort} no longer holds the title of {TITLE} with {FACTION_name}. -->
  <LetterLostRoyalTitle>{PAWN_labelShort} {PAWN_gender ? лишился : лишилась} титула {TITLE} в {FACTION_name}!</LetterLostRoyalTitle>
  <!-- EN: Title rewards -->
  <LetterLabelRewardsForNewTitle>Награда за титул</LetterLabelRewardsForNewTitle>
  <!-- EN: To honor {PAWN_labelShort} advancing to the title of {TITLE}, {FACTION_name} has sent {PAWN_objective} the following reward(s): -->
  <LetterRewardsForNewTitle>В честь того, что {PAWN_labelShort} {PAWN_gender ? принял : приняла} титул {TITLE}, {FACTION_name} дарует {PAWN_objective}:</LetterRewardsForNewTitle>
  <!-- EN: Rewards have arrived to your colony via transport pods. -->
  <LetterRewardsForNewTitleDeliveryBase>Дары прибыли в ваше поселение в транспортных капсулах.</LetterRewardsForNewTitleDeliveryBase>
  <!-- EN: Rewards were delivered directly to {PAWN_labelShort}'s inventory. -->
  <LetterRewardsForNewTitleDeliveryDirect>Дары доставлены прямо в руки {PAWN_labelShort}.</LetterRewardsForNewTitleDeliveryDirect>

  <!-- EN: {PAWN_pronoun} has these permissions: -->
  <LetterRoyalTitlePermits>{PAWN_pronoun} имеет следующие привилегии:</LetterRoyalTitlePermits>
  <!-- EN: {PAWN_pronoun} lost these permissions: -->
  <LetterRoyalTitleLostPermits>{PAWN_pronoun} {PAWN_gender ? потерял : потеряла} следующие привилегии:</LetterRoyalTitleLostPermits>

  <!-- EN: {PAWN_pronoun} is not willing to do these work types:\n{1} -->
  <LetterRoyalTitleDisabledWorkTag>{PAWN_pronoun} не желает выполнять эти виды работ:\n{1}</LetterRoyalTitleDisabledWorkTag>

  <!-- EN: {PAWN_pronoun} can now use this recreation: -->
  <LetterRoyalTitleEnabledJoyKind>{PAWN_objective} теперь доступен следующий вид развлечения:</LetterRoyalTitleEnabledJoyKind>
  <!-- EN: This title forbids using this recreation: -->
  <LetterRoyalTitleDisabledJoyKind>Этот титул запрещает следующий вид развлечения:</LetterRoyalTitleDisabledJoyKind>

  <!-- EN: {PAWN_pronoun} is allowed to use these implants:{1} -->
  <LetterRoyalTitleAllowedImplants>{PAWN_objective} разрешено применять следующие импланты:{1}</LetterRoyalTitleAllowedImplants>
  <!-- EN: {PAWN_pronoun} is no longer allowed to use these implants:{1} -->
  <LetterRoyalTitleImplantsMustBeRemoved>{PAWN_objective} более не разрешено применять следующие импланты:{1}</LetterRoyalTitleImplantsMustBeRemoved>
  <!-- EN: The implants must be extracted within a five-day grace period to avoid diplomatic consequences. -->
  <LetterRoyalTitleImplantGracePeriod>Такие импланты должны быть извлечены в течение пяти дней, во избежание дипломатических последствий.</LetterRoyalTitleImplantGracePeriod>
  <!-- EN: {PAWN_pronoun} can now give speeches from the throne. If it goes well, listeners will feel inspired. If it goes poorly, the speech will do social damage. The outcome depends on {PAWN_labelShort}'s social abilities. -->
  <LetterRoyalTitleSpeechAbilityGained>{PAWN_pronoun} теперь может произносить тронные речи. Сильная речь вдохновит слушателей, слабая — принесёт только вред. Результат зависит от социальных навыков {PAWN_labelShort}.</LetterRoyalTitleSpeechAbilityGained>
  <!-- EN: This title requires a throneroom that meets these requirements:{1} -->
  <LetterRoyalTitleThroneroomRequirements>Этот титул требует наличие тронного зала, удовлетворяющего следующим требованиям:{1}</LetterRoyalTitleThroneroomRequirements>
  <!-- EN: This title requires a bedroom that meets these requirements:{1} -->
  <LetterRoyalTitleBedroomRequirements>Этот титул требует наличие спальни, удовлетворяющей следующим требованиям:{1}</LetterRoyalTitleBedroomRequirements>
  <!-- EN: This title says that {PAWN_pronoun} should only eat these foods:{1} -->
  <LetterRoyalTitleFoodRequirements>Этот титул предписывает {PAWN_objective} принимать в пищу только следующие виды блюд:{1}</LetterRoyalTitleFoodRequirements>

  <!-- EN: {PAWN_pronoun} will receive the following items via transport pod:{1} -->
  <LetterRoyalTitleRewardGranted>{PAWN_objective} отправят следующие предметы транспортной капсулой:{1}</LetterRoyalTitleRewardGranted>
  <!-- EN: {PAWN_labelShort} has gained {1} {FACTION_royalFavorLabel} from {FACTION_name}. -->
  <PeaceTalksRoyalFavorGain>{PAWN_labelShort} {PAWN_gender ? получил : получила} {1} ед. ^Replace( {FACTION_royalFavorLabel} | 'милость короны'-'милости короны')^ от фракции {FACTION_name}.</PeaceTalksRoyalFavorGain>

  <!-- Royal heritage-->
  <!-- EN: If {PAWN_pronoun} dies, this title will be inherited by {HEIR_nameFull}. -->
  <LetterRoyalTitleHeir>Когда {PAWN_pronoun} перестанет править, {PAWN_possessive} титул перейдёт по наследству к {HEIR_nameFull}.</LetterRoyalTitleHeir>
  <!-- EN: If {PAWN_pronoun} dies, no one will inherit this title. -->
  <LetterRoyalTitleNoHeir>Когда {PAWN_pronoun} перестанет править, {PAWN_possessive} титул не перейдёт ни к кому.</LetterRoyalTitleNoHeir>
  <!-- EN: {PAWN_nameFull} is a member of {FACTION_name}. -->
  <LetterRoyalTitleHeirFactionWarning>{PAWN_nameFull} — член фракции {FACTION_name}.</LetterRoyalTitleHeirFactionWarning>
  <!-- EN: A new heir can be chosen by contacting {FACTION_name} through a comms console. -->
  <LetterRoyalTitleChangingHeir>Вы можете изменить наследника титула, обратившись к {FACTION_name} через консоль связи.</LetterRoyalTitleChangingHeir>
  <!-- EN: Heir lost -->
  <LetterTitleHeirLostLabel>Наследник потерян</LetterTitleHeirLostLabel>
  <!-- EN: {HEIR_nameFull} has died, leaving {HOLDER_labelShort} with no heir for the title recieved from {FACTION_name}. You can contact {FACTION_name} through a comms console to designate a new heir. -->
  <LetterTitleHeirLost>{HEIR_nameFull} {HEIR_gender ? проиграл : проиграла}, оставив {HOLDER_labelShort} без наследника титула в {FACTION_name}. Вы можете обратиться к {FACTION_name} через консоль связи, чтобы назначить нового наследника.</LetterTitleHeirLost>
  <!-- EN: The title of {TITLE} cannot be inherited. -->
  <LetterRoyalTitleCantBeInherited>Титул {TITLE} нельзя унаследовать.</LetterRoyalTitleCantBeInherited>

  <!-- EN: Title inheritance -->
  <LetterTitleInheritance>Наследование титула</LetterTitleInheritance>
  <!-- EN: Since {PAWN_nameFull} died, {PAWN_possessive} titles have been transferred to {PAWN_possessive} heirs according to the laws of the title-granting factions. -->
  <LetterTitleInheritance_Base>В связи с потерей {PAWN_nameFull}, {PAWN_possessive} титул, согласно законам фракций с сословно-иерархическими традициями, должен получить {PAWN_possessive} законный наследник.</LetterTitleInheritance_Base>
  <!-- EN: {PAWN_possessive} {TITLE} title was inherited by {HEIR_nameFull}, according to the succession laws of {FACTION_name}. It replaced {HEIR_possessive} {REPLACEDTITLE} title. -->
  <LetterTitleInheritance_AsReplacement>{PAWN_possessive} титул {TITLE}, в соответствии с законами о наследовании {FACTION_name}, переходит к {HEIR_nameFull}, замещая {HEIR_possessive} титул {REPLACEDTITLE}.</LetterTitleInheritance_AsReplacement>
  <!-- EN: {PAWN_possessive} {TITLE} title would have been inherited by {HEIR_nameFull} according to the succession laws of {FACTION_name}, but {HEIR_pronoun} already had a {HIGHERTITLE} title. -->
  <LetterTitleInheritance_NoEffectHigherTitle>{PAWN_possessive} титул {TITLE}, в соответствии с законами о наследовании {FACTION_name}, должен был перейти к {HEIR_nameFull}, но {HEIR_pronoun} уже обладает более высоким титулом {HIGHERTITLE}.</LetterTitleInheritance_NoEffectHigherTitle>
  <!-- EN: {PAWN_possessive} {TITLE} title was inherited by {HEIR_nameFull} according to the succession laws of {FACTION_name}. -->
  <LetterTitleInheritance_WasInherited>{PAWN_possessive} титул {TITLE}, в соответствии с законами о наследовании {FACTION_name}, переходит к {HEIR_nameFull}.</LetterTitleInheritance_WasInherited>
  <!-- EN: {PAWN_possessive} {TITLE} title was not inherited by anyone, since {PAWN_pronoun} had no designated heir for this title. -->
  <LetterTitleInheritance_NoHeirFound>{PAWN_possessive} титул {TITLE} не переходит ни к кому, поскольку {PAWN_pronoun} не {PAWN_gender ? назначил : назначила} для себя наследника.</LetterTitleInheritance_NoHeirFound>

  <!-- Royal implant violations -->
  <!-- EN: Lawbreaker: {PAWN_labelShort} -->
  <LetterLawViolationDetectedLabel>Нарушитель: {PAWN_labelShort}</LetterLawViolationDetectedLabel>
  <!-- EN: {FACTION_name} has detected {PAWN_labelShort}'s illegal use of: {CULPRIT} (detection chance {CHANCE}).\n\nAccording to the laws of {FACTION_name}, only those who hold the title of {TITLE} are allowed to use {CULPRIT}.\n\nAs a penalty, your faction relations have fallen by {GOODWILL}. -->
  <LetterLawViolationDetectedForbiddenThingUse>Фракция {FACTION_name} обнаружила, что {PAWN_labelShort} незаконно {PAWN_gender ? применил : применила} {CULPRIT} (шанс обнаружения {CHANCE}).\n\nВ соответствии с законами {FACTION_name}, только обладатели титула {TITLE} имеют право использовать {CULPRIT}.\n\nОтношение к вашей фракции упало на {GOODWILL}.        </LetterLawViolationDetectedForbiddenThingUse>

  <!-- Throne Speech -->
  <!-- EN: {ORGANIZER_labelShort} has finished {ORGANIZER_possessive} speech. -->
  <LetterFinishedSpeech>{ORGANIZER_labelShort} {ORGANIZER_gender ? завершил : завершила} свою тронную речь.</LetterFinishedSpeech>
  <!-- EN: It was truly atrocious - halting, full of awkward jokes and depressing stories. -->
  <LetterTerribleSpeech>Она была ужасной: сбивчивой, полной неловких шуток и унылых историй.</LetterTerribleSpeech>
  <!-- EN: It was uninspiring - unoriginal, droning and lacking any sense of passion. -->
  <LetterUninspiringSpeech>Она получилась скучной: неоригинальной, монотонной и лишённой ярких моментов.</LetterUninspiringSpeech>
  <!-- EN: It was encouraging and well-delivered. -->
  <LetterEncouragingSpeech>Она была хорошо преподнесена и возымела должный эффект.</LetterEncouragingSpeech>
  <!-- EN: It was remarkably inspiring, full of intensity and purpose. -->
  <LetterInspirationalSpeech>Она получилась чрезвычайно вдохновляющей, эмоционально яркой и проникновенной.</LetterInspirationalSpeech>
  <!-- EN: The following people were particularly moved by the speech and are now inspired: -->
  <LetterSpeechInspiredListeners>Эти люди были особенно тронуты речью и теперь пребывают в воодушевлении:</LetterSpeechInspiredListeners>
  <!-- EN: Thanks to {SPEAKER_nameIndef}'s remarkable speech, {PAWN_nameIndef} has experienced an inspiration! -->
  <LetterSpeechInspiration>Благодаря блестящей речи {SPEAKER_nameIndef}, {PAWN_nameIndef} испытывает воодушевление!</LetterSpeechInspiration>
  <!-- EN: Because the speech was interrupted after only {0} completed, it wasn't as effective. -->
  <LetterSpeechInterrupted>Поскольку речь была прервана на {0}, она не достигла нужного эффекта.</LetterSpeechInterrupted>
  <!-- EN: {ORGANIZER_bestRoyalTitleDef}'s speech was cancelled before reaching 50% completion. It had no effect. -->
  <LetterSpeechCancelled>Речь была прервана раньше, чем на середине, и не возымела никакого эффекта.</LetterSpeechCancelled>
  <!-- EN: Speech cancelled -->
  <LetterLabelSpeechCancelled>Речь отменена</LetterLabelSpeechCancelled>

  <!-- Wild decree mental break -->
  <!-- EN: Wild decree -->
  <WildDecree>Безумный указ</WildDecree>
  <!-- EN: {0_nameIndef} issues decree -->
  <LetterLabelRandomDecree>{0_nameIndef} издаёт указ</LetterLabelRandomDecree>
  <!-- EN: {0_nameIndef}, in an attempt to release {0_possessive} stress, has issued a wild royal decree and is now demanding that it be carried out.
    \nIf it isn't carried out in good time, {0_nameIndef} will become very unhappy. -->
  <LetterDecreeMentalBreak>В попытке снять стресс {0_nameIndef} издаёт безумный указ и требует его выполнения.\n\nЕсли он не будет выполнен в срок, {0_nameIndef} будет очень {0_gender ? недоволен : недовольна}.</LetterDecreeMentalBreak>
  <!-- EN: {0_nameIndef}, in order to affirm {0_possessive} title of {0_bestRoyalTitleIndef}, has issued a decree and is now demanding that it be carried out.
    \nIf it isn't carried out in good time, {0_nameIndef} will become very unhappy. -->
  <LetterRandomDecree>{0_nameIndef}, чтобы подтвердить свой титул {0_bestRoyalTitleIndef}, издаёт указ и требует его выполнения.\n\nЕсли он не будет выполнен в срок, {0_nameIndef} будет очень {0_gender ? недоволен : недовольна}.</LetterRandomDecree>
  <!-- EN: The decree is titled "{0}". -->
  <LetterDecree_Quest>Указ назван «{0}».</LetterDecree_Quest>
  
  <!-- Lent colonist died -->
  <!-- EN: {PAWN_nameDef} was lent to {FACTION}. They will return the body of {PAWN_nameDef} shortly. -->
  <LentColonistDied>{PAWN_nameDef} {PAWN_gender ? был : была} временно {PAWN_gender ? передан : передана} фракции {FACTION}. Вскоре они вернут вам {PAWN_possessive} тело.</LentColonistDied>  

  <!-- Psylink -->
  <!-- EN: Psylink gained -->
  <LetterLabelPsylinkLevelGained>Установлена пси-связь</LetterLabelPsylinkLevelGained>
  <!-- EN: {USER_labelShort} has gained {USER_possessive} first level of psylink! {USER_pronoun} is now a psycaster.\n\nTo use psychic powers, {USER_labelShort} must build up psyfocus through meditation. The effectiveness of this meditation is increased if the person can focus on a specific object while meditating.\n\nDifferent people are able to focus on different objects. This depend on the person's backstories, traits, and titles. For example:\n\n- Psycasters with royal titles meditate on their thrones.\n- Psycasters with tribal childhoods meditate to anima trees and nature shrines.\n- Ascetic psycasters meditate to blank walls.\n- Psychopathic psycasters meditate to graves, ideally with a loved one inside.\n\nYou can see someone's meditation focus types by looking at their info card with the 'i' button. -->
  <LetterPsylinkLevelGained_First>{USER_labelShort} {USER_gender ? получил : получила} свой первый уровень пси-связи! {USER_pronoun} становится псиоником.\n\nЧтобы применять свои новые способности, {USER_labelShort} {USER_gender ? должен : должна} накапливать пси-концентрацию с помощью медитации. Эффективность медитации может повыситься, если использовать для неё определённый объект.\n\nРазным людям требуются разные объекты для медитации. Они определяются прошлым персонажа, его чертами характера и наличием знатного титула. Например:\n\n- Знатные псионики могут медитировать, восседая на троне.\n- Выходцы из племён могут медитировать с помощью древ души и камней духа.\n- Аскетичные псионики могут медитировать в окружении голых стен.\n- Псионики-психопаты могут медитировать, находясь рядом с могилой. Ещё лучше, если там похоронен близкий человек.\n\nЧтобы увидеть доступные персонажу виды медитации, откройте окно с подробной информацией о нём. Для этого, выберите персонажа и нажмите кнопку «i».</LetterPsylinkLevelGained_First>
  <!-- EN: {USER_labelShort} has gained a new level of psylink! {USER_pronoun} can now use psychic powers of that higher level, but {USER_pronoun} needs to learn them first. -->
  <LetterPsylinkLevelGained_NotFirst>{USER_labelShort} {USER_gender ? получил : получила} новый уровень пси-связи! {USER_pronoun} теперь может применять пси-способности соответствующего уровня, однако {USER_objective} необходимо их сначала изучить.</LetterPsylinkLevelGained_NotFirst>
  <!-- EN: Upon gaining the new psylink level, {USER_labelShort} automatically learned these psychic powers: {2} -->
  <LetterPsylinkLevelGained_PsycastLearned>Получив новый уровень пси-связи, {USER_labelShort} автоматически {USER_gender ? изучил : изучила} эти пси-способности: {2}.</LetterPsylinkLevelGained_PsycastLearned>
  
  <!-- Abilities -->
  <!-- EN: Thanks to {CASTER_nameIndef}'s psychic suggestion, {PAWN_nameIndef} has experienced an inspiration! -->
  <LetterPsychicInspiration>Благодаря психическому воздействию {CASTER_nameIndef}, {PAWN_nameIndef} испытывает воодушевление!</LetterPsychicInspiration>

  <!-- Join Offer -->
  <!-- EN: Join offer: {PAWN_nameDef} -->
  <LetterJoinOfferLabel>{PAWN_nameDef} присоединяется</LetterJoinOfferLabel>
  <!-- EN: {PAWN_nameDef} wishes to join your faction. -->
  <LetterJoinOfferTitle>{PAWN_nameDef} желает присоединиться к вашей фракции.</LetterJoinOfferTitle>
  <!-- EN: {PAWN_nameDef} believes that {PAWN_pronoun} is happy at {MAP_definite}. {PAWN_pronoun} wishes to join you permanently. -->
  <LetterJoinOfferText>{PAWN_nameDef} в восторге от пребывания в {MAP_definite} и хочет остаться с вами навсегда.</LetterJoinOfferText>
  <!-- EN: Accept -->
  <LetterJoinOfferAccept>Принять</LetterJoinOfferAccept>

  <!-- EN: Bestowing ceremony expired -->
  <LetterLabelBestowingCeremonyExpired>Время церемонии истекло</LetterLabelBestowingCeremonyExpired>
  <!-- EN: {TARGET_definite} did not show up to the bestowing ceremony. The ceremony has been cancelled. -->
  <LetterTextBestowingCeremonyExpired>{TARGET_definite} не {TARGET_gender ? явился : явилась} на церемонию присвоения титула, и она была отменена.</LetterTextBestowingCeremonyExpired>

  <!-- EN: Who should be credited with {0} for defeating the bandit camp? -->
  <LetterTextHonorAward_BanditCamp>Кому причитается {0} за разгром лагеря бандитов?</LetterTextHonorAward_BanditCamp>

  <!-- Shuttle crash -->
  <!-- EN: Shuttle crashed -->
  <LetterLabelShuttleCrashed>Разбился челнок</LetterLabelShuttleCrashed>
  <!-- EN: A shuttle has crashed nearby -->
  <LetterTextShuttleCrashed>Неподалёку разбился челнок</LetterTextShuttleCrashed>

</LanguageData>