﻿<?xml version="1.0" encoding="UTF-8"?>
<LanguageData>
  
  <!-- EN: barn -->
  <Barn.label>хлев</Barn.label>
  
  <!-- EN: barracks -->
  <Barracks.label>общая спальня</Barracks.label>
  
  <!-- EN: bedroom -->
  <Bedroom.label>спальня</Bedroom.label>
  
  <!-- EN: dining room -->
  <DiningRoom.label>столовая</DiningRoom.label>
  
  <!-- EN: hospital -->
  <Hospital.label>больница</Hospital.label>
  
  <!-- EN: kitchen -->
  <Kitchen.label>кухня</Kitchen.label>
  
  <!-- EN: laboratory -->
  <Laboratory.label>лаборатория</Laboratory.label>
  
  <!-- EN: none -->
  <None.label>ничего</None.label>
  
  <!-- EN: prison barracks -->
  <PrisonBarracks.label>тюрьма</PrisonBarracks.label>
  
  <!-- EN: prison cell -->
  <PrisonCell.label>камера</PrisonCell.label>
  
  <!-- EN: rec room -->
  <RecRoom.label>комната отдыха</RecRoom.label>
  
  <!-- EN: room -->
  <Room.label>комната</Room.label>
  
  <!-- EN: tomb -->
  <Tomb.label>склеп</Tomb.label>
  
  <!-- EN: workshop -->
  <Workshop.label>мастерская</Workshop.label>
  
</LanguageData>