﻿<?xml version="1.0" encoding="UTF-8"?>
<LanguageData>
  
  <!-- EN: aesthetic nose -->
  <AestheticNose.label>эстетичный нос</AestheticNose.label>
  <!-- EN: The nose is shaped to the user's desired form, matching prevalent beauty standards and enhancing physical impressions. -->
  <AestheticNose.description>Нос, подстраивающийся под пожелания своего обладателя и общепринятые стандарты красоты. Не сделает вас умнее или богаче, но без сомнений добавит привлекательности в глазах окружающих.</AestheticNose.description>
  
  <!-- EN: aesthetic shaper -->
  <AestheticShaper.label>корректор фигуры</AestheticShaper.label>
  <!-- EN: A sophisticated package of hormonal and mechanite influences shapes the muscles and fat on the body, adding non-functional aesthetic tissue where needed to achieve a desired appearance. This implant can be configured to form various body shapes according to the user's taste - or that of their partner. -->
  <AestheticShaper.description>Этот продвинутый имплант представляет из себя набор механитов и гормонов, способных создавать, а также изменять форму существующих мышечных и жировых тканей. С помощью данного устройства тело может подстраиваться под любые эстетические пожелания пользователя или его партнёра.</AestheticShaper.description>
  
  <!-- EN: armorskin gland -->
  <ArmorskinGland.label>бронирующая железа</ArmorskinGland.label>
  <!-- EN: This bionic gland releases chemicals and nanomachines that toughen the skin and add flexible subdermal keratin plates at strategic points. This makes the user more resistant to damage across their whole body. Unfortunately, these changes make the skin appear leathery, with wrinkles across the whole body and face, which is generally considered ugly. -->
  <ArmorskinGland.description>Эта бионическая железа производит наномашины и химикаты, которые ужесточают кожу, а в ключевых местах создают гибкие подкожные кератиновые пластины. Это делает пользователя более устойчивым к урону по всему телу. К сожалению, в результате таких метаморфоз кожа становится грубой, а тело и лицо покрываются морщинами, что не принято считать привлекательным.</ArmorskinGland.description>
  
  <!-- EN: circadian assistant -->
  <CircadianAssistant.label>циркадный стимулятор</CircadianAssistant.label>
  <!-- EN: An artificial gland. Produces chemicals and nanomachines that clear toxin buildup from the brain. -->
  <CircadianAssistant.description>Искусственная железа, производящая наномашины и химикаты, которые борются с накоплением токсинов в мозге.</CircadianAssistant.description>
  
  <!-- EN: circadian half-cycler -->
  <CircadianHalfCycler.label>циркадный разделитель</CircadianHalfCycler.label>
  <!-- EN: A signal redirector which isolates half of the brain, allowing the other half to sleep while the user remains outwardly awake. By alternating brain halves, the user never needs to sleep. Unfortunately, two hemispheres are better than one - working with half a brain causes a reduction in consciousness. -->
  <CircadianHalfCycler.description>Координатор нервных импульсов, перенаправляющий активность между полушариями мозга, позволяя одному из них спать, а другому бодрствовать. Чередование полушарий избавляет пользователя от необходимости спать. К сожалению, две половины лучше одной – при работе только одной половины мозга ухудшается сознание.</CircadianHalfCycler.description>
  
  <!-- EN: coagulator -->
  <Coagulator.label>коагулятор</Coagulator.label>
  <!-- EN: Releases coagulating factors in response to blood loss, reducing bleeding rates significantly. -->
  <Coagulator.description>Стимулирует свёртывание крови, значительно снижая потерю крови.</Coagulator.description>
  
  <!-- EN: detoxifier stomach -->
  <DetoxifierStomach.label>детоксицирующий желудок</DetoxifierStomach.label>
  <!-- EN: An artificial stomach replacement with a broad-spectrum toxin filter and neutralization system. It allows the user to eat almost anything without ever worrying about food poisoning. -->
  <DetoxifierStomach.description>Искусственная замена желудка с системами фильтрации и нейтрализации широкого спектра токсинов. Позволяет пользователю есть практически что угодно, не боясь пищевого отравления.</DetoxifierStomach.description>
  
  <!-- EN: gastro-analyzer -->
  <GastroAnalyzer.label>гастроанализатор</GastroAnalyzer.label>
  <!-- EN: This bionic nose implant enhances the sense of smell, with a focus towards food-related smells. A multi-layered ultrafine absorption mesh detects compounds in the air. A microprocessor formats the readings into an olfactory nerve signal to send to the brain through a nerve-link interface. The result is that the user can smell foods with a depth, richness, and precision unknown among unenhanced humans, allowing them to cook more effectively. The whole unit is small enough to be installed in the nose without affecting the user's appearance. -->
  <GastroAnalyzer.description>Бионический назальный имплант, улучшающий обоняние. Состоит из многослойной сверхтонкой сетки, улавливающей в проходящем через неё воздухе химические соединения, и микропроцессора, который расшифровывает их состав и отправляет в мозг преобразованный обонятельный нервный импульс. Благодаря этому пользователь может почувствовать глубину и богатство запаха с точностью, недоступной обычному человеку, что значительно повышает его эффективность в приготовлении пищи. Размеры импланта настолько малы, что его наличие незаметно со стороны и никак не влияет на внешний вид.</GastroAnalyzer.description>
  
  <!-- EN: healing enhancer -->
  <HealingEnhancer.label>исцелитель</HealingEnhancer.label>
  <!-- EN: Releases nanomachines and healing factors that speed up wound healing. This implant only helps with physical wounds, and does nothing to combat disease or other health problems. -->
  <HealingEnhancer.description>Выпускает наномашины и гормоны, отвечающие за регенерацию, ускоряя тем самым заживление ран. Этот имплант помогает лечить лишь физические раны и не оказывает никакого влияния на болезни и другие проблемы со здоровьем.</HealingEnhancer.description>
  
  <!-- EN: immunoenhancer -->
  <Immunoenhancer.label>иммунизатор</Immunoenhancer.label>
  <!-- EN: An analysis computer inspects the bloodstream, classifies pathogens, and rapidly prompts the body's natural immune system to respond to them faster than it could alone. This speeds immunity gain significantly. -->
  <Immunoenhancer.description>Особый компьютер в реальном времени анализирует кровоток, распознаёт патогены и стимулирует реакцию иммунной системы, заставляя её реагировать на угрозу гораздо быстрее обычного. Выработка иммунитета значительно ускоряется.</Immunoenhancer.description>
  
  <!-- EN: learning assistant -->
  <LearningAssistant.label>когнитивный стимулятор</LearningAssistant.label>
  <!-- EN: A sensory recording system that replays important experiences during sleep, strengthening the formation of new memories. -->
  <LearningAssistant.description>Сенсо́рная система записи воспроизводит важную информацию во время сна, тем самым стимулируя формирование новых нейронных связей.</LearningAssistant.description>
  
  <!-- EN: love enhancer -->
  <LoveEnhancer.label>усилитель любви</LoveEnhancer.label>
  <!-- EN: Humans have always tried to use every new technology to enhance sexual satisfaction. Bionics were no exception. This implant makes physical and chemical changes to the body which enhance the experience of lovin' for both partners - both physically and psychologically. The implant unit can adapt to enhance both men and women upon being implanted. -->
  <LoveEnhancer.description>Каждую новую технологию люди всегда пытались применять для получения удовольствия. Бионика не стала исключением. Этот имплант на химическом и физиологическом уровнях изменяет тело пользователя ради усиления наслаждения от близости для обоих партнёров, как физического, так и психологического. Имплант может адаптироваться как под мужчину, так и под женщину.</LoveEnhancer.description>
  
  <!-- EN: neurocalculator -->
  <Neurocalculator.label>нейрокалькулятор</Neurocalculator.label>
  <!-- EN: A non-intelligent microcomputer controlled by a visual/tactile neural interface. It assists with memory and calculation, like a calculator and notepad embedded in the brain. -->
  <Neurocalculator.description>Микрокомпьютер, управляемый визуальным/тактильным нейронным интерфейсом. Он помогает с запоминанием и вычислением, будто в мозг поместили калькулятор и блокнот.</Neurocalculator.description>
  
  <!-- EN: nuclear stomach -->
  <NuclearStomach.label>ядерный желудок</NuclearStomach.label>
  <!-- EN: A micro-nuclear reactor combined with complex chemical synthesis replaces the body's need for food energy. Food is required only to replace matter lost from the body, reducing the user's intake needs significantly. This artifical stomach cannot get food poisoning. However, there is little room to shield the reactor, so the radiation increases the risk of cancer. -->
  <NuclearStomach.description>Этот имплант представляет из себя микроядерный реактор, совмещённый со сложным химическим синтезатором. Данное устройство сокращает потребность пользователя в пище настолько, что она нужна только для замены материи, потерянной телом. С этим искусственным желудком невозможно пищевое отравление. Однако, поскольку для должной изоляции реактора слишком мало места, увеличивается риск возникновения рака.</NuclearStomach.description>
  
  <!-- EN: reprocessor stomach -->
  <ReprocessorStomach.label>желудок повторной обработки</ReprocessorStomach.label>
  <!-- EN: An advanced chemical processing system breaks down nutrients the body could normally never use, leading to increased efficiency. -->
  <ReprocessorStomach.description>Продвинутая система химической обработки позволяет организму усваивать питательные вещества, которые до этого он усваивать не мог. Это приводит к общему улучшению его работы.</ReprocessorStomach.description>
  
  <!-- EN: stoneskin gland -->
  <StoneskinGland.label>железа каменной кожи</StoneskinGland.label>
  <!-- EN: This bionic gland releases chemical and nanomachines that transform the user's skin into a built-in suit of armor. The whole epidermis thickens and hardens to resist burns, while jointed exterior keratin plates form everywhere they can - including the head and face. While it's very difficult to physically hurt someone using this implant, the plates and hard skin significantly reduces the user's physical attractiveness. -->
  <StoneskinGland.description>Эта бионическая железа выделяет наномашины и химикаты, трансформирующие кожу пользователя в доспех. Весь эпидермис утолщается и твердеет, чтобы противостоять ожогам, в то время как внешние кератиновые пластины образуются и соединяются везде, где только возможно, включая голову и лицо. Становится очень трудно причинить физический вред пользователю импланта, однако пластины и твёрдая кожа значительно снижают его привлекательность.</StoneskinGland.description>
  
  <!-- EN: toughskin gland -->
  <ToughskinGland.label>железа твёрдой кожи</ToughskinGland.label>
  <!-- EN: This bionic gland releases chemicals and nanomachines that toughen the skin, making it somewhat more resistant to damage. While it doesn't add as much protection as some other skin-hardening glands, the toughskin gland has the advantage of not noticeably altering the user's appearance. -->
  <ToughskinGland.description>Эта бионическая железа выделяет наномашины и химикаты, которые укрепляют кожу, делая её несколько более устойчивой к повреждениям. Хотя эта железа предоставляет не так много защиты, как другие кожные бионические железы, железа твёрдой кожи практически не изменяет внешний вид пользователя.</ToughskinGland.description>
  
</LanguageData>