﻿<?xml version="1.0" encoding="UTF-8"?>
<LanguageData>
  
  <!-- EN: persona monosword -->
  <MeleeWeapon_MonoSwordBladelink.label>синхромономеч</MeleeWeapon_MonoSwordBladelink.label>
  <!-- EN: A crystal-metallic longsword infused with mechanites that maintain a mono-molecular cutting edge. It cuts through even thick armor with ease, while its light weight and onboard persona permit extremely fast attacks.\n\nThis weapon has an onboard persona that can bond to only a single person. The wielder and intelligent weapon can synchronize their reflexes and attack with frightening speed, accuracy, and creativity. Once bonded to a wielder, the weapon's persona will refuse to be wielded by anyone else. -->
  <MeleeWeapon_MonoSwordBladelink.description>Меч с кристально-металлической структурой и напылением из механитов, поддерживающих мономолекулярную толщину режущей кромки. Способен с лёгкостью проходить даже сквозь толстую броню, и, благодаря своей лёгкости, позволяет владельцу наносить быстрые удары.\n\nЭто оружие обладает встроенной ИИ-личностью, которая может привязаться только к одному человеку. Владелец и оружие синхронизируют свои рефлексы, получая возможность атаковать с ужасающей скоростью, точностью и изобретательностью. После формирования связи оружие откажется работать в чужих руках.</MeleeWeapon_MonoSwordBladelink.description>
  <!-- EN: handle -->
  <MeleeWeapon_MonoSwordBladelink.tools.handle.label>рукоять</MeleeWeapon_MonoSwordBladelink.tools.handle.label>
  <!-- EN: point -->
  <MeleeWeapon_MonoSwordBladelink.tools.point.label>остриё</MeleeWeapon_MonoSwordBladelink.tools.point.label>
  <!-- EN: edge -->
  <MeleeWeapon_MonoSwordBladelink.tools.edge.label>лезвие</MeleeWeapon_MonoSwordBladelink.tools.edge.label>
  
  <!-- EN: persona plasmasword -->
  <MeleeWeapon_PlasmaSwordBladelink.label>плазменный синхромеч</MeleeWeapon_PlasmaSwordBladelink.label>
  <!-- EN: A metal-cored sword with a cutting edge. Plasma is wrapped around the core, held in place by an energy field. Targets are both sliced by the metal core, as well as burned or ignited by the plasma sheath.\n\nThis weapon has an onboard persona that can bond to only a single person. The wielder and intelligent weapon can synchronize their reflexes and attack with frightening speed, accuracy, and creativity. Once bonded to a wielder, the weapon's persona will refuse to be wielded by anyone else. -->
  <MeleeWeapon_PlasmaSwordBladelink.description>Меч, состоящий из металлического сердечника и плазмы, удерживаемой вокруг него энергетическим полем. Цели разрезаются сердечником, а так же обжигаются или воспламеняются с помощью плазменной оболочки.\n\nЭто оружие обладает встроенной ИИ-личностью, которая может привязаться только к одному человеку. Владелец и оружие синхронизируют свои рефлексы, получая возможность атаковать с ужасающей скоростью, точностью и изобретательностью. После формирования связи оружие откажется работать в чужих руках.</MeleeWeapon_PlasmaSwordBladelink.description>
  <!-- EN: handle -->
  <MeleeWeapon_PlasmaSwordBladelink.tools.handle.label>рукоять</MeleeWeapon_PlasmaSwordBladelink.tools.handle.label>
  <!-- EN: point -->
  <MeleeWeapon_PlasmaSwordBladelink.tools.point.label>остриё</MeleeWeapon_PlasmaSwordBladelink.tools.point.label>
  <!-- EN: edge -->
  <MeleeWeapon_PlasmaSwordBladelink.tools.edge.label>лезвие</MeleeWeapon_PlasmaSwordBladelink.tools.edge.label>
  
  <!-- EN: persona zeushammer -->
  <MeleeWeapon_ZeusHammerBladelink.label>синхроэлектромолот</MeleeWeapon_ZeusHammerBladelink.label>
  <!-- EN: A warhammer with an embedded EMP capacitor. Upon impact, it blasts the target with an EMP burst in addition to the physical damage.\n\nThis weapon has an onboard persona that can bond to only a single person. The wielder and intelligent weapon can synchronize their reflexes and attack with frightening speed, accuracy, and creativity. Once bonded to a wielder, the weapon's persona will refuse to be wielded by anyone else. -->
  <MeleeWeapon_ZeusHammerBladelink.description>Боевой молот с встроенным электромагнитным конденсатором. При ударе цель, помимо механического урона, получает повреждения от электромагнитного разряда.\n\nЭто оружие обладает встроенной ИИ-личностью, которая может привязаться только к одному человеку. Владелец и оружие синхронизируют свои рефлексы, получая возможность атаковать с ужасающей скоростью, точностью и изобретательностью. После формирования связи оружие откажется работать в чужих руках.</MeleeWeapon_ZeusHammerBladelink.description>
  <!-- EN: handle -->
  <MeleeWeapon_ZeusHammerBladelink.tools.handle.label>рукоять</MeleeWeapon_ZeusHammerBladelink.tools.handle.label>
  <!-- EN: head -->
  <MeleeWeapon_ZeusHammerBladelink.tools.head.label>боевая часть</MeleeWeapon_ZeusHammerBladelink.tools.head.label>
  
</LanguageData>
