﻿<?xml version="1.0" encoding="UTF-8"?>
<LanguageData>
  
  <!-- EN: monosword -->
  <MeleeWeapon_MonoSword.label>мономеч</MeleeWeapon_MonoSword.label>
  <!-- EN: A crystal-metallic longsword infused with mechanites that maintain a mono-molecular cutting edge. It cuts through even thick armor with ease, and its light weight permits fast attacks. -->
  <MeleeWeapon_MonoSword.description>Меч с кристально-металлической структурой и напылением из механитов, поддерживающих мономолекулярную толщину режущей кромки. Способен с лёгкостью проходить даже сквозь толстую броню, и, благодаря своей лёгкости, позволяет владельцу наносить быстрые удары.</MeleeWeapon_MonoSword.description>
  <!-- EN: handle -->
  <MeleeWeapon_MonoSword.tools.handle.label>рукоять</MeleeWeapon_MonoSword.tools.handle.label>
  <!-- EN: point -->
  <MeleeWeapon_MonoSword.tools.point.label>остриё</MeleeWeapon_MonoSword.tools.point.label>
  <!-- EN: edge -->
  <MeleeWeapon_MonoSword.tools.edge.label>лезвие</MeleeWeapon_MonoSword.tools.edge.label>
  
  <!-- EN: plasmasword -->
  <MeleeWeapon_PlasmaSword.label>плазменный меч</MeleeWeapon_PlasmaSword.label>
  <!-- EN: A metal-cored sword with a cutting edge. Plasma is wrapped around the core, held in place by an energy field. Targets are both sliced by the metal core, as well as burned or ignited by the plasma sheath. -->
  <MeleeWeapon_PlasmaSword.description>Меч, состоящий из металлического сердечника и плазмы, удерживаемой вокруг него энергетическим полем. Цели разрезаются сердечником, а так же обжигаются или воспламеняются с помощью плазменной оболочки.</MeleeWeapon_PlasmaSword.description>
  <!-- EN: handle -->
  <MeleeWeapon_PlasmaSword.tools.handle.label>рукоять</MeleeWeapon_PlasmaSword.tools.handle.label>
  <!-- EN: point -->
  <MeleeWeapon_PlasmaSword.tools.point.label>остриё</MeleeWeapon_PlasmaSword.tools.point.label>
  <!-- EN: edge -->
  <MeleeWeapon_PlasmaSword.tools.edge.label>лезвие</MeleeWeapon_PlasmaSword.tools.edge.label>
  
  <!-- EN: zeushammer -->
  <MeleeWeapon_Zeushammer.label>электромолот</MeleeWeapon_Zeushammer.label>
  <!-- EN: A warhammer with an embedded EMP capacitor. Upon impact, it blasts the target with an EMP burst in addition to the physical damage. -->
  <MeleeWeapon_Zeushammer.description>Боевой молот с встроенным электромагнитным конденсатором. При ударе цель, помимо механического урона, получает повреждения от электромагнитного разряда.</MeleeWeapon_Zeushammer.description>
  <!-- EN: handle -->
  <MeleeWeapon_Zeushammer.tools.handle.label>рукоять</MeleeWeapon_Zeushammer.tools.handle.label>
  <!-- EN: head -->
  <MeleeWeapon_Zeushammer.tools.head.label>боевая часть</MeleeWeapon_Zeushammer.tools.head.label>
  
</LanguageData>