﻿<?xml version="1.0" encoding="utf-8"?>
<LanguageData>

	<!--EN
	<Xenophobia.degreeDatas.0.label>xenophobe</Xenophobia.degreeDatas.0.label> -->
	<Xenophobia.degreeDatas.0.label>ксенофобия</Xenophobia.degreeDatas.0.label>
	<!--EN
	<Xenophobia.degreeDatas.0.description>[PAWN_nameDef] hates and distrusts xenos. They see them as little more than animals.</Xenophobia.degreeDatas.0.description> -->
	<Xenophobia.degreeDatas.0.description>{PAWN_nameDef} ненавидит инопланетян и не доверяет им. {PAWN_pronoun} видит в них больше животных, чем себе подобных.</Xenophobia.degreeDatas.0.description>

	<!--EN
	<Xenophobia.degreeDatas.1.label>xenophile</Xenophobia.degreeDatas.1.label> -->
	<Xenophobia.degreeDatas.1.label>ксенофилия</Xenophobia.degreeDatas.1.label>
	<!--EN
	<Xenophobia.degreeDatas.1.description>[PAWN_nameDef] thinks aliens are exotic and interesting. They would love to get to know them more and wouldn't mind forming relationships with them.</Xenophobia.degreeDatas.1.description> -->
	<Xenophobia.degreeDatas.1.description>{PAWN_nameDef} считает инопланетян экзотическими и интересными. {PAWN_pronoun} не прочь познакомиться с ними поближе, а может и вступить в отношения.</Xenophobia.degreeDatas.1.description>

</LanguageData>