﻿<?xml version="1.0" encoding="UTF-8"?>
<LanguageData>
  
  <!-- EN: chemical consumption -->
  <Chemical.label>употребление «химии»</Chemical.label>
  
  <!-- EN: cerebral play -->
  <Gaming_Cerebral.label>интеллектуальные игры</Gaming_Cerebral.label>
  
  <!-- EN: dexterity play -->
  <Gaming_Dexterity.label>игры на ловкость</Gaming_Dexterity.label>
  
  <!-- EN: food consumption -->
  <Gluttonous.label>вкусная еда</Gluttonous.label>
  
  <!-- EN: solitary relaxation -->
  <Meditative.label>задумчивость</Meditative.label>
  
  <!-- EN: social interaction -->
  <Social.label>социальность</Social.label>
  
  <!-- EN: telescope study -->
  <Telescope.label>наблюдение в телескоп</Telescope.label>
  
  <!-- EN: television watching -->
  <Television.label>просмотр ТВ</Television.label>
  
</LanguageData>