﻿<?xml version="1.0" encoding="UTF-8"?>
<LanguageData>

  <!-- EN: Click to jump to problem -->
  <ClickToJumpToProblem>Нажмите для перехода к проблеме</ClickToJumpToProblem>

  <!-- EN: Minor break risk -->
  <BreakRiskMinor>Риск лёгкого нервного срыва</BreakRiskMinor>
  <!-- EN: Major break risk -->
  <BreakRiskMajor>Риск серьёзного нервного срыва</BreakRiskMajor>
  <!-- EN: Extreme break risk -->
  <BreakRiskExtreme>Риск тяжёлого нервного срыва</BreakRiskExtreme>
  <!-- EN: These colonists are in a poor mood and may have a minor mental break at any time:\n\n{0} -->
  <BreakRiskMinorDesc>Эти поселенцы в плохом настроении и могут получить лёгкий нервный срыв в любой момент:\n\n{0}</BreakRiskMinorDesc>
  <!-- EN: These colonists are in a very poor mood and may have a major mental break at any time:\n\n{0} -->
  <BreakRiskMajorDesc>Эти поселенцы в очень плохом настроении и могут получить серьёзный нервный срыв в любой момент:\n\n{0}</BreakRiskMajorDesc>
  <!-- EN: These colonists are critically stressed and may have an extreme (and possibly violent) mental break at any moment:\n\n{0} -->
  <BreakRiskExtremeDesc>Эти поселенцы испытывают сильный стресс и могут получить тяжёлый нервный срыв, который в любой момент может привести к насилию.\n\n{0}</BreakRiskExtremeDesc>
  <!-- EN: Check these colonists' Needs tab to see what's bothering them.\n\nTo make colonists feel better, you can do things like make them fancy meals, give them more recreation hours per day and nicer recreation objects, place them in beautiful environments, have them drink and smoke, and much more. -->
  <BreakRiskDescEnding>Проверьте вкладку «Нужды», чтобы понять, что их беспокоит.\n\nЧтобы поселенцы чувствовали себя лучше, вы можете приготовить хорошие блюда, дать им больше свободного времени, обеспечить их более качественными развлечениями и улучшить их среду обитания, даже позволить им пить и курить, или же придумать что-то ещё.</BreakRiskDescEnding>

  <!-- EN: Colonist needs rescue -->
  <ColonistNeedsRescue>Поселенцу нужна помощь</ColonistNeedsRescue>
  <!-- EN: Colonists need rescue -->
  <ColonistsNeedRescue>Поселенцам нужна помощь</ColonistsNeedRescue>
  <!-- EN: These colonists are incapacitated on the ground:\n\n{0}\nSend another colonist to rescue them and carry them back to bed.\n\n(To rescue, select another colonist, then right click on the victim and select Rescue. -->
  <ColonistsNeedRescueDesc>Эти поселенцы травмированы и лежат на земле:\n\n{0}\nПошлите другого поселенца, чтобы спасти их и оттащить в кровати.\n\n(Для спасения выберите другого поселенца, затем щёлкните правой кнопкой мыши на пострадавшем и выберите «Спасти»).</ColonistsNeedRescueDesc>

  <!-- EN: Need defenses -->
  <NeedDefenses>Нужны оборонительные сооружения</NeedDefenses>
  <!-- EN: You've been here some time and have probably been seen. Pirate raids will start soon.\n\nYou should prepare defenses, like sandbags or traps. -->
  <NeedDefensesDesc>Вы здесь уже относительно давно и вас, скорее всего, заметили. Скоро начнутся нападения.\n\nНужно подготовить оборонительные сооружения, например, ловушки или укрепления из мешков с песком.</NeedDefensesDesc>

  <!-- EN: Need doctor -->
  <NeedDoctor>Нужен врач</NeedDoctor>
  <!-- EN: These colonists need medical care, but you have no healthy colonists assigned as doctors.\n\n{0}\nAssign a healthy colonist to the Doctor work type. If left untreated, wounds may never heal properly and may become permanent. -->
  <NeedDoctorDesc>Этим пациентам нужна медицинская помощь. У вас нет здоровых поселенцев, назначенных врачами.\n\n{0}\nВо вкладке «Работа» выберите здорового поселенца и поставьте галочку в колонке «Врач» напротив его имени. Иначе оставленные без ухода пациенты могут остаться больными на всю жизнь, или вы вообще их потеряете.</NeedDoctorDesc>

  <!-- EN: Need miner -->
  <NeedMiner>Нужен шахтёр</NeedMiner>
  <!-- EN: You have designated some rocks to be mined, but no colonist has the Mining work type.\n\nAssign a colonist the Mining work type. -->
  <NeedMinerDesc>Вы разметили скалы для проведения горных работ, но никого не назначили шахтёром.\n\nВо вкладке «Работа» назначьте хотя бы одного поселенца, поставив галочку в колонке «Шахтёр» напротив его имени.</NeedMinerDesc>

  <!-- EN: Need warden -->
  <NeedWarden>Нужен надзиратель</NeedWarden>
  <!-- EN: You have a prisoner, but no colonist has the Warden work type.\n\nAssign a colonist the Warden work type. -->
  <NeedWardenDesc>У вас есть пленник, но нет надзирателя.\n\nВо вкладке «Работа» назначьте хотя бы одного поселенца, поставив галочку в колонке «Надзор» напротив его имени.</NeedWardenDesc>

  <!-- EN: Low food -->
  <LowFood>Мало пищи</LowFood>
  <!-- EN: You are dangerously low on food.\n\n    Full bars worth of food in storage: {0}\n    Colonists and prisoners getting food: {1}\n    Days worth of food in storage: {2}\n\nGrow, buy, find, or kill some food. -->
  <LowFoodDesc>У поселения мало продовольствия.\n\n    Готовой провизии на складе: {0} ед.\n    Поселенцы и пленники получают {1} ед.\n    Этого хватит на ^Number( {2} | '# день' | '# дня' | '# дней')^.\n\nНайдите пропитание любым способом: вырастите, добудьте на охоте, отыщите или купите. Потом приготовьте побольше блюд.</LowFoodDesc>

  <!-- EN: Low medicine -->
  <LowMedicine>Мало лекарств</LowMedicine>
  <!-- EN: You only have {0} medications left in storage.\n\nBuy more medicine from traders. -->
  <LowMedicineDesc>У вас осталось всего {0} ед. лекарственных препаратов.\n\nКупите медикаменты у торговцев.</LowMedicineDesc>
  <!-- EN: You have no medicine left in storage.\n\nBuy more medicine from traders. -->
  <NoMedicineDesc>У вас на складах нет лекарственных препаратов.\n\nКупите медикаменты у торговцев.</NoMedicineDesc>
  
  <!-- EN: Need colonist beds -->
  <NeedColonistBeds>Нужны кровати</NeedColonistBeds>
  <!-- EN: You have more colonists than you have colonist beds. Someone will lack a place to sleep.\n\nEither make more beds, or change a prisoner bed to a colonist bed.\n\nIf you have no resources, sleeping spots are free and can be placed instantly. -->
  <NeedColonistBedsDesc>У вас больше поселенцев, чем кроватей для них. Кому-то не хватит места для сна.\n\nЛибо разместите больше кроватей, либо назначьте поселенцам часть кроватей пленников.\n\nЕсли у вас не хватает ресурсов, вы можете просто обозначить для них спальные места.</NeedColonistBedsDesc>
  
  <!-- EN: Colonist left unburied -->
  <AlertColonistLeftUnburied>Поселенец не погребён</AlertColonistLeftUnburied>
  <!-- EN: A colonist is left unburied.\n\nThis may negatively affect your colonists' mood. -->
  <AlertColonistLeftUnburiedDesc>Тело одного из поселенцев не получило достойного погребения.\n\nЭто может негативно отразиться на настроении ваших живых поселенцев.</AlertColonistLeftUnburiedDesc>

  <!-- EN: Hunter lacks ranged weapon -->
  <HunterLacksWeapon>У охотника нет оружия дальнего боя</HunterLacksWeapon>
  <!-- EN: A colonist is assigned as a hunter but does not have a ranged weapon.\n\nThey will not hunt until they are carrying a ranged weapon. -->
  <HunterLacksWeaponDesc>Поселенец назначен охотником, но у него нет оружия дальнего боя.\n\nОн не будет охотиться, пока не получит такое оружие.</HunterLacksWeaponDesc>

  <!-- EN: Tattered apparel -->
  <AlertTatteredApparel>Рваная одежда</AlertTatteredApparel>
  <!-- EN: These colonists are wearing tattered apparel, which is making them sad:\n\n{0}\nGet them some apparel that isn't so badly damaged.\n\nYou can tailor apparel at a crafting spot or tailoring table, or buy it from traders. -->
  <AlertTatteredApparelDesc>Эти поселенцы одеты в изодранные лохмотья, и это не может их не огорчать.\n\n{0}\nРаздобудьте для них одежду в приличном состоянии.\n\nВы можете сшить её на рабочем месте, за столом портного или на швейной машинке, либо купить у торговцев.</AlertTatteredApparelDesc>

  <!-- EN: Unhappy nudity -->
  <AlertUnhappyNudity>Без одежды</AlertUnhappyNudity>
  <!-- EN: These colonists are nude and not happy about it:\n\n{0}\nGet them some clothes.\n\nYou can tailor apparel at a crafting spot or tailoring table, or buy it from traders. -->
  <AlertUnhappyNudityDesc>На этих поселенцах совсем нет одежды, и им это не нравится:\n\n{0}\nРаздобудьте для них одежду.\n\nВы можете сшить её на рабочем месте, за столом портного или на швейной машинке, либо купить у торговцев.</AlertUnhappyNudityDesc>

  <!-- EN: Starvation -->
  <Starvation>Голод</Starvation>
  <!-- EN: These colonists are starving:\n\n{0}\nGet them some food. -->
  <StarvationDesc>Эти поселенцы голодают:\n\n{0}\nРаздобудьте им еды.</StarvationDesc>

  <!-- EN: Animal starvation -->
  <StarvationAnimals>Голодание животных</StarvationAnimals>
  <!-- EN: These colony animals are starving:\n\n{0}\nGet them some food. -->
  <StarvationAnimalsDesc>Эти животные голодают:\n\n{0}\nРаздобудьте им еды.</StarvationAnimalsDesc>

  <!-- EN: Exhaustion -->
  <Exhaustion>Изнеможение</Exhaustion>
  <!-- EN: These colonists are exhausted and need rest:\n\n{0}\nGet them some rest. They'll need a bed marked for colonist use. Also, make sure they're not drafted. -->
  <ExhaustionDesc>Эти поселенцы измождены и нуждаются в отдыхе:\n\n{0}\nДайте им немного отдохнуть. Им понадобится кровать, отмеченная для использования поселенцами. Также убедитесь, что они не находятся в боевом режиме.</ExhaustionDesc>

  <!-- EN: Need food hopper -->
  <NeedFoodHopper>Нужна загрузочная воронка</NeedFoodHopper>
  <!-- EN: You have a nutrient dispenser with no hopper next to it.\n\nTo work, paste dispensers must draw from an adjacent hopper filled with raw food.\n\nBuild a hopper adjacent to the dispenser. -->
  <NeedFoodHopperDesc>Рядом с дозатором пасты нет загрузочной воронки.\n\nДля работы дозатора в соседней с ним клетке должна стоять загрузочная воронка, наполненная сырыми продуктами.\n\nПостройте её рядом с дозатором пасты.</NeedFoodHopperDesc>

  <!-- EN: Need meal source -->
  <NeedMealSource>Нужна готовая еда</NeedMealSource>
  <!-- EN: You have no way of preparing proper meals from raw food.\n\nBuild a stove, campfire, or nutrient dispenser.\n\n(It cannot be in a prison cell, otherwise colonists cannot use it.) -->
  <NeedMealSourceDesc>У вас негде готовить еду.\n\nРазведите костёр, постройте дозатор пасты или кухонную плиту.\n\n(Они не должны находиться в камере для пленных, иначе поселенцы не смогут их использовать).</NeedMealSourceDesc>

  <!-- EN: Need recreation variety -->
  <NeedJoySource>Нужны новые развлечения</NeedJoySource>
  <!-- EN: There are only {0} different recreation types available in {1}, but at the current expectations level ({2}), colonists need {3} different kinds of recreation to remain satisfied. Provide recreation variety supplying a new, different kind of recreation.\n\n{4}\n\n{5}\n\nNote: You can check the recreation type of any item in its stats page, accessible with the 'i' button. -->
  <NeedJoySourceDesc>В поселении {1} всего ^Number( {0} | '# вид развлечения' | '# вида развлечения' | '# разных видов развлечений')^, а для того, чтобы удовлетворить текущие {2} ожидания поселенцев, требуется {3}. Разнообразьте их досуг, добавляя новые виды развлечений.\n\n{4}\n\n{5}\n\nВы можете узнать вид развлечения для каждого объекта в окне информации, вызываемом по нажатию клавиши "i".</NeedJoySourceDesc>
  <!-- EN: Available recreation types -->
  <AvailableRecreationTypes>Доступные виды развлечений</AvailableRecreationTypes>
  <!-- EN: Missing recreation types -->
  <MissingRecreationTypes>Отсутствующие виды развлечений</MissingRecreationTypes>
  <!-- EN: At current expectations ({0}), each tolerance falls by {1} per day awake. Having {2} recreation types is recommended. -->
  <CurrentExpectationsAndRecreation>С текущим уровнем ожиданий ({0}) «привычность» к каждому из видов развлечения падает на {1} единиц каждый день. Рекомендуется предоставить поселенцам хотя бы ^Number( {2} | '# вид развлечения' | '# вида развлечения' | '# разных видов развлечений')^.</CurrentExpectationsAndRecreation>
  <!-- EN: bored -->
  <bored>скука</bored>

  <!-- EN: Boredom -->
  <Boredom>Скука</Boredom>
  <!-- EN: These people are either in need of recreation or are assigned to recreation, but are bored of every available source of recreation:\n\n{0}\n\nGet them some more recreation variety.\n\nCurrently available recreation types for {PAWN_labelShort}:\n\n{2} -->
  <BoredomDesc>Этим люди хотят или назначены развлекаться, но все имеющиеся виды развлечений им наскучили:\n\n{0}\n\nРазнообразьте их досуг.\n\nДоступные на данный момент развлечения для {PAWN_labelShort}:\n\n{2}</BoredomDesc>

  <!-- EN: Need batteries -->
  <NeedBatteries>Нужны аккумуляторы</NeedBatteries>
  <!-- EN: You have a solar or wind generator, but no batteries. This means you'll lose power every time the sun goes down or the wind calms.\n\nBuild a battery or two to guarantee sustained power. -->
  <NeedBatteriesDesc>У вас есть солнечные батареи или ветрогенераторы, но нет аккумуляторов. Это значит, что ваше поселение будет оставаться без энергии каждый раз, как зайдёт солнце или стихнет ветер.\n\nПостройте один или несколько аккумуляторов, чтобы иметь запас энергии.</NeedBatteriesDesc>

  <!-- EN: Brawler has ranged weapon -->
  <BrawlerHasRangedWeapon>Драчун носит оружие дальнего боя</BrawlerHasRangedWeapon>
  <!-- EN: One of your colonists has the Brawler personality trait, but is carrying a ranged weapon. This will make them very unhappy. -->
  <BrawlerHasRangedWeaponDesc>Один из ваших поселенцев предпочитает сражаться врукопашную, но он вооружён оружием дальнего боя. Это раздражает его.</BrawlerHasRangedWeaponDesc>

  <!-- EN: Shield user has ranged weapon -->
  <ShieldUserHasRangedWeapon>Человек со щитом носит оружие дальнего боя</ShieldUserHasRangedWeapon>
  <!-- EN: One of your colonists has a shield belt and is carrying a ranged weapon. They will not be able to fire their weapon through the shield (except at targets who are already touching them). -->
  <ShieldUserHasRangedWeaponDesc>Один из ваших поселенцев имеет личный щит и вооружён оружием дальнего боя. Он не сможет стрелять из него через щит (кроме целей, стоящих вплотную).</ShieldUserHasRangedWeaponDesc>

  <!-- EN: Need research project -->
  <NeedResearchProject>Не назначено исследование</NeedResearchProject>
  <!-- EN: You have the equipment to do research but have not selected a project.\n\nOpen the research menu and select a project. -->
  <NeedResearchProjectDesc>У вас есть оборудование для исследований, но не выбран проект.\n\nОткройте вкладку «Технологии» и назначьте проект.</NeedResearchProjectDesc>

  <!-- EN: {0} colonists idle -->
  <ColonistsIdle>^Number( {0} | '# поселенец бездельничает' | '# поселенца бездельничают' | '# поселенцев бездельничают')^</ColonistsIdle>
  <!-- EN: These colonists are wandering idly:\n\n{0}\nYou should probably find them something productive to do. -->
  <ColonistsIdleDesc>Эти поселенцы слоняются без дела:\n\n{0}\nВозможно, следует назначить им продуктивное занятие.</ColonistsIdleDesc>
  
  <!-- EN: Caravan idle -->
  <CaravanIdle>Караван ждёт</CaravanIdle>
  <!-- EN: These caravans are waiting for you to set their next destination:\n\n{0} -->
  <CaravanIdleDesc>Эти караваны ожидают ваших указаний:\n\n{0}</CaravanIdleDesc>

  <!-- EN: Colonist needs treatment -->
  <ColonistNeedsTreatment>Нужно лечение</ColonistNeedsTreatment>
  <!-- EN: These colonists need medical treatment. Without it, they may die of their wounds, or their wounds may become permanent.\n\n{0}\nTreat them by sending them to a medical bed.\n\n(First, assign a medical bed by selecting it and toggling it into a medical bed. Then, select the wounded colonists and right-click on the medical bed to make them a patient.) -->
  <ColonistNeedsTreatmentDesc>Эти поселенцы нуждаются в медицинской помощи. Без неё они могут слишком долго от оправляться ран, или вы вообще потеряете людей.\n\n{0}\nВылечите поселенцев, отправив их в медицинские кровати.\n\n(Сначала сделайте какую-нибудь кровать медицинской, выбрав её и переключив в медицинский режим. Затем, выберите раненых поселенцев и щёлкните правой кнопкой мыши на медицинской кровати, чтобы сделать их пациентами.)</ColonistNeedsTreatmentDesc>

  <!-- EN: Hypothermia -->
  <AlertHypothermia>Гипотермия</AlertHypothermia>
  <!-- EN: These colonists are suffering from hypothermia:\n\n{0}\nMake sure their clothing is appropriate for the season and that indoor spaces are properly heated. -->
  <AlertHypothermiaDesc>Эти поселенцы страдают от гипотермии:\n\n{0}\nУбедитесь, что они одеты по погоде, а ваши помещения обогреваются должным образом.</AlertHypothermiaDesc>
  
  <!-- EN: {0} patients await medical operation -->
  <PatientsAwaitingMedicalOperation>^Number( {0} | '# пациент ждёт' | '# пациента ждут' | '# пациентов ждут')^ медпроцедуры</PatientsAwaitingMedicalOperation>
  <!-- EN: These patients await medical operation:\n\n{0}\nMake sure you have all necessary medical tools and a free doctor available. -->
  <PatientsAwaitingMedicalOperationDesc>Эти пациенты ждут своей очереди на проведение медицинской процедуры:\n\n{0}\nУбедитесь, что у вас есть все необходимые медицинские инструменты и свободный врач.</PatientsAwaitingMedicalOperationDesc>

  <!-- EN: Fire! -->
  <FireInHomeArea>Пожар!</FireInHomeArea>
  <!-- EN: There is a fire in the home area. -->
  <FireInHomeAreaDesc>Пожар в домашней области.</FireInHomeAreaDesc>

  <!-- EN: Medical emergency -->
  <PawnsWithLifeThreateningDisease>Фатальные болезни</PawnsWithLifeThreateningDisease>
  <!-- EN: People are at risk of death because of severe illness:\n\n{0}\nMake sure that they get the best medical care possible. -->
  <PawnsWithLifeThreateningDiseaseDesc>Люди, подверженные фатальному риску из-за тяжёлых болезней:\n\n{0}\nУбедитесь, что они получают самый лучший врачебный уход.</PawnsWithLifeThreateningDiseaseDesc>
  <!-- EN: People are at risk for death because of severe illness:\n\n{0}\nIf possible, consider amputating or replacing infected limbs in order to keep colonists alive. -->
  <PawnsWithLifeThreateningDiseaseAmputationDesc>Люди, подверженные фатальному риску из-за серьёзных болезней:\n\n{0}\nЕсли у человека инфицирована конечность, подумайте о её ампутации или замене, чтобы не потерять поселенца.</PawnsWithLifeThreateningDiseaseAmputationDesc>

  <!-- EN: Billiards needs space -->
  <BilliardsNeedsSpace>Для бильярдного стола нужно больше места</BilliardsNeedsSpace>
  <!-- EN: One of your billiards table is adjacent to an obstruction that will prevent colonists from using it.\n\nA billiards table needs clear space around it on all sides to be usable. -->
  <BilliardsNeedsSpaceDesc>Один из бильярдных столов невозможно использовать.\n\nПространство вокруг стола должно быть свободно.</BilliardsNeedsSpaceDesc>

  <!-- EN: Hunter has shield and ranged weapon -->
  <HunterHasShieldAndRangedWeapon>Охотник носит щит и оружие</HunterHasShieldAndRangedWeapon>
  <!-- EN: One of your hunters is using a ranged weapon and wearing a shield belt which prevents shooting at range.\n\nThey won't be able to hunt unless the shield is removed. -->
  <HunterHasShieldAndRangedWeaponDesc>Один из ваших охотников носит персональный щит вместе с оружием дальнего боя.\n\nОн не сможет охотиться до тех пор, пока не снимет щит.</HunterHasShieldAndRangedWeaponDesc>

  <!-- EN: Need warm clothes -->
  <NeedWarmClothes>Нужна тёплая одежда</NeedWarmClothes>
  <!-- EN: At least {0} of your colonists will lack warm clothes when the cold season comes. -->
  <NeedWarmClothesDesc1>Как минимум у {0} из ваших поселенцев нет тёплой одежды к наступлению холодов.</NeedWarmClothesDesc1>
  <!-- EN: All of your colonists will lack warm clothes when the cold season comes. -->
  <NeedWarmClothesDesc1All>Ни у одного из ваших поселенцев нет тёплой одежды к наступлению холодов.</NeedWarmClothesDesc1All>
  <!-- EN: The outdoor temperature is going to reach {0}.\n\nYou can tailor warm clothes at the tailoring bench, or buy them from traders. -->
  <NeedWarmClothesDesc2>Температура за окном опускается до {0}.\n\nВы можете сшить тёплую одежду за столом портного или на швейной машинке, либо купить её у торговцев.</NeedWarmClothesDesc2>

  <!-- EN: Immobile caravan -->
  <ImmobileCaravan>Неподвижный караван</ImmobileCaravan>
  <!-- EN: One of your caravans is immobile because it carries too much.\n\nYou can make the caravan mobile again by abandoning some items in the ITEMS tab. -->
  <ImmobileCaravanDesc>Один из ваших караванов не может передвигаться, так как несёт слишком много груза.\n\nЧтобы караван мог продолжить движение, придётся избавиться от некоторых вещей (вкладка «Груз»).</ImmobileCaravanDesc>

  <!-- EN: Building unusable due to roof -->
  <BuildingCantBeUsedRoofed>Крыша не позволяет использовать сооружение</BuildingCantBeUsedRoofed>
  <!-- EN: One or more of your buildings can only be used if not roofed, but there is a roof over it. The building(s) won't be usable until you remove the roof. -->
  <BuildingCantBeUsedRoofedDesc>Как минимум одно из ваших сооружений предназначено для работы на открытом воздухе. Пока вы не уберёте крышу над ним, использование этого объекта будет невозможным.</BuildingCantBeUsedRoofedDesc>

  <!-- EN: Heatstroke -->
  <AlertHeatstroke>Тепловой удар</AlertHeatstroke>
  <!-- EN: The following people are suffering from heatstroke:\n\n{0}\nGet them to a cooler area. You can cool down rooms with passive coolers or electrical coolers. Deep underground spaces are also naturally cool, if separated from the outdoors by a door. -->
  <AlertHeatstrokeDesc>Эти люди страдают от теплового удара:\n\n{0}\nОтведите их в прохладное место. Для охлаждения помещений применяются испарительные охладители и кондиционеры. Пространства в толще горной породы сохраняют естественную прохладу, если они отделены от улицы дверью.</AlertHeatstrokeDesc>

  <!-- EN: Guest unhappy -->
  <QuestPartMoodBelowThreshold>Гость недоволен</QuestPartMoodBelowThreshold>
  <!-- EN: The quest {0} requires you to keep this person in a good mood. However, their mood is poor. Take some action to make them feel better:\n\n{1} -->
  <QuestPartMoodBelowThresholdDesc>Задание «{0}» требует поддерживать этого человека в хорошем настроении. Однако сейчас он в плохом расположении духа. Сделайте что-нибудь для него:\n\n{1}</QuestPartMoodBelowThresholdDesc>
  
  <!-- EN: Shuttle leaving in {0} -->
  <QuestPartShuttleLeaveDelay>Челнок стартует через {0}</QuestPartShuttleLeaveDelay>
  <!-- EN: The shuttle will leave in {1}. The quest {0} requires you to load the following people or items onto the shuttle before it leaves:\n\n{2} -->
  <QuestPartShuttleLeaveDelayDesc>Челнок взлетает через {1}. Задание «{0}» предполагает, что к этому моменту будет завершена посадка и погрузка этих людей и груза:\n\n{2}</QuestPartShuttleLeaveDelayDesc>
  <!-- EN: The shuttle will leave in {0}. -->
  <QuestPartShuttleLeaveDelayDescHidden>Челнок отправится через {0}.</QuestPartShuttleLeaveDelayDescHidden>

  <!-- EN: Shuttle arriving in {0} -->
  <QuestPartShuttleArriveDelay>Челнок прибудет через {0}</QuestPartShuttleArriveDelay>
  <!-- EN: A shuttle will arrive in {1}. The quest {0} requires you to load the following people or items onto the shuttle before it leaves:\n\n{2} -->
  <QuestPartShuttleArriveDelayDesc>Челнок прибудет через {1}. По заданию «{0}» требуется ко времени отправления челнока посадить следующих людей и погрузить следующие предметы:\n\n{2} </QuestPartShuttleArriveDelayDesc>
  <!-- EN: A shuttle will arrive in {0}. -->
  <QuestPartShuttleArriveDelayDescHidden>Челнок прибудет через {0}.</QuestPartShuttleArriveDelayDescHidden>

  <!-- EN: Monument will be destroyed -->
  <DisallowedBuildingInsideMonument>Монумент будет разрушен</DisallowedBuildingInsideMonument>
  <!-- EN: You've built a disallowed building inside one of your monuments. The monument will be considered destroyed in {0}. -->
  <DisallowedBuildingInsideMonumentDesc>Вы построили недопустимое сооружение внутри одного из ваших монументов. Через {0} этот монумент будет считаться уничтоженным.</DisallowedBuildingInsideMonumentDesc>

  <!-- EN: Countdown activator {0} -->
  <ActivatorCountdown>Отсчёт активатора {0}</ActivatorCountdown>
  <!-- EN: There is a countdown activator ticking down, preparing to awaken nearby mechanoids. -->
  <ActivatorCountdownDesc>Активатор отсчитывает время, оставшееся до пробуждения ближайших механоидов.</ActivatorCountdownDesc>
  <!-- EN: {0} countdown activators -->
  <ActivatorCountdownMultiple>Отсчёт ^Number( {0} | '# активатора' | '# активаторов' | '# активаторов')^</ActivatorCountdownMultiple>
  <!-- EN: There are {0} countdown activators ticking down, preparing to awaken nearby mechanoids. -->
  <ActivatorCountdownDescMultiple>^Number( {0} | '# активатор отсчитывает' | '# активатора отсчитывают' | '# активаторов отсчитывают')^ время, оставшееся до пробуждения ближайших механоидов.</ActivatorCountdownDescMultiple>

  <!-- EN: Quest expires in {0} -->
  <QuestExpiresSoon>Срок задания истекает через {0}</QuestExpiresSoon>
  <!-- EN: The quest '{0}' will expire in {1}. -->
  <QuestExpiresSoonDesc>Срок задания «{0}» истекает через {1}</QuestExpiresSoonDesc>
</LanguageData>