﻿<?xml version="1.0" encoding="UTF-8"?>
<LanguageData>

  <!-- EN: Tool -->
  <Tool>Часть</Tool>
  <!-- EN: damage -->
  <DamageLower>урона</DamageLower>
  <!-- EN: seconds per attack -->
  <SecondsPerAttackLower>секунд на атаку</SecondsPerAttackLower>

  <!-- EN: Base value -->
  <StatsReport_BaseValue>Базовое значение</StatsReport_BaseValue>
  <!-- EN: Relevant traits -->
  <StatsReport_RelevantTraits>Влияющие черты</StatsReport_RelevantTraits>
  <!-- EN: Relevant gear -->
  <StatsReport_RelevantGear>Влияющее снаряжение</StatsReport_RelevantGear>
  <!-- EN: Relevant health conditions -->
  <StatsReport_RelevantHediffs>Влияющее состояние здоровья</StatsReport_RelevantHediffs>
  <!-- EN: Life stage -->
  <StatsReport_LifeStage>Жизненный этап</StatsReport_LifeStage>
  <!-- EN: Material -->
  <StatsReport_Material>Материал</StatsReport_Material>
  <!-- EN: Character quality -->
  <StatsReport_CharacterQuality>Черты характера</StatsReport_CharacterQuality>
  <!-- EN: Skills -->
  <StatsReport_Skills>Факторы навыков</StatsReport_Skills>
  <!-- EN: Post-process - other stats -->
  <StatsReport_OtherStats>Постобработка — другие факторы</StatsReport_OtherStats>
  <!-- EN: Health -->
  <StatsReport_Health>Факторы здоровья</StatsReport_Health>
  <!-- EN: {0} importance -->
  <HealthFactorPercentImpact>значимость {0}</HealthFactorPercentImpact>
  <!-- EN: {0} impact -->
  <HealthOffsetScale>влияние {0}</HealthOffsetScale>
  <!-- EN: {0} max -->
  <HealthFactorMaxImpact>максимально {0}</HealthFactorMaxImpact>
  <!-- EN: if below {0} -->
  <HealthFactorAllowedDefect>если ниже {0}</HealthFactorAllowedDefect>
  <!-- EN: Post-process curve -->
  <StatsReport_PostProcessed>Постобработка</StatsReport_PostProcessed>
  <!-- EN: Final value -->
  <StatsReport_FinalValue>Итого</StatsReport_FinalValue>
  <!-- EN: Materials and labor -->
  <StatsReport_MarketValueFromStuffsAndWork>Материал и работа</StatsReport_MarketValueFromStuffsAndWork>
  <!-- EN: Quality multiplier -->
  <StatsReport_QualityMultiplier>Множитель качества</StatsReport_QualityMultiplier>
  <!-- EN: Max gain -->
  <StatsReport_MaxGain>Максимально</StatsReport_MaxGain>
  <!-- EN: Multiplier for age {0} -->
  <StatsReport_AgeMultiplier>Коэффициент возраста {0}</StatsReport_AgeMultiplier>
  <!-- EN: Multiplier for health {0} -->
  <StatsReport_HealthMultiplier>Коэффициент прочности {0}</StatsReport_HealthMultiplier>
  <!-- EN: Cost to reload ({COUNT} {AMMO_label}) -->
  <StatsReport_ReloadMarketValue>Стоимость перезарядки ({COUNT} {AMMO_label})</StatsReport_ReloadMarketValue>
  <!-- EN: Multiplier for remaining {CHARGENOUN_plural} ({0}) -->
  <StatsReport_ReloadRemainingChargesMultipler>Множитель для оставшихся {CHARGENOUN_plural} ({0})</StatsReport_ReloadRemainingChargesMultipler>
  <!-- EN: Multiplier for mood {0} -->
  <StatsReport_MoodMultiplier>Коэффициент настроения {0}</StatsReport_MoodMultiplier>
  <!-- EN: Multiplier for light {0} -->
  <StatsReport_LightMultiplier>Коэффициент освещённости {0}</StatsReport_LightMultiplier>
  <!-- EN: Multiplier for difficulty {0} -->
  <StatsReport_DifficultyMultiplier>Коэффициент сложности {0}</StatsReport_DifficultyMultiplier>
  <!-- EN: In bed -->
  <StatsReport_InBed>В кровати</StatsReport_InBed>
  <!-- EN: Facilities -->
  <StatsReport_Facilities>Постройки</StatsReport_Facilities>
  <!-- EN: Multiplier for body size {0} -->
  <StatsReport_BodySize>Коэффициент размера тела {0}</StatsReport_BodySize>
  <!-- EN: Carefully slaughtered without wounds -->
  <StatsReport_HasHediffExplanation>Коэффициент за аккуратный забой</StatsReport_HasHediffExplanation>
  <!-- EN: DPS = Melee damage * Melee hit chance / Cooldown in seconds -->
  <StatsReport_MeleeDPSExplanation>Урон в секунду = разовый урон * шанс попасть / время между ударами</StatsReport_MeleeDPSExplanation>
  <!-- EN: Melee damage -->
  <StatsReport_MeleeDamage>Урон в ближнем бою</StatsReport_MeleeDamage>
  <!-- EN: Cooldown -->
  <StatsReport_Cooldown>Время между ударами</StatsReport_Cooldown>
  <!-- EN: Melee hit chance -->
  <StatsReport_MeleeHitChance>Шанс попасть</StatsReport_MeleeHitChance>
  <!-- EN: {0} s -->
  <StatsReport_CooldownFormat>{0} сек</StatsReport_CooldownFormat>
  <!-- EN: Life expectancy -->
  <StatsReport_LifeExpectancy>Ожидаемая продолж-ть жизни</StatsReport_LifeExpectancy>
  <!-- EN: Multiplier for missing body parts -->
  <StatsReport_MissingBodyParts>Коэффициент целостности тела</StatsReport_MissingBodyParts>
  <!-- EN: Gear and inventory -->
  <StatsReport_GearAndInventoryMass>Масса переносимых вещей</StatsReport_GearAndInventoryMass>
  <!-- EN: Multiplier for worn by corpse -->
  <StatsReport_WornByCorpse>Коэффициент для вещей, снятых с повреждённых тел</StatsReport_WornByCorpse>
  <!-- EN: average of all attacks -->
  <AverageOfAllAttacks>средний показатель всех атак</AverageOfAllAttacks>
  <!-- EN: Scenario -->
  <StatsReport_ScenarioFactor>Сценарий</StatsReport_ScenarioFactor>
  <!-- EN: Ingredients -->
  <StatsReport_IngredientsMass>Ингредиенты</StatsReport_IngredientsMass>
  <!-- EN: Permanently disabled. -->
  <StatsReport_PermanentlyDisabled>Выполнение этого вида работы невозможно.</StatsReport_PermanentlyDisabled>
  <!-- EN: {0} -->
  <StatsReport_Inspiration>{0}</StatsReport_Inspiration>
  <!-- EN: Added body parts -->
  <StatsReport_AddedBodyPartsMass>Добавленные части тела</StatsReport_AddedBodyPartsMass>
  <!-- EN: Material effect multiplier -->
  <StatsReport_StuffEffectMultiplier>Влияние материала</StatsReport_StuffEffectMultiplier>
  <!-- EN: Resting -->
  <StatsReport_Resting>Во время отдыха</StatsReport_Resting>
  <!-- EN: recreation type -->
  <StatsReport_JoyKind>Вид развлечения</StatsReport_JoyKind>
  <!-- EN: work to uninstall -->
  <StatsReport_WorkToUninstall>сложность демонтажа</StatsReport_WorkToUninstall>
  <!-- EN: Multiplier for growth {0} -->
  <StatsReport_PlantGrowth>Коэффициент созревания {0}</StatsReport_PlantGrowth>
  <!-- EN: scaled because wild -->
  <StatsReport_PlantGrowth_Wild>дикорастущее</StatsReport_PlantGrowth_Wild>
  <!-- EN: Not flesh -->
  <StatsReport_NotFlesh>Не из плоти</StatsReport_NotFlesh>
  <!-- EN: Not fresh -->
  <StatsReport_NotFresh>Гнилое</StatsReport_NotFresh>
  <!-- EN: Wild man -->
  <StatsReport_WildMan>Одичалый</StatsReport_WildMan>
  <!-- EN: Attack -->
  <StatsReport_NonToolAttack>Атака</StatsReport_NonToolAttack>
  
  <!-- EN: Possible offsets -->
  <StatReport_PossibleOffsets>Возможные модификаторы</StatReport_PossibleOffsets>
  <!-- EN: Room impressiveness -->
  <StatsReport_RoomImpressiveness>Впечатление от комнаты</StatsReport_RoomImpressiveness>
  <!-- EN: Lit -->
  <StatsReport_Lit>Светло</StatsReport_Lit>
  <!-- EN: Contains {0} -->
  <StatsReport_GraveFull>Содержит {0}</StatsReport_GraveFull>
  <!-- EN: Contains a human corpse -->
  <StatsReport_GraveFullAbstract>Содержит тело человека</StatsReport_GraveFullAbstract>
  <!-- EN: Meditator is related to the corpse inside -->
  <StatsReport_GraveCorpseRelatedAbstract>Медитирующий знал покойного внутри</StatsReport_GraveCorpseRelatedAbstract>
  <!-- EN: From quality -->
  <StatsReport_FromQuality>От качества</StatsReport_FromQuality>
  <!-- EN: Nearby artificial structures -->
  <StatsReport_NearbyArtificialStructures>Постройки рядом</StatsReport_NearbyArtificialStructures>
  <!-- EN: Satisfies user's title requirements -->
  <StatsReport_SatisfiesTitle>Удовлетворяет титулу пользователя</StatsReport_SatisfiesTitle>

  <!-- EN: Different sources of recreation satisfy different recreation types. Colonists become bored of doing the same recreation type repeatedly, so it is important to provide a variety of recreation sources with different recreation types. -->
  <Stat_RecreationType_Desc>Развлечения бывают разных видов, в зависимости от занятия. Поселенцам наскучивают одни и те же виды развлечения, поэтому важно делать их досуг как можно более разнообразным.</Stat_RecreationType_Desc>
  <!-- EN: All recreation types -->
  <Stat_JoyKind_AllTypes>Все способы развлечения</Stat_JoyKind_AllTypes>
  <!-- EN: Mined item -->
  <Stat_MineableThing_Name>Добываемый ресурс</Stat_MineableThing_Name>
  <!-- EN: The item that will be yielded when mining this. -->
  <Stat_MineableThing_Desc>Ресурс, получаемый при добыче.</Stat_MineableThing_Desc>
  <!-- EN: Mining yield -->
  <Stat_MiningYield_Name>Количество ресурса</Stat_MiningYield_Name>
  <!-- EN: The maximum amount of items yielded when mining this. The actual yield will be adjusted by the mining skill of the miner. -->
  <Stat_MiningYield_Desc>Максимальное количество ресурса, получаемого при добыче. Фактическое количество будет зависеть от навыков шахтёра.</Stat_MiningYield_Desc>
  <!-- EN: Source species -->
  <Stat_SourceSpecies_Name>С каких существ можно получить</Stat_SourceSpecies_Name>
  <!-- EN: The species of creature from which this was taken. -->
  <Stat_SourceSpecies_Desc>Виды существ, с которых можно получить этот ресурс.</Stat_SourceSpecies_Desc>
  <!-- EN: Stuff -->
  <Stat_Stuff_Name>Материал</Stat_Stuff_Name>
  <!-- EN: The stuff this thing is made of. This affects many other stats, including weapon damage, apparel armor and insulation, item and building hit points, beauty, market value, and much more. -->
  <Stat_Stuff_Desc>Материал, из которого изготовлен этот предмет. Влияет на другие показатели, включая урон оружия, броню и термоизоляцию одежды, прочность предмета или сооружения, красоту, стоимость и многое другое.</Stat_Stuff_Desc>
  <!-- EN: Weapon -->
  <Stat_Weapon_Name>Оружие</Stat_Weapon_Name>
  <!-- EN: The weapon used by this turret. -->
  <Stat_Weapon_Desc>Оружие, используемое этой турелью.</Stat_Weapon_Desc>
  <!-- EN: How much damage an object can take before being destroyed. -->
  <Stat_HitPoints_Desc>Сколько урона сможет выдержать этот объект до того, как будет уничтожен.</Stat_HitPoints_Desc>
  <!-- EN: The amount of work it takes to uninstall this. -->
  <Stat_Thing_WorkToUninstall_Desc>Сколько работы потребуется, чтобы демонтировать этот объект.</Stat_Thing_WorkToUninstall_Desc>
  <!-- EN: Which facilities can be used to produce this. -->
  <Stat_Thing_CreatedAt_Desc>Какое оборудование может быть использовано для производства этого предмета.</Stat_Thing_CreatedAt_Desc>
  <!-- EN: The amount of damage this weapon deals.\n\nThis may be deflected or mitigated by the target's armor. -->
  <Stat_Thing_Damage_Desc>Количество урона, наносимого этим оружием.\n\nУрон может быть отражён или частично поглощён бронёй цели.</Stat_Thing_Damage_Desc>
  <!-- EN: A multiplier on the amount of experience doctors gain when using this to tend a patient. -->
  <Stat_Thing_Drug_MedicineXpGainFactor_Desc>Множитель количества опыта, получаемого врачом при использовании этого предмета для ухода за пациентом.</Stat_Thing_Drug_MedicineXpGainFactor_Desc>
  <!-- EN: The attributes of this plant. -->
  <Stat_Thing_Plant_Attributes_Desc>Атрибуты этого растения.</Stat_Thing_Plant_Attributes_Desc>
  <!-- EN: Which body parts this covers.\n\nArmor does not protect body parts that it does not cover. -->
  <Stat_Thing_Apparel_Covers_Desc>Части тела, укрываемые этим предметом одежды или экипировки.\n\nБроня не защищает части тела, которые она не укрывает.</Stat_Thing_Apparel_Covers_Desc>
  <!-- EN: Which apparel layers this fills.\n\nFor a given body part, only one piece of apparel can be worn in each layer. -->
  <Stat_Thing_Apparel_Layer_Desc>К каким слоям одежды относится этот предмет.\n\nКаждая часть тела может быть укрыта только одним предметом одежды для каждого слоя.</Stat_Thing_Apparel_Layer_Desc>
  <!-- EN: The minimum soil fertility that this plant requires to grow. -->
  <Stat_Thing_Plant_FertilityRequirement_Desc>Минимальная плодородность почвы, требуемая для роста этого растения.</Stat_Thing_Plant_FertilityRequirement_Desc>
  <!-- EN: How sensitive this plant is to soil fertility.\n\nLow sensitivity means the plant will grow about the same speed in rich or poor soil. High sensitivity means the plant grows slow in poor soil, but faster in rich soil. -->
  <Stat_Thing_Plant_FertilitySensitivity_Desc>Чувствительность этого растения к плодородности почвы.\n\nНизкое значение говорит о том, что растение примерно с одинаковой скоростью будет расти как на бедных, так и на плодородных почвах. Высокое же значение указывает не то, что растение на бедных почвах растёт медленно, а на плодородных — гораздо быстрее.</Stat_Thing_Plant_FertilitySensitivity_Desc>
  <!-- EN: The amount of light this plant requires to grow. -->
  <Stat_Thing_Plant_LightRequirement_Desc>Количество света, требуемое для роста этого растения.</Stat_Thing_Plant_LightRequirement_Desc>
  <!-- EN: The lifespan of the plant.\n\nPlants naturally die after they reach a certain age, even if not harvested. -->
  <Stat_Thing_Plant_LifeSpan_Desc>Продолжительность жизни этого растения.\n\nРастения увядают по достижении определённого возраста, вне зависимости от того, собран ли с них урожай.</Stat_Thing_Plant_LifeSpan_Desc>
  <!-- EN: The amount of product this plant will yield when harvested. -->
  <Stat_Thing_Plant_HarvestYield_Desc>Количество урожая, которое можно собрать с этого растения.</Stat_Thing_Plant_HarvestYield_Desc>
  <!-- EN: The minimum temperature this plant can survive.\n\nTemperatures below this will cause damage over time. -->
  <Stat_Thing_Plant_MinGrowthTemperature_Desc>Минимальная температура, при которой это растение может выжить.\n\nБолее низкие температуры наносят вред растению с течением времени.</Stat_Thing_Plant_MinGrowthTemperature_Desc>
  <!-- EN: The maximum temperature this plant can survive.\n\nTemperatures above this will cause damage over time. -->
  <Stat_Thing_Plant_MaxGrowthTemperature_Desc>Максимальная температура, при которой это растение может выжить.\n\nБолее высокие температуры наносят вред растению с течением времени.</Stat_Thing_Plant_MaxGrowthTemperature_Desc>
  <!-- EN: The minimum skill needed for a farmer to to sow this plant. -->
  <Stat_Thing_Plant_MinGrowingSkillToSow_Desc>Минимальный уровень навыка фермера, требуемый для посева этого растения.</Stat_Thing_Plant_MinGrowingSkillToSow_Desc>
  <!-- EN: The kinds of food this creature is capable of eating.\n\nCan eat: {0} -->
  <Stat_Race_Diet_Desc>Виды пищи, которыми это существо может питаться.\n\nМожет есть: {0}</Stat_Race_Diet_Desc>
  <!-- EN: The type of leather this creature will yield when butchered. -->
  <Stat_Race_LeatherType_Desc>Какой текстиль можно получить с этого существа.</Stat_Race_LeatherType_Desc>
  <!-- EN: The chance that this creature will attack when a tamer tries to tame it and fails. -->
  <Stat_Race_Animal_TameFailedRevengeChance_Desc>Вероятность, с которой это существо атакует животновода при неудачной попытке приручения.</Stat_Race_Animal_TameFailedRevengeChance_Desc>
  <!-- EN: This creature's general mental aptitude for training. This is a combination of intelligence and attentiveness. It determines which kinds of tasks this creature can be trained to perform. -->
  <Stat_Race_Trainability_Desc>Комбинация интеллекта существа и его способности к концентрации внимания. Определяет, выполнению каких задач можно обучить это существо.</Stat_Race_Trainability_Desc>
  <!-- EN: The average life expectancy of this creature. -->
  <Stat_Race_LifeExpectancy_Desc>Средняя ожидаемая продолжительность жизни этого существа</Stat_Race_LifeExpectancy_Desc>
  <!-- EN: The recreational value of ingesting this. Higher numbers will fulfill the recreation need more. -->
  <Stat_Thing_Ingestible_Joy_Desc>Рекреационный эффект, получаемый при приёме этого вещества. Более высокие значения указывают, что вещество в большей степени покрывает потребность в развлечениях.</Stat_Thing_Ingestible_Joy_Desc>
  <!-- EN: The size of this creature's body, compared to an average adult human. -->
  <Stat_Race_BodySize_Desc>Размер тела этого существа в сравнении с средним размером тела человека.</Stat_Race_BodySize_Desc>
  <!-- EN: How much time passes between when a melee attack with this weapon begins and when it hits. -->
  <Stat_Thing_Weapon_MeleeWarmupTime_Desc>Сколько времени проходит между началом атаки этим оружием в ближнем бою до момента удара.</Stat_Thing_Weapon_MeleeWarmupTime_Desc>
  <!-- EN: The amount of shots this weapon fires in each burst. -->
  <Stat_Thing_Weapon_BurstShotCount_Desc>Количество выстрелов, производимых этим оружием в одной очереди.</Stat_Thing_Weapon_BurstShotCount_Desc>
  <!-- EN: The fire rate of this weapon during each burst. -->
  <Stat_Thing_Weapon_BurstShotFireRate_Desc>Темп стрельбы этого оружия во время каждой очереди.</Stat_Thing_Weapon_BurstShotFireRate_Desc>
  <!-- EN: The maximum range of this weapon. -->
  <Stat_Thing_Weapon_Range_Desc>Максимальная дальность выстрела</Stat_Thing_Weapon_Range_Desc>
  <!-- EN: The radius of random spread on shots fired by this weapon.\n\nHigh values make projectiles disperse randomly around the target. -->
  <Stat_Thing_Weapon_MissRadius_Desc>Радиус случайного разброса выстрелов для этого оружия.\n\nВысокие значения этого показателя говорят о том, что снаряды будут чаще отклоняться случайным образом от выбранной цели.</Stat_Thing_Weapon_MissRadius_Desc>
  <!-- EN: The chance that a shot will directly hit its target if not intercepted, dodged or stopped. -->
  <Stat_Thing_Weapon_DirectHitChance_Desc>Вероятность прямого попадания из этого оружия, если цель не уклонится, а снаряд не будет перехвачен или остановлен.</Stat_Thing_Weapon_DirectHitChance_Desc>
  <!-- EN: This body part's effect on the mood of the owner. -->
  <Stat_Thing_MoodChange_Desc>Влияние этой части тела на настроение её владельца.</Stat_Thing_MoodChange_Desc>
  <!-- EN: The main skill used while performing this recipe.\n\nIt determines the quality of the result, and is learned while performing this recipe. -->
  <Stat_Recipe_Skill_Desc>Основной навык, требуемый для выполнения этой работы.\n\nОн определяет качество результата и повышается в процессе работы.</Stat_Recipe_Skill_Desc>
  <!-- EN: The ingredients required to perform this recipe. -->
  <Stat_Recipe_Ingredients_Desc>Ингредиенты, требуемые для выполнения этой работы.</Stat_Recipe_Ingredients_Desc>
  <!-- EN: The skills required to perform this recipe. -->
  <Stat_Recipe_SkillRequirements_Desc>Навыки, требуемые для выполнения этой работы.</Stat_Recipe_SkillRequirements_Desc>
  <!-- EN: The products produced by this recipe. -->
  <Stat_Recipe_Products_Desc>Ресурсы, получаемые в результате выполнения этой работы.</Stat_Recipe_Products_Desc>
  <!-- EN: Which character stat governs the workspeed of this recipe.\n\nThe higher the stat of the worker is, the faster work will be done. -->
  <Stat_Recipe_WorkSpeedStat_Desc>Какой параметр персонажа отвечает за скорость выполнения этой работы.\n\nЧем этот параметр выше, тем быстрее работа будет завершена.</Stat_Recipe_WorkSpeedStat_Desc>
  <!-- EN: Which stat governs the quality or amount of output.\n\nThe higher the stat of the worker is, the higher the quality or yield will be. -->
  <Stat_Recipe_EfficiencyStat_Desc>Какой параметр персонажа отвечает за качество или количество получаемого продукта.\n\nЧем этот параметр выше, тем выше будет качество или больше — количество.</Stat_Recipe_EfficiencyStat_Desc>
  <!-- EN: A multiplier on the chance this operation will be a success. More difficult operations have lower multipliers.\n\nThe actual chance of success of a surgery is also affected by the doctor, facilities, and medicine used. -->
  <Stat_Thing_Surgery_SuccessChanceFactor_Desc>Множитель вероятности успеха этой операции. Чем операция сложнее, тем этот множитель ниже.\n\nФактический результат операции также зависит от врача, помещения, оборудования и лекарств.</Stat_Thing_Surgery_SuccessChanceFactor_Desc>
  <!-- EN: Can't fail -->
  <Stat_Thing_Surgery_SuccessChanceFactor_CantFail>Неудача невозможна</Stat_Thing_Surgery_SuccessChanceFactor_CantFail>
  <!-- EN: Performing this operation is safe for the patient. -->
  <Stat_Thing_Surgery_SuccessChanceFactor_CantFail_Desc>Выполнение этого действия безопасно для пациента.</Stat_Thing_Surgery_SuccessChanceFactor_CantFail_Desc>
  <!-- EN: The chance the patient will die upon failure of this surgery. -->
  <Stat_Thing_Surgery_DeathOnFailChance_Desc>Вероятность потерять пациента при неудачной операции.</Stat_Thing_Surgery_DeathOnFailChance_Desc>
  <!-- EN: Total bleed factor -->
  <Stat_Hediff_TotalBleedFactor_Name>Множитель кровотечения</Stat_Hediff_TotalBleedFactor_Name>
  <!-- EN: A multiplier applied to the overall rate of blood loss. -->
  <Stat_Hediff_TotalBleedFactor_Desc>Множитель, применяемый к общей скорости потери крови.</Stat_Hediff_TotalBleedFactor_Desc>
  <!-- EN: Natural healing factor -->
  <Stat_Hediff_NaturalHealingFactor_Name>Множитель заживления</Stat_Hediff_NaturalHealingFactor_Name>
  <!-- EN: A multiplier applied to the overall rate of natural wound healing. -->
  <Stat_Hediff_NaturalHealingFactor_Desc>Множитель, применяемый к общей скорости заживления ран.</Stat_Hediff_NaturalHealingFactor_Desc>
  <!-- EN: Food poisoning chance factor -->
  <Stat_Hediff_FoodPoisoningChanceFactor_Name>Множитель шанса отравления пищи</Stat_Hediff_FoodPoisoningChanceFactor_Name>
  <!-- EN: A multiplier applied to the chance of getting food poisoning. -->
  <Stat_Hediff_FoodPoisoningChanceFactor_Desc>Множитель, применяемый к вероятности получить пищевое отравление.</Stat_Hediff_FoodPoisoningChanceFactor_Desc>
  <!-- EN: The rate at which this condition causes blood loss. -->
  <Stat_Hediff_BleedingRate_Desc>Скорость потери крови.</Stat_Hediff_BleedingRate_Desc>
  <!-- EN: The amount of pain caused by this condition. -->
  <Stat_Hediff_Pain_Desc>Количество причиняемой боли.</Stat_Hediff_Pain_Desc>
  <!-- EN: The offset in efficiency applied to body parts affected by this. -->
  <Stat_Hediff_PartEfficiency_Desc>Прирост или падение эффективности затрагиваемых частей тела.</Stat_Hediff_PartEfficiency_Desc>
  <!-- EN: The mental abilities this affects. -->
  <Stat_Hediff_Affects_Desc>Затрагиваемые ментальные способности.</Stat_Hediff_Affects_Desc>
  <!-- EN: Hunger rate offset -->
  <Stat_Hediff_HungerRateOffset_Name>Прирост голода</Stat_Hediff_HungerRateOffset_Name>
  <!-- EN: A multiplier on the rate at which the food need depletes. -->
  <Stat_Hediff_HungerRateFactor_Desc>Множитель, применяемый к скорости возникновения голода.</Stat_Hediff_HungerRateFactor_Desc>
  <!-- EN: An offset on the rate at which the food need depletes. -->
  <Stat_Hediff_HungerRateOffset_Desc>Значение, на которое изменяется скорость возникновения голода.</Stat_Hediff_HungerRateOffset_Desc>
  <!-- EN: Rest fall rate -->
  <Stat_Hediff_TirednessOffset_Name>Прирост усталости</Stat_Hediff_TirednessOffset_Name>
  <!-- EN: An offset applied to the rate at which the creatures rest need falls. -->
  <Stat_Hediff_TirednessOffset_Desc>Значение, на которое изменяется скорость возникновения усталости.</Stat_Hediff_TirednessOffset_Desc>
  <!-- EN: A multiplier applied to the rate at which the creatures rest need falls. -->
  <Stat_Hediff_TirednessFactor_Desc>Множитель, применяемый к скорости возникновения усталости.</Stat_Hediff_TirednessFactor_Desc>
  <!-- EN: Whether or not this will prevent infections. -->
  <Stat_Hediff_PreventsInfection_Desc>Предотвращается ли возникновение заражения.</Stat_Hediff_PreventsInfection_Desc>
  <!-- EN: The things this terrain supports. -->
  <Stat_Thing_Terrain_Supports_Desc>Объекты, которые способна выдерживать эта поверхность.</Stat_Thing_Terrain_Supports_Desc>
  <!-- EN: This can only be placed on terrain of these types. -->
  <Stat_Thing_TerrainRequirement_Desc>Этот объект можно устанавливать только на следующие типы поверхностей.</Stat_Thing_TerrainRequirement_Desc>
  <!-- EN: Considered -->
  <Stat_Thing_Terrain_Fine_Name>Считается</Stat_Thing_Terrain_Fine_Name>
  <!-- EN: Fine -->
  <Stat_Thing_Terrain_Fine_Value>Изысканным</Stat_Thing_Terrain_Fine_Value>
  <!-- EN: This floor is considered fine and suitable for royalty. -->
  <Stat_Thing_Terrain_Fine_Desc>Это покрытие считается изысканным и подходит для знати.</Stat_Thing_Terrain_Fine_Desc>
  <!-- EN: The amount of power this building will draw from the power grid. -->
  <Stat_Thing_PowerConsumption_Desc>Мощность, потребляемая этим сооружением из силовой сети.</Stat_Thing_PowerConsumption_Desc>
  <!-- EN: {CHARGENOUN_plural} remaining -->
  <Stat_Thing_ReloadChargesRemaining_Name>Осталось {CHARGENOUN_plural}</Stat_Thing_ReloadChargesRemaining_Name>
  <!-- EN: The number of {CHARGENOUN_plural} remaining on this object. If these run out, the special ability can no longer be used. -->
  <Stat_Thing_ReloadChargesRemaining_Desc>Количество оставшихся {CHARGENOUN_plural} для данного объекта. Когда они закончатся, использование станет недоступно.</Stat_Thing_ReloadChargesRemaining_Desc>
  <!-- EN: {CHARGENOUN_plural} -->
  <Stat_Thing_ReloadMaxCharges_Name>{CHARGENOUN_plural}</Stat_Thing_ReloadMaxCharges_Name>
  <!-- EN: The maximum number of {CHARGENOUN_plural} this object has. -->
  <Stat_Thing_ReloadMaxCharges_Desc>Максимальное количество {CHARGENOUN_plural}, имеющихся у данного объекта.</Stat_Thing_ReloadMaxCharges_Desc>
  <!-- EN: {CHARGENOUN} reload cost -->
  <Stat_Thing_ReloadRefill_Name>Стоимость восполнения {CHARGENOUN}</Stat_Thing_ReloadRefill_Name>
  <!-- EN: The amount of items required to fully reload this object.\n\nThis object can be reloaded before it is empty, but the cost is the same as if it was empty. -->
  <Stat_Thing_ReloadRefill_Desc>Необходимое количество предметов для полной перезарядки данного объекта.\n\nДанный объект можно перезарядить до того, как заряды кончатся, однако стоимость будет такой же, как если бы заряды кончились. </Stat_Thing_ReloadRefill_Desc>
  <!-- EN: Reload cost per {CHARGENOUN} -->
  <Stat_Thing_ReloadPerCharge_Name>Стоимость перезарядки за {CHARGENOUN}</Stat_Thing_ReloadPerCharge_Name>
  <!-- EN: The amount of items required to reload one {CHARGENOUN}. Multiple {CHARGENOUN_plural} can be reloaded at once. -->
  <Stat_Thing_ReloadPerCharge_Desc>Необходимое количество предметов для перезарядки одного {CHARGENOUN}. Можно перезарядить сразу несколько {CHARGENOUN_plural}.</Stat_Thing_ReloadPerCharge_Desc>
  <!-- EN: Vanish on exhaust -->
  <Stat_Thing_ReloadDestroyOnEmpty_Name>Исчезает при опустошении</Stat_Thing_ReloadDestroyOnEmpty_Name>
  <!-- EN: This item will vanish when its last {CHARGENOUN} is used. -->
  <Stat_Thing_ReloadDestroyOnEmpty_Desc>Этот предмет исчезнет, как только закончатся доступные {CHARGENOUN}.</Stat_Thing_ReloadDestroyOnEmpty_Desc>
  <!-- EN: The overall efficiency of this body part. -->
  <Stat_Thing_BodyPartEfficiency_Desc>Общая эффективность этой части тела.</Stat_Thing_BodyPartEfficiency_Desc>
  <!-- EN: Biocoding -->
  <Stat_Thing_Biocoded_Name>Биокодирование</Stat_Thing_Biocoded_Name>
  <!-- EN: This item has been coded to only accept a particular individual's bio-signature. -->
  <Stat_Thing_Biocoded_Desc>Это предмет закодирован работать только при считывании биометрических данных, совпадающих с данными изначального владельца.</Stat_Thing_Biocoded_Desc>

  <!-- Drugs -->
  <!-- EN: The active chemical in this.\n\nIn some cases, the same chemical is present in multiple different drugs. These different drugs will satisfy the same addiction in different ways. -->
  <Stat_Thing_Drug_Chemical_Desc>Действующее вещество.\n\nВ некоторых случаях одно и то же действующее вещество может содержаться в разных препаратах. Они будут по-разному удовлетворять одну и ту же зависимость.</Stat_Thing_Drug_Chemical_Desc>
  <!-- EN: The intensity of high gained per dose of this drug. -->
  <Stat_Thing_Drug_HighGainPerDose_Desc>Сила действия единичной дозы этого препарата.</Stat_Thing_Drug_HighGainPerDose_Desc>
  <!-- EN: How much this drug's high will decay each day. -->
  <Stat_Thing_Drug_HighFallPerDay_Desc>Как быстро будет спадать сила действия этого препарата.</Stat_Thing_Drug_HighFallPerDay_Desc>
  <!-- EN: How long this drug's high will last per dose.\n\nThis is calculated from the high gained per dose and the high fall rate. -->
  <Stat_Thing_Drug_HighDurationPerDose_Desc>Как долго будет длиться действие единичной дозы этого препарата.\n\nДанный показатель рассчитывается из силы действия дозы и скорости её ослабевания.</Stat_Thing_Drug_HighDurationPerDose_Desc>
  <!-- EN: How much a user's tolerance to the chemical will increase for each dose of this drug.\n\nThis can be different for different forms of the same chemical. -->
  <Stat_Thing_Drug_ToleranceGainPerDose_Desc>Как сильно будет увеличиваться толерантность к действующему веществу после каждой употреблённой дозы этого препарата.\n\nЭтот показатель может отличаться у разных препаратов с тем же веществом.</Stat_Thing_Drug_ToleranceGainPerDose_Desc>
  <!-- EN: How much a user's tolerance to the chemical will fall per day. -->
  <Stat_Thing_Drug_ToleranceFallPerDay_Desc>Как сильно будет уменьшаться толерантность к действующему веществу ежедневно.</Stat_Thing_Drug_ToleranceFallPerDay_Desc>
  <!-- EN: The minimum tolerance required to become newly addicted to this drug.\n\nIf a user is below this tolerance level, they can't become newly addicted from taking a dose. -->
  <Stat_Thing_Drug_MinToleranceForAddiction_Desc>Минимально необходимый уровень толерантности для формирования зависимости от данного препарата.\n\nЕсли уровень толерантности меньше указанного, возникновение зависимости невозможно.</Stat_Thing_Drug_MinToleranceForAddiction_Desc>
  <!-- EN: A user will never become addicted if they never take the drug more often than this.\n\nThis is calculated from the drug's minimum tolerance to addict, the tolerance gain per dose, and the rate of tolerance decay.\n\nNote that some drugs don't have a safe interval. Such drugs can addict on any dose, even the first one. -->
  <Stat_Thing_Drug_SafeDoseInterval_Desc>Возникновение зависимости невозможно, если употреблять препарат реже, чем указано.\n\nДанный показатель рассчитывается из минимального уровня толерантности для формирования зависимости, прироста толерантности от дозы и скорости её снижения.\n\nУчтите, что для некоторых препаратов отсутствуют безопасные интервалы приёма. От них зависимость может возникнуть даже после первой употреблённой дозы.</Stat_Thing_Drug_SafeDoseInterval_Desc>
  <!-- EN: The chance of a random overdose when taking this drug. Random overdoses can happen on any dose, whether it's a new user's first try or an experienced addict's hundredth hit. -->
  <Stat_Thing_Drug_RandomODChance_Desc>Шанс случайной передозировки при употреблении данного препарата. Случайная передозировка может случится в любой момент, будь это первая доза у новичка, или сотая у опытного наркомана.</Stat_Thing_Drug_RandomODChance_Desc>
  <!-- EN: The chance of addiction per dose of this drug.\n\nIf the drug has a minimum tolerance to addict, the tolerance must be above that level for this to apply. If there is no minimum tolerance, any dose can cause an addiction. -->
  <Stat_Thing_Drug_Addictiveness_Desc>Шанс возникновения зависимости от каждой принятой дозы этого препарата.\n\nЕсли у препарата присутствует минимально необходимый уровень толерантности для формирования зависимости, толерантность должна быть выше этого уровня, чтобы данный показатель был актуален. Если минимальный уровень толерантности отсутствует, любая доза этого препарата может вызвать зависимость.</Stat_Thing_Drug_Addictiveness_Desc>
  <!-- EN: New addictions caused by this drug begin at this severity level.\n\nTaking more of the drug will increase addiction severity, while time will reduce it. -->
  <Stat_Thing_Drug_AddictionSeverityInitial_Desc>Начальная тяжесть зависимости, вызываемой этим препаратом.\n\nДальнейшее употребление препарата усилит зависимость, в то время как воздержание от его употребления — уменьшит.</Stat_Thing_Drug_AddictionSeverityInitial_Desc>
  <!-- EN: How long it takes to recover from an initial addiction to this drug.\n\nThis is be calculated from the new addiction severity divided by the rate of addiction recovery. An addiction which has been fed will take longer. -->
  <Stat_Thing_Drug_AddictionRecoveryTime_Desc>Сколько времени требуется, чтобы лишиться зависимости от данного препарата.\n\nДанный показатель рассчитывается из соотношения начальной тяжести зависимости и скорости восстановления от зависимости. </Stat_Thing_Drug_AddictionRecoveryTime_Desc>
  <!-- EN: How much severity is added to an existing addiction for each dose of this drug.\n\nAddiction severity cannot go above 100%. -->
  <Stat_Thing_Drug_AddictionSeverityPerDose_Desc>Насколько усиливается текущая зависимость от каждой принятой дозы препарата.\n\nТяжесть зависимости не может подняться выше 100%.</Stat_Thing_Drug_AddictionSeverityPerDose_Desc>
  <!-- EN: How often an addict needs to take a dose of this drug to feed the addiction and prevent withdrawal.\n\nThis is calculated from the addiction need fall rate and the need fill per dose. -->
  <Stat_Thing_Drug_AddictionNeedDoseInterval_Desc>Как часто зависимому от этого препарата нужно принимать новую дозу, чтобы избежать ломки.\n\nЭтот показатель рассчитывается из скорости возрастания потребности в веществе и снижения этой потребности от каждой принятой дозы.</Stat_Thing_Drug_AddictionNeedDoseInterval_Desc>
  <!-- EN: How much each dose of this drug fills an addict's need for the chemical. -->
  <Stat_Thing_Drug_AddictionNeedOffset_Desc>Насколько каждая принятая доза этого препарата удовлетворяет потребность в веществе.</Stat_Thing_Drug_AddictionNeedOffset_Desc>
  <!-- EN: How quickly an addict's need for the chemical will fall. -->
  <Stat_Thing_Drug_AddictionNeedFallRate_Desc>Как быстро возникает потребность в новой дозе вещества.</Stat_Thing_Drug_AddictionNeedFallRate_Desc>
  <!-- EN: The market value of drugs that must be consumed per day to support an addiction to this drug without going into withdrawal.\n\nThis value is calculated from the addict's chemical need per dose, the need fall rate, and the market value of this drug.\n\nNote that there may be other ways to get the same chemical with different costs. -->
  <Stat_Thing_Drug_AddictionCost_Desc>Ежедневная стоимость приёма вещества в режиме, необходимом для удовлетворения потребности без риска развития ломки.\n\nДанное значение рассчитывается из показателя снижения потребности в веществе от дозы, скорости возрастания этой потребности и рыночной стоимости препарата.\n\nУчтите, что могут существовать другие способы удовлетворения потребности в одном и том же веществе, но с другими расценками.</Stat_Thing_Drug_AddictionCost_Desc>

</LanguageData>
