﻿<?xml version="1.0" encoding="UTF-8"?>
<LanguageData>

  <!-- ITab titles -->
  <!-- EN: Bills -->
  <TabBills>Задания</TabBills>
  <!-- EN: Growing -->
  <TabGrowing>Посадки</TabGrowing>
  <!-- EN: Bio -->
  <TabCharacter>Персона</TabCharacter>
  <!-- EN: Training -->
  <TabTraining>Обучение</TabTraining>
  <!-- EN: Prisoner -->
  <TabPrisoner>Пленник</TabPrisoner>
  <!-- EN: Guest -->
  <TabGuest>Гость</TabGuest>
  <!-- EN: Gear -->
  <TabGear>Вещи</TabGear>
  <!-- EN: Needs -->
  <TabNeeds>Нужды</TabNeeds>
  <!-- EN: Storage -->
  <TabStorage>Склад</TabStorage>
  <!-- EN: Shells -->
  <TabShells>Снаряды</TabShells>
  <!-- EN: Health -->
  <TabHealth>Здоровье</TabHealth>
  <!-- EN: Race -->
  <TabRace>Раса</TabRace>
  <!-- EN: Basics -->
  <TabBasics>Основное</TabBasics>
  <!-- EN: Stats -->
  <TabStats>Характеристики</TabStats>
  <!-- EN: Records -->
  <TabRecords>Статистика</TabRecords>
  <!-- EN: Art -->
  <TabArt>Искусство</TabArt>
  <!-- EN: Social -->
  <TabSocial>Социум</TabSocial>
  <!-- EN: Log -->
  <TabLog>Журнал</TabLog>
  <!-- EN: Caravan -->
  <TabFormingCaravan>Караван</TabFormingCaravan>
  <!-- EN: Contents -->
  <TabTransporterContents>Груз</TabTransporterContents>
  <!-- EN: Contents -->
  <TabCasketContents>Содержимое</TabCasketContents>
  
  <!-- Bills tab  -->
  <!-- EN: Add bill -->
  <AddBill>Добавить задание</AddBill>
  <!-- EN: The recipe {0} requires the skills below. None of your colonists have these skills, so nobody will do this bill. -->
  <RecipeRequiresSkills>Задание {0} требует перечисленные навыки. Ни один из ваших поселенцев не обладает ими, так что никто не будет делать это задание.</RecipeRequiresSkills>
  <!-- EN: Min skill -->
  <MinimumSkill>Мин. навык</MinimumSkill>
  <!-- EN: SUSPENDED -->
  <SuspendedCaps>ПАУЗА</SuspendedCaps>
  <!-- EN: Worker: {1_labelShort} -->
  <BoundWorkerIs>{1_gender ? Назначен : Назначена} {1_labelShort}</BoundWorkerIs>
  <!-- EN: Plant -->
  <PlantVerb>Посадить</PlantVerb>
  <!-- EN: Copied bill cannot be pasted here. -->
  <ClipboardBillNotAvailableHere>Невозможно вставить сюда.</ClipboardBillNotAvailableHere>
  <!-- EN: Move up -->
  <ReorderBillUpTip>Выше</ReorderBillUpTip>
  <!-- EN: Move down -->
  <ReorderBillDownTip>Ниже</ReorderBillDownTip>
  <!-- EN: Delete -->
  <DeleteBillTip>Удалить</DeleteBillTip>
  <!-- EN: Copy to the clipboard -->
  <CopyBillTip>Скопировать в буфер</CopyBillTip>
  <!-- EN: Suspend -->
  <SuspendBillTip>Приостановить</SuspendBillTip>
  <!-- EN: Paste -->
  <PasteBillTip>Вставить</PasteBillTip>
  <!-- EN: can't add more -->
  <PasteBillTip_LimitReached>добавление невозможно</PasteBillTip_LimitReached>

  <!-- Guest/prisoner tab -->
  <!-- EN: Resistance remaining -->
  <RecruitmentResistance>Психологическое сопротивление</RecruitmentResistance>
  <!-- EN: Recruitment difficulty -->
  <RecruitmentDifficulty>Сложность вербовки</RecruitmentDifficulty>
  <!-- EN: Recruitment chance -->
  <RecruitmentChance>Шанс вербовки</RecruitmentChance>
  <!-- EN: Recruit difficulty factor: {0}\nMood factor: {1}\nCombined base chance: {2} -->
  <RecruitmentChanceExplanation>Влияние сложности вербовки: {0}\nВлияние настроения: {1}\nИтоговая базовая вероятность: {2}</RecruitmentChanceExplanation>
  <!-- EN: \n- - - - - - - - - -\nLast recruitment attempt\nRecruiter: {3}\nNegotiation ability factor: {4}\nOpinion factor: {5} ({6})\nFinal chance for {3}: {7} -->
  <RecruitmentChanceWithLastRecruiterExplanationPart>\n- - - - - - - - - -\nПоследнияя попытка вербовки\nВербовщик: {3}\nВлияние способности к переговорам: {4}\nВлияние отношения: {5} ({6})\nИтоговая вероятность для {3}: {7}</RecruitmentChanceWithLastRecruiterExplanationPart>
  <!-- EN: \nResistance reduction: {0} -->
  <RecruitmentLastRecruiterResistanceReduceExplanationPart>\nОслабление сопротивления: {0}</RecruitmentLastRecruiterResistanceReduceExplanationPart>
  <!-- EN: Relations gain on release -->
  <PrisonerReleasePotentialRelationGains>Рост репутации при освобождении</PrisonerReleasePotentialRelationGains>
  <!-- EN: The faction relations improvement you will get from the prisoner's faction if you release them. This is affected by the prisoner's health and mental condition. -->
  <PrisonerReleaseRelationGainsDesc>Насколько улучшатся отношения с фракцией пленника, если вы отпустите его. На это влияют физическое здоровье пленника и его ментальное состояние.</PrisonerReleaseRelationGainsDesc>
  <!-- EN: Prison break interval -->
  <PrisonBreakMTBDays>Время между побегами</PrisonBreakMTBDays>
  <!-- EN: The mean number of days of time awake between prison break attempts. Affected by mood, mobility and time since the last prison break.\n\nThis number ignores time spent sleeping, so the actual average prison break interval will usually be longer. -->
  <PrisonBreakMTBDaysDescription>Среднее количество дней бодрствования между попытками побега. На это влияют настроение пленника, его подвижность, а также время с предыдущей попытки побега.\n\nВремя сна при расчёте не учитывается, и фактический интервал между побегами скорее всего будет длиннее.</PrisonBreakMTBDaysDescription>
  <!-- EN: Never -->
  <Never>Никогда</Never>
  <!-- EN: Not while asleep -->
  <NotWhileAsleep>Не во время сна</NotWhileAsleep>
  <!-- EN: Slave price -->
  <SlavePrice>Цена раба</SlavePrice>
  <!-- EN: Gets food -->
  <GetsFood>Получает пищу</GetsFood>
  <!-- EN: Doctors care -->
  <DoctorsCare>Врачебный уход</DoctorsCare>
  <!-- EN: Gets medicine -->
  <GetsMedicine>Получает медикаменты</GetsMedicine>
  <!-- EN: Try to recruit -->
  <ShouldTryToRecruit>Попробовать завербовать</ShouldTryToRecruit>
  <!-- EN: Considered guilty (expires in {0}) -->
  <ConsideredGuilty>Вина доказана (срок давности истекает через {0})</ConsideredGuilty>
  <!-- EN: Considered guilty -->
  <ConsideredGuiltyNoTimer>Вина доказана</ConsideredGuiltyNoTimer>

  <!-- Medical - general -->
  <!-- EN: Move speed -->
  <MoveSpeed>Скорость передвижения</MoveSpeed>
  <!-- EN: Efficiency -->
  <Efficiency>Эффективность</Efficiency>
  <!-- EN: Part efficiency -->
  <PartEfficiency>Эффективность части</PartEfficiency>
  <!-- EN: Body part efficiency -->
  <BodyPartEfficiency>Эффективность части тела</BodyPartEfficiency>
  <!-- EN: Gone -->
  <MissingBodyPart>Отсутствует</MissingBodyPart>
  <!-- EN: Destroyed -->
  <DestroyedBodyPart>Уничтожено</DestroyedBodyPart>
  <!-- EN: Shattered -->
  <ShatteredBodyPart>Раздроблено</ShatteredBodyPart>
  <!-- EN: Removed -->
  <RemovedBodyPart>Удалено</RemovedBodyPart>
  <!-- EN: Healthy -->
  <Healthy>Нет ранений</Healthy>
  <!-- EN: In pain -->
  <InPain>Испытывает боль</InPain>
  <!-- EN: Pain -->
  <PainLevel>Боль</PainLevel>
  <!-- EN: Injured -->
  <Injured>Ранение</Injured>
  <!-- EN: Untended injury -->
  <UntendedInjury>Необработанное ранение</UntendedInjury>
  <!-- EN: no health conditions -->
  <NoHealthConditions>нет отклонений от нормы</NoHealthConditions>
  <!-- EN: Whole body -->
  <WholeBody>Всё тело</WholeBody>
  <!-- EN: Data processing -->
  <DataProcessing>Обработка данных</DataProcessing>
  <!-- EN: Communication -->
  <Communication>Связь</Communication>
  <!-- EN: Affects -->
  <Affects>Влияет на</Affects>
  <!-- EN: Bleeding -->
  <BleedingRate>Кровотечение</BleedingRate>
  <!-- EN: death in {0} -->
  <TimeToDeath>потеряем через {0}</TimeToDeath>
  <!-- EN: no immediate danger -->
  <WontBleedOutSoon>неопасное</WontBleedOutSoon>
  <!-- EN: Overview -->
  <HealthOverview>Обзор</HealthOverview>
  <!-- EN: Operations ({0}) -->
  <MedicalOperationsShort>Процедуры ({0})</MedicalOperationsShort>
  <!-- EN: Modifications ({0}) -->
  <MedicalOperationsMechanoidsShort>Модификации ({0})</MedicalOperationsMechanoidsShort>
  <!-- EN: Medical operations -->
  <MedicalOperations>Медицинские процедуры</MedicalOperations>
  <!-- EN: amputate -->
  <Amputate>ампутировать</Amputate>
  <!-- EN: harvest -->
  <HarvestOrgan>извлечь орган</HarvestOrgan>
  <!-- EN: remove -->
  <RemoveOrgan>удалить</RemoveOrgan>
  <!-- EN: memory -->
  <MemoryLower>память</MemoryLower>
  <!-- EN: social interactions -->
  <SocialInteractionsLower>социальные взаимодействия</SocialInteractionsLower>
  <!-- EN: Hunger rate -->
  <HungerRate>Голод</HungerRate>
  <!-- EN: Tiredness -->
  <Tiredness>Усталость</Tiredness>
  <!-- EN: Pain -->
  <PainFactor>Боль</PainFactor>
  <!-- EN: Prevents infection -->
  <PreventsInfection>Предотвращает инфицирование</PreventsInfection>
  <!-- EN: Self-tend -->
  <SelfTend>Самолечение</SelfTend>
  <!-- EN: {0} with self-tend enabled will automatically tend to themselves on the spot at {1} the normal efficiency. -->
  <SelfTendTip>{0} будут самостоятельно лечиться на месте, до эффективности в {1} от нормальной.</SelfTendTip>
  
  <!-- Medical - Body and activities condition -->
  <!-- EN: None -->
  <None>Нет</None>
  <!-- EN: Very poor -->
  <VeryPoor>Ужасно</VeryPoor>
  <!-- EN: Poor -->
  <Poor>Плохо</Poor>
  <!-- EN: Weakened -->
  <Weakened>Ослаблено</Weakened>
  <!-- EN: OK -->
  <GoodCondition>Хорошо</GoodCondition>
  <!-- EN: Enhanced -->
  <Enhanced>Улучшено</Enhanced>
  <!-- EN: Seriously impaired -->
  <SeriouslyImpaired>Серьёзное ранение</SeriouslyImpaired>
  <!-- EN: Impaired -->
  <Impaired>Ранение</Impaired>
  <!-- EN: Slightly impaired -->
  <SlightlyImpaired>Лёгкое ранение</SlightlyImpaired>
  <!-- EN: None -->
  <NoPain>Нет</NoPain>
  <!-- EN: Little -->
  <LittlePain>Лёгкая</LittlePain>
  <!-- EN: Medium -->
  <MediumPain>Средняя</MediumPain>
  <!-- EN: Severe -->
  <SeverePain>Сильная</SeverePain>
  <!-- EN: Extreme -->
  <ExtremePain>Ужасная</ExtremePain>

  <!-- Training tab -->
  <!-- EN: Trainability -->
  <Trainability>Способность к обучению</Trainability>
  <!-- EN: Requires {0} trainability. -->
  <CannotTrainNotSmartEnough>Требуется {0} способность к обучению.</CannotTrainNotSmartEnough>
  <!-- EN: {1_labelShort} is too small to train this. -->
  <CannotTrainTooSmall>{1_labelShort} — неподходящего размера, чтобы обучаться этому.</CannotTrainTooSmall>

  <!-- EN: Prerequisite needed: {0} -->
  <TrainingNeedsPrerequisite>Требуется: {0}</TrainingNeedsPrerequisite>
  
  <!-- Social tab -->
  <!-- EN: (no relationships) -->
  <NoRelationships>(нет отношений)</NoRelationships>
  <!-- EN: Kidnapped -->
  <Kidnapped>Похищен(а)</Kidnapped>
  <!-- EN: Lent to {FACTION_name}, returns in {1} -->
  <Lent>Временно передан(а) фракции {FACTION_name}, вернётся через ^Number( {1} | '# день' | '# дня' | '# дней')^</Lent>
  <!-- EN: Missing -->
  <Missing>Пропал(а) без вести</Missing>
  <!-- EN: Slave -->
  <Slave>Раб</Slave>
  <!-- EN: Faction leader -->
  <FactionLeader>Лидер фракции</FactionLeader>
  <!-- EN: Opinion of {1_labelShort} -->
  <OpinionOf>Мнение о {1_labelShort}</OpinionOf>
  <!-- EN: {1_labelShort}'s opinion of me -->
  <SomeonesOpinionOfMe>Мнение {1_labelShort} обо мне</SomeonesOpinionOfMe>
  <!-- EN: I'm dead -->
  <IAmDead>Игра окончена</IAmDead>
  <!-- EN: I'm a psychopath -->
  <IAmPsychopath>Я психопат</IAmPsychopath>
  
  <!-- Gear tab -->
  <!-- EN: Overall armor -->
  <OverallArmor>Общая защищённость</OverallArmor>
  <!-- EN: Mass carried: {0} / {1} kg -->
  <MassCarried>Переносит вес: {0}/{1} кг</MassCarried>
  <!-- EN: Comfortable temperature range -->
  <ComfyTemperatureRange>Диапазон комфортной температуры</ComfyTemperatureRange>
  <!-- EN: Blunt -->
  <ArmorBlunt>Дробящее</ArmorBlunt>
  <!-- EN: Sharp -->
  <ArmorSharp>Проникающее</ArmorSharp>
  <!-- EN: Heat -->
  <ArmorHeat>Тепловое</ArmorHeat>
  
  <!-- Log tab -->
  <!-- EN: Show all -->
  <ShowAll>Показать всё</ShowAll>
  <!-- EN: Show combat -->
  <ShowCombat>Бой</ShowCombat>
  <!-- EN: Show social -->
  <ShowSocial>Общение</ShowSocial>
  <!-- EN: no recent entries -->
  <NoRecentEntries>нет новых событий</NoRecentEntries>
  <!-- EN: Copy log to the clipboard. -->
  <CopyLogTip>Копировать журнал в буфер обмена.</CopyLogTip>

  <!-- Forming caravan tab -->
  <!-- EN: Gathering items -->
  <FormingCaravanStatus_GatheringItems>Погрузка</FormingCaravanStatus_GatheringItems>
  <!-- EN: Gathering items (waiting) -->
  <FormingCaravanStatus_GatheringItems_Pause>Погрузка (ожидание)</FormingCaravanStatus_GatheringItems_Pause>
  <!-- EN: Gathering downed people -->
  <FormingCaravanStatus_GatheringDownedPawns>Сбор раненых</FormingCaravanStatus_GatheringDownedPawns>
  <!-- EN: Gathering downed people (waiting) -->
  <FormingCaravanStatus_GatheringDownedPawns_Pause>Сбор раненых (ожидание)</FormingCaravanStatus_GatheringDownedPawns_Pause>
  <!-- EN: Leaving -->
  <FormingCaravanStatus_Leaving>Отбытие</FormingCaravanStatus_Leaving>
  <!-- EN: Leaving (waiting) -->
  <FormingCaravanStatus_Leaving_Pause>Отбытие (ожидание)</FormingCaravanStatus_Leaving_Pause>
  <!-- EN: Waiting -->
  <FormingCaravanStatus_Waiting>Ожидание</FormingCaravanStatus_Waiting>
  <!-- EN: Members -->
  <CaravanMembers>Участники</CaravanMembers>
  <!-- EN: Animals -->
  <CaravanAnimals>Животные</CaravanAnimals>
  <!-- EN: To load -->
  <ItemsToLoad>Для погрузки</ItemsToLoad>
  <!-- EN: Loaded -->
  <LoadedItems>Погружено</LoadedItems>
  <!-- EN: pack animals -->
  <PackAnimalsCountLower>вьючные животные</PackAnimalsCountLower>
  <!-- EN: mentally broken -->
  <InMentalStateCountLower>в нервном срыве</InMentalStateCountLower>

  <!-- Transporter contents -->
  <!-- EN: Remove {{0}}x {0} -->
  <RemoveSliderText>Выгрузить {0} ({{0}} шт)</RemoveSliderText>
  <!-- EN: Contained items -->
  <ContainedItems>Содержимое</ContainedItems>
  <!-- EN: Do you really want to remove {0}? -->
  <ConfirmRemoveItemDialog>Вы уверены, что хотите выгрузить {0}?</ConfirmRemoveItemDialog>
  
  <!-- Quests tab -->
  <!-- EN: Dismiss this quest and move it to the historical tab.\n\nThe quest can be un-dismissed at any time. Its effects and expiry times will proceed as normal. You won't recieve notifications about dismissed quests. -->
  <DismissQuest>Отклонить задание и переместить его во вкладку «История».\n\nЭто задание можно вернуть в любой момент. Его содержание и срок выполнения будут обрабатываться как обычно. Вы не будете получать уведомлений по отклонённым заданиям.</DismissQuest>
  <!-- EN: Un-dismiss this quest.\n\nThe quest will be returned to the available or active tab, and notifications will be re-enabled. -->
  <UnDismissQuest>Вернуть задание.\n\nЭто задание будет возвращено во вкладки «Доступные» или «Активные», а уведомления будут вновь включены.</UnDismissQuest>
  <!-- EN: This quest is here because it was dismissed.\n\nYou can un-dismiss it until it expires. -->
  <QuestDismissed>Это задание находится здесь, поскольку было отклонено.\n\nВы можете вернуть его, пока срок выполнения не истёк.</QuestDismissed>
  <!-- EN: Delete this quest and remove it from the quest list forever. -->
  <DeleteQuest>Удалить задание и убрать его из списка навсегда.</DeleteQuest>

</LanguageData>