﻿<?xml version="1.0" encoding="UTF-8"?>
<LanguageData>

  <!-- Work tab -->
  <!-- EN: Manual priorities -->
  <ManualPriorities>Точная настройка</ManualPriorities>
  <!-- EN: higher priority -->
  <HigherPriority>высокий приоритет</HigherPriority>
  <!-- EN: lower priority -->
  <LowerPriority>низкий приоритет</LowerPriority>
  <!-- EN: Relevant skills: {0}\nAverage of relevant skills: {1} / {2} -->
  <RelevantSkills>Нужные навыки: {0}\nСредний уровень навыков: {1} из {2}</RelevantSkills>
  <!-- EN: Click to jump to: -->
  <ClickToJumpTo>Нажмите, чтобы перейти к:</ClickToJumpTo>
  <!-- EN: {1_labelShort} cannot do this kind of work. -->
  <CannotDoThisWork>{1_labelShort} не может выполнять работу такого типа.</CannotDoThisWork>
  <!-- EN: (none) -->
  <NoneBrackets>(отсутствуют)</NoneBrackets>
  <!-- EN: This colonist is not able to do any work of this type because of his health condition. -->
  <IncapableOfWorkTypeBecauseOfCapacities>Этот поселенец не может выполнять работу такого типа из-за состояния своего здоровья.</IncapableOfWorkTypeBecauseOfCapacities>
  <!-- EN: E -->
  <EmergencyWorkMarker>!</EmergencyWorkMarker>
  <!-- EN: Warning: The average of relevant skills is very low. -->
  <SelectedWorkTypeWithVeryBadSkill>Внимание: средний уровень требуемых навыков слишком низок.</SelectedWorkTypeWithVeryBadSkill>
  <!-- EN: Priority 1 is done first. Priority 4 is done last. -->
  <PriorityOneDoneFirst>Приоритет 1 — высший. Приоритет 4 — низший.</PriorityOneDoneFirst>
  <!-- EN: Will not do -->
  <Priority0>Не выполнять</Priority0>
  <!-- EN: Top priority -->
  <Priority1>Высший приоритет</Priority1>
  <!-- EN: High priority -->
  <Priority2>Высокий приоритет</Priority2>
  <!-- EN: Normal priority -->
  <Priority3>Обычный приоритет</Priority3>
  <!-- EN: Low priority -->
  <Priority4>Низкий приоритет</Priority4>
  <!-- EN: {0}\n\nThe faction {1_nameDef} currently belongs to.\n\nClick to view faction. -->
  <PawnFactionInfo>{0}\n\nФракция, к которой {1_nameDef} принадлежит в данный момент.\n\nНажмите для перехода к фракции.</PawnFactionInfo>
  
  <!-- Assign tab -->
  <!-- EN: Manage outfits -->
  <ManageOutfits>Управление гардеробом</ManageOutfits>
  <!-- EN: Unchangeable -->
  <Unchangeable>Нельзя заменить</Unchangeable>
  <!-- EN: Clr. forced -->
  <ClearForcedApparel>Сброс</ClearForcedApparel>
  <!-- EN: forced -->
  <ApparelForcedLower>(принудительно)</ApparelForcedLower>
  <!-- EN: locked -->
  <ApparelLockedLower>(заблокировано)</ApparelLockedLower>
  <!-- EN: Forced apparel -->
  <ForcedApparel>Принудительно носимая одежда</ForcedApparel>
  <!-- EN: Edit... -->
  <AssignTabEdit>Изменить</AssignTabEdit>
  <!-- EN: Manage drug policies -->
  <ManageDrugPolicies>Управление приёмом препаратов</ManageDrugPolicies>
  <!-- EN: Manage food restrictions -->
  <ManageFoodRestrictions>Управление диетой</ManageFoodRestrictions>
  
  <!-- Restrictions tab -->
  <!-- EN: Copy -->
  <Copy>Копировать</Copy>
  <!-- EN: Paste -->
  <Paste>Вставить</Paste>
  <!-- EN: Allowed area -->
  <AllowedArea>Доступная область</AllowedArea>
  
  <!-- Animals tab -->
  <!-- EN: Master -->
  <Master>Хозяин</Master>
  <!-- EN: Pregnant ({0} / {1}) -->
  <PregnantIconDesc>Беременна ({0} / {1})</PregnantIconDesc>
  <!-- EN: Bonded to -->
  <BondedTo>Привязанность к</BondedTo>
  
  <!-- Wildlife tab -->
  <!-- EN: This creature is a predator. When hungry, it will hunt smaller creatures - possibly including people. -->
  <IsPredator>Это животное — хищник. Будучи голодным, оно будет охотиться на животных меньшего размера, возможно, включая людей.</IsPredator>
  <!-- EN: This creature is currently in mental state: {0} -->
  <IsInMentalState>Это животное в состоянии нервного срыва: {0}</IsInMentalState>
  
  <!-- Factions tab -->
  <!-- EN: Hostile -->
  <Hostile>Враги</Hostile>
  <!-- EN: Ally -->
  <Ally>Союзники</Ally>
  <!-- EN: defeated -->
  <DefeatedLower>побеждена</DefeatedLower>
  <!-- EN: Enemy of {0} -->
  <HostileTo>Враги фракции {0}</HostileTo>
  <!-- EN: Enemy of:  -->
  <EnemyOf>Враги фракций: </EnemyOf>
  <!-- EN: Current goodwill and relations status with this faction. -->
  <CurrentGoodwillTip>Текущая репутация и отношения с этой фракцией.</CurrentGoodwillTip>
  <!-- EN: Current relations with this faction. -->
  <CurrentRelationTip>Текущие отношения с этой фракцией</CurrentRelationTip>
  <!-- EN: This faction is permanently hostile. They will raid your settlements and caravans. Relations with them will never improve for any reason. -->
  <CurrentGoodwillTip_PermanentEnemy>Эта фракция всегда будет враждебна к вам. Они будут нападать на ваши поселения и караваны. Отношения с ними нельзя улучшить никаким образом.</CurrentGoodwillTip_PermanentEnemy>
  <!-- EN: This faction is allied. They will send fighters to help you when they can. If relations fall below {0}, they will become neutral. -->
  <CurrentGoodwillTip_Ally>Эта фракция союзна по отношению к вам. По мере возможности они будут присылать вам подмогу в виде бойцов. Если ваша репутация упадёт ниже {0}, они станут нейтральны.</CurrentGoodwillTip_Ally>
  <!-- EN: This faction is neutral. They will trade and talk with you freely. If relations fall below {0}, they will become hostile. If relations rise above {1}, they will become allied and start actively working to help you. -->
  <CurrentGoodwillTip_Neutral>Эта фракция нейтральна по отношению к вам. Они будут свободно общаться и торговать с вами. Но если ваша репутация в их глазах упадёт ниже {0}, они станут враждебны. Если же вы заслужите репутацию выше {1}, они станут вашими союзниками и начнут активно вам помогать.</CurrentGoodwillTip_Neutral>
  <!-- EN: This faction is hostile. They will raid your settlements and caravans. If relations rise above {0}, they will become neutral. -->
  <CurrentGoodwillTip_Hostile>Эта фракция враждебна к вам. Они будут нападать на ваши поселения и караваны. Если заслужить репутацию выше {0}, они начнут относиться к вам нейтрально.</CurrentGoodwillTip_Hostile>
  <!-- EN: This faction has a natural goodwill range from {0} to {1}. -->
  <CurrentGoodwillTip_NaturalGoodwill>Эта фракция будет стремиться сохранять с вами отношения в определённых пределах.</CurrentGoodwillTip_NaturalGoodwill>
  <!-- EN: If goodwill is under {0}, it will rise by {1} per year. -->
  <CurrentGoodwillTip_NaturalGoodwillRise>Если репутация упадёт ниже {0}, то она будет расти на {1} ед. в год.</CurrentGoodwillTip_NaturalGoodwillRise>
  <!-- EN: If goodwill is over {0}, it will fall by {1} per year. -->
  <CurrentGoodwillTip_NaturalGoodwillFall>Если вы заслужите репутацию выше {0}, она будет падать на {1} ед. в год.</CurrentGoodwillTip_NaturalGoodwillFall>
  
  <!-- Social tab -->
  <!-- EN: Friend -->
  <Friend>Друг</Friend>
  <!-- EN: Rival -->
  <Rival>Соперник</Rival>
  <!-- EN: Acquaintance -->
  <Acquaintance>Знакомый</Acquaintance>
  
  <!-- History tab - subtabs -->
  <!-- EN: Graph -->
  <Graph>График</Graph>
  <!-- EN: Messages -->
  <Messages>Сообщения</Messages>
  <!-- EN: Statistics -->
  <Statistics>Статистика</Statistics>
  
  <!-- History tab - Graphs -->
  <!-- EN: Select graph -->
  <SelectGraph>Выбрать график</SelectGraph>
  <!-- EN: Last 30 days -->
  <Last30Days>За 30 дней</Last30Days>
  <!-- EN: Last 100 days -->
  <Last100Days>За 100 дней</Last100Days>
  <!-- EN: Last 300 days -->
  <Last300Days>За 300 дней</Last300Days>
  <!-- EN: All -->
  <AllDays>За всё время</AllDays>
  <!-- EN: Value -->
  <Value>Значение</Value>
  <!-- EN: External -->
  <External>Внешнее</External>

  <!-- History tab - Messages -->
  <!-- EN: Show letters -->
  <ShowLetters>Показать письма</ShowLetters>
  <!-- EN: Show messages -->
  <ShowMessages>Показать сообщения</ShowMessages>
  <!-- EN: Pin or unpin this message.\n\nThe oldest unpinned messages will be removed automatically from the list after reaching the limit of {0} messages. -->
  <PinArchivableTip>Закрепить или открепить сообщение.\n\nМожно закрепить до {0} сообщений. По достижении этого лимита старые сообщения будут откреплены.</PinArchivableTip>
  <!-- EN: no messages -->
  <NoMessages>нет сообщений</NoMessages>

  <!-- History tab - Statistics -->
  <!-- EN: Play time -->
  <Playtime>Время игры</Playtime>
  <!-- EN: Storyteller -->
  <Storyteller>Рассказчик</Storyteller>
  <!-- EN: Colony wealth (this map) -->
  <ThisMapColonyWealthTotal>Общее богатство поселения (на этой карте)</ThisMapColonyWealthTotal>
  <!-- EN: Colony wealth (items) (this map) -->
  <ThisMapColonyWealthItems>Богатство по предметам (на этой карте)</ThisMapColonyWealthItems>
  <!-- EN: Colony wealth (buildings) (this map) -->
  <ThisMapColonyWealthBuildings>Богатство по постройкам (на этой карте)</ThisMapColonyWealthBuildings>
  <!-- EN: Colony wealth (people and animals) (this map) -->
  <ThisMapColonyWealthColonistsAndTameAnimals>Богатство по поселенцам и питомцам (на этой карте)</ThisMapColonyWealthColonistsAndTameAnimals>
  <!-- EN: Major threats -->
  <NumThreatBigs>Основные угрозы</NumThreatBigs>
  <!-- EN: Enemy raids -->
  <NumEnemyRaids>Вражеские набеги</NumEnemyRaids>
  <!-- EN: Damage taken (this map) -->
  <ThisMapDamageTaken>Полученный урон (на этой карте)</ThisMapDamageTaken>
  <!-- EN: Colonists killed -->
  <ColonistsKilled>Поселенцев потеряно</ColonistsKilled>
  <!-- EN: Colonists launched into space -->
  <ColonistsLaunched>Поселенцев отправлено в космос</ColonistsLaunched>

  <!-- Research tab -->
  <!-- EN: Research -->
  <Research>Исследовать</Research>
  <!-- EN: Researched -->
  <Researched>Изучено</Researched>
  <!-- EN: Unresearched -->
  <Unresearched>Не изучено</Unresearched>
  <!-- EN: Finished -->
  <Finished>Завершено</Finished>
  <!-- EN: In Progress -->
  <InProgress>В процессе</InProgress>
  <!-- EN: Locked -->
  <Locked>Недоступно</Locked>
  <!-- EN: Research prerequisites -->
  <ResearchPrerequisites>Требуемые технологии</ResearchPrerequisites>
  <!-- EN: Techprints required {0} / {1} -->
  <ResearchTechprintRequirement>Требуемые чертежи {0} / {1}</ResearchTechprintRequirement>
  <!-- EN: Insufficient techprints applied ({0} / {1}) -->
  <InsufficientTechprintsApplied>Применены не все требуемые чертежи ({0} / {1})</InsufficientTechprintsApplied>
  <!-- EN: Prerequisite(s) not completed -->
  <PrerequisitesNotCompleted>Условия не выполнены</PrerequisitesNotCompleted>
  <!-- EN: Required research bench -->
  <RequiredResearchBench>Требуемый стол для исследований</RequiredResearchBench>
  <!-- EN: Required research bench facilities -->
  <RequiredResearchBenchFacilities>Требуемое оборудование стола для исследований</RequiredResearchBenchFacilities>
  <!-- EN: Project base cost {0} becomes {1} for you because of your tech level. -->
  <ResearchCostComparison>Базовая стоимость проекта — {0}, а с вашим техническим уровнем она равна {1}.</ResearchCostComparison>
  <!-- EN: Techprints are available from these factions via trade and quests: -->
  <ResearchTechprintsFromFactions>Чертежи можно получить, выполняя задания или торгуя с этими фракциями:</ResearchTechprintsFromFactions>
  <!-- EN: Your faction tech level is {0}, but this project's tech level is {1}. Research speed will be multiplied by {2}. -->
  <TechLevelTooLow>Ваш технический уровень — {0}, а уровень этой технологии — {1}. Скорость исследования будет умножена на {2}.</TechLevelTooLow>
  <!-- EN: Unlocked with -->
  <UnlockedWith>Открывает с технологией</UnlockedWith>

  <!-- Quests tab -->
  <!-- EN: Available -->
  <AvailableQuests>Доступные</AvailableQuests>
  <!-- EN: Active -->
  <ActiveQuests>Активные</ActiveQuests>
  <!-- EN: Historical -->
  <HistoricalQuests>История</HistoricalQuests>
  <!-- EN: no quest selected -->
  <NoQuestSelected>задание не выбрано</NoQuestSelected>
  <!-- EN: Appeared {0} days ago -->
  <AppearedDaysAgo>Появилось ^Number( {0} | '# день' | '# дня' | '# дней')^ назад</AppearedDaysAgo>
  <!-- EN: Appeared on {0} -->
  <AppearedOn>Появилось {0}</AppearedOn>
  <!-- EN: Accepted {0} ago -->
  <AcceptedAgo>Принято {0} назад</AcceptedAgo>
  <!-- EN: Accepted on {0} -->
  <AcceptedOn>Принято {0}</AcceptedOn>
  <!-- EN: Accepted {0} ago by {1} -->
  <AcceptedAgoBy>Принято {0} назад поселенцем {1}</AcceptedAgoBy>
  <!-- EN: Accepted on {0} by {1} -->
  <AcceptedOnBy>Принято {0} поселенцем {1}</AcceptedOnBy>
  <!-- EN: Expires in {0} -->
  <QuestExpiresIn>Срок истекает через {0}</QuestExpiresIn>
  <!-- EN: Expires on {0} -->
  <QuestExpiresOn>Срок истекает {0}</QuestExpiresOn>
  <!-- EN: Average guest mood (previous {0}): {1} -->
  <QuestAveragePawnMood>Среднее настроение гостя: (до этого {0}): {1})</QuestAveragePawnMood>
  <!-- EN: The average mood of {0} over the previous {1} -->
  <QuestAveragePawnMoodTargets>Среднее настроение {0} по сравнению с {1}</QuestAveragePawnMoodTargets>
  <!-- EN: Shuttle arrives in {0} -->
  <ShuttleArrivesIn>Челнок прибывает через {0}</ShuttleArrivesIn>
  <!-- EN: Shuttle arrives on {0} -->
  <ShuttleArrivesOn>Челнок прибывает {0}</ShuttleArrivesOn>
  <!-- EN: Shuttle departs in {0} -->
  <ShuttleDepartsIn>Челнок отправляется через {0}</ShuttleDepartsIn>
  <!-- EN: Shuttle departs on {0} -->
  <ShuttleDepartsOn>Челнок отправляется {0}</ShuttleDepartsOn>
  <!-- EN: Guests depart in {0} -->
  <GuestsDepartsIn>Гости отправляются через {0}</GuestsDepartsIn>
  <!-- EN: Guests depart on {0} -->
  <GuestsDepartsOn>Гости отправляются {0}</GuestsDepartsOn>
  <!-- EN: Finished {0} ago -->
  <QuestFinishedAgo>Завершено {0} назад</QuestFinishedAgo>
  <!-- EN: Accept quest -->
  <AcceptQuest>Принять задание</AcceptQuest>
  <!-- EN: Accept with {0_labelShort} -->
  <AcceptWith>Принять поселенцем {0_labelShort}</AcceptWith>
  <!-- EN: Accept for -->
  <AcceptQuestFor>Принять за</AcceptQuestFor>
  <!-- EN: Click to accept this quest for this reward. -->
  <AcceptQuestForTip>Нажмите, чтобы принять задание за эту награду</AcceptQuestForTip>
  <!-- EN: The offer expired. -->
  <QuestOutcomeInfo_OfferExpired>Срок предложения истёк.</QuestOutcomeInfo_OfferExpired>
  <!-- EN: You completed this quest. -->
  <QuestOutcomeInfo_UnknownOrSuccess>Вы выполнили это задание.</QuestOutcomeInfo_UnknownOrSuccess>
  <!-- EN: You failed this quest. -->
  <QuestOutcomeInfo_Failed>Вы провалили это задание.</QuestOutcomeInfo_Failed>
  <!-- EN: This quest became invalid before it was accepted. -->
  <QuestOutcomeInfo_Invalid>Задание потеряло актуальность до того, как было принято.</QuestOutcomeInfo_Invalid>
  <!-- EN: Jump to {0} -->
  <JumpToTargetCustom>Перейти к {0}</JumpToTargetCustom>
  <!-- EN: Select hives -->
  <SelectHiveTargets>Выбрать ульи</SelectHiveTargets>
  <!-- EN: Challenge rating. This is a general rating for how difficult the quest will be relative to your current strength. More challenging quests give greater rewards.\n\n1: Normal\n2: Hard\n3: Extreme\n4: Ultimate -->
  <QuestChallengeRatingTip>Общая оценка сложности, показывающая, насколько трудным это задание будет для вашего текущего положения. За выполнение более сложных заданий предлагают больше вознаграждения.\n\n1: Простое\n2: Сложное\n3: Очень сложное\n4: Предельно сложное</QuestChallengeRatingTip>
  <!-- EN: To accept this quest, you need -->
  <QuestAcceptanceRequirementsDescription>Чтобы принять это задание, вам требуется</QuestAcceptanceRequirementsDescription>
  <!-- EN: free bedrooms that satisfy the title requirements of -->
  <QuestBedroomRequirementsUnsatisfied>несколько спален, подобающих титулу</QuestBedroomRequirementsUnsatisfied>
  <!-- EN: a free bedroom that satisfies the title requirements of -->
  <QuestBedroomRequirementsUnsatisfiedSingle>спальня, подобающая титулу</QuestBedroomRequirementsUnsatisfiedSingle>
  <!-- EN: a throneroom that satisfies the requirements of {PAWN_definite}'s {TITLE} title -->
  <QuestThroneRoomRequirementsUnsatisfied>тронный зал, соответствующий принадлежащему {PAWN_definite} титулу {TITLE}</QuestThroneRoomRequirementsUnsatisfied>
  <!-- EN: a throneroom that satisfies the requirements of {PAWN_definite}'s {TITLE} title -->
  <QuestNoThroneRoom>тронный зал, соответствующий принадлежащему {PAWN_definite} титулу {TITLE}</QuestNoThroneRoom>
  <!-- EN: a colonist with the title of {0} -->
  <QuestNoColonistWithTitle>поселенец с титулом {0}</QuestNoColonistWithTitle>
  <!-- EN: {PAWN_definite} to be in your home colony -->
  <QuestPawnNotOnColonyMap>{PAWN_definite} {PAWN_gender ? должен : должна} быть в вашем поселении</QuestPawnNotOnColonyMap>
  <!-- EN: the map clear of enemies of the bestower's faction -->
  <QuestRequiresNoDangerOnMap>на карте нет врагов фракции эмиссара</QuestRequiresNoDangerOnMap>
  <!-- EN: Reward preferences -->
  <ChooseRewards>Предпочтения по наградам</ChooseRewards>
  <!-- EN: Tell other factions what kinds of rewards you want in future quests. This doesn't affect quests that were already offered. -->
  <ChooseRewardsDesc>Сообщите другим фракциям, какие виды наград вы хотите получать за выполнение будущих задач. Этот выбор не повлияет на уже полученные задания.</ChooseRewardsDesc>
  <!-- EN: Accept {FACTION_royalFavorLabel} -->
  <AcceptRoyalFavor>{FACTION_royalFavorLabel}</AcceptRoyalFavor>
  <!-- EN: Whether you wish to be rewarded with {FACTION_royalFavorLabel} from {FACTION_name}.\n\nIf this is disabled, {FACTION_name} will offer other types of rewards instead.\n\nThis setting only affects newly-arriving quests. -->
  <AcceptRoyalFavorDesc>Желаем ли мы получать {FACTION_royalFavorLabel} от {FACTION_name}.\n\nЕсли нет, то {FACTION_name} будет вознаграждать нас иным способом.\n\nЭта опция будет влиять только на вновь получаемые задания.</AcceptRoyalFavorDesc>
  <!-- EN: Accept goodwill -->
  <AcceptGoodwill>Репутация</AcceptGoodwill>
  <!-- EN: Whether you wish to be rewarded via improved faction relations with {FACTION_name}.\n\nIf this is disabled, {FACTION_name} will offer other types of rewards instead.\n\nThis setting only affects newly-generated quests. -->
  <AcceptGoodwillDesc>Желаем ли мы получать награду в виде улучшения отношений с фракцией {FACTION_name}.\n\nЕсли нет, то фракция {FACTION_name} будет вознаграждать нас иным способом.\n\nЭта опция будет влиять только на вновь получаемые задания.</AcceptGoodwillDesc>
  <!-- EN: You are currently opting in to receive {FACTION_royalFavorLabel}. -->
  <RoyalFavorOn>Вы предпочли принимать {FACTION_royalFavorLabel}.</RoyalFavorOn>
  <!-- EN: You are currently opting out of receiving {FACTION_royalFavorLabel}. -->
  <RoyalFavorOff>Вы предпочли не принимать {FACTION_royalFavorLabel}.</RoyalFavorOff>
  <!-- EN: Your goodwill with {0_name} will improve by {1}.\n\nCurrent goodwill: {4} ({5}).\n\nGoodwill measures the general relationship between factions. If it falls below {2}, the faction becomes hostile and will raid your settlements and caravans. If it rises above {3}, the faction will become your ally and send fighters to help you when they can. Otherwise, the faction remains neutral and will trade and talk with you freely. -->
  <GoodwillTip>Ваша репутация у фракции {0_name} улучшится {1}.\n\nТекущая репутация: {4} ({5}).\n\nРепутация отображает отношения между вами и другими фракциями. Если она упадёт ниже {2}, фракция станет враждебной по отношению к вам и будет нападать на ваше поселение и караваны. Если репутация поднимется выше {3}, фракция станет вашим союзником и будет отправлять военную помощь по мере возможности. В противном случае, фракция останется нейтральной по отношению к вам и будет открыта к торговле и переговорам.</GoodwillTip>
  <!-- EN: {0_labelShort} joins -->
  <PawnQuestReward>{0_labelShort} присоединяется к вам</PawnQuestReward>
  <!-- EN: Betrayal offer: {0} targets remain -->
  <QuestBetrayalOffer>Предложение о предательстве: осталось {0} целей</QuestBetrayalOffer>
  <!-- EN: {0} will grant you a reward for killing all members of the {1}. -->
  <QuestBetrayalOfferTip>{0} наградит вас за уничтожение всех членов фракции {1}.</QuestBetrayalOfferTip>
  
  <!-- Health tab -->
  <!-- EN: Creates need -->
  <CreatesNeed>Создаёт нужду</CreatesNeed>

</LanguageData>
