﻿<?xml version="1.0" encoding="UTF-8"?>
<LanguageData>

  <!-- Main menu -->
  <!-- EN: Tutorial -->
  <Tutorial>Обучение</Tutorial>
  <!-- EN: New colony -->
  <NewColony>Новое поселение</NewColony>
  <!-- EN: Back to game -->
  <BackToGame>Назад в игру</BackToGame>
  <!-- EN: Review scenario -->
  <ReviewScenario>Обзор сценария</ReviewScenario>
  <!-- EN: Save -->
  <Save>Сохранить</Save>
  <!-- EN: Load game -->
  <LoadGame>Загрузить игру</LoadGame>
  <!-- EN: Options -->
  <Options>Настройки</Options>
  <!-- EN: Mod -->
  <Mod>Мод</Mod>
  <!-- EN: Mods -->
  <Mods>Моды</Mods>
  <!-- EN: Save translation report -->
  <SaveTranslationReport>Собрать отчёт о переводе</SaveTranslationReport>
  <!-- EN: Generating translation report -->
  <GeneratingTranslationReport>Формируется отчёт о переводе</GeneratingTranslationReport>
  <!-- EN: Cleanup translation files -->
  <CleanupTranslationFiles>Форматировать перевод</CleanupTranslationFiles>
  <!-- EN: Update translations files (TKey's) -->
  <TranslationFilesTKeyUpdate>Обновить файлы перевода (TKey)</TranslationFilesTKeyUpdate>
  <!-- EN: Cleaning translation files -->
  <CleaningTranslationFiles>Форматируются файлы перевода</CleaningTranslationFiles>
  <!-- EN: Credits -->
  <Credits>Создатели</Credits>
  <!-- EN: Quit to main menu -->
  <QuitToMainMenu>Выйти в главное меню</QuitToMainMenu>
  <!-- EN: Save and quit to menu -->
  <SaveAndQuitToMainMenu>Сохранить и выйти в меню</SaveAndQuitToMainMenu>
  <!-- EN: Quit to OS -->
  <QuitToOS>Выйти из игры</QuitToOS>
  <!-- EN: Save and quit to OS -->
  <SaveAndQuitToOS>Сохранить и выйти из игры</SaveAndQuitToOS>
  <!-- EN: Fiction primer -->
  <FictionPrimer>О вселенной Rimworld</FictionPrimer>
  <!-- EN: Ludeon blog -->
  <LudeonBlog>Блог Ludeon</LudeonBlog>
  <!-- EN: Forums -->
  <Forums>Форумы</Forums>
  <!-- EN: Official wiki -->
  <OfficialWiki>Официальная вики</OfficialWiki>
  <!-- EN: Tynan's twitter -->
  <TynansTwitter>Твиттер Тайнена</TynansTwitter>
  <!-- EN: Tynan's design book -->
  <TynansDesignBook>Книга Тайнена</TynansDesignBook>
  <!-- EN: Help translate RimWorld -->
  <HelpTranslate>Помощь в переводе RimWorld</HelpTranslate>
  <!-- EN: Buy soundtrack -->
  <BuySoundtrack>Купить саундтрек</BuySoundtrack>
  <!-- EN: Create world -->
  <CreateWorld>Создать мир</CreateWorld>

  <!-- Main menu translations info window -->
  <!-- EN: All translations of RimWorld are fan-made. This fan-made translation was created by the following excellent volunteers:\n\n{0} -->
  <TranslationThanks>RimWorld переведён фанатами. Над русской локализацией работали:\n\n{0}</TranslationThanks>
  <!-- EN: You can contribute too. Click below to learn more (opens web browser). -->
  <TranslationHowToContribute>Вы тоже можете помочь переводу. Чтобы узнать как, нажмите кнопку ниже (откроется веб-браузер).</TranslationHowToContribute>
  <!-- EN: Learn more -->
  <LearnMore>Узнать больше</LearnMore>

  <!-- Main menu dev build -->
  <!-- EN: Warning: This is an unstable development build. This means we are running design experiments and doing technical development.\n\nSome things will be temporarily unbalanced on purpose. This is a classic game design method where we deliberately go too far with a balance change in order to better understand balance boundaries. We can then use that information to decide on the final balance points.\n\nThere will also be bugs, including game-breaking ones. Save compatibility may break any time.\n\nIf you're okay with all of this, thanks for testing! If you don't want to be subject to our experiments, please play the latest stable version. -->
  <DevBuildWarning>Перед вами нестабильная сборка игры, находящейся в разработке.\n\nМы экспериментируем с игровым балансом, и в некоторых аспектах он будет намеренно нарушен. Этот приём игрового дизайна позволяет лучше оценить влияние предельных значений на общий баланс. Полученные данные будут использованы для более тонкой настройки параметров баланса.\n\nКроме того, в игре будут встречаться ошибки разной степени серьёзности, а совместимость сохранений не гарантируется.\n\nЕсли вас устраивает такое положение вещей, благодарим вас за участие в тестировании! В противном случае рекомендуем пользоваться последней стабильной версией игры.</DevBuildWarning>

  <!-- Create/review world -->
  <!-- EN: Review world -->
  <ReviewWorld>Просмотр мира</ReviewWorld>
  <!-- EN: Generate -->
  <WorldGenerate>Создать</WorldGenerate>
  <!-- EN: Save and finish -->
  <WorldSaveAndFinish>Сохранить и закрыть</WorldSaveAndFinish>
  <!-- EN: Reset -->
  <Reset>Сбросить</Reset>
  <!-- EN: Globe coverage -->
  <PlanetCoverage>Размер карты мира</PlanetCoverage>
  <!-- EN: Overall rainfall -->
  <PlanetRainfall>Общее количество осадков</PlanetRainfall>
  <!-- EN: Overall temperature -->
  <PlanetTemperature>Общая температура</PlanetTemperature>
  <!-- EN: Population -->
  <PlanetPopulation>Плотность населения</PlanetPopulation>
  <!-- EN: Low -->
  <PlanetRainfall_Low>Низкое</PlanetRainfall_Low>
  <!-- EN: Normal -->
  <PlanetRainfall_Normal>Умеренное</PlanetRainfall_Normal>
  <!-- EN: High -->
  <PlanetRainfall_High>Высокое</PlanetRainfall_High>
  <!-- EN: Low -->
  <PlanetTemperature_Low>Низкая</PlanetTemperature_Low>
  <!-- EN: Normal -->
  <PlanetTemperature_Normal>Умеренная</PlanetTemperature_Normal>
  <!-- EN: High -->
  <PlanetTemperature_High>Высокая</PlanetTemperature_High>
  <!-- EN: Sparse -->
  <PlanetPopulation_Low>Низкая</PlanetPopulation_Low>
  <!-- EN: Normal -->
  <PlanetPopulation_Normal>Умеренная</PlanetPopulation_Normal>
  <!-- EN: Crowded -->
  <PlanetPopulation_High>Высокая</PlanetPopulation_High>
  <!-- EN: Seed -->
  <WorldSeed>Зерно</WorldSeed>
  <!-- EN: Randomize seed -->
  <RandomizeSeed>Случайное зерно</RandomizeSeed>
  <!-- EN: The planet is always the same diameter, but since it's far larger than needed for play, we don't generate the whole surface because it can take a very long time. This is the percentage of the surface that you want generated. -->
  <PlanetCoverageTip>Диаметр планеты неизменный, но поскольку он гораздо больше, чем требуется для игры, поверхность планеты генерируется не целиком. В противном случае это бы заняло длительное время. В этом поле указывается размер части поверхности (в процентах от общей площади планеты), которую вы бы хотели сгенерировать.</PlanetCoverageTip>
  <!-- EN: Factions -->
  <WorldFactionsTab>Фракции</WorldFactionsTab>

  <!-- Select world -->
  <!-- EN: Select world -->
  <SelectWorld>Выбор мира</SelectWorld>
  <!-- EN: Select -->
  <WorldChooseButton>Выбрать</WorldChooseButton>
  <!-- EN: No world files found. Create a world first. -->
  <NoWorldsFilesFound>Не найдено ни одного сохранённого мира. Создайте мир и сохраните его.</NoWorldsFilesFound>
  
  <!-- Version info -->
  <!-- EN: Version {0} is now available. Check ludeon.com for more info. -->
  <BuildNowAvailable>Доступна новая версия — {0}. Зайдите на ludeon.com для получения информации.</BuildNowAvailable>
  <!-- EN: This is the latest version. -->
  <BuildUpToDate>У вас последняя версия.</BuildUpToDate>
  <!-- EN: Error getting version info: {0} -->
  <ErrorGettingVersionInfo>Ошибка получения данных о версии: {0}</ErrorGettingVersionInfo>
  <!-- EN: Loading version info... -->
  <LoadingVersionInfo>Загрузка данных о версии...</LoadingVersionInfo>

  <!-- World generator -->
  <!-- EN: Generate world -->
  <GenerateWorld>Создать мир</GenerateWorld>

  <!-- Mods config -->
  <!-- EN: Open Steam Workshop -->
  <OpenSteamWorkshop>Открыть Мастерскую Steam</OpenSteamWorkshop>
  <!-- EN: Get mods from forum -->
  <GetModsFromForum>Скачать моды с форума</GetModsFromForum>
  <!-- EN: Open mods data folder -->
  <OpenModsDataFolder>Открыть папку с модами</OpenModsDataFolder>
  <!-- EN: Show mods data location -->
  <ShowModsDataLocation>Показать путь к папке с модами</ShowModsDataLocation>
  <!-- EN: Are you sure you want to disable the core mod? The game won't work at all unless you have another mod that replaces all the core functionality.\n\nRemember, other mods can override defs in the core mod by using the same defName. -->
  <ConfirmDisableCoreMod>Вы уверены, что хотите отключить ядро игры? Игра полностью перестанет работать, если у вас нет другого мода, который заменит все его функции.\n\nПомните, другие модификации могут переопределять значения ядра с помощью таких же значений defName.</ConfirmDisableCoreMod>
  <!-- EN: Are you sure you want to delete all the content for {0}? -->
  <ConfirmDeleteMod>Вы уверены, что хотите удалить {0}?</ConfirmDeleteMod>
  <!-- EN: Auto-sort mods -->
  <ResolveModOrder>Упорядочить моды</ResolveModOrder>
  <!-- EN: Unsubscribe -->
  <Unsubscribe>Деактивировать</Unsubscribe>
  <!-- EN: Are you sure you want to unsubscribe from {0}? -->
  <ConfirmUnsubscribe>Вы уверены, что хотите деактивировать мод {0}, отписавшись от него?</ConfirmUnsubscribe>
  <!-- EN: Author -->
  <Author>Автор</Author>
  <!-- EN: Workshop page -->
  <WorkshopPage>Мастерская Steam</WorkshopPage>
  <!-- EN: Upload to Steam Workshop -->
  <UploadToSteamWorkshop>Загрузить в Мастерскую Steam</UploadToSteamWorkshop>
  <!-- EN: Update on Steam Workshop -->
  <UpdateOnSteamWorkshop>Обновить в Мастерской Steam</UpdateOnSteamWorkshop>
  <!-- EN: Upload already in progress. -->
  <UploadAlreadyInProgress>Загрузка уже идёт.</UploadAlreadyInProgress>
  <!-- EN: Workshop submission failed.\n\nReason: {0} -->
  <WorkshopSubmissionFailed>Подключение прервано.\n\nПричина: {0}</WorkshopSubmissionFailed>
  <!-- EN: Successfully uploaded {0}. -->
  <WorkshopUploadSucceeded>Успешно загружено {0}.</WorkshopUploadSucceeded>
  <!-- EN: Downloading -->
  <Downloading>Скачивается</Downloading>
  <!-- EN: Display fulfilled requirements -->
  <ModDisplayFulfilledRequirements>Показать все зависимости</ModDisplayFulfilledRequirements>
  <!-- EN: Click to select. -->
  <ModClickToSelect>Выберите мод</ModClickToSelect>
  <!-- EN: Click to go to website. -->
  <ModClickToGoToWebsite>Перейти на веб-сайт</ModClickToGoToWebsite>
  <!-- EN: Source -->
  <Source>Источник</Source>
  <!-- EN: For game version(s) -->
  <ModTargetVersion>Для версии(й) игры</ModTargetVersion>
  <!-- EN: ID -->
  <ModPackageId>ID</ModPackageId>
  <!-- EN: This must be loaded before: {0}. -->
  <ModMustLoadBefore>Этот мод нужно загружать перед: {0}.</ModMustLoadBefore>
  <!-- EN: This must be loaded after: {0}. -->
  <ModMustLoadAfter>Этот мод нужно загружать после: {0}.</ModMustLoadAfter>
  <!-- EN: Depends on: {0} -->
  <ModDependsOn>Зависит от: {0}</ModDependsOn>
  <!-- EN: Incompatible with: {0} -->
  <ModIncompatibleWith>Несовместим с: {0}</ModIncompatibleWith>
  <!-- EN: This mod is incompatible with: {0}. -->
  <ModIncompatibleWithTip>Этот мод несовместим с: {0}</ModIncompatibleWithTip>
  <!-- EN: This mod is loading in the wrong order relative to another mod. Use the 'auto-sort' button, or re-order the mods manually. -->
  <ModOrderingWarning>Этот мод загружается в неверном порядке относительно другого мода. Нажмите кнопку «Упорядочить моды» или отсортируйте их вручную.</ModOrderingWarning>
  <!-- EN: Another active mod uses the same ID: {0}. -->
  <ModWithSameIdAlreadyActive>Другой активный мод имеет тот же ID {0}.</ModWithSameIdAlreadyActive>
  <!-- EN: There is a cyclic mod dependency starting with {0}. -->
  <ModCyclicDependency>Обнаружена циклическая зависимость модов, начиная с {0}.</ModCyclicDependency>
  <!-- EN: This requires following mods to work: {0}. -->
  <ModUnsatisfiedDependency>Этот мод для нормальной работы требует наличие других модов: {0}.</ModUnsatisfiedDependency>
  <!-- EN: This mod was not made for this version of RimWorld, and will probably not work correctly. -->
  <ModNotMadeForThisVersion>Этот мод не предназначен для текущей версии RimWorld и, скорее всего, будет неправильно работать.</ModNotMadeForThisVersion>
  <!-- EN: This mod is not made for this version of RimWorld. -->
  <ModNotMadeForThisVersionShort>Этот мод не предназначен для текущей версии RimWorld.</ModNotMadeForThisVersionShort>
  <!-- EN: This mod was made for a newer version of RimWorld than this, and will probably not work correctly. -->
  <ModNotMadeForThisVersion_Newer>Этот мод предназначен для более новой версии RimWorld и, скорее всего, будет неправильно работать.</ModNotMadeForThisVersion_Newer>
  <!-- EN: Mod needs properly formatted supported version information in About.xml. Like this: <supportedVersions><li>{0}</li></supportedVersions> - <targetVersion> is deprecated. Check log for further information. -->
  <MessageModNeedsWellFormattedTargetVersion>Модификации требуется указать информацию о совместимых версиях игры в файле About.xml. Например: &lt;supportedVersions>&lt;li>{0}&lt;/li>&lt;/supportedVersions>. Тег &lt;targetVersion> объявлен устаревшим. Для подробной информации просмотрите журнал.</MessageModNeedsWellFormattedTargetVersion>
  <!-- EN: Mod needs a unique, properly formatted packageId in About.xml. It must must meet following requirements:\n\n  - Alphanumeric characters and dot only.\n  - No spaces.\n  - At least one dot.\n  - No repeated dots in a row, or starting or ending with a dot.\n  - 60 characters or less.\n  - Cannot contain word "Ludeon".\n\nFor example:\n<packageId>AuthorName.ModName</packageId>\n<packageId>AuthorName.ModName.Specific</packageId> -->
  <MessageModNeedsWellFormattedPackageId>Требуется правильно указать значение поля packageId в файле About.xml. Оно должно удовлетворять следующим требованиям:\n\n  - Только латинские буквы, цифры и символ точки.\n  - Пробелы не допускаются.\n  - Как минимум один символ точки.\n  - Нельзя ставить точку в начало, в конец, а также ставить несколько точек подряд.\n  - Не более 60 символов.\n  - Не допускается слово "Ludeon".</MessageModNeedsWellFormattedPackageId>
  <!-- EN: This mod has issues in LoadFolders.xml, that you need to resolve before uploading: -->
  <ModHadLoadFolderIssues>Этот мод имеет ошибки в файле LoadFolders.xml, их нужно устранить перед загрузкой: </ModHadLoadFolderIssues>
  <!-- EN: Folder {0} specified for version {1} doesn't exist. -->
  <ModLoadFolderDoesntExist>Папка {0}, указанная для версии {1} не существует.</ModLoadFolderDoesntExist>
  <!-- EN: Malformed version string '{0}'. Correct format is Major.Minor (e.g. 1.1) -->
  <ModLoadFolderMalformedVersion>Некорректный номер версии, «{0}». Номер должен иметь следующий формат: &lt;Основной номер>.&lt;Дополнительный номер> (например, «1.1»)</ModLoadFolderMalformedVersion>
  <!-- EN: The list of load folders for version {0} is empty. -->
  <ModLoadFolderListEmpty>Список загружаемых папок для версии {0} пуст.</ModLoadFolderListEmpty>
  <!-- EN: Version {0} lists the same folder more than once: {1}. -->
  <ModLoadFolderRepeatingFolder>Для версии {0} одна и та же папка перечислена несколько раз: {1}.</ModLoadFolderRepeatingFolder>
  <!-- EN: Invalid version order: {0} should come before {1}. -->
  <ModLoadFolderOutOfOrder>Неверный порядок версий: {0} должна следовать перед {1}.</ModLoadFolderOutOfOrder>
  <!-- EN: Invalid version order: 'default' should be defined first. -->
  <ModLoadFolderOutOfOrderDefault>Неверный порядок версий: версия «default» должна идти первой.</ModLoadFolderOutOfOrderDefault>
  <!-- EN: Using 'default' in load folders is deprecated. Please define folders for each version using the <v...> tags. -->
  <ModLoadFolderDefaultDeprecated>Слово «default» в LoadFolders.xml устарело. Пожалуйста, укажите папки для каждой поддерживаемой версии, используя теги &lt;v...>.</ModLoadFolderDefaultDeprecated>
  <!-- EN: Version {0} is defined in load folders, but is not listed in 'supportedVersions' of mod's About.xml. -->
  <ModLoadFolderDefinesUnsupportedGameVersion>Версия {0} определена в LoadFolders.xml, но не перечислена в поле «supportedVersions» файла About.xml.</ModLoadFolderDefinesUnsupportedGameVersion>
  <!-- EN: Drag to reorder -->
  <DragToReorder>Перетаскивайте, чтобы упорядочить.</DragToReorder>

  <!-- Select scenario -->
  <!-- EN: Choose scenario -->
  <ChooseScenario>Выбор сценария</ChooseScenario>
  <!-- EN: Custom -->
  <ScenariosCustom>Пользовательские сценарии</ScenariosCustom>
  <!-- EN: Steam Workshop -->
  <ScenariosSteamWorkshop>Мастерская Steam</ScenariosSteamWorkshop>
  <!-- EN: Scenario editor -->
  <ScenarioEditor>Редактор сценариев</ScenarioEditor>
  <!-- EN: Delete -->
  <Delete>Удалить</Delete>
  
  <!-- Scenario editor -->
  <!-- EN: seed -->
  <Seed>зерно</Seed>
  <!-- EN: Load -->
  <Load>Загрузить</Load>
  <!-- EN: edit mode -->
  <EditMode>режим редактирования</EditMode>
  <!-- EN: Summary -->
  <Summary>Краткие сведения</Summary>
  <!-- EN: Add part -->
  <AddPart>Добавить условие</AddPart>
  <!-- EN: All text fields must be filled. -->
  <TextFieldsMustBeFilled>Все текстовые поля должны быть заполнены.</TextFieldsMustBeFilled>
  <!-- EN: Are you sure you want to upload this to the Steam Workshop?\n\nYou must agree to the Steam Workshop terms of service. Find the full terms here:\n\nhttp://steamcommunity.com/sharedfiles/workshoplegalagreement -->
  <ConfirmSteamWorkshopUpload>Вы уверены, что хотите загрузить выбранное в Мастерскую Steam?\n\nВам будет необходимо принять условия использования Мастерской Steam. Ознакомиться с ними можно по ссылке:\n\nhttp://steamcommunity.com/sharedfiles/workshoplegalagreement</ConfirmSteamWorkshopUpload>
  <!-- EN: Obviously you should only upload content that you created yourself.\n\nDid you create this content yourself? -->
  <ConfirmContentAuthor>Учтите, вы должны загружать только то, что сделали сами.\n\nВы — автор этого контента?</ConfirmContentAuthor>
  <!-- EN: Incompatible -->
  <Incompatible>Несовместимо</Incompatible>
  <!-- EN: Tag as translation -->
  <TagAsTranslation>Отметить как перевод</TagAsTranslation>
  <!-- EN: Too many (max {0}):  -->
  <TooMany>Слишком много (максимум {0}): </TooMany>
  <!-- EN: Can be updated on Workshop, since you are the author. -->
  <CanBeUpdatedOnWorkshop>Может быть обновлено в Мастерской, поскольку вы автор данного контента.</CanBeUpdatedOnWorkshop>
  
  <!-- Select storyteller -->
  <!-- EN: Choose AI Storyteller -->
  <ChooseAIStoryteller>Выбор ИИ-рассказчика</ChooseAIStoryteller>
  <!-- EN: The AI Storyteller creates events like pirate raids, resource drops, or animal attacks. Their choices will affect the story of your colony. You can change these settings at any time. -->
  <HowStorytellersWork>ИИ-рассказчик создаёт события, такие как атаки пиратов, приземление транспортных капсул и нападения животных. Эти события будет влиять на историю вашего поселения. Рассказчика можно сменить в любой момент.</HowStorytellersWork>
  <!-- EN: Please choose a difficulty setting. -->
  <MustChooseDifficulty>Пожалуйста, выберите сложность.</MustChooseDifficulty>
  <!-- EN: Difficulty -->
  <Difficulty>Сложность</Difficulty>
  <!-- EN: Commitment mode -->
  <CommitmentMode>«Ответственный» режим</CommitmentMode>
  <!-- EN: Reload anytime mode -->
  <ReloadAnytimeMode>Загрузка в любой момент</ReloadAnytimeMode>
  <!-- EN: Please choose commitment mode or reload anytime mode. -->
  <MustChoosePermadeath>Пожалуйста, выберите или «ответственный» режим, или режим загрузки в любой момент.</MustChoosePermadeath>
  <!-- EN: You can save and load the game at any time.\n\nThis is a good choice if you're still learning the game, if it fits your personal playstyle, if you're using mods that may break your game, or if you intend to self-enforce commitment mode. -->
  <ReloadAnytimeModeInfo>Вы можете сохранять и загружать игру в любой момент.\n\nЭто хороший выбор для тех, кто только изучает RimWorld, и для тех, кому по душе такой стиль игры. Этот режим также подойдёт для вас, если, например, вы используете моды, которые могут «сломать» игру, или же если вы только намереваетесь перейти к «ответственному» режиму.</ReloadAnytimeModeInfo>
  <!-- EN: You can only save when quitting the game.\n\nSince RimWorld is a story generator, even losing all but one person is not the end of the game - it's part of the story. The game is designed to allow recovery after losses.\n\nPlaying out these terrible situations makes a story with both tragedy and triumph. It's the way RimWorld was designed to be played.\n\nThere's a reason Luke Skywalker didn't quit and reload when his family got killed - loss and recovery is dramatic. -->
  <PermadeathModeInfo>Игра сохраняется только при выходе.\n\nRimWorld задумывался как генератор захватывающих историй, в которых за каждым падением следует возрождение. Даже если у вас останется всего один человек — это не конец игры, а лишь часть истории.\n\nПреодоление ужасных ситуаций лишь добавляет истории трагизма и триумфа. Это именно то, ради чего стоит играть в RimWorld.\n\nЛюк Скайуокер, когда потерял семью, не стал загружать сохранение. Крушение и возрождение — вот, что по-настоящему захватывает!</PermadeathModeInfo>
  <!-- EN: Storyteller and playstyle can be changed any time. -->
  <CanChangeStorytellerSettingsDuringPlay>Рассказчика и сложность можно будет поменять в любой момент.</CanChangeStorytellerSettingsDuringPlay>

  <!-- custom difficulty settings -->
  <!-- EN: Custom playstyle settings -->
  <DifficultyCustomSectionLabel>Пользовательские настройки сложности</DifficultyCustomSectionLabel>
  <!-- EN: Set to standard playstyle... -->
  <DifficultyReset>Применить стандартные настройки сложности...</DifficultyReset>
  
  <!-- EN: Threats -->
  <DifficultyThreatSection>Угрозы</DifficultyThreatSection>
  <!-- EN: Threat scale -->
  <Difficulty_ThreatScale_Label>Уровень угроз</Difficulty_ThreatScale_Label>
  <!-- EN: Adjust the size of threats like raids and infestations, and the difficulty of quests. -->
  <Difficulty_ThreatScale_Info>Сложность заданий и масштаб таких угроз, как налёты и заражения.</Difficulty_ThreatScale_Info>
  <!-- EN: Major threats -->
  <Difficulty_AllowBigThreats_Label>Серьёзные угрозы</Difficulty_AllowBigThreats_Label>
  <!-- EN: Allow major threats such as raids, infestations, manhunter packs, crashed mechanoid ships and more. -->
  <Difficulty_AllowBigThreats_Info>Включить серьёзные угрозы, такие как налёты, заражения, стаи агрессивных животных, аварии кораблей механоидов и другие.</Difficulty_AllowBigThreats_Info>
  <!-- EN: Quest threats -->
  <Difficulty_AllowViolentQuests_Label>Угрозы в заданиях</Difficulty_AllowViolentQuests_Label>
  <!-- EN: Allow quests to present with violent threats and challenges. If this is disabled, quests will be modified to be non-violent. -->
  <Difficulty_AllowViolentQuests_Info>Разрешить генерацию заданий, содержащих насилие и опасные угрозы. При отключении этой опции они будут исключены из заданий.</Difficulty_AllowViolentQuests_Info>
  <!-- EN: Intro threats -->
  <Difficulty_AllowIntroThreats_Label>Базовые угрозы</Difficulty_AllowIntroThreats_Label>
  <!-- EN: Enable the fixed intro threats that appear near game start. -->
  <Difficulty_AllowIntroThreats_Info>Включить фиксированные угрозы, возникающие в первые игровые дни.</Difficulty_AllowIntroThreats_Info>
  <!-- EN: Predators hunt humans -->
  <Difficulty_PredatorsHuntHumanlikes_Label>Хищники охотятся на людей</Difficulty_PredatorsHuntHumanlikes_Label>
  <!-- EN: Allow wild predators to hunt humans. -->
  <Difficulty_PredatorsHuntHumanlikes_Info>Разрешить диким хищникам охотиться на людей ради пропитания.</Difficulty_PredatorsHuntHumanlikes_Info>
  <!-- EN: Extreme weather -->
  <Difficulty_AllowExtremeWeatherIncidents_Label>Экстремальная погода</Difficulty_AllowExtremeWeatherIncidents_Label>
  <!-- EN: Allow extreme weather incidents such as toxic fallout, volcanic winters and flashstorms. -->
  <Difficulty_AllowExtremeWeatherIncidents_Info>Разрешить экстремальные погодные условия, такие как токсичные осадки, вулканические зимы и грозовые шторма.</Difficulty_AllowExtremeWeatherIncidents_Info>

  <!-- EN: Economy -->
  <DifficultyEconomySection>Экономика</DifficultyEconomySection>
  <!-- EN: Trade price disadvantage -->
  <Difficulty_TradePriceFactorLoss_Label>Невыгодность цен</Difficulty_TradePriceFactorLoss_Label>
  <!-- EN: When trading, buy prices are increased by this amount while sell prices are reduced by this amount. -->
  <Difficulty_TradePriceFactorLoss_Info>Цены покупки будут повышаться, а цены продажи — понижаться на это значение.</Difficulty_TradePriceFactorLoss_Info>
  <!-- EN: Harvest yield -->
  <Difficulty_CropYieldFactor_Label>Урожайность</Difficulty_CropYieldFactor_Label>
  <!-- EN: Adjust the amount of materials produced when harvesting plants and crops. This includes harvesting plants and cutting trees. -->
  <Difficulty_CropYieldFactor_Info>Количество ресурсов, получаемых при уборке урожая и собирательстве. Сюда включена также древесина, получаемая при вырубке деревьев.</Difficulty_CropYieldFactor_Info>
  <!-- EN: Mining yield -->
  <Difficulty_MineYieldFactor_Label>Эффективность добычи</Difficulty_MineYieldFactor_Label>
  <!-- EN: Adjust the amount of materials produced when mining. -->
  <Difficulty_MineYieldFactor_Info>Количество материала, получаемого при разработке горной породы.</Difficulty_MineYieldFactor_Info>
  <!-- EN: Butchering yield -->
  <Difficulty_ButcherYieldFactor_Label>Эффективность разделки</Difficulty_ButcherYieldFactor_Label>
  <!-- EN: Adjust the amount of materials produced when butchering. This includes meat, leather, and yield from shredding mechanoids. -->
  <Difficulty_ButcherYieldFactor_Info>Количество ресурсов, получаемых при разделке. Сюда включены получение мяса и шкур при разделке животных и материалов при разборе механоидов.</Difficulty_ButcherYieldFactor_Info>
  <!-- EN: Research speed -->
  <Difficulty_ResearchSpeedFactor_Label>Скорость исследования</Difficulty_ResearchSpeedFactor_Label>
  <!-- EN: Adjust the speed of research. -->
  <Difficulty_ResearchSpeedFactor_Info>Настройка скорости исследования</Difficulty_ResearchSpeedFactor_Info>
  <!-- EN: Quest rewards -->
  <Difficulty_QuestRewardValueFactor_Label>Награды за задания</Difficulty_QuestRewardValueFactor_Label>
  <!-- EN: Adjust the value of rewards given for quests.\n\nNote: Quest reward value is also automatically scaled to compensate for threat scale. If you adjust this setting, you'll be adding an additional multiplier. -->
  <Difficulty_QuestRewardValueFactor_Info>Величина наград, получаемых за выполнение заданий.\n\nВнимание: величина наград за задания также изменяется в зависимости от их сложности. При изменении этой настройки используется дополнительный множитель расчёта награды.</Difficulty_QuestRewardValueFactor_Info>
  <!-- EN: Raid loot -->
  <Difficulty_RaidLootPointsFactor_Label>Боевые трофеи</Difficulty_RaidLootPointsFactor_Label>
  <!-- EN: Adjust the value of loot carried by raiders.\n\nNote: Raid loot value is also automatically scaled to compensate for threat scale. If you adjust this setting, you'll be adding an additional multiplier. -->
  <Difficulty_RaidLootPointsFactor_Info>Объём добычи, которую несут с собой нападающие.\n\nВнимание: количество боевых трофеев автоматически подстраивается под выбранный уровень угроз. При изменении этой настройки будет применяться дополнительный множитель.</Difficulty_RaidLootPointsFactor_Info>
  <!-- EN: Turret rearm cost -->
  <Difficulty_MaintenanceCostFactor_Label>Стоимость перезарядки турелей</Difficulty_MaintenanceCostFactor_Label>
  <!-- EN: Adjust the cost of rearming turrets. -->
  <Difficulty_MaintenanceCostFactor_Info>Настройка стоимости перезарядки турелей.</Difficulty_MaintenanceCostFactor_Info>
  <!-- EN: Scaria rot chance -->
  <Difficulty_ScariaRotChance_Label>Вероятность агриозного гниения</Difficulty_ScariaRotChance_Label>
  <!-- EN: The probability that a corpse will immediately rot upon death, if the creature has the scaria disease.\n\nNote: The default settings are designed to exactly balance out the increase in animal count at higher difficulties, so all players get the same meat rewards. -->
  <Difficulty_ScariaRotChance_Info>Вероятность того, что туша животного, заражённого агриозом, будет непригодна для употребления в пищу.\n\nВнимание: настройка по умолчанию разработана для того, чтобы сбалансировать количество получаемого игроками мяса до одинакового на любой сложности.</Difficulty_ScariaRotChance_Info>
  <!-- EN: Enemy death on downed -->
  <Difficulty_EnemyDeathOnDownedChanceFactor_Label>Потеря сражённых противников </Difficulty_EnemyDeathOnDownedChanceFactor_Label>
  <!-- EN: Adjust the extra chance that an enemy will immediately die when downed. This affects the chances to take prisoners, and thus colony population growth rates. -->
  <Difficulty_EnemyDeathOnDownedChanceFactor_Info>Вероятность мгновенной потери противника при получении тяжёлого ранения. Это повлияет на вероятность захвата пленников и, следовательно, на рост количества поселенцев.</Difficulty_EnemyDeathOnDownedChanceFactor_Info>

  <!-- EN: General -->
  <DifficultyGeneralSection>Общие настройки</DifficultyGeneralSection>
  <!-- EN: Colonist mood -->
  <Difficulty_ColonistMoodOffset_Label>Настроение поселенцев</Difficulty_ColonistMoodOffset_Label>
  <!-- EN: A permanent mood offset applied to every colonist and prisoner. Colonists have a base mood of 50%. -->
  <Difficulty_ColonistMoodOffset_Info>Постоянный множитель, влияющий на настроение каждого поселенца и заключённого. Базовое настроение колонистов: 50%.</Difficulty_ColonistMoodOffset_Info>
  <!-- EN: Food poison chance -->
  <Difficulty_FoodPoisonChanceFactor_Label>Отравления</Difficulty_FoodPoisonChanceFactor_Label>
  <!-- EN: Adjust the chance that a person will get food poisoning from eating a potentially-poisoned meal. -->
  <Difficulty_FoodPoisonChanceFactor_Info>Вероятность пищевого отравления при употреблении потенциально испорченного блюда.</Difficulty_FoodPoisonChanceFactor_Info>
  <!-- EN: Animal revenge chance -->
  <Difficulty_ManhunterChanceOnDamageFactor_Label>Месть животных</Difficulty_ManhunterChanceOnDamageFactor_Label>
  <!-- EN: Adjust the chance that injuring a wild animal will cause it to attack. -->
  <Difficulty_ManhunterChanceOnDamageFactor_Info>Вероятность мести раненого животного.</Difficulty_ManhunterChanceOnDamageFactor_Info>
  <!-- EN: Friendly fire -->
  <Difficulty_FriendlyFireChanceFactor_Label>Дружественный огонь</Difficulty_FriendlyFireChanceFactor_Label>
  <!-- EN: Adjust the chance of friendly fire.\n\nNote: This setting only affects direct shots which were going to hit their target. It does not prevent damage from explosions, or from shots which were going to miss their target. -->
  <Difficulty_FriendlyFireChanceFactor_Info>Вероятность дружественного огня.\n\nВнимание: эта настройка затрагивает только прямые попадания. Она не предотвращает урон от взрывов или от выстрелов мимо выбранной цели. </Difficulty_FriendlyFireChanceFactor_Info>
  <!-- EN: Colonist instant kills -->
  <Difficulty_AllowInstantKillChance_Label>Мгновенная потеря поселенцев</Difficulty_AllowInstantKillChance_Label>
  <!-- EN: Adjust the chance that a colonist can die instantly due to an attack. The incoming damage is adjusted so it will down the colonist instead.\n\nThis only prevents some kinds of instant kills - colonists can still be downed and bleed to death, die from fire, explosions, disease, and so on. -->
  <Difficulty_AllowInstantKillChance_Info>Вероятность мгновенной потери поселенцев во время боя. Входящий урон можно изменить так, что поселенец скорее будет сражён, чем потерян.\n\nЭта настройка влияет только на некоторые возможные факторы, ведущие к мгновенной потере: поселенец всё ещё может получить тяжёлое ранение и скончаться от кровопотери или пострадать от взрыва, болезни и т.п.</Difficulty_AllowInstantKillChance_Info>
  <!-- EN: Infection chance -->
  <Difficulty_PlayerPawnInfectionChanceFactor_Label>Вероятность заражения</Difficulty_PlayerPawnInfectionChanceFactor_Label>
  <!-- EN: Adjust the chance that a wound will become infected. -->
  <Difficulty_PlayerPawnInfectionChanceFactor_Info>Настройка вероятности заражения ран.</Difficulty_PlayerPawnInfectionChanceFactor_Info>
  <!-- EN: Disease frequency -->
  <Difficulty_DiseaseIntervalFactor_Inverted_Label>Частота болезней</Difficulty_DiseaseIntervalFactor_Inverted_Label>
  <!-- EN: Adjust the frequency of random disease events. -->
  <Difficulty_DiseaseIntervalFactor_Inverted_Info>Частота случайных событий с болезнями.</Difficulty_DiseaseIntervalFactor_Inverted_Info>
  <!-- EN: Insect spawning rate -->
  <Difficulty_EnemyReproductionRateFactor_Label>Рождаемость насекомых</Difficulty_EnemyReproductionRateFactor_Label>
  <!-- EN: Adjust the rate at which existing insect hives spawn new insects. Lower values means more time between spawn events.\n\nThis does not affect whether infestations can occur - only the speed at which active hives produce insects. -->
  <Difficulty_EnemyReproductionRateFactor_Info>Частота, с которой ульи порождают насекомых. Чем меньше это значение, тем больше интервал между появлением новых особей.\n\nЭта настройка не влияет на вероятность нападения насекомых, а лишь контролирует их рождаемость.</Difficulty_EnemyReproductionRateFactor_Info>
  <!-- EN: Deep drilling infestations -->
  <Difficulty_DeepDrillInfestationChanceFactor_Label>Вероятность появления насекомых</Difficulty_DeepDrillInfestationChanceFactor_Label>
  <!-- EN: Adjust the chance that deep drilling will trigger an infestation. -->
  <Difficulty_DeepDrillInfestationChanceFactor_Info>Вероятность появления насекомых при выполнении бурения.</Difficulty_DeepDrillInfestationChanceFactor_Info>
  <!-- EN: Map generation ancient threats -->
  <Difficulty_PeacefulTemples_Inverted_Label>Создание древней угрозы при генерации карты</Difficulty_PeacefulTemples_Inverted_Label>
  <!-- EN: Ancient structures may contain dangerous threats. -->
  <Difficulty_PeacefulTemples_Inverted_Info>С какой вероятностью древние сооружения будут содержать в себе угрозы.</Difficulty_PeacefulTemples_Inverted_Info>
  <!-- EN: Map generation natural hives -->
  <Difficulty_AllowCaveHives_Label>Создание ульев при генерации карты</Difficulty_AllowCaveHives_Label>
  <!-- EN: Dormant insect hives may spawn in natural caves.\n\nThis setting only applies to map generation and does not affect active insects that may tunnel in during play. -->
  <Difficulty_AllowCaveHives_Info>Вероятность, с которой спящие ульи появляются в естественных пещерах.\n\nЭта настройка влияет только на создание карты, и не влияет на насекомых, которые могут появиться во время игры.</Difficulty_AllowCaveHives_Info>

  <!-- EN: Player tools -->
  <DifficultyPlayerToolsSection>Инструменты игрока</DifficultyPlayerToolsSection>
  <!-- EN: Player can build traps -->
  <Difficulty_AllowTraps_Label>Установка ловушек</Difficulty_AllowTraps_Label>
  <!-- EN: Player can build traps like spike traps and IED traps. -->
  <Difficulty_AllowTraps_Info>Разрешить строить ловушки и мины.</Difficulty_AllowTraps_Info>
  <!-- EN: Player can build turrets -->
  <Difficulty_AllowTurrets_Label>Строительство турелей</Difficulty_AllowTurrets_Label>
  <!-- EN: Player can build static turrets like mini-turrets, autocannon turrets, and uranium slug turrets.\n\nYou can still use captured turrets even if this is disabled. -->
  <Difficulty_AllowTurrets_Info>Разрешить строительство мини-турелей, тяжёлых и снайперских турелей.\n\nВы сможете использовать захваченные турели, даже если эта опция отключена.</Difficulty_AllowTurrets_Info>
  <!-- EN: Player can build mortars -->
  <Difficulty_AllowMortars_Label>Строительство миномётов</Difficulty_AllowMortars_Label>
  <!-- EN: Player can build mortars.\n\nYou can still use captured mortars even if this is disabled. -->
  <Difficulty_AllowMortars_Info>Разрешить строительство миномётов.\n\nВы сможете использовать захваченные миномёты, даже если эта опция отключена.</Difficulty_AllowMortars_Info>
  
  <!-- EN: Adaptation -->
  <DifficultyAdaptationSection>Адаптация рассказчика</DifficultyAdaptationSection>
  <!-- EN: Damage adaptation growth -->
  <Difficulty_AdaptationGrowthRateFactorOverZero_Label>Рост адаптации</Difficulty_AdaptationGrowthRateFactorOverZero_Label>
  <!-- EN: Adaptation means the storyteller makes the game more challenging over time as long as you are not taking losses. This is separate from the story effects of wealth and population.\n\nThis adjusts the rate of that challenge growth. -->
  <Difficulty_AdaptationGrowthRateFactorOverZero_Info>Адаптация — это постепенное усложнение игры рассказчиком до тех пор, пока игрок не начинает нести потери. Она не имеет отношения к влиянию богатства и размера поселений на сложность игры.\n\nЭта настройка изменяет скорость нарастания сложности.</Difficulty_AdaptationGrowthRateFactorOverZero_Info>
  <!-- EN: Damage adaptation effect -->
  <Difficulty_AdaptationEffectFactor_Label>Влияние адаптации</Difficulty_AdaptationEffectFactor_Label>
  <!-- EN: Adaptation means the storyteller makes the game more challenging over time as long as you are not taking losses. This is separate from the story effects of wealth and population.\n\nThis adjusts the effect of that adaptation value on actual threats. -->
  <Difficulty_AdaptationEffectFactor_Info>Адаптация — это постепенное усложнение игры рассказчиком до тех пор, пока игрок не начинает нести потери. Она не имеет отношения к влиянию богатства и размера поселений на сложность игры.\n\nЭта настройка изменяет степень влияния адаптации на масштаб угроз.</Difficulty_AdaptationEffectFactor_Info>
  <!-- EN: Wealth-independent progress mode -->
  <Difficulty_FixedWealthMode_Label>Сложность не зависит от богатства</Difficulty_FixedWealthMode_Label>
  <!-- EN: Play in a wealth-independent progress mode.\n\nIn normal mode, the storyteller scales threats according to colonist count, player wealth, and a variety of other factors. Wealth-independent mode removes the wealth factor and replaces it with a fixed progress curve based on time. The time is counted from the founding of each colony.\n\nThis is only recommended for those looking for a strict skill challenge. In wealth-independent mode, it may be nearly impossible to recover from serious losses unless you found a new settlement. It's also possible to get too far ahead of the curve and find the game too easy. -->
  <Difficulty_FixedWealthMode_Info>Игра с ростом сложности, не зависящим от богатства поселений.\n\nПри стандартных настройках рассказчик масштабирует угрозы в зависимости от размера и богатства поселений, а также множества других факторов. Если же включена эта опция, богатство перестаёт учитываться: зависимость сложности от богатства заменяется на зависимость сложности от времени, прошедшего с создания каждого поселения. При этом другие факторы учитываться продолжают.\n\nЭта настройка рекомендуется любителям сложных режимов. При такой игре становится практически невозможно оправиться от тяжёлых потерь иначе, как основать новое поселение. Также существует вероятность слишком быстрого прогресса, и в этом случае игра становится слишком простой.</Difficulty_FixedWealthMode_Info>
  <!-- EN: Years until maximum threat -->
  <Difficulty_FixedWealthTimeFactor_Label>Лет до максимальных угроз</Difficulty_FixedWealthTimeFactor_Label>
  <!-- EN: The number of game years until the wealth-independent mode reaches its maximum threat level.\n\nNote that the storyteller will still scale threats according to colonist count and a variety of other factors. -->
  <Difficulty_FixedWealthTimeFactor_Info>Число лет до момента, когда при игре с ростом сложности, не зависящим от богатства, будет достигнут её максимальный уровень угроз.\n\nОбратите внимание, что рассказчик всё ещё будет подстраивать уровень угроз в соответствии с численностью населения и многими другими факторами.</Difficulty_FixedWealthTimeFactor_Info>

  <!-- Site select -->
  <!-- EN: Select starting site -->
  <SelectStartingSite>Выбор места для первого поселения</SelectStartingSite>
  <!-- EN: Select random site -->
  <SelectRandomSite>Выбрать случайно</SelectRandomSite>
  <!-- EN: Select site -->
  <SelectSite>Выбрать место</SelectSite>
  <!-- EN: Please select a site. -->
  <MustSelectStartingSite>Пожалуйста, выберите место.</MustSelectStartingSite>
  <!-- EN: You cannot land on this biome: {0} -->
  <CannotLandBiome>Вы не можете приземлиться в этом биоме: {0}</CannotLandBiome>
  <!-- EN: Biome not implemented -->
  <BiomeNotImplemented>Такой биом не найден.</BiomeNotImplemented>
  <!-- EN: You cannot land on impassable mountains. -->
  <CannotLandImpassableMountains>Вы не можете приземлиться в непроходимых горах.</CannotLandImpassableMountains>
  <!-- EN: {0} already have a base there. -->
  <BaseAlreadyThere>Фракция {0} уже разместила здесь своё поселение.</BaseAlreadyThere>
  <!-- EN: You already have a base there. -->
  <YourBaseAlreadyThere>Вы уже разместили здесь своё поселение.</YourBaseAlreadyThere>
  <!-- EN: This tile is occupied. -->
  <TileOccupied>Это место занято.</TileOccupied>
  <!-- EN: Settlements cannot be directly adjacent to each other. -->
  <FactionBaseAdjacent>Поселения нельзя располагать вплотную друг к другу.</FactionBaseAdjacent>
  <!-- EN: Biome -->
  <Biome>Биом</Biome>
  <!-- EN: Terrain -->
  <Terrain>Поверхность</Terrain>
  <!-- EN: Road -->
  <Road>Дорога</Road>
  <!-- EN: River -->
  <River>Река</River>
  <!-- EN: Elevation -->
  <Elevation>Высота</Elevation>
  <!-- EN: Fertility -->
  <Fertility>Плодородность</Fertility>
  <!-- EN: Average temperature -->
  <AvgTemp>Средняя температура</AvgTemp>
  <!-- EN: Rainfall -->
  <Rainfall>Осадки</Rainfall>
  <!-- EN: Special features -->
  <SpecialFeatures>Особенности</SpecialFeatures>
  <!-- EN: northern coast -->
  <HasCoast0>Побережье с севера</HasCoast0>
  <!-- EN: eastern coast -->
  <HasCoast1>Побережье с востока</HasCoast1>
  <!-- EN: southern coast -->
  <HasCoast2>Побережье с юга</HasCoast2>
  <!-- EN: western coast -->
  <HasCoast3>Побережье с запада</HasCoast3>
  <!-- EN: caves -->
  <HasCaves>Пещеры</HasCaves>
  <!-- EN: Faction base -->
  <FactionBase>Поселение фракции</FactionBase>
  <!-- EN: Stone types -->
  <StoneTypesHere>Типы пород</StoneTypesHere>
  <!-- EN: Time zone -->
  <TimeZone>Часовой пояс</TimeZone>
  <!-- EN: Movement difficulty -->
  <MovementDifficulty>Сложность передвижения</MovementDifficulty>
  <!-- EN: Animals can graze now -->
  <AnimalsCanGrazeNow>Животные могут пастись</AnimalsCanGrazeNow>
  <!-- EN: Average disease frequency -->
  <AverageDiseaseFrequency>Ср. частота заболеваний</AverageDiseaseFrequency>
  <!-- EN: per year -->
  <PerYear>в год</PerYear>
  <!-- EN: Forageability -->
  <Forageability>Скорость добычи еды</Forageability>
  <!-- EN: None of the selected people can do the following jobs:\n\n{0}\n\nThis can make the game more difficult than usual. Are you sure you want to continue? -->
  <ConfirmRequiredWorkTypeDisabledForEveryone>Никто из выбранных вами людей не может заниматься этими видами работ:\n\n{0}\n\nЭто может несколько усложнить игру. Вы уверены, что хотите продолжить?</ConfirmRequiredWorkTypeDisabledForEveryone>

  <!-- Character chooser -->
  <!-- EN: Create characters -->
  <CreateCharacters>Создание персонажей</CreateCharacters>
  <!-- EN: The character's first name.\n\nThis is only displayed in certain menus. -->
  <FirstNameDesc>Имя персонажа.\n\nОтображается только в некоторых меню.</FirstNameDesc>
  <!-- EN: The character's short identifier.\n\nThis is displayed at all times. It can be the first or last name, or a completely separate nickname. -->
  <ShortIdentifierDesc>Короткий идентификатор персонажа.\n\nОтображается везде. Может быть именем, фамилией или прозвищем.</ShortIdentifierDesc>
  <!-- EN: The character's last name.\n\nThis is only displayed in certain menus. -->
  <LastNameDesc>Фамилия персонажа.\n\nОтображается только в некоторых меню.</LastNameDesc>
  <!-- EN: Randomize -->
  <Randomize>Случайно</Randomize>
  <!-- EN: age {0} -->
  <AgeIndicator>возраст {0}</AgeIndicator>
  <!-- EN: {PAWN_race}, age {PAWN_ageFull} -->
  <PawnSummary>{PAWN_race}, возраст {PAWN_ageFull}</PawnSummary>
  <!-- EN: {PAWN_gender} {PAWN_race}, age {PAWN_ageFull} -->
  <PawnSummaryWithGender>{PAWN_race}, {PAWN_gender}, возраст {PAWN_ageFull}</PawnSummaryWithGender>
  <!-- EN: Backstory -->
  <Backstory>Биография</Backstory>
  <!-- EN: Incapable of -->
  <IncapableOf>Недоступно</IncapableOf>
  <!-- EN: Abilities -->
  <Abilities>Способности</Abilities>
  <!-- EN: Caused by backstory: {0} -->
  <IncapableOfTooltipBackstory>Из-за биографии: {0}</IncapableOfTooltipBackstory>
  <!-- EN: Caused by title: {0} -->
  <IncapableOfTooltipTitle>Из-за титула: {0}</IncapableOfTooltipTitle>
  <!-- EN: Caused by trait: {0} -->
  <IncapableOfTooltipTrait>Из-за черты: {0}</IncapableOfTooltipTrait>
  <!-- EN: Caused by: {0} -->
  <IncapableOfTooltipHediff>Из-за: {0}</IncapableOfTooltipHediff>
  <!-- EN: Disabled work types: -->
  <IncapableOfTooltipWorkTypes>Недоступные виды работ:</IncapableOfTooltipWorkTypes>
  <!-- EN: Caused by quest status: {0} -->
  <IncapableOfTooltipQuest>Вызвано статусом задания: {0}</IncapableOfTooltipQuest>
  <!-- EN: Traits -->
  <Traits>Черты характера</Traits>
  <!-- EN: Permanent mood effect -->
  <PermanentMoodEffect>Настроение</PermanentMoodEffect>
  <!-- EN: Skills -->
  <Skills>Навыки</Skills>
  <!-- EN: none -->
  <NoneLower>отсутствует</NoneLower>
  <!-- EN: Adulthood -->
  <Adulthood>Зрелость</Adulthood>
  <!-- EN: Childhood -->
  <Childhood>Детство</Childhood>
  <!-- EN: Current -->
  <Current>Сейчас</Current>
  <!-- EN: male -->
  <Male>мужчина</Male>
  <!-- EN: female -->
  <Female>женщина</Female>
  <!-- EN: male -->
  <MaleAnimal>самец</MaleAnimal>
  <!-- EN: female -->
  <FemaleAnimal>самка</FemaleAnimal>
  <!-- EN: Pain -->
  <Pain>Боль</Pain>
  <!-- EN: Health -->
  <Health>Здоровье</Health>
  <!-- EN: Relations -->
  <Relations>Отношения</Relations>
  <!-- EN: Team skills -->
  <TeamSkills>Навыки команды</TeamSkills>
  <!-- EN: Selected -->
  <StartingPawnsSelected>Выбраны</StartingPawnsSelected>
  <!-- EN: Left behind -->
  <StartingPawnsLeftBehind>Оставлены</StartingPawnsLeftBehind>
  
  <!-- Misc -->
  <!-- EN: Start -->
  <Start>Начать</Start>
  <!-- EN: Advanced -->
  <Advanced>Настройки</Advanced>
  <!-- EN: Next -->
  <Next>Далее</Next>
  <!-- EN: Back -->
  <Back>Назад</Back>
  <!-- EN: Change material... -->
  <ShowMaterials>Изменить материалы...</ShowMaterials>
  <!-- EN: Gameplay -->
  <Gameplay>Игра</Gameplay>
  <!-- EN: Really quit? You'll lose unsaved progress. -->
  <ConfirmQuit>Выйти? Весь несохранённый прогресс будет потерян.</ConfirmQuit>
  <!-- EN: Each person needs a valid name. -->
  <EveryoneNeedsValidName>Пожалуйста, введите корректные имена, прозвища и фамилии для поселенцев.</EveryoneNeedsValidName>
  <!-- EN: None of the selected people can do the following jobs -->
  <RequiredWorkTypeDisabledForEveryone>Ни один из выбранных вами людей не может заниматься этими видами работ</RequiredWorkTypeDisabledForEveryone>
  <!-- EN: Quit -->
  <Quit>Выйти</Quit>
  <!-- EN: Ignore -->
  <Ignore>Игнорировать</Ignore>
  
  <!-- Progress bar -->
  <!-- EN: Generating world -->
  <GeneratingWorld>Генерация мира</GeneratingWorld>
  <!-- EN: Generating planet -->
  <GeneratingPlanet>Генерация планеты</GeneratingPlanet>
  <!-- EN: Generating map -->
  <GeneratingMap>Генерация карты</GeneratingMap>
  <!-- EN: Generating map for new encounter -->
  <GeneratingMapForNewEncounter>Генерация карты</GeneratingMapForNewEncounter>

  <!-- EN: Click for more info -->
  <ClickForMoreInfo>Нажмите для информации</ClickForMoreInfo>
  <!-- EN: No more information is available. -->
  <NoMoreInfoAvailable>Более подробная информация отсутствует.</NoMoreInfoAvailable>

</LanguageData>