﻿<?xml version="1.0" encoding="UTF-8"?>
<LanguageData>

  <!-- ======================== Non-grouped ========================-->
  
  <!-- EN: Your faction will be a {0}. -->
  <ScenPart_PlayerFaction>Тип вашей фракции: {0}.</ScenPart_PlayerFaction>

  <!-- EN: Start with {0} people, chosen from {1}. -->
  <ScenPart_StartWithPawns>Выбрать {0} людей из {1}</ScenPart_StartWithPawns>
  <!-- EN: chosen from -->
  <ScenPart_StartWithPawns_OutOf>выбрать из</ScenPart_StartWithPawns_OutOf>
  <!-- EN: random pet -->
  <RandomPet>случайный питомец</RandomPet>

  <!-- EN: Start with research: {0} -->
  <ScenPart_StartingResearchFinished>Уже исследовано: {0}</ScenPart_StartingResearchFinished>
  
  <!-- EN: Arrive in drop pods. -->
  <ScenPart_ArriveInDropPods>Прибытие в спасательных капсулах.</ScenPart_ArriveInDropPods>

  <!-- EN: The stat "{0}" will be universally multiplied by {1}. -->
  <ScenPart_StatFactor>Все значения параметра «{0}» в мире будут установлены в размере {1}.</ScenPart_StatFactor>

  <!-- Pawn modifiers -->
  <!-- EN: {0} have a {1} chance to start with {2}. -->
  <ScenPart_PawnsHaveHediff>{0} имеют {1} шанс начать с состоянием здоровья «{2}».</ScenPart_PawnsHaveHediff>
  <!-- EN: severity: {0} -->
  <ConfigurableSeverity>степень тяжести: {0}</ConfigurableSeverity>

  <!-- EN: {0} have a {1} chance to have their {2} set between {3} and {4}. -->
  <ScenPart_SetNeed>{0} имеют {1} шанс получить параметр «{2}» в диапазоне от {3} до {4}.</ScenPart_SetNeed>
  <!-- EN: level: {0} -->
  <ConfigurableLevel>уровень: {0}</ConfigurableLevel>

  <!-- EN: {0} have a {1} chance to start with trait: {2} -->
  <ScenPart_PawnsHaveTrait>{0} имеют {1} шанс начать с чертой: «{2}»</ScenPart_PawnsHaveTrait>
  <!-- EN: Characters and creatures explode on death ({0}, radius {1}). -->
  <ScenPart_OnPawnDeathExplode>Персонажи и существа взрываются при атаке на них ({0}, радиус взрыва {1}).</ScenPart_OnPawnDeathExplode>
  <!-- EN: {0} start naked. -->
  <ScenPart_PawnsAreNaked>{0} начинают без одежды</ScenPart_PawnsAreNaked>
  
  <!-- Pawn filters -->
  <!-- EN: Your people will be at least {0} years old. -->
  <ScenPart_StartingPawnAgeMin>Вашим людям будет как минимум ^Number( {0} | '# год' | '# года' | '# лет')^.</ScenPart_StartingPawnAgeMin>
  <!-- EN: Your people will be at most {0} years old. -->
  <ScenPart_StartingPawnAgeMax>Вашим людям будет не более ^Number( {0} | '# года' | '# лет' | '# лет')^.</ScenPart_StartingPawnAgeMax>
  <!-- EN: Your people will be between {0} and {1} years old. -->
  <ScenPart_StartingPawnAgeRange>Вашим людям будет от {0} до ^Number( {1} | '# года' | '# лет' | '# лет')^.</ScenPart_StartingPawnAgeRange>

  <!-- ======================== Grouped ========================-->

  <!-- EN: Start with -->
  <ScenPart_StartWith>Начальные ресурсы</ScenPart_StartWith>
  <!-- EN: Map is scattered with -->
  <ScenPart_MapScatteredWith>По карте будут разбросаны</ScenPart_MapScatteredWith>
  <!-- EN: Permanent game condition(s) -->
  <ScenPart_PermaGameCondition>Постоянные условия</ScenPart_PermaGameCondition>
  <!-- EN: Incident(s) disabled -->
  <ScenPart_DisableIncident>Эти происшествия отключены</ScenPart_DisableIncident>
  <!-- EN: Incident created -->
  <ScenPart_CreateIncident>Происшествие создано</ScenPart_CreateIncident>
  <!-- EN: Can never build -->
  <ScenPart_DisallowBuilding>Запретить строительство</ScenPart_DisallowBuilding>

</LanguageData>