﻿<?xml version="1.0" encoding="UTF-8"?>
<LanguageData>

  <!-- WITab titles -->
  <!-- EN: Terrain -->
  <TabTerrain>Ландшафт</TabTerrain>
  <!-- EN: Planet -->
  <TabPlanet>Планета</TabPlanet>
  <!-- EN: Social -->
  <TabCaravanSocial>Социум</TabCaravanSocial>
  <!-- EN: Health -->
  <TabCaravanHealth>Здоровье</TabCaravanHealth>
  <!-- EN: Needs -->
  <TabCaravanNeeds>Нужды</TabCaravanNeeds>
  <!-- EN: Gear -->
  <TabCaravanGear>Вещи</TabCaravanGear>
  <!-- EN: Items -->
  <TabCaravanItems>Груз</TabCaravanItems>
  
  <!-- Misc -->
  <!-- EN: Abandon {{0}}x {0} -->
  <AbandonSliderText>Оставить {0} ({{0}} шт)</AbandonSliderText>
  <!-- EN: Do you really want to abandon {0}?\n\nAbandoned items vanish and can never be recovered. -->
  <ConfirmAbandonItemDialog>Вы действительно хотите оставить {0}?\n\nОставленные вещи исчезнут, и их будет невозможно вернуть.</ConfirmAbandonItemDialog>
  <!-- EN: Abandon -->
  <AbandonTip>Оставить</AbandonTip>
  <!-- EN: Banish -->
  <BanishTip>Изгнать</BanishTip>
  <!-- EN: Abandon specific count -->
  <AbandonSpecificCountTip>Оставить указанное количество</AbandonSpecificCountTip>
  <!-- EN: Abandon (all) -->
  <AbandonAllTip>Оставить всё</AbandonAllTip>
  <!-- EN: Abandoned items vanish and can never be recovered. -->
  <AbandonItemTipExtraText>Оставленные вещи исчезнут, и их будет невозможно вернуть.</AbandonItemTipExtraText>
  <!-- EN: {1_labelShort} will most likely die. -->
  <BanishTipWillDie>{1_labelShort} скорее всего не выживет в одиночку.</BanishTipWillDie>
  
  <!-- Caravan inspect -->
  <!-- EN: Colonists -->
  <CaravanColonists>Путешественники</CaravanColonists>
  <!-- EN: Prisoners and animals -->
  <CaravanPrisonersAndAnimals>Пленники и животные</CaravanPrisonersAndAnimals>
  <!-- EN: Inventory -->
  <CaravanItems>Груз</CaravanItems>
  <!-- EN: Click to open a tab with more details. -->
  <OpenSpecificTabButtonTip>Нажмите, чтобы увидеть подробности.</OpenSpecificTabButtonTip>
  <!-- EN: Prisoners -->
  <CaravanPrisoners>Пленники</CaravanPrisoners>
  <!-- EN: Equippable items -->
  <CaravanWeaponsAndApparel>Снаряжение</CaravanWeaponsAndApparel>
  <!-- EN: None capable -->
  <NoneCapable>Не найден</NoneCapable>
  <!-- EN: Caravan not moving -->
  <GainingJoyBecauseCaravanNotMoving>Караван стоит</GainingJoyBecauseCaravanNotMoving>
  
  <!-- Caravan gear -->
  <!-- EN: Drag to rearrange. -->
  <DragToRearrange>Перетаскивайте, чтобы упорядочить предметы.</DragToRearrange>

  <!-- Caravan items -->
  <!-- EN: Assign drug policies -->
  <AssignDrugPolicies>Политика приёма препаратов</AssignDrugPolicies>

  <!-- Caravan health -->
  <!-- EN: Whether this person or animal should be carried by other caravan members when sick.\n\nCarried caravan members can rest even if the caravan is moving, but they slow it down. -->
  <BeCarriedIfSickTip>Должны ли участники каравана переносить этого человека или животное на носилках в случае болезни.\n\nЛежащие на носилках могут отдыхать даже во время движения каравана, но необходимость их переноски замедляет караван.</BeCarriedIfSickTip>
  
  <!-- Planet -->
  <!-- EN: Seed -->
  <PlanetSeed>Зерно</PlanetSeed>
  <!-- EN: Coverage -->
  <PlanetCoverageShort>Размер карты</PlanetCoverageShort>

</LanguageData>