﻿<?xml version="1.0" encoding="UTF-8"?>
<LanguageData>
  
  <!-- EN: Arresting worsens faction relations -->
  <ArrestingCreatesEnemies.label>Арест ухудшает отношения с фракциями</ArrestingCreatesEnemies.label>
  <!-- EN: Warning: The person you are trying to arrest may not go quietly.\n\nIf you arrest a non-colonist or a colonist from another faction, their entire faction may become your enemy. \n\nThis arrest has a {0} chance of succeeding, based on the social skill of the arrester. -->
  <ArrestingCreatesEnemies.helpText>Внимание: Человек, которого вы попытаетесь арестовать, может начать сопротивляться.\n\nЕсли вы арестуете колониста или не-колониста из другой фракции, вся эта фракция станет вашим врагом. \n\nС учётом социальных навыков поселенца, проводящего арест, шанс успеха составляет {0}.</ArrestingCreatesEnemies.helpText>
  
  <!-- EN: Maximum number of player colonies -->
  <MaxNumberOfPlayerSettlements.label>Максимальное число поселений</MaxNumberOfPlayerSettlements.label>
  <!-- EN: Warning: RimWorld is designed to be played with one player colony at a time. Multiple player colonies are allowed as an experimental testing feature only.\n\nPlaying with multiple colonies will cause gameplay imbalances and split your focus, as well as likely causing performance slowdowns.\n\nWe recommend that you play with the one-colony maximum the game was designed for, at least for your first few games. -->
  <MaxNumberOfPlayerSettlements.helpText>Внимание: RimWorld рассчитан на то, чтобы игрок управлял только одним поселением за игру. Управлять несколькими поселениями можно, но это экспериментальная функция.\n\nОдновременное управление поселениями нарушит игровой баланс, а сосредоточиться и держать в памяти происходящее станет значительно сложнее. Также возможны проблемы с производительностью.\n\nРекомендуется играть с одним поселением, хотя бы в несколько первых раз.</MaxNumberOfPlayerSettlements.helpText>
  
  <!-- EN: Flick designations only designate -->
  <SwitchFlickingDesignation.label>Приказ о переключении</SwitchFlickingDesignation.label>
  <!-- EN: Note: This only designates that a colonist should flick the switch.\n\nNothing will actually happen until a colonist comes and flicks the switch by hand. -->
  <SwitchFlickingDesignation.helpText>Примечание: Это действие — лишь приказ поселенцам.\n\nНичего не произойдёт, пока поселенец, назначенный оператором, не подойдёт и не переключит выключатель вручную.</SwitchFlickingDesignation.helpText>
  
  <!-- EN: Trade goods and trade beacons -->
  <TradeGoodsMustBeNearBeacon.label>Обмен товарами и торговые маяки</TradeGoodsMustBeNearBeacon.label>
  <!-- EN: To send items or silver to orbital traders, you must build an ORBITAL TRADE BEACON and place a stockpile of items near it. -->
  <TradeGoodsMustBeNearBeacon.helpText>Чтобы отправлять товары или серебро орбитальным торговцам, постройте торговый маяк и разместите рядом с ним склад с товарами.</TradeGoodsMustBeNearBeacon.helpText>
  
  <!-- EN: Trading permit requirements -->
  <TradingRequiresPermit.label>Требования для торговой привилегии</TradingRequiresPermit.label>
  <!-- EN: Trading here requires the title of {0}.\n\nEnsure any trade caravan you send has someone with the title of {0} or higher. -->
  <TradingRequiresPermit.helpText>Для торговли здесь необходимо иметь титул: {0}.\n\nУдостоверьтесь, что в вашем караване есть {0} или кто-либо ещё выше по статусу.</TradingRequiresPermit.helpText>
  
</LanguageData>