﻿<?xml version="1.0" encoding="UTF-8"?>
<LanguageData>
  
  <!-- EN:
    <li>lodgersLabel->guest</li>
    <li>lodgersLabelPlural->[asker_faction_pawnsPlural]</li>
  -->
  <Hospitality_Joiners.questDescriptionAndNameRules.rulesStrings>
    <li>lodgersLabel(lodgers0_gender==Male)->гость</li>
    <li>lodgersLabel(lodgers0_gender==Female)->гостья</li>
    <li>lodgersLabelPlural->гости</li>
    <li>lodgersLabel_gen(lodgers0_gender==Male)->гостя</li>
    <li>lodgersLabel_gen(lodgers0_gender==Female)->гостьи</li>
    <li>lodgersLabelPlural_gen->гостей</li>
    <li>lodgersLabel_acc(lodgers0_gender==Male)->гостя</li>
    <li>lodgersLabel_acc(lodgers0_gender==Female)->гостью</li>
    <li>lodgersLabelPlural_acc->гостей</li>
  </Hospitality_Joiners.questDescriptionAndNameRules.rulesStrings>
  <!-- EN:
    <li>lodgersDef(lodgersCount==1)->[lodgers0_nameDef]</li>
    <li>lodgersDef(lodgersCount>=2)->the [lodgersLabelPlural]</li>
    <li>joinerEnding(priority=1)-></li>
    <li>joinerEnding->You'll be able to direct [lodgersDef] the same way you direct your own colonists.[specialNeedsExplanation]</li>
    <li>specialNeedsExplanation(asker_royalInCurrentFaction==True,priority=1)-> You'll need to satisfy any special royal needs the [lodgersLabelPlural] may have.</li>
    <li>specialNeedsExplanation-></li>
    <li>theirHisHer(lodgersCount==1)->[lodgers0_possessive]</li>
    <li>theirHisHer(lodgersCount>=2)->their</li>
    <li>lodgersPronoun(lodgersCount==1)->[lodgers0_pronoun]</li>
    <li>lodgersPronoun(lodgersCount>=2)->they</li>
    <li>lodgersWasWere(lodgersCount==1)->was</li>
    <li>lodgersWasWere(lodgersCount>=2)->were</li>
    <li>appreciateAppreciates(lodgersCount==1)->appreciates</li>
    <li>appreciateAppreciates(lodgersCount>=2)->appreciate</li>
    <li>goodwillForMood(goodwillRewardForMood==true,priority=1)->\n\n[lodgersLabelSingOrPluralDef] [appreciateAppreciates] quality accommodation. You will gain goodwill with [asker_faction_name] if you keep [theirHisHer] average mood above 50%.</li>
    <li>goodwillForMood-></li>
    <li>questDescription(askerIsNull==true,lodgersCount==1)->A [lodgers0_title] named [lodgers0_nameFull] wants you to protect [lodgers0_objective] at [map_definite] for [shuttleDelayTicks_duration]. [allLodgerInfo][threatsInfo1][commonDescEnding]\n\n[joinerEnding]</li>
    <li>threatsInfo1(generateThreats==true,threatType==Raids,enemyFaction!=Mechanoid)->\n\n[lodgers0_nameDef] was recently caught [wrongAct]. Seeking revenge, [enemyFaction_pawnsPlural] will come for [lodgers0_objective] as long as [lodgers0_pronoun] is with you. [enemyGroupsParagraph]</li>
    <li>threatsInfo1(generateThreats==true,threatType==Raids,enemyFaction==Mechanoid)->\n\n[threatsInfoMechRaidsSingleHuman] [enemyGroupsParagraph]</li>
    <li>threatsInfo1(generateThreats==true,threatType==MechClusters)->\n\n[threatsInfoMechClustersSingleHuman] [enemyGroupsParagraph]</li>
    <li>threatsInfo1(generateThreats==false)-></li>
    <li>wrongAct->insulting the [PersonalCharacteristic] of [enemyFaction_leader_nameDef], [enemyFaction_leaderTitle] of [enemyFaction_name]</li>
    <li>wrongAct->stealing livestock from [enemyFaction_name]</li>
    <li>wrongAct->stealing food from [enemyFaction_name]</li>
    <li>wrongAct->stealing spiritual artifacts from [enemyFaction_name]</li>
    <li>wrongAct->sabotaging the cryptosleep caskets of [enemyFaction_name]</li>
    <li>questDescription(askerIsNull==true,lodgersCount>=2)->A group of [lodgersCount] travelers want you to host them at [map_definite] for [shuttleDelayTicks_duration]. [allLodgerInfo][threatsInfo2][commonDescEnding]\n\n[joinerEnding]</li>
    <li>threatsInfo2(generateThreats==true,threatType==Raids,enemyFaction!=Mechanoid)->\n\nThese travelers were recently invited to an important ceremony with [enemyFaction_name], but showed up drunk and profaned the ritual. [enemyFaction_name] is now sending raids after them. [enemyGroupsParagraph]</li>
    <li>threatsInfo2(generateThreats==true,threatType==Raids,enemyFaction==Mechanoid)->\n\n[threatsInfoMechRaidsMultiHuman] [enemyGroupsParagraph]</li>
    <li>threatsInfo2(generateThreats==true,threatType==MechClusters)->\n\nThe travelers recently [mechViolation], and have been targeted by an orbiting mechanoid swarm. [enemyGroupsParagraph]</li>
    <li>threatsInfo2(generateThreats==false)-></li>
    <li>questDescription(asker_factionLeader==True,lodgersCount==1,generateThreats==false,priority=1)->[asker_nameFull], [asker_faction_leaderTitle] of [asker_faction_name] is requesting a favor. [asker_possessive] friend [lodgers0_nameFull] is interested in learning about other cultures, and [asker_pronoun] wants you to host [lodgers0_objective] at [map_definite] for [shuttleDelayTicks_duration]. [allLodgerInfo][goodwillForMood][commonDescEnding]\n\n[joinerEnding]</li>
    <li>questDescription(asker_factionLeader==True,lodgersCount==1,generateThreats==true,threatType==Raids,enemyFaction!=Mechanoid,priority=1)->[asker_nameFull], [asker_faction_leaderTitle] of [asker_faction_name] is requesting a favor. [asker_possessive] friend, a [lodgers0_age]-year-old [lodgers0_title] named [lodgers0_nameDef], was caught writing vicious insults about [enemyFaction_leader_nameFull]'s [PersonalCharacteristic]. [asker_nameDef] is asking for you to guard [lodgers0_nameDef] for [shuttleDelayTicks_duration], until [asker_pronoun] can smooth over relations with [enemyFaction_name]. Since [enemyFaction_leader_nameDef] is the [enemyFaction_leaderTitle] of [enemyFaction_name], [enemyFaction_leader_pronoun] has sent groups of [enemyFaction_pawnsPlural] to hunt the insulter [lodgers0_nameDef].\n\n[threatDescriptionParagraph][allLodgerInfo][goodwillForMood][commonDescEnding]\n\n[joinerEnding]</li>
    <li>questDescription(asker_factionLeader==True,lodgersCount==1,generateThreats==true,threatType==Raids,enemyFaction==Mechanoid,priority=1)->[asker_nameFull], [asker_faction_leaderTitle] of [asker_faction_name] is requesting a favor. [asker_possessive] friend, a [lodgers0_age]-year-old [lodgers0_title] named [lodgers0_nameDef], recently [mechViolation]. [asker_nameDef] is asking for you to guard [lodgers0_nameDef] for [shuttleDelayTicks_duration], until [asker_pronoun] can sooth the mechanoid hive.\n\n[threatDescriptionParagraph][allLodgerInfo][goodwillForMood][commonDescEnding]\n\n[joinerEnding]</li>
    <li>questDescription(asker_factionLeader==True,lodgersCount==1,generateThreats==true,threatType==MechClusters,priority=1)->[asker_nameFull], [asker_faction_leaderTitle] of [asker_faction_name] is requesting a favor. [asker_possessive] friend, a [lodgers0_age]-year-old [lodgers0_title] named [lodgers0_nameDef], recently [mechViolation]. [asker_nameDef] is asking for you to guard [lodgers0_nameDef] for [shuttleDelayTicks_duration].\n\n[threatDescriptionParagraph][allLodgerInfo][goodwillForMood][commonDescEnding]\n\n[joinerEnding]</li>
    <li>questDescription(asker_factionLeader==True,lodgersCount>=2,generateThreats==false,priority=1)->[asker_nameFull], [asker_faction_leaderTitle] of [asker_faction_name], recently rescued [lodgersCount] [asker_faction_pawnsPlural] from an enemy jail. [asker_pronoun] wants you to guard them at [map_definite] until [asker_pronoun] can send a shuttle to collect them in [shuttleDelayTicks_duration]. [allLodgerInfo][goodwillForMood][commonDescEnding]\n\n[joinerEnding]</li>
    <li>questDescription(asker_factionLeader==True,lodgersCount>=2,generateThreats==true,threatType==Raids,enemyFaction!=Mechanoid,priority=1)->[asker_nameFull], [asker_faction_leaderTitle] of [asker_faction_name], recently rescued [lodgersCount] [asker_faction_pawnsPlural] from the prisons of [enemyFaction_name]. [asker_nameDef] wants you to guard them at [map_definite] for [shuttleDelayTicks_duration] until [asker_pronoun] can send a shuttle to collect them. The [asker_faction_pawnsPlural] know secrets about the [secretInfo] of [enemyFaction_name], so they will be hunted.\n\n[threatDescriptionParagraph][allLodgerInfo][goodwillForMood][commonDescEnding]\n\n[joinerEnding]</li>
    <li>questDescription(asker_factionLeader==True,lodgersCount>=2,generateThreats==true,threatType==Raids,enemyFaction==Mechanoid,priority=1)->[asker_nameFull], [asker_faction_leaderTitle] of [asker_faction_name], recently rescued [lodgersCount] [asker_faction_pawnsPlural] from a crytosleep vault. [asker_nameDef] wants you to guard them at [map_definite] for [shuttleDelayTicks_duration] until [asker_pronoun] can send a shuttle to collect them. The [asker_faction_pawnsPlural] will be hunted by mechanoids.\n\n[threatDescriptionParagraph][allLodgerInfo][goodwillForMood][commonDescEnding]\n\n[joinerEnding]</li>
    <li>questDescription(asker_factionLeader==True,lodgersCount>=2,generateThreats==true,threatType==MechClusters,priority=1)->[asker_nameFull], [asker_faction_leaderTitle] of [asker_faction_name], recently rescued [lodgersCount] [asker_faction_pawnsPlural] from a mechanoid hive's holding pen. [asker_nameDef] wants you to guard them at [map_definite] for [shuttleDelayTicks_duration] until [asker_pronoun] can send a shuttle to collect them. The mechs are tracking their former prisoners.\n\n[threatDescriptionParagraph][allLodgerInfo][goodwillForMood][commonDescEnding]\n\n[joinerEnding]</li>
    <li>secretInfo->military capabilities</li>
    <li>secretInfo->moral transgressions</li>
    <li>secretInfo->weapons research</li>
    <li>secretInfo->prison camps</li>
    <li>secretInfo->[enemyFaction_leaderTitle]</li>
    <li>questDescription(asker_royalInCurrentFaction==True,lodgersCount==1)->[asker_nameFull], a [asker_royalTitleInCurrentFaction] of [asker_faction_name], is fleeing a troubling political situation and wants to hide out at [map_definite] for [shuttleDelayTicks_duration]. [threatsInfo5][allLodgerInfo][goodwillForMood][commonDescEnding]\n\n[joinerEnding]</li>
    <li>threatsInfo5(generateThreats==true,threatType==Raids,enemyFaction!=Mechanoid)->\n\n[asker_nameDef]'s enemies have hired [enemyFaction_name] to hunt [asker_objective]. [enemyGroupsParagraph]</li>
    <li>threatsInfo5(generateThreats==true,threatType==Raids,enemyFaction==Mechanoid)->\n\n[asker_nameDef]'s enemies provoked mechanoids into to hunting [asker_objective]. [enemyGroupsParagraph]</li>
    <li>threatsInfo5(generateThreats==true,threatType==MechClusters)->\n\n[asker_nameDef]'s enemies have somehow provoked mechanoids into hunting [asker_objective]. [enemyGroupsParagraph]</li>
    <li>threatsInfo5(generateThreats==false)-></li>
    <li>questDescription(asker_royalInCurrentFaction==True,lodgersCount>=2)->[asker_nameFull], a [asker_royalTitleInCurrentFaction] of [asker_faction_name], wants to stay at [map_definite] for [shuttleDelayTicks_duration] with [lodgersCountMinusOne] court [allyAllies]. [threatsInfo6][allLodgerInfo][goodwillForMood][commonDescEnding]\n\n[joinerEnding]</li>
    <li>threatsInfo6(generateThreats==true,threatType==Raids,enemyFaction!=Mechanoid)->[asker_nameDef] and [asker_possessive] [allyAllies] have been targeted for death and need a safe place to stay until they can purge their court. However, [asker_nameDef]'s enemies have hired [enemyFaction_name] to hunt [asker_objective].\n\n[enemyGroupsParagraph]</li>
    <li>threatsInfo6(generateThreats==true,threatType==Raids,enemyFaction==Mechanoid)->[asker_nameDef] and [asker_possessive] [allyAllies] have been targeted for death and need a safe place to stay until they can purge their court. However, [asker_nameDef]'s enemies have provoked [enemyFaction_name] into hunting [asker_objective].\n\n[enemyGroupsParagraph]</li>
    <li>threatsInfo6(generateThreats==true,threatType==MechClusters)->[asker_nameDef] and [asker_possessive] [allyAllies] have been targeted for death and need a safe place to stay until they can purge their court. However, [asker_nameDef]'s enemies have somehow provoked mechanoids into hunting [asker_objective].\n\n[enemyGroupsParagraph]</li>
    <li>threatsInfo6(generateThreats==false)-></li>
    <li>allyAllies(lodgersCountMinusOne==1)->ally</li>
    <li>allyAllies(lodgersCountMinusOne>=2)->allies</li>
  -->
  <Hospitality_Joiners.questDescriptionRules.rulesStrings>
    <li>lodgersDef(lodgersCount==1)->[lodgers0_nameDef]</li>
    <li>lodgersDef(lodgersCount>=2)->гостями</li>
    <li>joinerEnding(priority=1)-></li>
    <li>joinerEnding->Вы сможете управлять [lodgersDef] так же, как и своими поселенцами.[specialNeedsExplanation]</li>
    <li>specialNeedsExplanation(asker_royalInCurrentFaction==True,priority=1)-> Вы должны будете удовлетворять все возможные особенные потребности ваших знатных гостей.</li>
    <li>specialNeedsExplanation-></li>
    <li>lodgers_is_willing(lodgersCount==1)->желает</li>
    <li>lodgers_is_willing(lodgersCount>=2)->желают</li>
    <li>lodgers_can(lodgersCount==1)->может</li>
    <li>lodgers_can(lodgersCount>=2)->могут</li>
    <li>goodwillForMood-></li>
    <li>goodwillForMood(goodwillRewardForMood==true,priority=1)->\n\n[lodgersLabelSingOrPlural] [appreciateAppreciates] комфортные условия проживания. Вы улучшите отношения с фракцией [asker_faction_name], если будете поддерживать [theirHisHer] настроение в среднем выше 50%.</li>
    <li>appreciateAppreciates(lodgersCount==1)->ценит</li>
    <li>appreciateAppreciates(lodgersCount>=2)->ценят</li>
    <li>theirHisHer(lodgersCount==1)->[lodgers0_possessive]</li>
    <li>theirHisHer(lodgersCount>=1)->их</li>
    <li>questDescription(askerIsNull==true,lodgersCount==1)->[lodgers0_title] [lodgers0_nameFull] хочет, чтобы вы [shuttleDelayTicks_duration] защищали [lodgers0_possessive] в [map_definite]. [allLodgerInfo][threatsInfo1][commonDescEnding]\n\n[joinerEnding]</li>
    <li>threatsInfo1(generateThreats==true,threatType==Raids,enemyFaction!=Mechanoid)->\n\n[lodgers0_nameDef] [lodgers0_wasCaught] на [wrongAct]. Жаждущие мести [enemyFaction_pawnsPlural] будут приходить за [lodgers0_him], пока [lodgers0_pronoun] с вами. [enemyGroupsParagraph]</li>
    <li>lodgers0_wasCaught(lodgers0_gender==Male)->был пойман</li>
    <li>lodgers0_wasCaught(lodgers0_gender==Female)->была поймана</li>
    <li>lodgers0_him(lodgers0_gender==Male)->ним</li>
    <li>lodgers0_him(lodgers0_gender==Female)->ней</li>
    <li>threatsInfo1(generateThreats==true,threatType==Raids,enemyFaction==Mechanoid)->\n\n[threatsInfoMechRaidsSingleHuman] [enemyGroupsParagraph]</li>
    <li>threatsInfo1(generateThreats==true,threatType==MechClusters)->\n\n[threatsInfoMechClustersSingleHuman] [enemyGroupsParagraph]</li>
    <li>threatsInfo1(generateThreats==false)-></li>
    <li>wrongAct->оскорблении [PersonalCharacteristic] лидера фракции [enemyFaction_name], [enemyFaction_leaderTitle] [enemyFaction_leader_nameDef]</li>
    <li>wrongAct->краже скота у фракции [enemyFaction_name]</li>
    <li>wrongAct->краже еды у фракции [enemyFaction_name]</li>
    <li>wrongAct->краже религиозных артефактов у фракции [enemyFaction_name]</li>
    <li>wrongAct->порче саркофагов криптосна фракции [enemyFaction_name]</li>
    <li>questDescription(askerIsNull==true,lodgersCount>=2)->Группа из [lodgersCount] путешественников хочет, чтобы вы приняли их в [map_definite] на [shuttleDelayTicks_duration]. [allLodgerInfo][threatsInfo2][commonDescEnding]\n\n[joinerEnding]</li>
    <li>threatsInfo2(generateThreats==true,threatType==Raids,enemyFaction!=Mechanoid)->\n\nЭти путешественники недавно были приглашены на важную церемонию фракции [enemyFaction_name], но заявились на неё пьяными и осквернили священный ритуал. Фракция [enemyFaction_name] будет отправлять своих налётчиков за ними. [enemyGroupsParagraph]</li>
    <li>threatsInfo2(generateThreats==true,threatType==Raids,enemyFaction==Mechanoid)->\n\n[threatsInfoMechRaidsMultiHuman] [enemyGroupsParagraph]</li>
    <li>threatsInfo2(generateThreats==true,threatType==MechClusters)->\n\nЭти путешественники недавно [mechViolation_plural], и преследуются роем механоидов, базирующимся на орбите. [enemyGroupsParagraph]</li>
    <li>threatsInfo2(generateThreats==false)-></li>
    <li>questDescription(asker_factionLeader==True,lodgersCount==1,generateThreats==false)->[asker_faction_leaderTitle] [asker_nameFull], лидер фракции [asker_faction_name] просит об одолжении. [asker_possessive] [lodgers0_friend] [lodgers0_nameFull] интересуется изучением других культур. [asker_nameDef] хочет, чтобы вы приняли [lodgers0_possessive] у себя в [map_definite] на [shuttleDelayTicks_duration]. [allLodgerInfo][goodwillForMood][commonDescEnding]\n\n[joinerEnding]</li>
    <li>questDescription(asker_factionLeader==True,lodgersCount==1,generateThreats==true,threatType==Raids,enemyFaction!=Mechanoid)->[asker_faction_leaderTitle] [asker_nameFull], лидер фракции [asker_faction_name], просит об одолжении. [asker_possessive] [lodgers0_friend_gen] ^Number( [lodgers0_age] | '# года' | '# лет' | '# лет')^ по имени [lodgers0_nameDef] недавно поймали за написанием жестоких оскорблений про [PersonalCharacteristic] лидера фракции, [enemyFaction_leader_nameFull]. [asker_nameDef] просит вас охранять [lodgers0_nameDef] [shuttleDelayTicks_duration], пока [asker_pronoun] не уладит отношения с фракцией [enemyFaction_name]. Так как [enemyFaction_leader_nameDef] — [enemyFaction_leaderTitle] фракции [enemyFaction_name], [enemyFaction_leader_pronoun] [enemyFaction_leader_sent] отряды [enemyFaction_pawnsPlural], чтобы выследить наглеца.\n\n[threatDescriptionParagraph][allLodgerInfo][goodwillForMood][commonDescEnding]\n\n[joinerEnding]</li>
    <li>enemyFaction_leader_sent(enemyFaction_leader_gender==Male)->отправил</li>
    <li>enemyFaction_leader_sent(enemyFaction_leader_gender==Female)->отправила</li>
    <li>questDescription(asker_factionLeader==True,lodgersCount==1,generateThreats==true,threatType==Raids,enemyFaction==Mechanoid)->[asker_faction_leaderTitle] [asker_nameFull], лидер фракции [asker_faction_name], просит об одолжении. [asker_possessive] [lodgers0_friend] ^Number( [lodgers0_age] | '# года' | '# лет' | '# лет')^ по имени [lodgers0_nameDef] недавно [lodgers0_mechViolation]. [asker_nameDef] просит вас охранять [lodgers0_nameDef] [shuttleDelayTicks_duration], пока [asker_pronoun] не успокоит рой механоидов.\n\n[threatDescriptionParagraph][allLodgerInfo][goodwillForMood][commonDescEnding]\n\n[joinerEnding]</li>
    <li>questDescription(asker_factionLeader==True,lodgersCount==1,generateThreats==true,threatType==MechClusters)->[asker_faction_leaderTitle] [asker_nameFull], лидер фракции [asker_faction_name] просит об одолжении. [asker_possessive] [lodgers0_friend], [lodgers0_title] ^Number( [lodgers0_age] | '# года' | '# лет' | '# лет')^ по имени [lodgers0_nameDef], недавно [lodgers0_mechViolation]. [asker_nameDef] просит вас охранять [lodgers0_nameDef] [shuttleDelayTicks_duration].\n\n[threatDescriptionParagraph][allLodgerInfo][goodwillForMood][commonDescEnding]\n\n[joinerEnding]</li>
    <li>lodgers0_friend(lodgers0_gender==Male)->друг</li>
    <li>lodgers0_friend(lodgers0_gender==Female)->подруга</li>
    <li>lodgers0_friend_gen(lodgers0_gender==Male)->друга</li>
    <li>lodgers0_friend_gen(lodgers0_gender==Female)->подругу</li>
    <li>lodgers0_interested(lodgers0_gender==Male)->заинтересован</li>
    <li>lodgers0_interested(lodgers0_gender==Female)->заинтересована</li>
    <li>questDescription(asker_factionLeader==True,lodgersCount>=2,generateThreats==false)->[asker_faction_leaderTitle] [asker_nameFull], глава фракции [asker_faction_name], недавно [asker_freed] [lodgersCount] [asker_faction_pawnsPlural] из вражеской тюрьмы. [asker_nameDef] хочет, чтобы вы укрывали их в [map_definite] [shuttleDelayTicks_duration], пока [asker_pronoun] не сможет отправить челнок, чтобы их забрать. [allLodgerInfo][goodwillForMood][commonDescEnding]\n\n[joinerEnding]</li>
    <li>questDescription(asker_factionLeader==True,lodgersCount>=2,generateThreats==true,threatType==Raids,enemyFaction!=Mechanoid)->[asker_faction_leaderTitle] [asker_nameFull], глава фракции [asker_faction_name], недавно [asker_freed] [lodgersCount] [asker_faction_pawnsPlural] из тюрем фракции [enemyFaction_name]. [asker_nameDef] хочет, чтобы вы укрывали их в [map_definite] [shuttleDelayTicks_duration], пока [asker_pronoun] не сможет отправить челнок, чтобы их забрать. [asker_faction_pawnsPlural] знают секретную информацию о [secretInfo] фракции [enemyFaction_name], поэтому за ними будут охотиться.\n\n[threatDescriptionParagraph][allLodgerInfo][goodwillForMood][commonDescEnding]\n\n[joinerEnding]</li>
    <li>questDescription(asker_factionLeader==True,lodgersCount>=2,generateThreats==true,threatType==Raids,enemyFaction==Mechanoid)->[asker_faction_leaderTitle] [asker_nameFull], глава фракции [asker_faction_name], недавно [asker_freed] [lodgersCount] [asker_faction_pawnsPlural] из хранилища криптосна. [asker_nameDef] хочет, чтобы вы укрывали их в [map_definite] [shuttleDelayTicks_duration], пока [asker_pronoun] не сможет отправить челнок, чтобы их забрать. [asker_faction_pawnsPlural] будут преследоваться механоидами.\n\n[threatDescriptionParagraph][allLodgerInfo][goodwillForMood][commonDescEnding]\n\n[joinerEnding]</li>
    <li>questDescription(asker_factionLeader==True,lodgersCount>=2,generateThreats==true,threatType==MechClusters)->[asker_faction_leaderTitle] [asker_nameFull], глава фракции [asker_faction_name], недавно [asker_freed] [lodgersCount] узников из организованного механоидами загона для пленных. [asker_nameDef] хочет, чтобы вы укрывали их в [map_definite] [shuttleDelayTicks_duration], пока [asker_pronoun] не сможет отправить челнок, чтобы их забрать. Механоиды отслеживают перемещение бывших пленных.\n\n[threatDescriptionParagraph][allLodgerInfo][goodwillForMood][commonDescEnding]\n\n[joinerEnding]</li>
    <li>asker_freed(asker_gender==Male)->вызволил</li>
    <li>asker_freed(asker_gender==Female)->вызволила</li>
    <li>secretInfo->военных возможностях</li>
    <li>secretInfo->«грехах»</li>
    <li>secretInfo->военных разработках</li>
    <li>secretInfo->лагерях заключённых</li>
    <li>secretInfo->[enemyFaction_leaderTitle]</li>
    <li>questDescription(asker_royalInCurrentFaction==True,lodgersCount==1)->[asker_royalTitleInCurrentFaction] [asker_nameFull] из [asker_faction_name] спасается бегством после тревожного политического инцидента и хочет укрыться в [map_definite] на [shuttleDelayTicks_duration]. [threatsInfo5][allLodgerInfo][goodwillForMood][commonDescEnding]\n\n[joinerEnding]</li>
    <li>threatsInfo5(generateThreats==true,threatType==Raids,enemyFaction!=Mechanoid)->\n\nВраги [asker_nameDef] наняли фракцию [enemyFaction_name], чтобы выследить [asker_possessive]. [enemyGroupsParagraph]</li>
    <li>threatsInfo5(generateThreats==true,threatType==Raids,enemyFaction==Mechanoid)->\n\nВраги [asker_nameDef] натравили на н[asker_possessive] механоидов. [enemyGroupsParagraph]</li>
    <li>threatsInfo5(generateThreats==true,threatType==MechClusters)->\n\nВраги [asker_nameDef] каким-то образом натравили на н[asker_possessive] механоидов. [enemyGroupsParagraph]</li>
    <li>threatsInfo5(generateThreats==false)-></li>
    <li>questDescription(asker_royalInCurrentFaction==True,lodgersCount>=2)->[asker_royalTitleInCurrentFaction] [asker_nameFull] из [asker_faction_name] и ещё ^Number( [lodgersCountMinusOne] | '# человек' | '# человека' | '# людей')^ из [asker_possessive] двора хотят [shuttleDelayTicks_duration] погостить в [map_definite]. [threatsInfo6][allLodgerInfo][goodwillForMood][commonDescEnding]\n\n[joinerEnding]</li>
    <li>threatsInfo6(generateThreats==true,threatType==Raids,enemyFaction!=Mechanoid)->\n\n[asker_nameDef] и [asker_possessive] [allyAllies] стали целью заговора и ищут безопасное место на время проведения чисток среди своих придворных. К сожалению, враги [asker_nameDef] наняли фракцию [enemyFaction_name], чтобы охотиться за [asker_him].\n\n[enemyGroupsParagraph]</li>
    <li>threatsInfo6(generateThreats==true,threatType==Raids,enemyFaction==Mechanoid)->\n\n[asker_nameDef] и [asker_possessive] [allyAllies] стали целью заговора и ищут безопасное место на время проведения чисток среди своих придворных. К сожалению, враги [asker_nameDef] натравили на н[asker_possessive] механоидов.\n\n[enemyGroupsParagraph]</li>
    <li>threatsInfo6(generateThreats==true,threatType==MechClusters)->\n\n[asker_nameDef] и [asker_possessive] [allyAllies] стали целью заговора и ищут безопасное место на время проведения чисток среди своих придворных. К сожалению, враги [asker_nameDef] каким-то образом натравили на н[asker_possessive] механоидов.\n\n[enemyGroupsParagraph]</li>
    <li>threatsInfo6(generateThreats==false)-></li>
    <li>asker_him(asker_gender==Male)->ним</li>
    <li>asker_him(asker_gender==Female)->ней</li>
    <li>allyAllies(lodgersCountMinusOne==1)->человек</li>
    <li>allyAllies(lodgersCountMinusOne>=2)->люди</li>
  </Hospitality_Joiners.questDescriptionRules.rulesStrings>
  <!-- EN:
    <li>questName->shelter for [lodgerIndef]</li>
    <li>questName->hospitality for [lodgerIndef]</li>
    <li>questName->hosting [lodgerIndef]</li>
    <li>questName->[lodgerIndef] needing help</li>
    <li>questName(generateThreats==true,priority=1)->protecting [lodgerIndef]</li>
    <li>questName(generateThreats==true,priority=1)->safeguarding [lodgerIndef]</li>
    <li>questName(generateThreats==true,priority=1)->security for [lodgerIndef]</li>
    <li>questName(generateThreats==true,priority=1)->[lodgerIndef] under threat</li>
    <li>questName(generateThreats==true,priority=1)->[lodgerIndef] in danger</li>
    <li>questName(generateThreats==true,priority=1)->[lodgerIndef] with enemies</li>
    <li>questName(generateThreats==true,priority=1)->[lodgerIndef] in the crosshairs</li>
    <li>lodgerIndef(askerIsNull==true,lodgersCount==1)->[lodgers0_label]</li>
    <li>lodgerIndef(askerIsNull==true,lodgersCount==1)->a [lodgers0_title]</li>
    <li>lodgerIndef(askerIsNull==true,lodgersCount>=2)->travelers</li>
    <li>lodgerIndef(asker_factionLeader==True,lodgersCount==1)->[lodgers0_label]</li>
    <li>lodgerIndef(asker_factionLeader==True,lodgersCount==1)->a [lodgers0_title]</li>
    <li>lodgerIndef(asker_factionLeader==True,lodgersCount==1)->a friend</li>
    <li>lodgerIndef(asker_factionLeader==True,lodgersCount==1)->an ally</li>
    <li>lodgerIndef(asker_factionLeader==True,lodgersCount>=2)->friends</li>
    <li>lodgerIndef(asker_factionLeader==True,lodgersCount>=2)->allies</li>
    <li>lodgerIndef(asker_royalInCurrentFaction==True,lodgersCount==1,p=3)->a [asker_royalTitleInCurrentFaction]</li>
    <li>lodgerIndef(asker_royalInCurrentFaction==True,lodgersCount==1)->[asker_label]</li>
    <li>lodgerIndef(asker_royalInCurrentFaction==True,lodgersCount==1)->a royal</li>
    <li>lodgerIndef(asker_royalInCurrentFaction==True,lodgersCount==1)->a noble</li>
    <li>lodgerIndef(asker_royalInCurrentFaction==True,lodgersCount==1)->an aristocrat</li>
    <li>lodgerIndef(asker_royalInCurrentFaction==True,lodgersCount>=2)->royals</li>
    <li>lodgerIndef(asker_royalInCurrentFaction==True,lodgersCount>=2)->nobles</li>
    <li>lodgerIndef(asker_royalInCurrentFaction==True,lodgersCount>=2)->aristocrats</li>
  -->
  <Hospitality_Joiners.questNameRules.rulesStrings>
    <li>questName->убежище для [lodgerIndef_gen]</li>
    <li>questName->приют для [lodgerIndef_gen]</li>
    <li>questName->спасение [lodgerIndef_gen]</li>
    <li>questName(generateThreats==true,priority=1)->защита для [lodgerIndef_gen]</li>
    <li>questName(generateThreats==true,priority=1)->охрана для [lodgerIndef_gen]</li>
    <li>questName(generateThreats==true,priority=1)->безопасность для [lodgerIndef_gen]</li>
    <li>questName(generateThreats==true,priority=1)->[lodgerIndef] под угрозой</li>
    <li>questName(generateThreats==true,priority=1)->[lodgerIndef] в опасности</li>
    <li>questName(generateThreats==true,priority=1)->[lodgerIndef] с врагами на хвосте</li>
    <li>questName(generateThreats==true,priority=1)->[lodgerIndef] под прицелом</li>
    <li>lodgerIndef(askerIsNull==true,lodgersCount==1)->[lodgers0_label]</li>
    <li>lodgerIndef(askerIsNull==true,lodgersCount==1)->[lodgers0_title]</li>
    <li>lodgerIndef(askerIsNull==true,lodgersCount>=2)->путешественники</li>
    <li>lodgerIndef(asker_factionLeader==True,lodgersCount==1)->[lodgers0_label]</li>
    <li>lodgerIndef(asker_factionLeader==True,lodgersCount==1)->[lodgers0_title]</li>
    <li>lodgerIndef(asker_factionLeader==True,lodgersCount==1)->друг</li>
    <li>lodgerIndef(asker_factionLeader==True,lodgersCount==1)->союзник</li>
    <li>lodgerIndef(asker_factionLeader==True,lodgersCount>=2)->друзья</li>
    <li>lodgerIndef(asker_factionLeader==True,lodgersCount>=2)->союзники</li>
    <li>lodgerIndef(asker_royalInCurrentFaction==True,lodgersCount==1,p=3)->[asker_royalTitleInCurrentFaction]</li>
    <li>lodgerIndef(asker_royalInCurrentFaction==True,lodgersCount==1)->[asker_label]</li>
    <li>lodgerIndef(asker_royalInCurrentFaction==True,lodgersCount==1)->дворянин</li>
    <li>lodgerIndef(asker_royalInCurrentFaction==True,lodgersCount==1)->знатный человек</li>
    <li>lodgerIndef(asker_royalInCurrentFaction==True,lodgersCount==1)->аристократ</li>
    <li>lodgerIndef(asker_royalInCurrentFaction==True,lodgersCount>=2)->дворяне</li>
    <li>lodgerIndef(asker_royalInCurrentFaction==True,lodgersCount>=2)->знатные люди</li>
    <li>lodgerIndef(asker_royalInCurrentFaction==True,lodgersCount>=2)->аристократы</li>
    <li>lodgerIndef_gen(askerIsNull==true,lodgersCount==1)->[lodgers0_label]</li>
    <li>lodgerIndef_gen(askerIsNull==true,lodgersCount>=2)->путешественников</li>
    <li>lodgerIndef_gen(asker_factionLeader==True,lodgersCount==1)->[lodgers0_label]</li>
    <li>lodgerIndef_gen(asker_factionLeader==True,lodgersCount==1)->друга</li>
    <li>lodgerIndef_gen(asker_factionLeader==True,lodgersCount==1)->союзника</li>
    <li>lodgerIndef_gen(asker_factionLeader==True,lodgersCount>=2)->друзей</li>
    <li>lodgerIndef_gen(asker_factionLeader==True,lodgersCount>=2)->союзников</li>
    <li>lodgerIndef_gen(asker_royalInCurrentFaction==True,lodgersCount==1)->[asker_label]</li>
    <li>lodgerIndef_gen(asker_royalInCurrentFaction==True,lodgersCount==1)->дворянина</li>
    <li>lodgerIndef_gen(asker_royalInCurrentFaction==True,lodgersCount==1)->знатного человека</li>
    <li>lodgerIndef_gen(asker_royalInCurrentFaction==True,lodgersCount==1)->аристократа</li>
    <li>lodgerIndef_gen(asker_royalInCurrentFaction==True,lodgersCount>=2)->дворян</li>
    <li>lodgerIndef_gen(asker_royalInCurrentFaction==True,lodgersCount>=2)->знатных людей</li>
    <li>lodgerIndef_gen(asker_royalInCurrentFaction==True,lodgersCount>=2)->аристократов</li>
  </Hospitality_Joiners.questNameRules.rulesStrings>
  
</LanguageData>