﻿<?xml version="1.0" encoding="UTF-8"?>
<LanguageData>
  
  <!-- EN:
    <li>lastOrNot(lodgerCount==1)-></li>
    <li>lastOrNot(lodgerCount>=2)->last</li>
    <li>lodgersLabelSingularOrPlural(lodgerCount==1)->[lodgersLabel]</li>
    <li>lodgersLabelSingularOrPlural(lodgerCount>=2)->[lodgersLabelPlural]</li>
    <li>lodgersArriveLetterLabel->[lodgersLabelSingularOrPlural] arrived</li>
    <li>lodgersArriveLetterText->[lodgersSingularOrPluralDef] [hasHave] arrived. [lodgersPronoun] will stay with you for [questDurationTicks_duration] so [lodgersPronoun] can rest and regroup.</li>
    <li>hasHave(lodgerCount==1)->has</li>
    <li>hasHave(lodgerCount>=2)->have</li>
    <li>appalledButNoAction->The {PAWNSALIVECOUNT_multiple ? others seem : last [lodgersLabel] is} appalled at this, but {PAWNSALIVECOUNT_multiple ? are: is} not taking action against you.</li>
    <li>othersWillNotAccept->The {PAWNSALIVECOUNT_multiple ? others are : last [lodgersLabel] is} not willing to accept this</li>
    <li>turnedViolent->[othersWillNotAccept], and {PAWNSALIVECOUNT_multiple ? have : has } turned violently against you.</li>
    <li>decidedToLeave->[othersWillNotAccept], and {PAWNSALIVECOUNT_multiple ? have : has } decided to leave.</li>
    <li>whoAskedToStay->who asked to stay with you</li>
    <li>oneOfThe->one of the desperate [faction_pawnsPlural] who asked to stay with you</li>
    <li>questOver->The quest '[resolvedQuestName]' is over.</li>
    <li>letterIntroDeath->{SUBJECT_definite}, [oneOfThe] has died.</li>
    <li>lodgerDiedMemoryThoughtLetterLabel->[lodgersLabel] died: Anger</li>
    <li>lodgerDiedMemoryThoughtLetterText->[letterIntroDeath]\n\n[appalledButNoAction]</li>
    <li>lodgerDiedAttackPlayerLetterLabel->[lodgersLabel] died: Revenge</li>
    <li>lodgerDiedAttackPlayerLetterText->[letterIntroDeath]\n\n[turnedViolent]</li>
    <li>lodgerDiedLeaveMapLetterLabel->[lodgersLabel] died: Departure</li>
    <li>lodgerDiedLeaveMapLetterText->[letterIntroDeath]\n\n[decidedToLeave]</li>
    <li>lodgersAllDiedLetterLabel->Quest failed</li>
    <li>lodgersAllDiedLetterText->{SUBJECT_definite}, the [lastOrNot] desperate [faction_pawnSingular] [whoAskedToStay], has died.\n\n[questOver]</li>
    <li>letterIntroArrested->You arrested {SUBJECT_definite}, [oneOfThe].</li>
    <li>lodgerArrestedMemoryThoughtLetterLabel->[lodgersLabel] arrested: Anger</li>
    <li>lodgerArrestedMemoryThoughtLetterText->[letterIntroArrested]\n\n[appalledButNoAction]</li>
    <li>lodgerArrestedAttackPlayerLetterLabel->[lodgersLabel] arrested: Revenge</li>
    <li>lodgerArrestedAttackPlayerLetterText->[letterIntroArrested]\n\n[turnedViolent]</li>
    <li>lodgerArrestedLeaveMapLetterLabel->[lodgersLabel] arrested: Departure</li>
    <li>lodgerArrestedLeaveMapLetterText->[letterIntroArrested]\n\n[decidedToLeave]</li>
    <li>lodgersAllArrestedLetterLabel->Quest failed</li>
    <li>lodgersAllArrestedLetterText->You arrested {SUBJECT_definite}, the [lastOrNot] desperate [faction_pawnSingular] [whoAskedToStay].\n\n[questOver]</li>
    <li>letterIntroViolated->{SUBJECT_definite}, [oneOfThe], was violated by surgery.</li>
    <li>lodgerViolatedMemoryThoughtLetterLabel->[lodgersLabel] violated: Anger</li>
    <li>lodgerViolatedMemoryThoughtLetterText->[letterIntroViolated]\n\n[appalledButNoAction]</li>
    <li>lodgerViolatedAttackPlayerLetterLabel->[lodgersLabel] violated: Revenge</li>
    <li>lodgerViolatedAttackPlayerLetterText->[letterIntroViolated]\n\n[turnedViolent]</li>
    <li>lodgerViolatedLeaveMapLetterLabel->[lodgersLabel] arrested: Departure</li>
    <li>lodgerViolatedLeaveMapLetterText->[letterIntroViolated]\n\n[decidedToLeave]</li>
    <li>mutinyLetterLabel->Betrayal</li>
    <li>mutinyLetterText->[lodgersSingularOrPluralDef] [whoAskedToStay] [areIs] turning against you!\n\nIt seems [lodgersPronoun] had this treachery planned all along.</li>
    <li>areIs(lodgerCount==1)->is</li>
    <li>areIs(lodgerCount>=2)->are</li>
    <li>betrayalOfferLetterLabel->Betrayal offer: [factionOpponent_nameDef]</li>
    <li>betrayalOffserLetterText->[factionOpponent_nameDef], a [factionOpponent_faction_pawnSingular] of [factionOpponent_faction_name], has learned that [asker_nameDef] [otherLodgers] [areIs] being hosted at [map_definite]. [factionOpponent_pronoun] is enemies with [asker_nameDef] and wants to see [asker_objective] dead.\n\n[factionOpponent_pronoun] will send you the following reward if you kill all members of [faction_name] (total value [betrayalRewardMarketValue_money]):\n\n[betrayalRewards]</li>
    <li>betrayalOfferRewardLetterLabel->Betrayal reward: [factionOpponent_nameDef]</li>
    <li>betrayalOfferRewardLetterText->[factionOpponent_nameDef] promised you a reward if you killed [asker_nameDef] [otherMembers]. [factionOpponent_pronoun] has heard news this has been done and is sending you the following via drop pod (total value [betrayalRewardMarketValue_money]):\n\n[betrayalRewards].\n\n[questOver]</li>
    <li>betrayalOfferFailedLetterLabel->Betrayal reward retracted</li>
    <li>betrayalOfferFailedLetterText->[factionOpponent_nameDef] has learned that one of the members of the [faction_name] is no longer at [map_definite]. [factionOpponent_nameDef] wanted all members of the [faction_name] to die and has therefore retracted [factionOpponent_possessive] offer.</li>
    <li>otherLodgers(lodgerCount==1)-></li>
    <li>otherLodgers(lodgerCount==2)->and another [lodgersLabel]</li>
    <li>otherLodgers(lodgerCount>=3)->and several [lodgersLabelPlural]</li>
    <li>otherMembers(lodgerCount==1)-></li>
    <li>otherMembers(lodgerCount>=2)-> and all other members of the [faction_name]</li>
    <li>lodgersLeavingLetterLabel->[lodgersLabelSingularOrPlural] leaving</li>
    <li>lodgersLeavingLetterText->{FACTION_leaderNameDef} thanks you for allowing {FACTION_leaderObjective} to stay at [map_definite] for these [questDurationTicks_duration]. {FACTION_leaderPronoun} is now moving on with {FACTION_leaderPossessive} people.\n\n{FACTION_leaderNameDef} says {FACTION_leaderPronoun} won't forget what you've done.</li>
  -->
  <Hospitality_Refugee.questContentRules.rulesStrings>
    <li>lastOrNot(lodgerCount==1)-></li>
    <li>lastOrNot(lodgerCount>=2,lodgers0_gender==Male)->последний</li>
    <li>lastOrNot(lodgerCount>=2,lodgers0_gender==Female)->последняя</li>
    <li>lodgersLabelSingularOrPlural(lodgerCount==1)->[lodgersLabel]</li>
    <li>lodgersLabelSingularOrPlural(lodgerCount>=2)->[lodgersLabelPlural]</li>
    <li>lodgersArriveLetterLabel->[lodgersLabelSingularOrPlural] [arrived].</li>
    <li>lodgersArriveLetterText->[lodgersSingularOrPluralDef] [arrived]. [lodgersPronoun] [willStay] у вас на [questDurationTicks_duration], чтобы набраться сил и собраться в дальнейший путь.</li>
    <li>arrived(lodgerCount==1,lodgers0_gender==Male)->прибыл</li>
    <li>arrived(lodgerCount==1,lodgers0_gender==Female)->прибыла</li>
    <li>arrived(lodgerCount>=2)->прибыли</li>
    <li>willStay(lodgerCount==1)->останется</li>
    <li>willStay(lodgerCount>=2)->останутся</li>
    <li>appalledButNoAction->{PAWNSALIVECOUNT_multiple ? остальные, кажется : [lodgersLabel]} в ужасе, но ничего делать по этому поводу не {PAWNSALIVECOUNT_multiple ? собираются: собирается}.</li>
    <li>othersWillNotAccept->{PAWNSALIVECOUNT_multiple ? остальные : [lodgersLabel]} {PAWNSALIVECOUNT_multiple ? отказываются : отказывается} с этим мириться</li>
    <li>turnedViolent->[othersWillNotAccept] и {PAWNSALIVECOUNT_multiple ? становятся вашими врагами : становится вашим врагом} .</li>
    <li>decidedToLeave->[othersWillNotAccept] и {PAWNSALIVECOUNT_multiple ? решают : решает } покинуть вас.</li>
    <li>whoAskedToStay(lodgerCount==1,lodgers0_gender==Male)->который просил разрешения остаться у вас</li>
    <li>whoAskedToStay(lodgerCount==1,lodgers0_gender==Female)->которая просила разрешения остаться у вас</li>
    <li>whoAskedToStay(lodgerCount>=2)->которые просили разрешения остаться у вас</li>
    <li>oneOfThe->[desperate] [lodgersLabel] из [faction_pawnsPlural], [whoAsked] разрешения остаться у вас</li>
    <li>oneOfTheAcc->[desperateAcc] [lodgersLabelAcc] из [faction_pawnsPlural], [whoAskedAcc] разрешения остаться у вас</li>
    <li>whoAsked(lodgers0_gender==Male)->просивший</li>
    <li>whoAsked(lodgers0_gender==Female)->просившая</li>
    <li>whoAskedAcc(lodgers0_gender==Male)->просившего</li>
    <li>whoAskedAcc(lodgers0_gender==Female)->просившую</li>
    <li>questOver->Задание «[resolvedQuestName]» завершено.</li>
    <li>letterIntroDeath->{SUBJECT_definite}, [oneOfThe] [died].</li>
    <li>lodgerDiedMemoryThoughtLetterLabel->[lodgersLabel] [died]: злость</li>
    <li>lodgerDiedMemoryThoughtLetterText->[letterIntroDeath]\n\n[appalledButNoAction]</li>
    <li>lodgerDiedAttackPlayerLetterLabel->[lodgersLabel] [died]: месть</li>
    <li>lodgerDiedAttackPlayerLetterText->[letterIntroDeath]\n\n[turnedViolent]</li>
    <li>lodgerDiedLeaveMapLetterLabel->[lodgersLabel] [died]: отбытие</li>
    <li>lodgerDiedLeaveMapLetterText->[letterIntroDeath]\n\n[decidedToLeave]</li>
    <li>died(lodgers0_gender==Male)->проиграл</li>
    <li>died(lodgers0_gender==Female)->проиграла</li>
    <li>lodgersAllDiedLetterLabel->задание провалено</li>
    <li>lodgersAllDiedLetterText->{SUBJECT_definite}, [lastOrNot] [desperate] [faction_pawnSingular], [whoAskedToStay], [died].\n\n[questOver]</li>
    <li>desperate(lodgers0_gender==Male)->отчаянный</li>
    <li>desperate(lodgers0_gender==Female)->отчаянная</li>
    <li>desperateAcc(lodgers0_gender==Male)->отчаянного</li>
    <li>desperateAcc(lodgers0_gender==Female)->отчаянную</li>
    <li>letterIntroArrested->Вы арестовали {SUBJECT_definite}, [oneOfTheAcc].</li>
    <li>lodgerArrestedMemoryThoughtLetterLabel->[lodgersLabel] [arrested]: злость</li>
    <li>lodgerArrestedMemoryThoughtLetterText->[letterIntroArrested]\n\n[appalledButNoAction]</li>
    <li>lodgerArrestedAttackPlayerLetterLabel->[lodgersLabel] [arrested]: месть</li>
    <li>lodgerArrestedAttackPlayerLetterText->[letterIntroArrested]\n\n[turnedViolent]</li>
    <li>lodgerArrestedLeaveMapLetterLabel->[lodgersLabel] [arrested]: отбытие</li>
    <li>lodgerArrestedLeaveMapLetterText->[letterIntroArrested]\n\n[decidedToLeave]</li>
    <li>arrested(lodgers0_gender==Male)->арестован</li>
    <li>arrested(lodgers0_gender==Female)->арестована</li>
    <li>lodgersAllArrestedLetterLabel->задание провалено</li>
    <li>lodgersAllArrestedLetterText->{SUBJECT_definite}, [lastOrNot] [desperate] [faction_pawnSingular], [whoAskedToStay], [arrested].\n\n[questOver]</li>
    <li>letterIntroViolated->{SUBJECT_definite}, [oneOfThe], [wasViolated] несанкционированной операции.</li>
    <li>lodgerViolatedMemoryThoughtLetterLabel->Надругательство над [lodgersLabel]: злость</li>
    <li>lodgerViolatedMemoryThoughtLetterText->[letterIntroViolated]\n\n[appalledButNoAction]</li>
    <li>lodgerViolatedAttackPlayerLetterLabel->Надругательство над [lodgersLabel]: месть</li>
    <li>lodgerViolatedAttackPlayerLetterText->[letterIntroViolated]\n\n[turnedViolent]</li>
    <li>lodgerViolatedLeaveMapLetterLabel->[lodgersLabel] [arrested]: отбытие</li>
    <li>lodgerViolatedLeaveMapLetterText->[letterIntroViolated]\n\n[decidedToLeave]</li>
    <li>wasViolated(lodgers0_gender==Male)->был подвергнут</li>
    <li>wasViolated(lodgers0_gender==Female)->была подвергнута</li>
    <li>mutinyLetterLabel->предательство</li>
    <li>mutinyLetterText->[lodgersSingularOrPluralDef], [whoAskedToStay], [turnedAgainst] вас!\n\nКажется [lodgersPronoun] заранее [planned] своё предательство.</li>
    <li>turnedAgainst(lodgerCount==1,lodgers0_gender==Male)->обернулся</li>
    <li>turnedAgainst(lodgerCount==1,lodgers0_gender==Female)->обернулась</li>
    <li>turnedAgainst(lodgerCount>=2)->обернулись</li>
    <li>planned(lodgerCount==1,lodgers0_gender==Male)->спланировал</li>
    <li>planned(lodgerCount==1,lodgers0_gender==Female)->спланировала</li>
    <li>planned(lodgerCount>=2)->спланировали</li>
    <li>betrayalOfferLetterLabel->Предложение предательства: [factionOpponent_nameDef]</li>
    <li>betrayalOfferLetterText->[factionOpponent_nameDef], [factionOpponent_faction_pawnSingular] из фракции [factionOpponent_faction_name], [hasLearned] что [asker_nameDef] [otherLodgers] сейчас [areIs] в [map_definite]. [factionOpponent_pronoun] враждует с [asker_nameDef] и хочет, чтобы [asker_pronoun] [died].\n\n[factionOpponent_pronoun] отправит вам следующую награду, если вы убьёте всех членов фракции [faction_name] (общей ценностью [betrayalRewardMarketValue_money]):\n\n[betrayalRewards]</li>
    <li>betrayalOfferRewardLetterLabel->Награда за предательство: [factionOpponent_nameDef]</li>
    <li>betrayalOfferRewardLetterText->[factionOpponent_nameDef] [promised] награду, если вы убьёте [asker_nameDef] [otherMembersAcc]. [factionOpponent_pronoun] [hasLearned], что это свершилось и отправляет транспортную капсулу с наградой (общей ценностью [betrayalRewardMarketValue_money]):\n\n[betrayalRewards].\n\n[questOver]</li>
    <li>betrayalOfferFailedLetterLabel->Награда за предательство отменена</li>
    <li>betrayalOfferFailedLetterText->[factionOpponent_nameDef] [hasLearned], что один из членов фракции [faction_name] больше не находится в [map_definite]. [factionOpponent_nameDef] [wanted], чтобы были уничтожены [faction_name] все члены фракции, а потому отзывает своё предложение.</li>
    <li>hasLearned(factionOpponent_gender==Male)->прознал</li>
    <li>hasLearned(factionOpponent_gender==Female)->прознала</li>
    <li>otherLodgers(lodgerCount==1)-></li>
    <li>otherLodgers(lodgerCount==2)->и [other] [lodgersLabel]</li>
    <li>otherLodgers(lodgerCount>=3)->и несколько [lodgersLabelPlural]</li>
    <li>otherMembers(lodgerCount==1)-></li>
    <li>otherMembers(lodgerCount>=2)-> и все другие члены фракции [faction_name]</li>
    <li>other(lodgers0_gender==Male)->другой</li>
    <li>other(lodgers0_gender==Female)->другая</li>
    <li>otherLodgersAcc(lodgerCount==1)-></li>
    <li>otherLodgersAcc(lodgerCount==2)->и [otherAcc] [lodgersLabelAcc]</li>
    <li>otherLodgersAcc(lodgerCount>=3)->и несколько [lodgersLabelPluralAcc]</li>
    <li>otherMembersAcc(lodgerCount==1)-></li>
    <li>otherMembersAcc(lodgerCount>=2)-> и всех других членов фракции [faction_name]</li>
    <li>otherAcc(lodgers0_gender==Male)->другого</li>
    <li>otherAcc(lodgers0_gender==Female)->другую</li>
    <li>areIs(lodgerCount==1)->находится</li>
    <li>areIs(lodgerCount>=2)->находятся</li>
    <li>dead(asker_gender==Male)->проиграл</li>
    <li>dead(asker_gender==Female)->проиграла</li>
    <li>promised(factionOpponent_gender==Male)->обещал</li>
    <li>promised(factionOpponent_gender==Female)->обещала</li>
    <li>wanted(factionOpponent_gender==Male)->хотел</li>
    <li>wanted(factionOpponent_gender==Female)->хотела</li>
    <li>lodgersLeavingLetterLabel->[lodgersLabelSingularOrPlural] [leaving]</li>
    <li>leaving(lodgerCount==1)->уходит</li>
    <li>leaving(lodgerCount>=2)->уходят</li>
    <li>lodgersLeavingLetterText->{FACTION_leaderNameDef} благодарит вас за разрешение остаться в [map_definite] в течение этих [questDurationTicks_duration]. Теперь {FACTION_leaderPronoun} отправится со своими людьми дальше в путь.\n\n{FACTION_leaderNameDef} говорит, что не забудет то, что вы для них сделали.</li>
  </Hospitality_Refugee.questContentRules.rulesStrings>
  <!-- EN:
    <li>lodgersLabel->refugee</li>
    <li>lodgersLabelPlural->refugees</li>
  -->
  <Hospitality_Refugee.questDescriptionAndNameRules.rulesStrings>
    <li>lodgersLabel(lodgers0_gender==Male)->беженец</li>
    <li>lodgersLabel(lodgers0_gender==Female)->беженка</li>
    <li>lodgersLabelPlural->беженцы</li>
    <li>lodgersLabelAcc(lodgers0_gender==Male)->беженца</li>
    <li>lodgersLabelAcc(lodgers0_gender==Female)->беженку</li>
    <li>lodgersLabelPluralAcc->беженцев</li>
  </Hospitality_Refugee.questDescriptionAndNameRules.rulesStrings>
  <!-- EN:
    <li>offer(lodgerCount==1)->offers</li>
    <li>offer(lodgerCount>=2)->offer</li>
    <li>lodgersPronoun(lodgerCount==1)->[asker_pronoun]</li>
    <li>lodgersPronoun(lodgerCount>=2)->they</li>
    <li>lodgersPreposition(lodgerCount==1)->[asker_objective]self</li>
    <li>lodgersPreposition(lodgerCount>=2)->themselves</li>
    <li>lodgersObjective(lodgerCount==1)->[asker_objective]</li>
    <li>lodgersObjective(lodgerCount>=2)->them</li>
    <li>lodgersPossessive(lodgerCount==1)->[asker_possessive]</li>
    <li>lodgersPossessive(lodgerCount>=2)->their</li>
    <li>lodgersSingularOrPluralDef(lodgerCount==1)->[asker_nameDef]</li>
    <li>lodgersSingularOrPluralDef(lodgerCount>=2)->the [lodgersLabelPlural]</li>
    <li>questDescription->[approachInfo] [claimInfo] [asker_nameDef] begs you for permission to stay at [map_definite] for [questDurationTicks_duration] so [lodgersPronoun] can rest and regroup.\n\nIn return, [lodgersPronoun] [offer] to work and fight for free during that time.\n\n[joinInfo] [lodgersPronoun] may also reward you later for helping [lodgersObjective] - but there is no way to know [lodgersPossessive] true intentions.\n\n[travelerInfo] not part of any faction. If you wish, you can choose to kill, arrest, sell, or harvest [lodgersObjective], without diplomatic consequences.</li>
    <li>approachInfo(lodgerCount==1)->A desperate [faction_pawnSingular] named [asker_nameDef] is approaching.</li>
    <li>approachInfo(lodgerCount==2)->[asker_nameDef] and another desperate [faction_pawnSingular] are approaching.</li>
    <li>approachInfo(lodgerCount>=3)->[lodgerCount] desperate [faction_pawnsPlural] are approaching. Their leader is called [asker_nameDef].</li>
    <li>claimInfo(lodgerCount==1)->[asker_nameDef] claims to have lost [asker_possessive] home in a recent attack.</li>
    <li>claimInfo(lodgerCount>=2)->They claim to have lost their home in a recent attack.</li>
    <li>joinInfo(lodgerCount==1)->If you make [asker_objective] happy, [asker_pronoun] may offer to join you.</li>
    <li>joinInfo(lodgerCount>=2)->If you make them happy, some of them may offer to join you.</li>
    <li>travelerInfo(lodgerCount==1)->This [faction_pawnSingular] is</li>
    <li>travelerInfo(lodgerCount>=2)->These [faction_pawnsPlural] are</li>
  -->
  <Hospitality_Refugee.questDescriptionRules.rulesStrings>
    <li>offer(lodgerCount==1)->предлагает</li>
    <li>offer(lodgerCount>=2)->предлагают</li>
    <li>lodgersPronoun(lodgerCount==1)->[asker_pronoun]</li>
    <li>lodgersPronoun(lodgerCount>=2)->они</li>
    <li>lodgersPreposition(lodgerCount==1)->[asker_objective]self</li>
    <li>lodgersPreposition(lodgerCount>=2)->themselves</li>
    <li>lodgersObjective(lodgerCount==1)->[asker_objective]</li>
    <li>lodgersObjective(lodgerCount>=2)->им</li>
    <li>lodgersPossessive(lodgerCount==1)->[asker_possessive]</li>
    <li>lodgersPossessive(lodgerCount>=2)->их</li>
    <li>lodgersSingularOrPluralDef(lodgerCount==1)->[asker_nameDef]</li>
    <li>lodgersSingularOrPluralDef(lodgerCount>=2)->[lodgersLabelPlural]</li>
    <li>questDescription->[approachInfo] [claimInfo] [asker_nameDef] умоляет вас разрешить [lodgersObjective] остаться в [map_definite] на [questDurationTicks_duration], чтобы [lodgersPronoun] могли отдохнуть и собраться в дальнейший путь.\n\nВзамен, [lodgersPronoun] [offer] помогать вашим поселенцам и сражаться на вашей стороне.\n\n[joinInfo] [lodgersPronoun] так же [could] вознаградить вас за помощь в будущем, но никто не знает, какие у н[lodgersPossessive] истинные намерения.\n\n[travelerInfo] [notPart] к какой-либо фракции. Если вы хотите, вы можете избить, арестовать или продать в рабство [lodgersPossessive], без каких-либо дипломатических последствий.</li>
    <li>could(lodgerCount==1)->может</li>
    <li>could(lodgerCount>=2)->могут</li>
    <li>approachInfo(lodgerCount==1)->Приближается [desperate] [faction_pawnSingular] по имени [asker_nameDef].</li>
    <li>approachInfo(lodgerCount==2)->Приближаются [asker_nameDef] и [other] [desperate] [faction_pawnSingular].</li>
    <li>approachInfo(lodgerCount>=3)->Приближается [lodgerCount] отчаянных [faction_pawnsPlural]. Их предводителя зовут [asker_nameDef].</li>
    <li>claimInfo(lodgerCount==1)->[asker_nameDef] утверждает, что [hasLost] своего дома после недавнего нападения.</li>
    <li>claimInfo(lodgerCount>=2)->Они утверждают, что лишились дома после недавнего нападения.</li>
    <li>joinInfo(lodgerCount==1)->Если [asker_nameDef] будет [happy], находясь в поселении, [asker_pronoun] может предложить присоединиться к вам.</li>
    <li>joinInfo(lodgerCount>=2)->Если они будут довольны, находясь в поселении, кто-то из них может захотеть присоединиться к вам.</li>
    <li>travelerInfo(lodgerCount==1,lodgers0_gender==Male)->Этот [faction_pawnSingular]</li>
    <li>travelerInfo(lodgerCount==1,lodgers0_gender==Female)->Эта [faction_pawnSingular]</li>
    <li>travelerInfo(lodgerCount>=2)->Эти [faction_pawnsPlural]</li>
    <li>hasLost(lodgers0_gender==Male)->лишился</li>
    <li>hasLost(lodgers0_gender==Female)->лишилась</li>
    <li>happy(lodgers0_gender==Male)->доволен</li>
    <li>happy(lodgers0_gender==Female)->довольна</li>
    <li>notPart(lodgerCount==1)->не принадлежит</li>
    <li>notPart(lodgerCount>=2)->не принадлежат</li>
    <li>desperate(lodgers0_gender==Male)->отчаянный</li>
    <li>desperate(lodgers0_gender==Female)->отчаянная</li>
    <li>other(lodgers0_gender==Male)->другой</li>
    <li>other(lodgers0_gender==Female)->другая</li>
  </Hospitality_Refugee.questDescriptionRules.rulesStrings>
  <!-- EN:
    <li>questName(lodgerCount==1)->[asker_nameDef] the [lodgerAdj]</li>
    <li>questName(lodgerCount==1)->[athe] [lodgerAdj] [lodgerSingle]</li>
    <li>questName(p=2,lodgerCount>=2)->[lodgerAdj] [lodgerPlural]</li>
    <li>questName(lodgerCount>=2)->[asker_nameDef]'s [lodgerAdj] [lodgerPlural]</li>
    <li>questName(lodgerCount>=2)->[asker_nameDef]'s [lodgerPlural]</li>
    <li>athe->a</li>
    <li>athe->the</li>
    <li>lodgerAdj->tired</li>
    <li>lodgerAdj->lost</li>
    <li>lodgerAdj->destitute</li>
    <li>lodgerAdj->poor</li>
    <li>lodgerAdj->desperate</li>
    <li>lodgerAdj->sad</li>
    <li>lodgerAdj->dusty</li>
    <li>lodgerAdj->hopeless</li>
    <li>lodgerAdj->unknown</li>
    <li>lodgerAdj->forlorn</li>
    <li>lodgerAdj->forsaken</li>
    <li>lodgerSingle->traveler</li>
    <li>lodgerSingle->refugee</li>
    <li>lodgerSingle->drifter</li>
    <li>lodgerSingle->survivor</li>
    <li>lodgerSingle->nomad</li>
    <li>lodgerSingle->vagabond</li>
    <li>lodgerPlural->travelers</li>
    <li>lodgerPlural->refugees</li>
    <li>lodgerPlural->drifters</li>
    <li>lodgerPlural->survivors</li>
    <li>lodgerPlural->nomads</li>
    <li>lodgerPlural->vagabonds</li>
  -->
  <Hospitality_Refugee.questNameRules.rulesStrings>
    <li>questName(lodgerCount==1,asker_gender==Male)->[lodgerAdj] [asker_nameDef]</li>
    <li>questName(lodgerCount==1,asker_gender==Female)->[lodgerAdjFem] [asker_nameDef]</li>
    <li>questName(lodgerCount==1,asker_gender==Male)->[lodgerAdj] [lodgerSingle]</li>
    <li>questName(lodgerCount==1,asker_gender==Female)->[lodgerAdjFem] [lodgerSingleFem]</li>
    <li>questName(p=2,lodgerCount>=2)->[lodgerAdjPlural] [lodgerPlural]</li>
    <li>questName(lodgerCount>=2)->[asker_nameDef] и [lodgerAdjPlural] [lodgerPlural]</li>
    <li>questName(lodgerCount>=2)->[asker_nameDef] и [lodgerPlural]</li>
    <li>lodgerAdj->уставший</li>
    <li>lodgerAdj->потерянный</li>
    <li>lodgerAdj->несчастный</li>
    <li>lodgerAdj->бедный</li>
    <li>lodgerAdj->отчаянный</li>
    <li>lodgerAdj->печальный</li>
    <li>lodgerAdj->потрёпанный</li>
    <li>lodgerAdj->отчаявшийся</li>
    <li>lodgerAdj->неизвестный</li>
    <li>lodgerAdj->одинокий</li>
    <li>lodgerAdj->забытый</li>
    <li>lodgerAdjFem->уставшая</li>
    <li>lodgerAdjFem->потерянная</li>
    <li>lodgerAdjFem->несчастная</li>
    <li>lodgerAdjFem->бедная</li>
    <li>lodgerAdjFem->отчаянная</li>
    <li>lodgerAdjFem->печальная</li>
    <li>lodgerAdjFem->потрёпанная</li>
    <li>lodgerAdjFem->безнадёжная</li>
    <li>lodgerAdjFem->неизвестная</li>
    <li>lodgerAdjFem->одинокая</li>
    <li>lodgerAdjFem->забытый</li>
    <li>lodgerAdjPlural->уставшие</li>
    <li>lodgerAdjPlural->потерянные</li>
    <li>lodgerAdjPlural->несчастные</li>
    <li>lodgerAdjPlural->бедные</li>
    <li>lodgerAdjPlural->отчаянные</li>
    <li>lodgerAdjPlural->печальные</li>
    <li>lodgerAdjPlural->потрёпанные</li>
    <li>lodgerAdjPlural->отчаявшиеся</li>
    <li>lodgerAdjPlural->неизвестные</li>
    <li>lodgerAdjPlural->одинокие</li>
    <li>lodgerAdjPlural->забытые</li>
    <li>lodgerSingle->странник</li>
    <li>lodgerSingle->беженец</li>
    <li>lodgerSingle->бродяга</li>
    <li>lodgerSingle->выживший</li>
    <li>lodgerSingle->кочевник</li>
    <li>lodgerSingle->оборванец</li>
    <li>lodgerSingleFem->странница</li>
    <li>lodgerSingleFem->беженка</li>
    <li>lodgerSingleFem->бродяга</li>
    <li>lodgerSingleFem->выжившая</li>
    <li>lodgerSingleFem->кочевница</li>
    <li>lodgerSingleFem->оборванка</li>
    <li>lodgerPlural->странники</li>
    <li>lodgerPlural->беженцы</li>
    <li>lodgerPlural->бродяги</li>
    <li>lodgerPlural->выжившие</li>
    <li>lodgerPlural->кочевники</li>
    <li>lodgerPlural->оборванцы</li>
  </Hospitality_Refugee.questNameRules.rulesStrings>
  
  <!-- EN:
    <li>rewardLetterLabel->Hospitality reward</li>
    <li>rewardLetterText->[rewardGiver_nameDef] has contacted you. [rewardDelayTicks_duration] ago, you helped [rewardGiver_objective] in desperate circumstances.\n\nSince then, [rewardGiver_pronoun] has gotten back on [rewardGiver_possessive] feet, and now [rewardGiver_pronoun] wants to reward you properly for your help. [rewardGiver_pronoun] is sending you the following via drop pod:\n\n[listOfRewards]</li>
  -->
  <RefugeeDelayedReward.questContentRules.rulesStrings>
    <li>rewardLetterLabel->Награда за гостеприимство</li>
    <li>rewardLetterText->[rewardGiver_nameDef] связывается с вами. [rewardDelayTicks_duration] назад вы помогли [rewardGiver_objective] в безвыходной ситуации.\n\nС тех пор [rewardGiver_pronoun] [hasGotten] своё положение и теперь хочет вознаградить вас за помощь. [rewardGiver_pronoun] отправляет вам капсулу со следующим содержимым:\n\n[listOfRewards]</li>
    <li>hasGotten(rewardGiver0_gender==Male)->поправил</li>
    <li>hasGotten(rewardGiver0_gender==Female)->поправила</li>
  </RefugeeDelayedReward.questContentRules.rulesStrings>
  <!-- EN:
    <li>questDescription->a delayed reward for refugee quest</li>
  -->
  <RefugeeDelayedReward.questDescriptionRules.rulesStrings>
    <li>questDescription->отсроченная награда за задание с беженцами</li>
  </RefugeeDelayedReward.questDescriptionRules.rulesStrings>
  <!-- EN:
    <li>questName->Refugee delayed reward</li>
  -->
  <RefugeeDelayedReward.questNameRules.rulesStrings>
    <li>questName->Отсроченная награда за беженцев</li>
  </RefugeeDelayedReward.questNameRules.rulesStrings>
  
</LanguageData>