﻿<?xml version="1.0" encoding="UTF-8"?>
<LanguageData>
  
  <!-- EN: Some title permits allow the holder to call for military aid. This can save you in a tough moment. -->
  <RoyaltyTips.TitleMilitaryAid>Некоторые титулы позволяют своим владельцам обращаться за военной помощью. Это может спасти вас в трудную минуту.</RoyaltyTips.TitleMilitaryAid>
  <!-- EN: Nobles from the Empire will demand all the privileges of their title. Your own titled colonists will be more flexible, unless they are greedy or jealous. -->
  <RoyaltyTips.NoblesDemandPrivileges>Имперская знать будет требовать всех привилегий, соответствующих их титулу. Ваши же титулованные поселенцы могут быть более гибкими, если в них нет жадности или завистливости.</RoyaltyTips.NoblesDemandPrivileges>
  <!-- EN: Prestige armor and eltex apparel will also satisfy the apparel requirements of royal titles. -->
  <RoyaltyTips.RoyalArmor>Требованиям обладателей высоких титулов соответствуют роскошная силовая броня, а также одежда из эльтекса.</RoyaltyTips.RoyalArmor>
  <!-- EN: If a title holder dies, their title goes to their chosen heir. -->
  <RoyaltyTips.TitleInheritance>Если обладатель титула проигрывает, его титул переходит к избранному наследнику.</RoyaltyTips.TitleInheritance>
  <!-- EN: You can change the heir of a title holder through the comms console. However, this requires completing a ritual. -->
  <RoyaltyTips.ChangeHeir>Вы можете изменить наследника титула через консоль связи. Однако это потребует соблюдения определённого ритуала.</RoyaltyTips.ChangeHeir>
  <!-- EN: The Empire bestows a free level of psylink upon anyone who earns the title required to use it. -->
  <RoyaltyTips.FreePsychicAmplifier>Империя любезно дарует нейроформер пси-связи каждому, кто получает соответствующий титул.</RoyaltyTips.FreePsychicAmplifier>
  <!-- EN: Psylink neuroformers can be acquired through quests. -->
  <RoyaltyTips.IllegalImplantUse>Нейроформеры пси-связи могут быть получены при выполнении заданий.</RoyaltyTips.IllegalImplantUse>
  <!-- EN: Gaining a new level of psylink grants knowledge of one random psychic power. -->
  <RoyaltyTips.InstallingPsychicAmplifier>Каждый получаемый уровень пси-связи позволяет изучить случайную пси-способность.</RoyaltyTips.InstallingPsychicAmplifier>
  <!-- EN: Psychic powers can give you significant advantage in combat. -->
  <RoyaltyTips.PsycastAdvantage>Применение пси-способностей может дать значительное преимущество в бою.</RoyaltyTips.PsycastAdvantage>
  <!-- EN: Using a psychic power on an ally will harm faction relations - but only if it has negative effects. -->
  <RoyaltyTips.PsycastFactionRelations>Применение пси-способности на союзнике испортит отношения между фракциями — но только в случае, если оно ему навредило.</RoyaltyTips.PsycastFactionRelations>
  <!-- EN: Psychic invisibility doesn't wear off when you attack. -->
  <RoyaltyTips.PsycastInvisibility>Пси-невидимость не исчезает, когда вы атакуете.</RoyaltyTips.PsycastInvisibility>
  <!-- EN: Going over your neural heat limit can save you in a desperate situation - but the psychic breakdown can last a while. -->
  <RoyaltyTips.PsychicEntropyLimit>Превышение лимитов нейроперегрева может спасти вас в отчаянной ситуации, но спровоцирует длительный пси-срыв.</RoyaltyTips.PsychicEntropyLimit>
  <!-- EN: Creatures with higher psychic sensitivity are affected more by psychics. -->
  <RoyaltyTips.PsycastSensitivity>Существа с повышенной психочувствительностью более подвержены пси-воздействиям.</RoyaltyTips.PsycastSensitivity>
  <!-- EN: Dressing your psycasters in eltex gear will increase their neural heat limit and dissipation rate. -->
  <RoyaltyTips.EltexGear>Одежда из эльтекса увеличит лимит нейроперегрева для ваших псиоников и ускорит его рассеивание.</RoyaltyTips.EltexGear>
  <!-- EN: When fighting a mech cluster, try shooting their power cells. They explode, dealing heavy damage to surrounding creatures and structures. -->
  <RoyaltyTips.MechClusterPowercell>Сражаясь со кластером механоидов, старайтесь уничтожать их энергоячейки. Они взрываются, нанося тяжёлый урон всем существам и сооружениям вокруг.</RoyaltyTips.MechClusterPowercell>
  <!-- EN: Some mech clusters remain dormant until disturbed. Use that time to prepare your attack. -->
  <RoyaltyTips.MechClusterDormant>Некоторые кластеры механоидов остаются «спящими», пока их не потревожить. Используйте это как возможность подготовить свою атаку.</RoyaltyTips.MechClusterDormant>
  <!-- EN: The Imperial royal tribute collector arrives twice per year, and accepts prisoners and gold in exchange for honor. -->
  <RoyaltyTips.RoyalTributeCollector>Имперский сборщик податей прибывает дважды в год и принимает золото и пленных в обмен на милость короны.</RoyaltyTips.RoyalTributeCollector>
  <!-- EN: You can safely walk right past a dormant mech cluster, as long as you don't attack it or trigger a proximity activator. -->
  <RoyaltyTips.MechClusterDormantTrigger>Вы можете спокойно проходить мимо «спящих» кластеров механоидов до тех пор, пока вы не атакуете его или не активируете датчик движения.</RoyaltyTips.MechClusterDormantTrigger>
  <!-- EN: The psychic skip power works on self, allies, enemies, and even items. The tactical possibilities are endless. -->
  <RoyaltyTips.SkipPsycastsMultiuse>Пси-способность «прыжок» можно применять к себе, союзникам, противникам и даже предметам. Его тактические возможности безграничны.</RoyaltyTips.SkipPsycastsMultiuse>
  
</LanguageData>