﻿<?xml version="1.0" encoding="UTF-8"?>
<LanguageData>
  
  <!-- EN: beer -->
  <Beer.label>пиво</Beer.label>
  <!-- EN: The first beverage besides water ever consumed by mankind. Beer can taste good, but its main effect is intoxication. Excessive consumption can lead to alcohol blackouts and, over time, addiction. -->
  <Beer.description>Первый, не считая воды, напиток, когда-либо употреблённый человечеством. Пиво приятно на вкус и вызывает опьянение. Чрезмерное потребление может привести к алкоголизму.</Beer.description>
  <!-- EN: Drink {0} -->
  <Beer.ingestible.ingestCommandString>Пить {0}</Beer.ingestible.ingestCommandString>
  <!-- EN: Drinking {0}. -->
  <Beer.ingestible.ingestReportString>Пьёт {0}</Beer.ingestible.ingestReportString>
  <!-- EN: bottle -->
  <Beer.tools.bottle.label>бутылка</Beer.tools.bottle.label>
  <!-- EN: neck -->
  <Beer.tools.neck.label>горлышко</Beer.tools.neck.label>
  
  <!-- EN: wort -->
  <Wort.label>сусло</Wort.label>
  <!-- EN: Un-fermented beer. This substance needs to ferment in a fermenting barrel before it becomes drinkable beer. -->
  <Wort.description>Пиво до ферментации. Ингредиенты уже перемешаны, но сусло должно забродить в специальной бочке, прежде чем оно станет настоящим пивом.</Wort.description>
  
</LanguageData>