﻿<?xml version="1.0" encoding="UTF-8"?>
<LanguageData>
  
  <!-- EN: ambrosia -->
  <Ambrosia.label>амброзия</Ambrosia.label>
  <!-- EN: A soft, rare fruit. Ambrosia tastes wonderful and produces a subtle mood-increasing chemical high. However, if eaten too often, it can generate a mild addiction. -->
  <Ambrosia.description>Мягкий фрукт. Плоды амброзии, помимо восхитительного вкуса и аромата, имеют небольшой наркотический эффект, выражающийся в подъёме настроения. Но если её есть слишком часто, может возникнуть привыкание.</Ambrosia.description>
  <Ambrosia.ingestible.ingestCommandString>Съесть амброзию</Ambrosia.ingestible.ingestCommandString>
  <Ambrosia.ingestible.ingestReportString>Ест амброзию</Ambrosia.ingestible.ingestReportString>
  
</LanguageData>