﻿<?xml version="1.0" encoding="UTF-8"?>
<LanguageData>
  
  <!-- EN: smokepop pack -->
  <Apparel_SmokepopBelt.label>дымовые шашки</Apparel_SmokepopBelt.label>
  <!-- EN: A defensive smokescreen. When activated, it will release a cloud of smoke, obscuring incoming shots and preventing turrets from locking on. -->
  <Apparel_SmokepopBelt.description>Пиротехнические устройства для постановки дымовых завес. При активации выпускают густое облако дыма, маскирующее носителя и препятствующее наведению турелей.</Apparel_SmokepopBelt.description>
  <!-- EN: smokepop -->
  <Apparel_SmokepopBelt.comps.CompReloadable.chargeNoun>пуск</Apparel_SmokepopBelt.comps.CompReloadable.chargeNoun>
  <!-- EN: pop smoke -->
  <Apparel_SmokepopBelt.verbs.pop_smoke.label>выпустить дым</Apparel_SmokepopBelt.verbs.pop_smoke.label>
  
</LanguageData>