﻿<?xml version="1.0" encoding="UTF-8"?>
<LanguageData>
  
  <!-- EN: flak helmet -->
  <Apparel_AdvancedHelmet.label>бронешлем</Apparel_AdvancedHelmet.label>
  <!-- EN: A lightweight combat helmet with a complex design, reinforced with plasteel. Not effective against blunt weapons. -->
  <Apparel_AdvancedHelmet.description>Легковесный боевой шлем сложной конструкции, укреплённый элементами из пластали. Неэффективен против дробящих ударов.</Apparel_AdvancedHelmet.description>
  
  <!-- EN: recon helmet -->
  <Apparel_ArmorHelmetRecon.label>разведшлем</Apparel_ArmorHelmetRecon.label>
  <!-- EN: A high-tech armored helmet with a built-in status computer and a protective plasteel-weave plate.\n\nArmor like this is often used by imperial scout troops or glitterworld police forces. -->
  <Apparel_ArmorHelmetRecon.description>Высокотехнологичный бронированный шлем со встроенным компьютером и защитой из пласталевого волокна.\n\nПодобные шлемы применяются подразделениями имперской разведки и полицией утопических миров.</Apparel_ArmorHelmetRecon.description>
  
  <!-- EN: bowler hat -->
  <Apparel_BowlerHat.label>шляпа-котелок</Apparel_BowlerHat.label>
  <!-- EN: A good-looking hat which projects a slightly urban, money-loving style. Improves social impact. -->
  <Apparel_BowlerHat.description>Привлекательная шляпа в городском аристократическом стиле. Вызывает уважение окружающих.</Apparel_BowlerHat.description>
  
  <!-- EN: cowboy hat -->
  <Apparel_CowboyHat.label>ковбойская шляпа</Apparel_CowboyHat.label>
  <!-- EN: Stylish yet rugged, this hat keeps the sun and rain off - and it gives anyone who wears it a bit of extra charm. It is the most important part of traditional western attire. -->
  <Apparel_CowboyHat.description>Стильная, но грубая, эта шляпа защищает от солнца и дождя, придавая любому, кто её носит, дополнительный оттенок шарма. Это наиболее важный аксессуар одежды для традиционного вестерна.</Apparel_CowboyHat.description>
  
  <!-- EN: marine helmet -->
  <Apparel_PowerArmorHelmet.label>пехотный шлем</Apparel_PowerArmorHelmet.label>
  <!-- EN: A marine armor helmet, with a built-in status computer and layered plasteel-weave plates.\n\nArmor like this is often used by imperial janissaries and rapid-incursion space marines. -->
  <Apparel_PowerArmorHelmet.description>Шлем пехотной брони со встроенным компьютером и многослойной защитой из пласталевого волокна.\n\nПодобные шлемы применяются имперской космической пехотой и десантом.</Apparel_PowerArmorHelmet.description>
  
  <!-- EN: psychic foil helmet -->
  <Apparel_PsychicFoilHelmet.label>шлем из психофольги</Apparel_PsychicFoilHelmet.label>
  <!-- EN: A thin helmet containing finely-tuned sheets of psychically-absorptive foil. Reduces the impact of psychic waves. -->
  <Apparel_PsychicFoilHelmet.description>Тонкий шлем из аккуратно скреплённых листов психопоглощающей фольги. Уменьшает влияние психических воздействий.</Apparel_PsychicFoilHelmet.description>
  
  <!-- EN: simple helmet -->
  <Apparel_SimpleHelmet.label>простой шлем</Apparel_SimpleHelmet.label>
  <!-- EN: A simple helmet which gives moderate protection against sharp attacks. Not effective against blunt weapons. -->
  <Apparel_SimpleHelmet.description>Простой шлем, дающий умеренную защиту от проникающих ранений. Неэффективен против дробящих ударов.</Apparel_SimpleHelmet.description>
  
  <!-- EN: tribal headdress -->
  <Apparel_TribalHeaddress.label>зверошапка</Apparel_TribalHeaddress.label>
  <!-- EN: Elegant traditional garb, often with religious significance. Improves social impact. -->
  <Apparel_TribalHeaddress.description>Изящный традиционный элемент одежды, по форме напоминающий голову животного. Часто имеет религиозное значение. Вызывает уважение окружающих.</Apparel_TribalHeaddress.description>
  
  <!-- EN: tuque -->
  <Apparel_Tuque.label>вязаная шапка</Apparel_Tuque.label>
  <!-- EN: A soft, thick cap. Great for keeping warm in winter. -->
  <Apparel_Tuque.description>Мягкая и плотная шапка. Зимой хорошо держит голову в тепле.</Apparel_Tuque.description>
  
  <!-- EN: war mask -->
  <Apparel_WarMask.label>маска войны</Apparel_WarMask.label>
  <!-- EN: An artistically terrifying war mask. It hides the wearer's face and makes them more confident. -->
  <Apparel_WarMask.description>Искусно украшенная и устрашающе выглядящая боевая маска. Скрывает лицо носящего и даёт чувство уверенности.</Apparel_WarMask.description>
  
  <!-- EN: war veil -->
  <Apparel_WarVeil.label>боевой покров</Apparel_WarVeil.label>
  <!-- EN: A war veil, made out of reinforced cloth torn to appear damaged in combat. Some believe this functions as a talisman of courage. -->
  <Apparel_WarVeil.description>Боевой покров, изготовленный из укреплённой ткани. Надорван, чтобы выглядеть повреждённым в бою. Некоторые верят, что он придаёт храбрости носящему.</Apparel_WarVeil.description>
  
</LanguageData>