﻿<?xml version="1.0" encoding="UTF-8"?>
<LanguageData>
  
  <!-- EN: recon armor -->
  <Apparel_ArmorRecon.label>разведброня</Apparel_ArmorRecon.label>
  <!-- EN: A suit of light partially-powered armor, designed to permit quick movement. Lightweight plasteel-weave plates block attacks without compromising mobility, and neuro-memetic assistors in the lower body allow a human to wear the armor and still move easily.\n\nArmor like this is often used by imperial scout troops and glitterworld police forces. -->
  <Apparel_ArmorRecon.description>Лёгкий костюм частично силовой брони, разработанной, чтобы не стеснять быстрые движения. Легковесная защита из пласталевого волокна отражает атаки без ущерба для мобильности носящего. Нейроимитирующая робомеханика нижней части костюма позволяет без труда нести броню.\n\nТакая броня применяется подразделениями имперской разведки и полицией утопических миров.</Apparel_ArmorRecon.description>
  
  <!-- EN: T-shirt -->
  <Apparel_BasicShirt.label>футболка</Apparel_BasicShirt.label>
  <!-- EN: A simple T-shirt. -->
  <Apparel_BasicShirt.description>Обычная футболка.</Apparel_BasicShirt.description>
  
  <!-- EN: button-down shirt -->
  <Apparel_CollarShirt.label>рубашка</Apparel_CollarShirt.label>
  <!-- EN: A nice-looking collared shirt with buttons. -->
  <Apparel_CollarShirt.description>Хорошая рубашка с воротником и пуговицами.</Apparel_CollarShirt.description>
  
  <!-- EN: duster -->
  <Apparel_Duster.label>плащ</Apparel_Duster.label>
  <!-- EN: A long duster coat for blocking the sun and grit of the outdoors. -->
  <Apparel_Duster.description>Длинный плащ-пыльник для защиты от жары и песка.</Apparel_Duster.description>
  
  <!-- EN: flak jacket -->
  <Apparel_FlakJacket.label>бронекуртка</Apparel_FlakJacket.label>
  <!-- EN: A tough fabric jacket with armor plates sewn in. While it's not as good as solid armor, it offers effective protection against all manner of attacks while remaining quite comfortable. -->
  <Apparel_FlakJacket.description>Куртка из плотной ткани со вшитыми бронепластинами. Не так хорошо защищает, как цельная броня, но весьма эффективна против всех видов атак, при этом оставаясь удобной в ношении.</Apparel_FlakJacket.description>
  
  <!-- EN: flak pants -->
  <Apparel_FlakPants.label>бронештаны</Apparel_FlakPants.label>
  <!-- EN: A pair of pants with armor plates sewn in. While it's not as good as solid armor, it offers effective protection against all manner of attacks while remaining quite comfortable. -->
  <Apparel_FlakPants.description>Пара штанов со вшитыми бронепластинами. Не так хорошо защищает, как цельная броня, но весьма эффективна против всех видов атак, при этом оставаясь удобной в ношении.</Apparel_FlakPants.description>
  
  <!-- EN: flak vest -->
  <Apparel_FlakVest.label>бронежилет</Apparel_FlakVest.label>
  <!-- EN: A vest with armor plates inserted on the chest and back. While quite effective at deflecting gunshots and stabbing attacks against the chest, it does nothing to protect the limbs. -->
  <Apparel_FlakVest.description>Жилет с бронепластинами на животе и спине. Хорошо защищает от попаданий из огнестрельного оружия и проникающих ранений в область грудной клетки. Никак не защищает конечности.</Apparel_FlakVest.description>
  
  <!-- EN: jacket -->
  <Apparel_Jacket.label>куртка</Apparel_Jacket.label>
  <!-- EN: A tough jacket to stop scrapes and bruises, and to keep one warm in chilly weather. -->
  <Apparel_Jacket.description>Крепкая куртка, предотвращает ссадины и синяки и согревает в прохладную погоду.</Apparel_Jacket.description>
  
  <!-- EN: pants -->
  <Apparel_Pants.label>штаны</Apparel_Pants.label>
  <!-- EN: A simple set of pants. -->
  <Apparel_Pants.description>Пара простых штанов.</Apparel_Pants.description>
  
  <!-- EN: parka -->
  <Apparel_Parka.label>пуховик</Apparel_Parka.label>
  <!-- EN: A parka for staying warm in even the coldest of temperatures. -->
  <Apparel_Parka.description>Толстый пуховик позволяет оставаться в тепле даже при самых холодных температурах.</Apparel_Parka.description>
  
  <!-- EN: plate armor -->
  <Apparel_PlateArmor.label>пластинчатый доспех</Apparel_PlateArmor.label>
  <!-- EN: Overlapping solid plates of armor covering the entire body from neck to feet. -->
  <Apparel_PlateArmor.description>Доспех из расположенных внахлёст прочных пластин, покрывающий всё тело от шеи до пят.</Apparel_PlateArmor.description>
  
  <!-- EN: marine armor -->
  <Apparel_PowerArmor.label>пехотная броня</Apparel_PowerArmor.label>
  <!-- EN: A suit of powered armor. Layered plasteel-weave plates are very effective at stopping attacks, with few vulnerable joint sections. Neuro-memetic assistors allow a human to wear the armor and still move easily.\n\nArmor like this is often used by imperial janissaries and rapid-incursion space marines. -->
  <Apparel_PowerArmor.description>Костюм силовой брони. Многослойная защита из пласталевого волокна хорошо отражает атаки и имеет мало уязвимых узлов сопряжения. Нейроимитирующая робомеханика позволяет без труда нести броню.\n\nТакая броня применяется имперской космической пехотой и десантом.</Apparel_PowerArmor.description>
  
  <!-- EN: tribalwear -->
  <Apparel_TribalA.label>туника</Apparel_TribalA.label>
  <!-- EN: A full-body garment crafted using neolithic tools. While it may look primitive, it is effective at insulating the wearer. -->
  <Apparel_TribalA.description>Одеяние, созданное без использования машин, с применением орудий времён неолита. Выглядит примитивно, но даёт неплохую защиту от холода и жары.</Apparel_TribalA.description>
  
</LanguageData>