﻿<?xml version="1.0" encoding="UTF-8"?>
<LanguageData>
  
  <!-- EN: psychic insanity lance -->
  <Apparel_PsychicInsanityLance.label>копьё безумия</Apparel_PsychicInsanityLance.label>
  <!-- EN: A limited-use psychic effector. It overwhelms the target's mind with terrifying perceptual distortions, driving him into a berserk state. There is a risk of brain damage. It has a long range, but requires line of sight. -->
  <Apparel_PsychicInsanityLance.description>Устройство с ограниченным числом применений. Вызывает у цели пугающие галлюцинации и прочие расстройства восприятия, провоцируя приступ ярости. При этом высока вероятность повреждения головного мозга. Цель может находиться на любом расстоянии в прямой видимости.</Apparel_PsychicInsanityLance.description>
  <!-- EN: charge -->
  <Apparel_PsychicInsanityLance.comps.CompReloadable.chargeNoun>зарядов</Apparel_PsychicInsanityLance.comps.CompReloadable.chargeNoun>
  <!-- EN: psychic insanity lance -->
  <Apparel_PsychicInsanityLance.verbs.psychic_insanity_lance.label>копьё безумия</Apparel_PsychicInsanityLance.verbs.psychic_insanity_lance.label>
  
  <!-- EN: psychic shock lance -->
  <Apparel_PsychicShockLance.label>копьё потрясения</Apparel_PsychicShockLance.label>
  <!-- EN: A limited-use psychic effector. It shocks the target's mind with chaotic images, blocking coherent perception and dropping him into a state of psychic shock. There is a risk of brain damage. It has a long range, but requires line of sight. -->
  <Apparel_PsychicShockLance.description>Устройство с ограниченным числом применений. Вызывает у цели беспорядочные галлюцинации, нарушает целостность восприятия и повергает её в состояние психического шока. При этом высока вероятность повреждения головного мозга. Цель может находиться на любом расстоянии в прямой видимости.</Apparel_PsychicShockLance.description>
  <!-- EN: charge -->
  <Apparel_PsychicShockLance.comps.CompReloadable.chargeNoun>зарядов</Apparel_PsychicShockLance.comps.CompReloadable.chargeNoun>
  <!-- EN: psychic shock lance -->
  <Apparel_PsychicShockLance.verbs.psychic_shock_lance.label>копьё потрясения</Apparel_PsychicShockLance.verbs.psychic_shock_lance.label>
  
</LanguageData>