﻿<?xml version="1.0" encoding="UTF-8"?>
<LanguageData>
  
  <!-- EN: mortar -->
  <Artillery_Mortar.label>миномёт</Artillery_Mortar.label>
  <!-- EN: Mortar launcher. Lobs bombs over walls. Very inaccurate but long-ranged. -->
  <Artillery_Mortar.description>Миномётное орудие. Может перебрасывать снаряды через препятствия. Очень низкая точность, но высокая дальность.</Artillery_Mortar.description>
  <!-- EN: mortar -->
  <Artillery_Mortar.verbs.Verb_Shoot.label>миномёт</Artillery_Mortar.verbs.Verb_Shoot.label>
  
  <!-- EN: autocannon shell -->
  <Bullet_AutocannonTurret.label>пуля из тяжёлой турели</Bullet_AutocannonTurret.label>
  
  <!-- EN: mini-turret bullet -->
  <Bullet_MiniTurret.label>пуля из мини-турели</Bullet_MiniTurret.label>
  
  <!-- EN: uranium slug -->
  <Bullet_TurretSniper.label>урановый снаряд</Bullet_TurretSniper.label>
  
  <!-- EN: autocannon -->
  <Gun_AutocannonTurret.label>пушка тяжёлой турели</Gun_AutocannonTurret.label>
  <!-- EN: A self-loading large-bore cannon designed to attach to a turret. -->
  <Gun_AutocannonTurret.description>Самозарядное крупнокалиберное орудие, предназначенное для крепления к турельной установке.</Gun_AutocannonTurret.description>
  <!-- EN: autocannon -->
  <Gun_AutocannonTurret.verbs.Verb_Shoot.label>пушка тяжёлой турели</Gun_AutocannonTurret.verbs.Verb_Shoot.label>
  
  <!-- EN: mini-turret gun -->
  <Gun_MiniTurret.label>пушка мини-турели</Gun_MiniTurret.label>
  <!-- EN: A simple automatic gun made to be mounted on a turret. -->
  <Gun_MiniTurret.description>Лёгкая автоматическая пушка, предназначенная для крепления к турельной установке.</Gun_MiniTurret.description>
  <!-- EN: mini-turret gun -->
  <Gun_MiniTurret.verbs.Verb_Shoot.label>пушка мини-турели</Gun_MiniTurret.verbs.Verb_Shoot.label>
  
  <!-- EN: uranium slug cannon -->
  <Gun_TurretSniper.label>пушка снайперской турели</Gun_TurretSniper.label>
  <!-- EN: A self-loading uranium slug cannon designed to attach to a turret. -->
  <Gun_TurretSniper.description>Самозарядное снайперское орудие, предназначенное для крепления к турельной установке.</Gun_TurretSniper.description>
  <!-- EN: uranium slug cannon -->
  <Gun_TurretSniper.verbs.Verb_Shoot.label>снайперское орудие</Gun_TurretSniper.verbs.Verb_Shoot.label>
  
  <!-- EN: autocannon turret -->
  <Turret_Autocannon.label>тяжёлая турель</Turret_Autocannon.label>
  <!-- EN: A heavy automatic turret. Its large-caliber shells do heavy damage over significant ranges, but its barrel must be refurbished after use. It cannot fire at close-up targets, and may explode when damaged. -->
  <Turret_Autocannon.description>Тяжёлая дальнобойная автоматическая турель. Крупный калибр позволяет надёжно поражать цели на значительной дальности, но приводит к быстрому износу ствола. Не стреляет вблизи. При повреждении может взорваться.</Turret_Autocannon.description>
  <!-- EN: Barrel durability -->
  <Turret_Autocannon.comps.CompRefuelable.fuelGizmoLabel>Прочность ствола</Turret_Autocannon.comps.CompRefuelable.fuelGizmoLabel>
  <!-- EN: Shots until barrel change -->
  <Turret_Autocannon.comps.CompRefuelable.fuelLabel>Выстрелов до замены ствола</Turret_Autocannon.comps.CompRefuelable.fuelLabel>
  <!-- EN: Cannot shoot: Needs new barrel -->
  <Turret_Autocannon.comps.CompRefuelable.outOfFuelMessage>Стрельба невозможна: требуется замена ствола</Turret_Autocannon.comps.CompRefuelable.outOfFuelMessage>
  
  <!-- EN: mini-turret -->
  <Turret_MiniTurret.label>мини-турель</Turret_MiniTurret.label>
  <!-- EN: A portable automatic turret. Requires steel to refurbish its barrel after heavy use. May explode when damaged. Its dumb AI brain can't be directly controlled, so beware of friendly fire. -->
  <Turret_MiniTurret.description>Небольшая переносимая автоматическая турель. Для ремонта изношенного ствола требуется сталь. При повреждении может взорваться. ИИ турели не особо продвинут и не поддерживает прямого управления, так что берегитесь огня по своим.</Turret_MiniTurret.description>
  <!-- EN: Barrel durability -->
  <Turret_MiniTurret.comps.CompRefuelable.fuelGizmoLabel>Прочность ствола</Turret_MiniTurret.comps.CompRefuelable.fuelGizmoLabel>
  <!-- EN: Shots until barrel change -->
  <Turret_MiniTurret.comps.CompRefuelable.fuelLabel>Выстрелов до замены ствола</Turret_MiniTurret.comps.CompRefuelable.fuelLabel>
  <!-- EN: Cannot shoot: Needs new barrel -->
  <Turret_MiniTurret.comps.CompRefuelable.outOfFuelMessage>Стрельба невозможна: требуется замена ствола</Turret_MiniTurret.comps.CompRefuelable.outOfFuelMessage>
  
  <!-- EN: mortar -->
  <Turret_Mortar.label>миномёт</Turret_Mortar.label>
  <!-- EN: A manned mortar that launches all kinds of shells. While it can inflict devastating damage, the mortar's inherent inaccuracy makes it more useful for attacking large fortifications than groups of enemies in the field. -->
  <Turret_Mortar.description>Миномёт, запускающий снаряды всех видов. Для стрельбы требуется наводчик. Из-за низкой точности, свойственной таким орудиям, огонь по крупным укреплённым базам будет гораздо эффективнее стрельбы по скоплениям живой силы в открытом поле.</Turret_Mortar.description>
  
  <!-- EN: uranium slug turret -->
  <Turret_Sniper.label>снайперская турель</Turret_Sniper.label>
  <!-- EN: An armor-piercing turret. Its ultra-dense uranium shells can punch through heavy armor, but it requires new uranium slugs to be loaded after use. It's more accurate at longer ranges, and can't fire at all close up. May explode when damaged. -->
  <Turret_Sniper.description>Дальнобойная автоматическая снайперская турель. Сверхплотные урановые снаряды способны пробивать тяжёлую броню с большого расстояния. Боекомплект требуется пополнять вручную. Точность стрельбы снижается по мере сокращения дальности, а ближние цели такая турель поражать и вовсе не способна. При повреждении может взорваться.</Turret_Sniper.description>
  <!-- EN: Uranium slugs -->
  <Turret_Sniper.comps.CompRefuelable.fuelGizmoLabel>Урановые снаряды</Turret_Sniper.comps.CompRefuelable.fuelGizmoLabel>
  <!-- EN: Shots until rearm -->
  <Turret_Sniper.comps.CompRefuelable.fuelLabel>Выстрелов до перезарядки</Turret_Sniper.comps.CompRefuelable.fuelLabel>
  <!-- EN: Cannot shoot: No slugs -->
  <Turret_Sniper.comps.CompRefuelable.outOfFuelMessage>Стрельба невозможна: нет снарядов</Turret_Sniper.comps.CompRefuelable.outOfFuelMessage>
  
</LanguageData>