﻿<?xml version="1.0" encoding="UTF-8"?>
<LanguageData>
  
  <!-- EN: autodoor -->
  <Autodoor.label>автодверь</Autodoor.label>
  <!-- EN: Divides rooms. Powered operation allows people to move through the door without slowing down. -->
  <Autodoor.description>Автоматическая дверь позволяет входить и выходить без задержки.</Autodoor.description>
  
  <!-- EN: column -->
  <Column.label>колонна</Column.label>
  <!-- EN: A column capable of holding a roof. Does not block sight or movement and looks quite nice. -->
  <Column.description>Колонна, способная поддерживать крышу. Не мешает обзору и движению, и выглядит довольно красиво.</Column.description>
  
  <!-- EN: door -->
  <Door.label>дверь</Door.label>
  <!-- EN: Divides rooms. Simple doors must be manually opened, which slows people down. The amount of slowdown depends on what the door is made of. -->
  <Door.description>Простая дверь, которую нужно открывать и закрывать вручную. Время открывания и закрывания зависит от материала изготовления.</Door.description>
  
  <!-- EN: wall -->
  <Wall.label>стена</Wall.label>
  <!-- EN: An impassable wall. Capable of holding up a roof. -->
  <Wall.description>Непроходимая стена. Достаточно крепка, чтобы поддерживать крышу.</Wall.description>
  
</LanguageData>