﻿<?xml version="1.0" encoding="UTF-8"?>
<LanguageData>
  
  <!-- EN: animal bed -->
  <AnimalBed.label>кровать для животных</AnimalBed.label>
  <!-- EN: A soft bed for animals to sleep on. Fits any animal. -->
  <AnimalBed.description>Мягкая кровать для животных, подходит всем.</AnimalBed.description>
  
  <!-- EN: animal sleeping box -->
  <AnimalSleepingBox.label>спальный короб для животных</AnimalSleepingBox.label>
  <!-- EN: A small box for animals to sleep in. Fits smaller animals like chickens, cats, or small dogs. -->
  <AnimalSleepingBox.description>Небольшой короб, предназначенный для отдыха небольших животных, таких как куры, кошки или маленькие собаки.</AnimalSleepingBox.description>
  
  <!-- EN: animal sleeping spot -->
  <AnimalSleepingSpot.label>спальное место животных</AnimalSleepingSpot.label>
  <!-- EN: Designates a spot on the ground where animals should sleep. -->
  <AnimalSleepingSpot.description>Обозначает место сна животных.</AnimalSleepingSpot.description>
  
  <!-- EN: armchair -->
  <Armchair.label>кресло</Armchair.label>
  <!-- EN: A large, soft, comfy seat. Great for relaxation. Can be used at tables, work stations, and elsewhere. -->
  <Armchair.description>Большое, мягкое и удобное сиденье. Очень хорошо помогает расслабиться. Можно ставить рядом со столами, рабочими станками и в любых других местах.</Armchair.description>
  
  <!-- EN: bed -->
  <Bed.label>кровать</Bed.label>
  <!-- EN: A cozy mattress and sheets on a frame for resting. -->
  <Bed.description>Уютный матрац и простыни на прочной раме, для комфортного отдыха.</Bed.description>
  
  <!-- EN: bedroll -->
  <Bedroll.label>спальный мешок</Bedroll.label>
  <!-- EN: A simple bed that lays on the floor, usually made of cloth or leather, often lined with fur. It is lightweight and can be rolled up for easy transport, but it is not quite as comfortable as a typical bed. Caravans can use bedrolls while traveling for better sleep. -->
  <Bedroll.description>Индивидуальное приспособление для сна и отдыха, изготовленное из ткани или шкур животных. Укладывается прямо на землю или пол. Имеет небольшой вес и может быть свёрнуто для удобства транспортировки. По уровню комфорта уступает обычной кровати. Спальные мешки пригодятся в долгих путешествиях.</Bedroll.description>
  
  <!-- EN: double bedroll -->
  <BedrollDouble.label>двойной спальный мешок</BedrollDouble.label>
  <!-- EN: A simple double-wide bed that lays on the floor, usually made of cloth or leather, often lined with fur. It is lightweight and can be rolled up for easy transport, but it is not quite as comfortable as a typical bed. Caravans can use bedrolls while traveling for better sleep. -->
  <BedrollDouble.description>Приспособление для сна и отдыха двух человек, изготовленное из ткани или шкур животных. Укладывается прямо на землю или пол. Имеет небольшой вес и может быть свёрнуто для удобства транспортировки. По уровню комфорта уступает обычной кровати. Спальные мешки пригодятся в долгих путешествиях.</BedrollDouble.description>
  
  <!-- EN: dining chair -->
  <DiningChair.label>стул</DiningChair.label>
  <!-- EN: A comfortable and attractive chair. Can be used at tables, work stations, and elsewhere. -->
  <DiningChair.description>Удобный и красивый стул. Можно ставить рядом со столами, рабочими станками и в любых других местах.</DiningChair.description>
  
  <!-- EN: double bed -->
  <DoubleBed.label>двойная кровать</DoubleBed.label>
  <!-- EN: A simple double-wide bed that fits two people. -->
  <DoubleBed.description>Простая широкая кровать для двух человек.</DoubleBed.description>
  
  <!-- EN: double sleeping spot -->
  <DoubleSleepingSpot.label>двойное спальное место</DoubleSleepingSpot.label>
  <!-- EN: Designates a spot on the ground where two people should sleep together. Not comfortable. -->
  <DoubleSleepingSpot.description>Обозначает место на земле, где могут вместе спать двое человек. Никаких удобств.</DoubleSleepingSpot.description>
  
  <!-- EN: dresser -->
  <Dresser.label>комод</Dresser.label>
  <!-- EN: A dresser. Gives a small comfort bonus to all nearby beds. Placing more than one dresser near the same bed has no effect. -->
  <Dresser.description>Добавляет удобства кроватям, стоящим рядом. Размещение более одного комода рядом с одной кроватью не принесёт положительного эффекта.</Dresser.description>
  
  <!-- EN: end table -->
  <EndTable.label>прикроватный столик</EndTable.label>
  <!-- EN: A small bedside table which makes nearby beds a little bit more comfortable. Must be placed directly adjacent to the head of the bed. Placing more than one end table near the same bed has no effect. -->
  <EndTable.description>Небольшой прикроватный столик. Добавляет удобства кроватям, если расположен непосредственно рядом с изголовьем. Второй столик не принесёт положительного эффекта.</EndTable.description>
  
  <!-- EN: hospital bed -->
  <HospitalBed.label>больничная кровать</HospitalBed.label>
  <!-- EN: A bed specially designed for use in hospitals. Adjustable for a patient and festooned with built-in equipment, it improves medical outcomes over normal beds. -->
  <HospitalBed.description>Кровать, предназначенная для использования в больничных помещениях. Регулируется под пациента и оснащена кое-каким медицинским оборудованием. Гораздо лучше подходит для лечения больных и раненых, чем обычная кровать.</HospitalBed.description>
  
  <!-- EN: plant pot -->
  <PlantPot.label>цветочный горшок</PlantPot.label>
  <!-- EN: Plant decorative flowers here to improve the mood of people nearby. -->
  <PlantPot.description>Посадите здесь декоративные цветы, чтобы улучшить настроение людей вокруг.</PlantPot.description>
  
  <!-- EN: royal bed -->
  <RoyalBed.label>роскошная кровать</RoyalBed.label>
  <!-- EN: A luxurious gold-inlaid bed fit for the highborn. Very comfy and beautiful, it is a work of art in itself. Fits two. -->
  <RoyalBed.description>Великолепная, украшенная золотом кровать для знатных людей. Помимо того, что она выглядит, как настоящее произведение искусства, на ней ещё и удобно спать. Двуспальная.</RoyalBed.description>
  
  <!-- EN: shelf -->
  <Shelf.label>стеллаж</Shelf.label>
  <!-- EN: A shelf for storing miscellaneous items. Items stored in this will not affect room beauty and they won't deteriorate, even if outside. -->
  <Shelf.description>Стеллаж для хранения. Хранимые предметы не будут влиять на красоту окружения и ветшать, даже если стеллаж расположить вне помещения.</Shelf.description>
  
  <!-- EN: sleeping spot -->
  <SleepingSpot.label>спальное место</SleepingSpot.label>
  <!-- EN: Designates a spot on the ground where people should sleep. Not comfortable. -->
  <SleepingSpot.description>Обозначает место на земле, где люди должны спать. Никаких удобств.</SleepingSpot.description>
  
  <!-- EN: standing lamp -->
  <StandingLamp.label>лампа</StandingLamp.label>
  <!-- EN: An electrical standing lamp that lights an area. People need light to move and work at full speed. -->
  <StandingLamp.description>Лампа освещает ближайшую область. Свет нужен людям для работы и удобства передвижения.</StandingLamp.description>
  
  <!-- EN: standing lamp (blue) -->
  <StandingLamp_Blue.label>синяя лампа</StandingLamp_Blue.label>
  <!-- EN: A standing lamp that lights an area in blue. -->
  <StandingLamp_Blue.description>Лампа освещает ближайшую область синим светом.</StandingLamp_Blue.description>
  
  <!-- EN: standing lamp (green) -->
  <StandingLamp_Green.label>зелёная лампа</StandingLamp_Green.label>
  <!-- EN: A standing lamp that lights an area in green. -->
  <StandingLamp_Green.description>Лампа освещает ближайшую область зелёным светом.</StandingLamp_Green.description>
  
  <!-- EN: standing lamp (red) -->
  <StandingLamp_Red.label>красная лампа</StandingLamp_Red.label>
  <!-- EN: A standing lamp that lights an area in red. -->
  <StandingLamp_Red.description>Лампа освещает ближайшую область красным светом.</StandingLamp_Red.description>
  
  <!-- EN: stool -->
  <Stool.label>табурет</Stool.label>
  <!-- EN: A simple platform on which to sit. Not very comfortable, but much better than nothing. Can be used at tables, work stations, and elsewhere. -->
  <Stool.description>Жёсткое сиденье на четырёх ножках. Не очень удобно, но лучше, чем ничего. Можно ставить рядом со столами, рабочими станками и в любых других местах.</Stool.description>
  
  <!-- EN: sun lamp -->
  <SunLamp.label>солнечная лампа</SunLamp.label>
  <!-- EN: An industrial lamp which lights an area brightly enough to grow crops, but consumes a huge amount of power. Automatically turns itself off at night. -->
  <SunLamp.description>Мощный производственный светильник. Освещает местность достаточно ярко для выращивания растений, но требует огромного количества энергии. Автоматически отключается по ночам.</SunLamp.description>
  <!-- EN: Off for plant resting period -->
  <SunLamp.comps.CompSchedule.offMessage>Отключена во время сна растений</SunLamp.comps.CompSchedule.offMessage>
  
  <!-- EN: table (1x2) -->
  <Table1x2c.label>стол (1x2)</Table1x2c.label>
  <!-- EN: People eat off tables when chairs are placed facing them. -->
  <Table1x2c.description>Люди будут есть за столом, если рядом расположить стулья сиденьем к столу.</Table1x2c.description>
  
  <!-- EN: table (2x2) -->
  <Table2x2c.label>стол (2x2)</Table2x2c.label>
  <!-- EN: People eat off tables when chairs are placed facing them. -->
  <Table2x2c.description>Люди будут есть за столом, если рядом расположить стулья сиденьем к столу.</Table2x2c.description>
  
  <!-- EN: table (2x4) -->
  <Table2x4c.label>стол (2x4)</Table2x4c.label>
  <!-- EN: People eat off tables when chairs are placed facing them. -->
  <Table2x4c.description>Люди будут есть за столом, если рядом расположить стулья сиденьем к столу.</Table2x4c.description>
  
  <!-- EN: table (3x3) -->
  <Table3x3c.label>стол (3x3)</Table3x3c.label>
  <!-- EN: People eat off tables when chairs are placed facing them. -->
  <Table3x3c.description>Люди будут есть за столом, если рядом расположить стулья сиденьем к столу.</Table3x3c.description>
  
  <!-- EN: torch lamp -->
  <TorchLamp.label>лампа-факел</TorchLamp.label>
  <!-- EN: A wooden torch for lighting an area. People need light to move and work at full speed. Can be automatically refueled with wood. Produces a small amount of heat. -->
  <TorchLamp.description>Деревянный факел для освещения ближайшей области. Свет нужен людям для работы и удобства передвижения. Для того, чтобы поддерживать огонь, потребуется дерево. Производит небольшое количество тепла.</TorchLamp.description>
  
</LanguageData>