﻿<?xml version="1.0" encoding="UTF-8"?>
<LanguageData>
  
  <!-- EN: campfire -->
  <Campfire.label>костёр</Campfire.label>
  <!-- EN: Cooks meals and produces heat, and burns out after a few days. As with all heat sources, it must be placed indoors so it has a closed space to heat. Refuelable. -->
  <Campfire.description>Позволяет готовить еду и обогревать помещение. Горит в течение нескольких дней. Как и любой другой источник тепла, костёр следует размещать внутри закрытого помещения, которое он будет обогревать.</Campfire.description>
  
  <!-- EN: cooler -->
  <Cooler.label>кондиционер</Cooler.label>
  <!-- EN: An air-cooling machine that fits into a wall. Cool air comes out one side, while hot exhaust comes out the other. Can be used to cool down rooms during summer, or to create a walk-in freezer. -->
  <Cooler.description>Электрическое устройство, которое встраивается в стену и охлаждает помещение. Его задняя стенка сильно нагревается. Может использоваться для охлаждения помещения летом или для устройства морозильной камеры.</Cooler.description>
  
  <!-- EN: heater -->
  <Heater.label>обогреватель</Heater.label>
  <!-- EN: A device that converts electricity into heat. It can automatically turn itself on or off to reach a specific target temperature. -->
  <Heater.description>Электрическое устройство, которое преобразует электричество в тепло. Может автоматически включаться и отключаться при достижении заданной температуры.</Heater.description>
  
  <!-- EN: passive cooler -->
  <PassiveCooler.label>испарительный охладитель</PassiveCooler.label>
  <!-- EN: A traditional unpowered cooler that works by water evaporation. Must be regularly replenished with wood. Not efficient enough to refrigerate food. -->
  <PassiveCooler.description>Традиционная система охлаждения, не требующая электричества, работающая за счёт испарения воды. Требует периодического обслуживания. Не годится для заморозки продуктов.</PassiveCooler.description>
  
  <!-- EN: vent -->
  <Vent.label>вентиляция</Vent.label>
  <!-- EN: A vent for equalizing the temperature between two rooms without allowing people to walk between them. -->
  <Vent.description>Обычные вентиляционные трубы, которые позволяют воздуху циркулировать между двумя соседними помещениями.</Vent.description>
  
</LanguageData>