﻿<?xml version="1.0" encoding="UTF-8"?>
<LanguageData>
  
  <!-- EN: collapsed rocks -->
  <CollapsedRocks.label>обрушившиеся породы</CollapsedRocks.label>
  <!-- EN: Collapsed rocks, packed tightly enough to hold up a roof. -->
  <CollapsedRocks.description>Рухнувшая порода, ставшая достаточно плотной, чтобы поддерживать крышу.</CollapsedRocks.description>
  
  <!-- EN: glow pod -->
  <GlowPod.label>светящийся кокон</GlowPod.label>
  <!-- EN: A bioluminescent pod produced by giant insects. Glows under its own light for a long time, then dies. -->
  <GlowPod.description>Биолюминесцентный кокон, оставленный гигантскими насекомыми. Сияет в течение длительного времени, а затем умирает.</GlowPod.description>
  
  <!-- EN: hive -->
  <Hive.label>улей</Hive.label>
  <!-- EN: A hive of giant insects. If activated, it will spawn additional insects and hives over time, as well as valuable insect jelly. -->
  <Hive.description>Улей гигантских насекомых. В активном состоянии будет плодить как насекомых и новые ульи, так и ценное желе.</Hive.description>
  
  <!-- EN: compacted machinery -->
  <MineableComponentsIndustrial.label>залежи деталей</MineableComponentsIndustrial.label>
  <!-- EN: Ancient machinery, compacted over time. Can be mined for useful components. -->
  <MineableComponentsIndustrial.description>Остатки древних механизмов, уплотнившиеся со временем. Могут быть разработаны для добычи пригодных к использованию компонентов.</MineableComponentsIndustrial.description>
  
  <!-- EN: gold ore -->
  <MineableGold.label>золотая руда</MineableGold.label>
  <!-- EN: Rock containing bits of gold. -->
  <MineableGold.description>Порода, содержащая крупицы золота.</MineableGold.description>
  
  <!-- EN: jade -->
  <MineableJade.label>нефрит</MineableJade.label>
  <!-- EN: Rock containing bits of jade. -->
  <MineableJade.description>Каменистая порода с вкраплениями нефрита.</MineableJade.description>
  
  <!-- EN: compacted plasteel -->
  <MineablePlasteel.label>залежи пластали</MineablePlasteel.label>
  <!-- EN: Ancient compacted rubble rich in plasteel. -->
  <MineablePlasteel.description>Древние залежи, богатые пласталевым ломом.</MineablePlasteel.description>
  
  <!-- EN: silver ore -->
  <MineableSilver.label>серебряная руда</MineableSilver.label>
  <!-- EN: Rock containing bits of silver. -->
  <MineableSilver.description>Порода, содержащая крупицы серебра.</MineableSilver.description>
  
  <!-- EN: compacted steel -->
  <MineableSteel.label>залежи стали</MineableSteel.label>
  <!-- EN: The remains of some ancient, collapsed structure. Rich in steel. -->
  <MineableSteel.description>Остатки древнего, обрушившегося строения. Богаты стальным ломом.</MineableSteel.description>
  
  <!-- EN: uranium ore -->
  <MineableUranium.label>залежи урана</MineableUranium.label>
  <!-- EN: Rock containing bits of uranium. -->
  <MineableUranium.description>Порода, содержащая крупицы урана.</MineableUranium.description>
  
  <!-- EN: raised rocks -->
  <RaisedRocks.label>стена из недр</RaisedRocks.label>
  <!-- EN: A fragile wall made of rubble. It will collapse in time. -->
  <RaisedRocks.description>Хрупкая стена из камня и булыжника. Со временем она разрушится.</RaisedRocks.description>
  
  <!-- EN: steam geyser -->
  <SteamGeyser.label>паровой гейзер</SteamGeyser.label>
  <!-- EN: A natural source of high-pressure steam. Geothermal generators can harness the steam power. Rooms built over this will rapidly cook. -->
  <SteamGeyser.description>Природный источник, выбрасывающий фонтаны пара под давлением. Эту энергию можно преобразовать в электрическую при помощи геотермального генератора. Помещения, построенные поверх гейзера, очень быстро нагреваются.</SteamGeyser.description>
  
</LanguageData>