﻿<?xml version="1.0" encoding="UTF-8"?>
<LanguageData>
  
  <!-- EN: ancient cryptosleep casket -->
  <AncientCryptosleepCasket.label>древний саркофаг криптосна</AncientCryptosleepCasket.label>
  <!-- EN: This cryptosleep casket looks like it has been here for a very long time. Who knows what it might contain? -->
  <AncientCryptosleepCasket.description>Этот саркофаг криптосна выглядит так, будто он пробыл здесь уже очень долгое время. Кто знает, что может быть внутри?</AncientCryptosleepCasket.description>
  
  <!-- EN: caravan packing spot -->
  <CaravanPackingSpot.label>место сбора каравана</CaravanPackingSpot.label>
  <!-- EN: Designates a spot for forming caravans. Put this near your stockpiles to speed up the caravan loading process. -->
  <CaravanPackingSpot.description>Назначает место, где будут снаряжаться караваны. Для ускорения сборов имеет смысл указать место недалеко от склада.</CaravanPackingSpot.description>
  
  <!-- EN: comms console -->
  <CommsConsole.label>консоль связи</CommsConsole.label>
  <!-- EN: Allows radio contact with other factions and orbital traders. -->
  <CommsConsole.description>Позволяет установить радиосвязь с ближайшими кораблями и поселениями для переговоров и торговли.</CommsConsole.description>
  
  <!-- EN: cryptosleep casket -->
  <CryptosleepCasket.label>саркофаг криптосна</CryptosleepCasket.label>
  <!-- EN: A self-powered sarcophagus designed to keep a person in a state of suspended animation for many years. -->
  <CryptosleepCasket.description>Автономная капсула, разработанная, чтобы поддерживать человека в состоянии анабиоза в течение многих лет.</CryptosleepCasket.description>
  
  <!-- EN: firefoam popper -->
  <FirefoamPopper.label>хлопушка с пожарной пеной</FirefoamPopper.label>
  <!-- EN: When it detects fire, this safety device pops and sprays a fire-retardant foam in a circular field around itself. Can also be triggered manually. -->
  <FirefoamPopper.description>При взаимодействии с огнём или ручной активации взрывается и разбрасывает в определённом радиусе вокруг себя пожарную пену.</FirefoamPopper.description>
  <!-- EN: Trigger firefoam popper -->
  <FirefoamPopper.comps.CompUsable.useLabel>Привести в действие пожарную хлопушку</FirefoamPopper.comps.CompUsable.useLabel>
  
  <!-- EN: grave -->
  <Grave.label>могила</Grave.label>
  <!-- EN: A decent final resting place. Colonists will visit full graves to gain meditative joy. -->
  <Grave.description>Хорошее место для последнего пристанища. Поселенцы будут иногда посещать могилы, чтобы почтить память усопших.</Grave.description>
  
  <!-- EN: ground-penetrating scanner -->
  <GroundPenetratingScanner.label>глубинный сканер</GroundPenetratingScanner.label>
  <!-- EN: A sensor unit used by researchers to search for buried resources. The chance to find a resource depends on the operator's research ability. It consumes a lot of electricity. If you find a buried resource, you'll need to use deep drills to extract it. It doesn't work under a roof. -->
  <GroundPenetratingScanner.description>Сенсорная установка, используемая геологами для поиска месторождений полезных ископаемых. Эффективность поиска зависит от исследовательских способностей оператора. Найденные ресурсы можно извлечь при помощи буровых установок. Глубинный сканер потребляет много электроэнергии и не работает под крышей.</GroundPenetratingScanner.description>
  
  <!-- EN: long-range mineral scanner -->
  <LongRangeMineralScanner.label>сканер минералов дальнего действия</LongRangeMineralScanner.label>
  <!-- EN: A lateral sensor unit used by researchers to detect a specific type of mineral across the planet. The chance to find a resource depends on the operator's research ability. This sensor can be tuned to target a specific resource type. It consumes a lot of electricity. If you find a resource, you'll need to travel to collect it. -->
  <LongRangeMineralScanner.description>Латеральный сенсор, позволяющий учёным обнаруживать скопления минералов по всей планете. Эффективность поиска зависит от исследовательских способностей оператора. Этот сенсор можно настроить на поиск конкретного ресурса. Для добычи найденного ресурса потребуется снарядить экспедицию. Сканер потребляет много электроэнергии.</LongRangeMineralScanner.description>
  
  <!-- EN: marriage spot -->
  <MarriageSpot.label>место проведения свадеб</MarriageSpot.label>
  <!-- EN: Designates a spot where marriage ceremonies will take place. Spectators can watch from either side. -->
  <MarriageSpot.description>Назначает место для проведения свадебных церемоний. Зрители могут смотреть с любой стороны.</MarriageSpot.description>
  
  <!-- EN: moisture pump -->
  <MoisturePump.label>водяная помпа</MoisturePump.label>
  <!-- EN: Very slowly equalizes moisture in nearby terrain, converting marshes or shallow water into dry ground, and soft sand into normal sand. Does not affect deep water. -->
  <MoisturePump.description>Очень медленно удаляет влагу из близлежащей местности, превращая болота или неглубокие водоёмы в сухую землю, а мягкий песок — в обычный. Не влияет на глубокие водоёмы.</MoisturePump.description>
  
  <!-- EN: multi-analyzer -->
  <MultiAnalyzer.label>мультианализатор</MultiAnalyzer.label>
  <!-- EN: Increases research speed when placed near hi-tech research bench and unlocks new research projects. Each research bench can only use one multi-analyzer. -->
  <MultiAnalyzer.description>Ускоряет изучение технологий. Должен быть размещён рядом со столом для исследований. Один стол может быть соединён только с одним мультианализатором.</MultiAnalyzer.description>
  
  <!-- EN: orbital trade beacon -->
  <OrbitalTradeBeacon.label>торговый маяк</OrbitalTradeBeacon.label>
  <!-- EN: Required for orbital trading. You can only sell goods to orbital traders if they're near an orbital trade beacon. Can be placed indoors. -->
  <OrbitalTradeBeacon.description>Нужен для орбитальной торговли. Вы можете продавать только те вещи, которые находятся в радиусе действия маяка. Может быть установлен внутри помещения.</OrbitalTradeBeacon.description>
  
  <!-- EN: party spot -->
  <PartySpot.label>место проведения вечеринок</PartySpot.label>
  <!-- EN: Designates a spot for throwing parties. -->
  <PartySpot.description>Назначает место, рядом с которым будут проходить вечеринки.</PartySpot.description>
  
  <!-- EN: pod launcher -->
  <PodLauncher.label>пусковая установка для капсул</PodLauncher.label>
  <!-- EN: A fueling port for launching one transport pod. Pod launchers can launch as a group - but the launchers must be placed adjacent to each other. -->
  <PodLauncher.description>Устройство для подачи топлива и запуска транспортной капсулы. Можно активировать несколько пусковых установок одновременно, для этого они должны быть установлены вплотную друг к другу.</PodLauncher.description>
  
  <!-- EN: sarcophagus -->
  <Sarcophagus.label>саркофаг</Sarcophagus.label>
  <!-- EN: An ornamented burial receptacle for the honored dead. -->
  <Sarcophagus.description>Украшенное орнаментами вместилище для почётных усопших.</Sarcophagus.description>
  
  <!-- EN: grand stele -->
  <SteleGrand.label>великая стела</SteleGrand.label>
  <!-- EN: A towering slab with extensive engravings on the sides. Steles have been used since ancient times to memorialize individuals, battles, and other important events. -->
  <SteleGrand.description>Возвышающаяся плита, богато украшенная гравировкой. Стелы устанавливали с древних времён в память о великих людях, сражениях и других важных событиях.</SteleGrand.description>
  
  <!-- EN: large stele -->
  <SteleLarge.label>большая стела</SteleLarge.label>
  <!-- EN: A tall, thick slab with engravings on the sides. Steles have been used since ancient times to memorialize individuals, battles, and other important events. -->
  <SteleLarge.description>Высокая толстая плита, украшенная гравировкой. Стелы устанавливали с древних времён в память о великих людях, сражениях и других важных событиях.</SteleLarge.description>
  
  <!-- EN: tool cabinet -->
  <ToolCabinet.label>шкаф для инструментов</ToolCabinet.label>
  <!-- EN: Increases work speed when placed near a workbench. One workbench use to up to two tool cabinets. -->
  <ToolCabinet.description>Увеличивает скорость работы. Должен быть размещён неподалёку от верстака. К одному верстаку могут быть одновременно привязаны не более двух шкафов для инструментов.</ToolCabinet.description>
  
  <!-- EN: transport pod -->
  <TransportPod.label>транспортная капсула</TransportPod.label>
  <!-- EN: A launchable sub-orbital cargo pod capable of carrying people, items, or animals. Can be used for sending gifts, transporting people or supplies, surprise attacks, or reinforcing battles. -->
  <TransportPod.description>Капсула для суборбитального полёта. Помимо переброски грузов, животных или людей, может быть использована для внезапных атак или подкрепления в битве.</TransportPod.description>
  
  <!-- EN: vitals monitor -->
  <VitalsMonitor.label>монитор жизненных показателей</VitalsMonitor.label>
  <!-- EN: Increases medical tend quality, surgery success chance, and immunity gain speed when placed directly adjacent to a hospital bed. Only works for hospital beds - normal beds will not benefit. Attaching more than one vitals monitor to the same bed will have no effect. -->
  <VitalsMonitor.description>Улучшает качество лечения, повышает вероятность успешной операции и скорость иммунизации. Должен быть размещён рядом с больничной кроватью. Одна кровать может быть подключена только к одному монитору.</VitalsMonitor.description>
  
</LanguageData>