﻿<?xml version="1.0" encoding="UTF-8"?>
<LanguageData>
  
  <!-- EN: infinite chemreactor -->
  <InfiniteChemreactor.label>синтезатор химтоплива</InfiniteChemreactor.label>
  <!-- EN: Slowly generates chemfuel by a complex series of chemical reactions, using atoms extracted from the air. -->
  <InfiniteChemreactor.description>Медленно производит химическое топливо посредством сложной цепочки реакций, извлекая необходимые вещества из окружающего воздуха.</InfiniteChemreactor.description>
  
  <!-- EN: psychic emanator -->
  <PsychicEmanator.label>пси-излучатель</PsychicEmanator.label>
  <!-- EN: An ancient device that projects a soothing psychic field around itself. This improves the mood of anyone nearby. Works through walls. -->
  <PsychicEmanator.description>Древнее устройство, проецирующее вокруг себя психоактивное поле, которое успокаивающе действует на находящихся поблизости. Работает сквозь стены.</PsychicEmanator.description>
  
  <!-- EN: vanometric power cell -->
  <VanometricPowerCell.label>ванометрический генератор</VanometricPowerCell.label>
  <!-- EN: Generates free energy, forever, without using fuel. This technology is developed by archotechs, and is beyond even most glitterworld societies. While nobody knows exactly how it works, scholars believe it somehow extracts energy directly from fluctuations in the quantum foam. -->
  <VanometricPowerCell.description>Продуцирует электроэнергию, вечно, без использования топлива. Эта технология доступна только архотекам, и люди даже в самых утопических мирах не смогли разработать ничего подобного. Никому доподлинно не известен принцип работы этих генераторов. Некоторые учёные полагают, что они каким-то образом извлекают энергию напрямую из флуктуаций квантовой пены.</VanometricPowerCell.description>
  
</LanguageData>