﻿<?xml version="1.0" encoding="UTF-8"?>
<LanguageData>
  
  <!-- EN: grand sculpture -->
  <SculptureGrand.label>огромная скульптура</SculptureGrand.label>
  <!-- EN: A huge sculpture sized to dominate a room. -->
  <SculptureGrand.description>Гигантская скульптура, созданная, чтобы занимать центральное место в любом интерьере.</SculptureGrand.description>
  
  <!-- EN: large sculpture -->
  <SculptureLarge.label>большая скульптура</SculptureLarge.label>
  <!-- EN: A person-sized piece of material sculpted into an artistic form. -->
  <SculptureLarge.description>Кусок материала размером в человеческий рост, которому придали художественную форму.</SculptureLarge.description>
  
  <!-- EN: small sculpture -->
  <SculptureSmall.label>малая скульптура</SculptureSmall.label>
  <!-- EN: A torso-sized piece of material sculpted into an artistic form. -->
  <SculptureSmall.description>Кусок материала размером с туловище человека, которому придали художественную форму.</SculptureSmall.description>
  
  <!-- EN: snowman -->
  <Snowman.label>снеговик</Snowman.label>
  <!-- EN: A set of large snowballs piled and shaped to resemble a person. People make these for the fun of it. -->
  <Snowman.description>Снежные шары, сложенные в виде человеческой фигуры. Лепить снеговиков — весело!</Snowman.description>
  
</LanguageData>