﻿<?xml version="1.0" encoding="UTF-8"?>
<LanguageData>
  
  <!-- EN: ship structural beam -->
  <Ship_Beam.label>корабельная балка</Ship_Beam.label>
  <!-- EN: A structural beam around which a starship can be constructed. Includes all the necessary conduits and transit pipes for communications, power, and materials transport. -->
  <Ship_Beam.description>Строительная балка, вокруг которой может быть построено судно. Оснащена всеми необходимыми кабелями и трубами для передачи энергии и топлива.</Ship_Beam.description>
  
  <!-- EN: ship computer core -->
  <Ship_ComputerCore.label>корабельный компьютер</Ship_ComputerCore.label>
  <!-- EN: A computer core housing a machine persona who can guide a starship through any challenge during a multi-decade starflight. -->
  <Ship_ComputerCore.description>Компьютерное ядро, содержащее ИИ-персону, которая может вести корабль через все опасности многолетнего космического полёта.</Ship_ComputerCore.description>
  
  <!-- EN: ship cryptosleep casket -->
  <Ship_CryptosleepCasket.label>вакуумный саркофаг криптосна</Ship_CryptosleepCasket.label>
  <!-- EN: A cryptosleep casket hardened against the dangers of space. Capable of maintaining a person in cryptosleep for centuries and surviving atmospheric re-entry. -->
  <Ship_CryptosleepCasket.description>Особо прочный саркофаг криптосна, защищённый от опасностей космоса. Способен веками поддерживать человека в состоянии анабиоза, а также сохранять свою целостность при входе в атмосферу.</Ship_CryptosleepCasket.description>
  
  <!-- EN: ship engine -->
  <Ship_Engine.label>корабельный двигатель</Ship_Engine.label>
  <!-- EN: A reactionless Johnson-Tanaka drive capable of launching a ship into orbit, and crawling across the vast expanses between stars. -->
  <Ship_Engine.description>Двигатель Джонсона-Танака. Функционирует без рабочего тела, используя энергию антиматерии, благодаря чему подходит как для вывода на орбиту, так и для длительных межзвёздных перелётов.</Ship_Engine.description>
  
  <!-- EN: ship reactor -->
  <Ship_Reactor.label>корабельный реактор</Ship_Reactor.label>
  <!-- EN: Powers a ship on its journey between stars. Takeoff requires a long powerup process that is likely to attract raiders. -->
  <Ship_Reactor.description>Питает корабль на протяжении всего путешествия в космосе. Подготовка реактора ко взлёту корабля занимает длительное время, а сопутствующие всплески энергии демаскируют местоположение корабля.</Ship_Reactor.description>
  
  <!-- EN: sensor cluster -->
  <Ship_SensorCluster.label>сенсорный кластер</Ship_SensorCluster.label>
  <!-- EN: A multi-function sensor module. Can scan and signal across the void for communications, threat detection, deception, jamming, and other purposes. -->
  <Ship_SensorCluster.description>Сенсоры дальнего радиуса действия позволяют отправлять сигналы и сканировать космическое пространство. Незаменимы для обнаружения угроз, маскировки, глушения и других целей.</Ship_SensorCluster.description>
  
</LanguageData>