﻿<?xml version="1.0" encoding="UTF-8"?>
<LanguageData>
  
  <!-- EN: battery -->
  <Battery.label>аккумулятор</Battery.label>
  <!-- EN: Stores electricity for later use. Charged batteries explode when exposed to rain or fire. -->
  <Battery.description>Сохраняет энергию при её избытке и отдаёт при нехватке. Внимание: заряженные аккумуляторы имеют тенденцию взрываться при нагреве или попадании влаги!</Battery.description>
  
  <!-- EN: chemfuel powered generator -->
  <ChemfuelPoweredGenerator.label>генератор на химтопливе</ChemfuelPoweredGenerator.label>
  <!-- EN: Produces power by consuming chemfuel. Must be periodically refueled by hand. -->
  <ChemfuelPoweredGenerator.description>Производит электричество, потребляя химическое топливо. Необходимо заправлять вручную.</ChemfuelPoweredGenerator.description>
  
  <!-- EN: geothermal generator -->
  <GeothermalGenerator.label>геотермальный генератор</GeothermalGenerator.label>
  <!-- EN: Produces electricity from geothermal steam geysers. Must be placed on a steam geyser. -->
  <GeothermalGenerator.description>Вырабатывает энергию из паровых гейзеров. Должен быть размещён на гейзере.</GeothermalGenerator.description>
  
  <!-- EN: power conduit -->
  <PowerConduit.label>кабель</PowerConduit.label>
  <!-- EN: A bundle of electrical cables for moving power around. Can be placed under walls and other buildings. -->
  <PowerConduit.description>Провод для передачи электроэнергии. Может быть размещён под стенами и другими постройками.</PowerConduit.description>
  
  <!-- EN: power switch -->
  <PowerSwitch.label>выключатель</PowerSwitch.label>
  <!-- EN: Switches power on/off. -->
  <PowerSwitch.description>Включает и выключает электропитание.</PowerSwitch.description>
  
  <!-- EN: solar generator -->
  <SolarGenerator.label>солнечная батарея</SolarGenerator.label>
  <!-- EN: Produces electricity from sunlight. Does not work in the dark or under artificial light. -->
  <SolarGenerator.description>Преобразует солнечную энергию в электрический ток. Не работает в темноте и от искусственного освещения.</SolarGenerator.description>
  
  <!-- EN: watermill generator -->
  <WatermillGenerator.label>водяной генератор</WatermillGenerator.label>
  <!-- EN: Produces electricity from a river. Must be placed with its wheel in moving water. If watermills are placed too close together, the turbulence they generate will interfere and reduce power generation. -->
  <WatermillGenerator.description>Преобразует энергию течения воды в электрический ток. Следует размещать так, чтобы колесо находилось в водном потоке. Если колёса генераторов разместить слишком близко друг к другу, производимые ими завихрения в водном потоке наложатся друг на друга и снизят общую выработку энергии.</WatermillGenerator.description>
  
  <!-- EN: waterproof conduit -->
  <WaterproofConduit.label>подводный кабель</WaterproofConduit.label>
  <!-- EN: Insulated electrical cables for transmitting power under shallow water. -->
  <WaterproofConduit.description>Провод с водостойкой изоляцией для передачи электроэнергии по дну мелких водоёмов.</WaterproofConduit.description>
  
  <!-- EN: wind turbine -->
  <WindTurbine.label>ветрогенератор</WindTurbine.label>
  <!-- EN: A wind-powered electrical generator. Requires a large clear space in front and behind for optimal air flow. -->
  <WindTurbine.description>Устройство, превращающее силу ветра в электроэнергию. Требует открытое пространство перед и за ним для оптимального потока воздуха.</WindTurbine.description>
  
  <!-- EN: wood-fired generator -->
  <WoodFiredGenerator.label>генератор на дровах</WoodFiredGenerator.label>
  <!-- EN: Produces power by consuming wood. Must be periodically loaded with wood fuel by hand. -->
  <WoodFiredGenerator.description>Производит электричество, потребляя в качестве топлива древесину. Необходимо заправлять вручную.</WoodFiredGenerator.description>
  
</LanguageData>