﻿<?xml version="1.0" encoding="UTF-8"?>
<LanguageData>
  
  <!-- EN: ship part (defoliator) -->
  <DefoliatorShipPart.label>дефолиатор с корабля</DefoliatorShipPart.label>
  <!-- EN: An ancient ship part, torn off of a craft of unknown origin. It might be thousands of years old.\n\nThis one contains a device which annihilates plant life near itself without directly affecting flesh creatures. These kinds of weapons are sometimes scattered across farmlands or forests to remove the enemy's food supply and hiding places without permanently ruining the territory. They're usually associated with orbital-drop mechanoid armies. -->
  <DefoliatorShipPart.description>Древний обломок корабля неизвестного происхождения. Ему может быть более тысячи лет.\n\nДанный обломок содержит устройство, которое уничтожает все растения вокруг себя, не оказывая воздействия на других существ. Подобное оружие иногда распыляли по лесам и фермам для уничтожения запасов еды противника без разрушения ландшафта. Его использование характерно для армий механоидов, десантирующихся с орбиты.</DefoliatorShipPart.description>
  
  <!-- EN: ship part (psychic droner) -->
  <PsychicDronerShipPart.label>обломок пси-корабля</PsychicDronerShipPart.label>
  <!-- EN: An ancient ship part, torn off of a craft of unknown origin. It might be thousands of years old.\n\nThis one contains a psychic disturbance device. Using incomprehensible archotechnologies, it generates a psychic signal that drives people and animals mad within a wide radius around itself. -->
  <PsychicDronerShipPart.description>Древний обломок корабля неизвестного происхождения. Ему может быть более тысячи лет.\n\nДанный обломок содержит устройство психического воздействия. Используя непостижимые архотехнологии, оно генерирует психоактивный сигнал, который сводит с ума людей и животных в большом радиусе вокруг себя.</PsychicDronerShipPart.description>
  
  <!-- EN: ship chunk -->
  <ShipChunk.label>обломок корабля</ShipChunk.label>
  <!-- EN: A chunk of a spacecraft. Can be deconstructed to yield useful resources. -->
  <ShipChunk.description>Обломок космического корабля. Его можно разобрать для получения ценных ресурсов.</ShipChunk.description>
  
</LanguageData>