﻿<?xml version="1.0" encoding="UTF-8"?>
<LanguageData>
  
  <!-- EN: billiards table -->
  <BilliardsTable.label>бильярдный стол</BilliardsTable.label>
  <!-- EN: A soft-topped bounded table for playing a variety of billiards-type games. It trains shooting ability. -->
  <BilliardsTable.description>Стол, покрытый бархатным сукном, предназначенный для игры в различные виды бильярда. Тренирует меткость.</BilliardsTable.description>
  
  <!-- EN: chess table -->
  <ChessTable.label>шахматный стол</ChessTable.label>
  <!-- EN: The ancient game of kings. Fun for a few hours here and there, even playing alone. It trains intellectual skills. -->
  <ChessTable.description>Древняя настольная игра. Игроки по очереди ходят чёрными и белыми фигурами по определённым правилам. Тренирует интеллект. Можно практиковаться в одиночку.</ChessTable.description>
  
  <!-- EN: flatscreen television -->
  <FlatscreenTelevision.label>плазменный телевизор</FlatscreenTelevision.label>
  <!-- EN: A high-tech flat-screen television with crystal-clear image and rich color. Picks up transmissions from ancient satellites and ubiquitous data cards. -->
  <FlatscreenTelevision.description>Высокотехнологичный плоский телевизор с кристально чистым изображением и насыщенными цветами. Принимает сигнал от древних спутников и позволяет читать распространённые форматы карт памяти.</FlatscreenTelevision.description>
  
  <!-- EN: Game-of-Ur board -->
  <GameOfUrBoard.label>поле для игры Ур</GameOfUrBoard.label>
  <!-- EN: Dating from 2500BC, this exciting yet infuriating board game can be played by one or two people. It trains intellectual skills. -->
  <GameOfUrBoard.description>Эта затягивающая азартная настольная игра известна с 2500 года до н.э. В неё можно играть как в одиночку, так и вдвоём. Тренирует интеллект.</GameOfUrBoard.description>
  
  <!-- EN: hoopstone ring -->
  <HoopstoneRing.label>кольцо для бросания камней</HoopstoneRing.label>
  <!-- EN: A simple ancient game played with stones and a large ring in the ground. Players try to toss stones through the ring from a distance. It's relaxing, and trains shooting skills. -->
  <HoopstoneRing.description>Простая старинная игра. На земле располагается большое кольцо. Играющие бросают камни с расстояния, пытаясь в него попасть. Это расслабляет, а также тренирует меткость.</HoopstoneRing.description>
  
  <!-- EN: horseshoes pin -->
  <HorseshoesPin.label>колышек для метания подковы</HorseshoesPin.label>
  <!-- EN: A simple ancient game played with a horseshoes and a large pin in the ground. Players toss horseshoes to try to get them to land on the pin. It's relaxing, and trains shooting skills. -->
  <HorseshoesPin.description>Простая старинная игра с подковами и вбитым в землю колышком. Игроки кидают подковы с расстояния и пытаются добросить их до колышка или набросить подкову на него. Это расслабляет, а также тренирует координацию и меткость.</HorseshoesPin.description>
  
  <!-- EN: megascreen television -->
  <MegascreenTelevision.label>ультрателевизор</MegascreenTelevision.label>
  <!-- EN: A huge, high-tech television. Gigantic, hyper-vibrant images almost leap out of the screen. Very entertaining. Picks up transmissions from ancient satellites and ubiquitous data cards. -->
  <MegascreenTelevision.description>Высокотехнологичный телевизор с огромным экраном. Гигантские ожившие образы буквально выпрыгивают из экрана. Крайне занимательно. Принимает сигнал от древних спутников и позволяет читать распространённые форматы карт памяти.</MegascreenTelevision.description>
  
  <!-- EN: poker table -->
  <PokerTable.label>стол для покера</PokerTable.label>
  <!-- EN: A table designed for playing gambling card games like poker. A great way to test your strategic skills and a bit of luck. -->
  <PokerTable.description>Стол для азартных карточных игр, таких как покер. Хороший способ испытать своё стратегическое мышление и удачу.</PokerTable.description>
  
  <!-- EN: telescope -->
  <Telescope.label>телескоп</Telescope.label>
  <!-- EN: A telescope for doing amateur astronomy. It's a relaxing hobby for a certain kind of person. Can only be used outdoors. -->
  <Telescope.description>Телескоп для любителей астрономии. Некоторым людям это хобби доставляет особенное удовольствие. Можно использовать только на улице.</Telescope.description>
  
  <!-- EN: tube television -->
  <TubeTelevision.label>ЭЛТ телевизор</TubeTelevision.label>
  <!-- EN: A cathode ray tube display for showing moving pictures with sound. Even on the rimworlds, there is often an old transmitter running something at least marginally interesting. -->
  <TubeTelevision.description>Устройство с электронно-лучевой трубкой и экраном, принимающее телевизионный сигнал и преобразующее его в видео со звуком. Даже на окраинных мирах часто имеется старый передатчик, вещающий что-то хоть как-то интересное.</TubeTelevision.description>
  
</LanguageData>