﻿<?xml version="1.0" encoding="UTF-8"?>
<LanguageData>
  
  <!-- EN: ancient concrete barrier -->
  <AncientConcreteBarrier.label>древнее бетонное ограждение</AncientConcreteBarrier.label>
  <!-- EN: A traffic management solution from long ago. -->
  <AncientConcreteBarrier.description>Средство безопасности дорожного движения, сохранившееся с древних времён.</AncientConcreteBarrier.description>
  
  <!-- EN: ancient lamppost -->
  <AncientLamppost.label>древний фонарный столб</AncientLamppost.label>
  <!-- EN: Road lighting from long ago. No longer functional. -->
  <AncientLamppost.description>Древний фонарь дорожного освещения. В нерабочем состоянии.</AncientLamppost.description>
  
  <!-- EN: urn -->
  <Urn.label>урна</Urn.label>
  <!-- EN: An ancient-style decorative container. -->
  <Urn.description>Декоративный сосуд, выполненный в старинном стиле.</Urn.description>
  
</LanguageData>