﻿<?xml version="1.0" encoding="UTF-8"?>
<LanguageData>
  
  <!-- EN: Mote -->
  <Mote_LongSparkThrown.label>частица</Mote_LongSparkThrown.label>
  
  <!-- EN: Mote -->
  <Mote_SparkThrownFast.label>частица</Mote_SparkThrownFast.label>
  
  <!-- EN: Mote -->
  <Mote_SparkThrownFastBlue.label>частица</Mote_SparkThrownFastBlue.label>
  
  <!-- EN: Mote -->
  <Mote_Splash.label>частица</Mote_Splash.label>
  
  <!-- EN: Mote -->
  <Mote_ToxicDamage.label>частица</Mote_ToxicDamage.label>
  
</LanguageData>