﻿<?xml version="1.0" encoding="UTF-8"?>
<LanguageData>
  
  <!-- EN: crashed ship part (incoming) -->
  <CrashedShipPartIncoming.label>часть корабля (падает)</CrashedShipPartIncoming.label>
  
  <!-- EN: drop pod (incoming) -->
  <DropPodIncoming.label>транспортная капсула (падает)</DropPodIncoming.label>
  
  <!-- EN: drop pod (leaving) -->
  <DropPodLeaving.label>транспортная капсула (улетает)</DropPodLeaving.label>
  
  <!-- EN: meteorite (incoming) -->
  <MeteoriteIncoming.label>метеорит (падает)</MeteoriteIncoming.label>
  
  <!-- EN: ship chunk (incoming) -->
  <ShipChunkIncoming.label>обломок корабля (падает)</ShipChunkIncoming.label>
  
</LanguageData>