﻿<?xml version="1.0" encoding="UTF-8"?>
<LanguageData>
  
  <!-- EN: blight -->
  <Blight.label>болезнь растений</Blight.label>
  
  <!-- EN: explosion -->
  <Explosion.label>взрыв</Explosion.label>
  
  <!-- EN: rect trigger -->
  <RectTrigger.label>прямоугольный триггер</RectTrigger.label>
  
  <!-- EN: tornado -->
  <Tornado.label>смерч</Tornado.label>
  
  <!-- EN: trigger unfogged -->
  <TriggerUnfogged.label>триггер выхода из тумана войны</TriggerUnfogged.label>
  
  <!-- EN: tunnel -->
  <TunnelHiveSpawner.label>спавнер подземного улья</TunnelHiveSpawner.label>
  
</LanguageData>