﻿<?xml version="1.0" encoding="UTF-8"?>
<LanguageData>
  
  <!-- EN: go-juice -->
  <GoJuice.label>Go-сок</GoJuice.label>
  <!-- EN: A synthetic performance-enhancing drug developed for space marines during the early days of interplanetary warfare. Go-juice blocks pain, increases movement speed, and improves the user's melee and shooting abilities. For psycasters, the drug also instantly increases psyfocus without meditation.\n\nThe military chemists who created it were never able to remove its addictiveness. Some saw this as a downside; others saw it as a benefit. -->
  <GoJuice.description>Синтетический боевой стимулятор, разработанный для космодесантников в ранний период межпланетных войн. Go-сок блокирует боль и улучшает способности к ближнему и дальнему бою, а также позволяет быстрее двигаться. У псиоников этот препарат мгновенно повышает уровень пси-фокусировки без медитации.\n\nВоенные химики, создавшие этот препарат, так и не смогли избавиться от вызываемого им эффекта зависимости. Кому-то это кажется недостатком, другие же видят в этом выгоду.</GoJuice.description>
  <!-- EN: Inject {0} -->
  <GoJuice.ingestible.ingestCommandString>Ввести {0}</GoJuice.ingestible.ingestCommandString>
  <!-- EN: Injecting {0}. -->
  <GoJuice.ingestible.ingestReportString>Вводит {0}</GoJuice.ingestible.ingestReportString>
  
</LanguageData>