﻿<?xml version="1.0" encoding="UTF-8"?>
<LanguageData>
  
  <!-- EN: heart -->
  <Heart.label>сердце</Heart.label>
  <!-- EN: A biological human heart. Pumps blood around the body. -->
  <Heart.description>Человеческое сердце. Доставляет кровь и кислород ко всем частям тела.</Heart.description>
  
  <!-- EN: kidney -->
  <Kidney.label>почка</Kidney.label>
  <!-- EN: A biological human kidney. Filters and removes waste products from the blood. -->
  <Kidney.description>Человеческая почка. Отфильтровывает и удаляет отходы метаболизма из крови.</Kidney.description>
  
  <!-- EN: liver -->
  <Liver.label>печень</Liver.label>
  <!-- EN: A biological human liver. Plays an important role in metabolism. -->
  <Liver.description>Человеческая печень. Играет важную роль в обмене веществ.</Liver.description>
  
  <!-- EN: lung -->
  <Lung.label>лёгкое</Lung.label>
  <!-- EN: A biological human lung. A pair of these form the core of the human respiratory system. -->
  <Lung.description>Человеческое лёгкое. Незаменимая часть дыхательной системы.</Lung.description>
  
</LanguageData>