﻿<?xml version="1.0" encoding="UTF-8"?>
<LanguageData>
  
  <!-- EN: psychic animal pulser -->
  <PsychicAnimalPulser.label>генератор пси-импульса (животные)</PsychicAnimalPulser.label>
  <!-- EN: A one-use broad-wave psychic effector. The psychic pulse fills lower minds with terrifying imagery, driving all animals in the region into a manhunting rage. Animals currently under your control will not be affected. -->
  <PsychicAnimalPulser.description>Одноразовый широковолновой генератор пси-импульса. Импульс не действует на людей, но вызывает у всех находящихся в регионе животных пугающие галлюцинации, из-за чего те становятся агрессивными. Ваших животных это не затронет.</PsychicAnimalPulser.description>
  <!-- EN: Activate -->
  <PsychicAnimalPulser.comps.CompUsable.useLabel>Активировать</PsychicAnimalPulser.comps.CompUsable.useLabel>
  
  <!-- EN: psychic soothe pulser -->
  <PsychicSoothePulser.label>генератор успокаивающего пси-импульса</PsychicSoothePulser.label>
  <!-- EN: A one-use broad-wave psychic effector. The psychic pulse induces self-satisfying perceptual distortions, giving a temporary mood boost to everyone in the region. -->
  <PsychicSoothePulser.description>Одноразовый широковолновой генератор пси-импульса. Вызывает приятные успокаивающие образы в сознании всех существ региона и даёт временное повышение настроения.</PsychicSoothePulser.description>
  <!-- EN: Activate -->
  <PsychicSoothePulser.comps.CompUsable.useLabel>Активировать</PsychicSoothePulser.comps.CompUsable.useLabel>
  
</LanguageData>