﻿<?xml version="1.0" encoding="UTF-8"?>
<LanguageData>
  
  <!-- EN: cloth -->
  <Cloth.label>ткань</Cloth.label>
  <!-- EN: Cloth woven from organic fibers. -->
  <Cloth.description>Полотно, сотканное из органических волокон.</Cloth.description>
  <Cloth.stuffProps.stuffAdjective>ткани</Cloth.stuffProps.stuffAdjective>
  
  <!-- EN: devilstrand -->
  <DevilstrandCloth.label>дьявлоткань</DevilstrandCloth.label>
  <!-- EN: Fabric spun from microfibers extracted from devilstrand mushrooms. It is very tough, good at insulating, and protects exceptionally well against flame. -->
  <DevilstrandCloth.description>Ткань, скрученная из микроволокон грибов дьявлонитников. Очень плотная, хорошо изолирует и превосходно защищает от огня.</DevilstrandCloth.description>
  <DevilstrandCloth.stuffProps.stuffAdjective>дьявлоткани</DevilstrandCloth.stuffProps.stuffAdjective>
  
  <!-- EN: gold -->
  <Gold.label>золото</Gold.label>
  <!-- EN: The most seductive metal of them all. While it is too soft to be of much practical use, it is strikingly beautiful and never tarnishes. Millions have died in attempting to feed the endless human thirst for gold. -->
  <Gold.description>Самый притягательный из всех металлов. При слабых механических свойствах он поразительно прекрасен и довольно редок. Миллионы погибли в попытках удовлетворить бесконечную людскую жажду золота.</Gold.description>
  <!-- EN: golden -->
  <Gold.stuffProps.stuffAdjective>золота</Gold.stuffProps.stuffAdjective>
  
  <!-- EN: hyperweave -->
  <Hyperweave.label>гиперткань</Hyperweave.label>
  <!-- EN: Nano-fibers woven into sheets molecule-by-molecule using specialized production mechanites. While it flexes freely most of the time, it stiffens to absorb blows as they land, and is incredibly difficult to break. The secrets of its production are known only to the most advanced glitterworld cultures. -->
  <Hyperweave.description>Высокотехнологичное полотно, сотканное из нановолокон при помощи специализированных промышленных механитов. Обладает невероятной прочностью. Гибкое в обычных условиях, при ударе оно приобретает жёсткость, поглощая его энергию. Секреты производства гиперткани известны только наиболее развитым утопическим мирам.</Hyperweave.description>
  <Hyperweave.stuffProps.stuffAdjective>гиперткани</Hyperweave.stuffProps.stuffAdjective>
  
  <!-- EN: jade -->
  <Jade.label>нефрит</Jade.label>
  <!-- EN: A hard, green stone. Because of its beauty and rarity, jade is often used for ornaments and decorations. Its hardness and density also makes it a good material for blunt weapons. -->
  <Jade.description>Твёрдый камень зелёного цвета. Из-за своей красоты и редкости нефрит часто используется в декоративных целях, однако его твёрдость и плотность также делают его хорошим материалом для оружия дробящего типа.</Jade.description>
  <Jade.stuffProps.stuffAdjective>нефрита</Jade.stuffProps.stuffAdjective>
  
  <!-- EN: plasteel -->
  <Plasteel.label>пласталь</Plasteel.label>
  <!-- EN: Advanced spacer tech structural material. Plasteel is extremely strong due to its unique molecular structure. -->
  <Plasteel.description>Передовой строительный материал эры космических технологий. Имеет высочайшую прочность благодаря своей уникальной молекулярной структуре.</Plasteel.description>
  <Plasteel.stuffProps.stuffAdjective>пластали</Plasteel.stuffProps.stuffAdjective>
  
  <!-- EN: silver -->
  <Silver.label>серебро</Silver.label>
  <!-- EN: This metal is mostly used as a commodity currency. It can also be used for making decorations. -->
  <Silver.description>В основном этот металл используется в качестве валюты. Хотя из него также получаются привлекательные предметы декора.</Silver.description>
  <Silver.stuffProps.stuffAdjective>серебра</Silver.stuffProps.stuffAdjective>
  
  <!-- EN: steel -->
  <Steel.label>сталь</Steel.label>
  <!-- EN: An iron-carbon metal alloy used for building a huge variety of structures, weapons, and machines. -->
  <Steel.description>Сплав железа с углеродом, используемый для строительства и изготовления инструментов и оружия.</Steel.description>
  <Steel.stuffProps.stuffAdjective>стали</Steel.stuffProps.stuffAdjective>
  
  <!-- EN: synthread -->
  <Synthread.label>синткань</Synthread.label>
  <!-- EN: Spacer-tech synthetic fabric designed for making ordinary clothes. It is soft, light, strong, and insulates well. -->
  <Synthread.description>Синтетическая ткань эры космических технологий, разработанная для производства повседневной одежды. Она лёгкая, мягкая, прочная и, к тому же, хорошо изолирует.</Synthread.description>
  <Synthread.stuffProps.stuffAdjective>синткани</Synthread.stuffProps.stuffAdjective>
  
  <!-- EN: uranium -->
  <Uranium.label>уран</Uranium.label>
  <!-- EN: A dark, heavy metal. While it is best known as a fuel for nuclear devices, its extreme density and hardness also make it good for making certain weapons, armor, and ammunition. -->
  <Uranium.description>Тёмный тяжёлый металл. Наиболее известен в качестве топлива для ядерных реакторов, хотя благодаря своим физическим свойствам этот металл также находит применение в изготовлении некоторых инструментов, брони, оружия и боеприпасов.</Uranium.description>
  <Uranium.stuffProps.stuffAdjective>урана</Uranium.stuffProps.stuffAdjective>
  
  <!-- EN: wood -->
  <WoodLog.label>древесина</WoodLog.label>
  <!-- EN: Wood from trees or other fibrous plants. Useful for building structures and weapons. It is a good fuel for campfires and generators, and can be refined into chemfuel. In a pinch, a piece of wood can be used as a weapon or a leg. -->
  <WoodLog.description>Древесина, полученная из деревьев или других древесных растений. Полезна при строительстве и создании простого оружия. Можно переработать в химтопливо. Если под рукой больше ничего нет, полено можно приспособить в качестве примитивного протеза ноги или оружия.</WoodLog.description>
  <!-- EN: wooden -->
  <WoodLog.stuffProps.stuffAdjective>дерева</WoodLog.stuffProps.stuffAdjective>
  <!-- EN: log -->
  <WoodLog.tools.log.label>бревно</WoodLog.tools.log.label>
  
  <!-- EN: alpaca wool -->
  <WoolAlpaca.label>шерсть альпака</WoolAlpaca.label>
  <!-- EN: The remarkably soft wool of an alpaca. It is very warm. -->
  <WoolAlpaca.description>Очень мягкая шерсть альпака. К тому же она довольно тёплая.</WoolAlpaca.description>
  <WoolAlpaca.stuffProps.stuffAdjective>шерсти альпака</WoolAlpaca.stuffProps.stuffAdjective>
  
  <!-- EN: bison wool -->
  <WoolBison.label>шерсть зубра</WoolBison.label>
  <!-- EN: Thick and coarse wool of a bison. Quite warm. -->
  <WoolBison.description>Жёсткая грубая шерсть зубра. Довольно тёплая.</WoolBison.description>
  <WoolBison.stuffProps.stuffAdjective>шерсти зубра</WoolBison.stuffProps.stuffAdjective>
  
  <!-- EN: megasloth wool -->
  <WoolMegasloth.label>шерсть гигантского ленивца</WoolMegasloth.label>
  <!-- EN: While somewhat coarse, megasloth wool's long fibers make it very strong. It is exceptionally warm. -->
  <WoolMegasloth.description>Длинные волокна делают шерсть гигантского ленивца очень прочной и тёплой, хотя и грубоватой на ощупь.</WoolMegasloth.description>
  <WoolMegasloth.stuffProps.stuffAdjective>шерсти гигантского ленивца</WoolMegasloth.stuffProps.stuffAdjective>
  
  <!-- EN: muffalo wool -->
  <WoolMuffalo.label>шерсть муффало</WoolMuffalo.label>
  <!-- EN: Soft, light and provides very good insulation. Muffalo wool clothes can keep the body warm even in very cold conditions. -->
  <WoolMuffalo.description>Мягкий и лёгкий материал, хорошо изолирующий от холода. Шерстяные вещи не дают замёрзнуть даже в самую холодную погоду.</WoolMuffalo.description>
  <WoolMuffalo.stuffProps.stuffAdjective>шерсти муффало</WoolMuffalo.stuffProps.stuffAdjective>
  
  <!-- EN: sheep wool -->
  <WoolSheep.label>овечья шерсть</WoolSheep.label>
  <!-- EN: Sheep's wool. It provides good insulation. -->
  <WoolSheep.description>Шерсть овцы. Обладает хорошей теплоизоляцией.</WoolSheep.description>
  <WoolSheep.stuffProps.stuffAdjective>овечьей шерсти</WoolSheep.stuffProps.stuffAdjective>
  
</LanguageData>