﻿<?xml version="1.0" encoding="UTF-8"?>
<LanguageData>
  
  <!-- EN: minified thing -->
  <MinifiedThing.label>предмет</MinifiedThing.label>
  
  <!-- EN: unfinished apparel -->
  <UnfinishedApparel.label>незаконченная одежда</UnfinishedApparel.label>
  <!-- EN: An unfinished piece of an apparel. -->
  <UnfinishedApparel.description>Предмет одежды в процессе изготовления.</UnfinishedApparel.description>
  
  <!-- EN: unfinished simple armor -->
  <UnfinishedArmor.label>заготовка простой брони</UnfinishedArmor.label>
  <!-- EN: An unfinished piece of simple armor. -->
  <UnfinishedArmor.description>Элемент простой брони в процессе изготовления.</UnfinishedArmor.description>
  
  <!-- EN: unfinished belt -->
  <UnfinishedBelt.label>заготовка пояса</UnfinishedBelt.label>
  <!-- EN: An unfinished piece of a belt. -->
  <UnfinishedBelt.description>Пояс в процессе изготовления</UnfinishedBelt.description>
  
  <!-- EN: unfinished component -->
  <UnfinishedComponent.label>заготовка компонента</UnfinishedComponent.label>
  <!-- EN: An unfinished component. -->
  <UnfinishedComponent.description>Компонент в процессе изготовления.</UnfinishedComponent.description>
  
  <!-- EN: unfinished gun -->
  <UnfinishedGun.label>заготовка огнестрельного оружия</UnfinishedGun.label>
  <!-- EN: An unfinished gun of some kind. -->
  <UnfinishedGun.description>Огнестрельное оружие в процессе изготовления.</UnfinishedGun.description>
  
  <!-- EN: unfinished bionic -->
  <UnfinishedHealthItemBionic.label>заготовка бионической части</UnfinishedHealthItemBionic.label>
  <!-- EN: An unfinished bionic. -->
  <UnfinishedHealthItemBionic.description>Бионическая часть тела в процессе изготовления.</UnfinishedHealthItemBionic.description>
  
  <!-- EN: unfinished prosthetic -->
  <UnfinishedHealthItemProsthetic.label>заготовка протеза</UnfinishedHealthItemProsthetic.label>
  <!-- EN: An unfinished prosthetic. -->
  <UnfinishedHealthItemProsthetic.description>Протез в процессе изготовления.</UnfinishedHealthItemProsthetic.description>
  
  <!-- EN: unfinished metal armor -->
  <UnfinishedMetallicTechArmor.label>заготовка металлической брони</UnfinishedMetallicTechArmor.label>
  <!-- EN: An unfinished piece of metal armor. -->
  <UnfinishedMetallicTechArmor.description>Металлическая броня в процессе изготовления.</UnfinishedMetallicTechArmor.description>
  
  <!-- EN: unfinished pack -->
  <UnfinishedPack.label>заготовка снаряжения</UnfinishedPack.label>
  <!-- EN: An unfinished piece of a pack. -->
  <UnfinishedPack.description>Предмет снаряжения в процессе изготовления.</UnfinishedPack.description>
  
  <!-- EN: unfinished sculpture -->
  <UnfinishedSculpture.label>незаконченная скульптура</UnfinishedSculpture.label>
  <!-- EN: An unfinished sculpture. -->
  <UnfinishedSculpture.description>Скульптура в процессе ваяния.</UnfinishedSculpture.description>
  
  <!-- EN: unfinished advanced armor -->
  <UnfinishedTechArmor.label>заготовка продвинутой брони</UnfinishedTechArmor.label>
  <!-- EN: An unfinished piece of high-tech armor. -->
  <UnfinishedTechArmor.description>Элемент высокотехнологичной брони в процессе изготовления.</UnfinishedTechArmor.description>
  
  <!-- EN: unfinished weapon -->
  <UnfinishedWeapon.label>заготовка оружия</UnfinishedWeapon.label>
  <!-- EN: An unfinished weapon. -->
  <UnfinishedWeapon.description>Оружие в процессе изготовления.</UnfinishedWeapon.description>
  
</LanguageData>