﻿<?xml version="1.0" encoding="UTF-8"?>
<LanguageData>
  
  <!-- EN: kibble -->
  <Kibble.label>комбикорм</Kibble.label>
  <!-- EN: Animal feed made from mixed meat and plant sources. Humans can eat it, but they really, really don't like it. -->
  <Kibble.description>Сбалансированный корм для животных из ингредиентов растительного и животного происхождения. Может быть съеден и человеком, но, поверьте, это ему не понравится.</Kibble.description>
  
  <!-- EN: fine meal -->
  <MealFine.label>вкусное блюдо</MealFine.label>
  <!-- EN: A complex dish assembled with care from a variety of ingredients. -->
  <MealFine.description>Комплексное сбалансированное блюдо из ингредиентов растительного и животного происхождения.</MealFine.description>
  
  <!-- EN: lavish meal -->
  <MealLavish.label>шикарное блюдо</MealLavish.label>
  <!-- EN: A masterpiece of the culinary arts, this meal nourishes the body, mind, and soul. -->
  <MealLavish.description>Шедевр кулинарного искусства. Эта еда питает тело, разум и душу.</MealLavish.description>
  
  <!-- EN: nutrient paste meal -->
  <MealNutrientPaste.label>питательная паста</MealNutrientPaste.label>
  <!-- EN: A synthetic mixture of protein, carbohydrates, and vitamins, amino acids and minerals. Everything the body needs, and absolutely disgusting. -->
  <MealNutrientPaste.description>Синтетическая смесь из белка, углеводов, витаминов, аминокислот и минералов. Содержит всё, что нужно организму, но имеет отвратительный вкус.</MealNutrientPaste.description>
  
  <!-- EN: simple meal -->
  <MealSimple.label>простое блюдо</MealSimple.label>
  <!-- EN: A simple meal quickly cooked from one main ingredient. -->
  <MealSimple.description>Блюдо, приготовленное из того, что было под рукой.</MealSimple.description>
  
  <!-- EN: packaged survival meal -->
  <MealSurvivalPack.label>сухой паёк</MealSurvivalPack.label>
  <!-- EN: A high-quality packaged meal, manufactured for use in survival situations. While it never rots, it can still deteriorate if left outside. Great for traveling. -->
  <MealSurvivalPack.description>Высококачественный упакованный паёк, изготовленный для использования в чрезвычайных ситуациях. Не портится на жаре, идеально подходит для путешествий.</MealSurvivalPack.description>
  
  <!-- EN: pemmican -->
  <Pemmican.label>пеммикан</Pemmican.label>
  <!-- EN: A preserved mashed mixture of fat and plant food. Tastes bland, but not offensive. It lasts a very long time without refrigeration. Great for traveling. -->
  <Pemmican.description>Консервированная смесь мяса, жира и ингредиентов растительного происхождения. Вкус пресный, но не противный. Довольно долго хранится без охлаждения, идеально подходит для путешествий.</Pemmican.description>
  
</LanguageData>