﻿<?xml version="1.0" encoding="UTF-8"?>
<LanguageData>
  
  <!-- EN: cassowary egg (fert.) -->
  <EggCassowaryFertilized.label>яйцо казуара (опл.)</EggCassowaryFertilized.label>
  <!-- EN: A fertilized cassowary egg. If all goes well, it should hatch into a baby cassowary. It can be eaten raw, but it's much better cooked. -->
  <EggCassowaryFertilized.description>Оплодотворённое яйцо казуара. Если всё пойдёт хорошо, в скором времени из него вылупится казуарчик. Может быть съедено сырым, но приготовленное оно гораздо вкуснее.</EggCassowaryFertilized.description>
  
  <!-- EN: chicken egg (fert.) -->
  <EggChickenFertilized.label>куриное яйцо (опл.)</EggChickenFertilized.label>
  <!-- EN: A fertilized chicken egg. If all goes well, it should hatch into a chick. It can be eaten raw, but it's much better cooked. -->
  <EggChickenFertilized.description>Оплодотворённое куриное яйцо. Если всё пойдёт хорошо, в скором времени из него вылупится цыплёнок. Может быть съедено сырым, но приготовленное оно гораздо вкуснее.</EggChickenFertilized.description>
  
  <!-- EN: chicken egg (unfert.) -->
  <EggChickenUnfertilized.label>куриное яйцо (неопл.)</EggChickenUnfertilized.label>
  <!-- EN: An unfertilized chicken egg. It can be eaten raw, but it's much, much better cooked. -->
  <EggChickenUnfertilized.description>Неоплодотворённое куриное яйцо. Может быть съедено сырым, но приготовленное оно гораздо вкуснее.</EggChickenUnfertilized.description>
  
  <!-- EN: cobra egg (fert.) -->
  <EggCobraFertilized.label>яйцо кобры (опл.)</EggCobraFertilized.label>
  <!-- EN: A fertilized cobra egg. If all goes well, it should hatch into a baby cobra. It can be eaten raw, but it's much better cooked. -->
  <EggCobraFertilized.description>Оплодотворённое яйцо кобры. Если всё пойдёт хорошо, в скором времени из него вылупится маленькая змея. Может быть съедено сырым, но приготовленное оно гораздо вкуснее.</EggCobraFertilized.description>
  
  <!-- EN: duck egg (fert.) -->
  <EggDuckFertilized.label>утиное яйцо (опл.)</EggDuckFertilized.label>
  <!-- EN: A fertilized duck egg. If all goes well, it should hatch into a duckling. It can be eaten raw, but it's much better cooked. -->
  <EggDuckFertilized.description>Оплодотворённое утиное яйцо. Если всё пойдёт хорошо, в скором времени из него вылупится утёнок. Может быть съедено сырым, но приготовленное оно гораздо вкуснее.</EggDuckFertilized.description>
  
  <!-- EN: duck egg (unfert.) -->
  <EggDuckUnfertilized.label>утиное яйцо</EggDuckUnfertilized.label>
  <!-- EN: An unfertilized duck egg. It can be eaten raw, but it's much, much better cooked. -->
  <EggDuckUnfertilized.description>Неоплодотворённое утиное яйцо. Может быть съедено сырым, но приготовленное оно гораздо вкуснее.</EggDuckUnfertilized.description>
  
  <!-- EN: emu egg (fert.) -->
  <EggEmuFertilized.label>яйцо эму (опл.)</EggEmuFertilized.label>
  <!-- EN: A fertilized emu egg. If all goes well, it should hatch into a baby emu. It can be eaten raw, but it's much better cooked. -->
  <EggEmuFertilized.description>Оплодотворённое яйцо эму. Если всё пойдёт хорошо, в скором времени из него вылупится маленький эму. Может быть съедено сырым, но приготовленное оно гораздо вкуснее.</EggEmuFertilized.description>
  
  <!-- EN: goose egg (fert.) -->
  <EggGooseFertilized.label>гусиное яйцо (опл.)</EggGooseFertilized.label>
  <!-- EN: A fertilized goose egg. If all goes well, it should hatch into a baby goose. It can be eaten raw, but it's much better cooked. -->
  <EggGooseFertilized.description>Оплодотворённое гусиное яйцо. Если всё пойдёт хорошо, в скором времени из него вылупится гусёнок. Может быть съедено сырым, но приготовленное оно гораздо вкуснее.</EggGooseFertilized.description>
  
  <!-- EN: goose egg (unfert.) -->
  <EggGooseUnfertilized.label>гусиное яйцо</EggGooseUnfertilized.label>
  <!-- EN: An unfertilized goose egg. It can be eaten raw, but it's much, much better cooked. -->
  <EggGooseUnfertilized.description>Неоплодотворённое гусиное яйцо. Может быть съедено сырым, но приготовленное оно гораздо вкуснее.</EggGooseUnfertilized.description>
  
  <!-- EN: iguana egg (fert.) -->
  <EggIguanaFertilized.label>яйцо игуаны (опл.)</EggIguanaFertilized.label>
  <!-- EN: A fertilized iguana egg. If all goes well, it should hatch into a baby iguana. It can be eaten raw, but it's much better cooked. -->
  <EggIguanaFertilized.description>Оплодотворённое яйцо игуаны. Если всё пойдёт хорошо, в скором времени из него вылупится маленькая игуана. Может быть съедено сырым, но приготовленное оно гораздо вкуснее.</EggIguanaFertilized.description>
  
  <!-- EN: ostrich egg (fert.) -->
  <EggOstrichFertilized.label>страусиное яйцо (опл.)</EggOstrichFertilized.label>
  <!-- EN: A fertilized ostrich egg. If all goes well, it should hatch into a baby ostrich. It can be eaten raw, but it's much better cooked. -->
  <EggOstrichFertilized.description>Оплодотворённое страусиное яйцо. Если всё пойдёт хорошо, в скором времени из него вылупится страусёнок. Может быть съедено сырым, но приготовленное оно гораздо вкуснее.</EggOstrichFertilized.description>
  
  <!-- EN: tortoise egg (fert.) -->
  <EggTortoiseFertilized.label>черепашье яйцо (опл.)</EggTortoiseFertilized.label>
  <!-- EN: A fertilized tortoise egg. If all goes well, it should hatch into a baby tortoise. It can be eaten raw, but it's much better cooked. -->
  <EggTortoiseFertilized.description>Оплодотворённое черепашье яйцо. Если всё пойдёт хорошо, в скором времени из него вылупится черепашка. Может быть съедено сырым, но приготовленное оно гораздо вкуснее.</EggTortoiseFertilized.description>
  
  <!-- EN: turkey egg (fert.) -->
  <EggTurkeyFertilized.label>яйцо индейки (опл.)</EggTurkeyFertilized.label>
  <!-- EN: A fertilized turkey egg. If all goes well, it should hatch into a baby turkey. It can be eaten raw, but it's much better cooked. -->
  <EggTurkeyFertilized.description>Оплодотворённое яйцо индейки. Если всё пойдёт хорошо, в скором времени из него вылупится маленькая индейка. Может быть съедено сырым, но приготовленное оно гораздо вкуснее.</EggTurkeyFertilized.description>
  
  <!-- EN: insect jelly -->
  <InsectJelly.label>желе насекомых</InsectJelly.label>
  <!-- EN: Jelly stored and used as food by oversized insects. It is smooth, rich, and fulfills the recreation need of those who consume it. Because of its unique biological properties, it can nourish almost any creature and never rots. -->
  <InsectJelly.description>Желе, хранимое и используемое в пищу огромными насекомыми. Это питательное и чрезвычайно вкусное лакомство принесёт чувство удовлетворения вашим поселенцам. Из-за уникальных биологических свойств оно может использоваться в пищу практически любым видом существ и никогда не портится.</InsectJelly.description>
  
  <!-- EN: milk -->
  <Milk.label>молоко</Milk.label>
  <!-- EN: Milk from an animal. -->
  <Milk.description>Молоко животного.</Milk.description>
  
</LanguageData>