﻿<?xml version="1.0" encoding="UTF-8"?>
<LanguageData>
  
  <!-- EN: hay -->
  <Hay.label>сено</Hay.label>
  <!-- EN: Nutrient-rich grasses and shoots, harvested and compacted for storage. Hay is good animal feed, but inedible for humans. -->
  <Hay.description>Богатые питательными веществами травы и побеги, собранные и спрессованные для хранения. Сено — хороший корм для животных, но несъедобный для человека.</Hay.description>
  
  <!-- EN: psychoid leaves -->
  <PsychoidLeaves.label>психолистья</PsychoidLeaves.label>
  <!-- EN: Raw cut leaves of a psychoid plant. Can be refined into various form of the stimulant drug psychite. -->
  <PsychoidLeaves.description>Срезанные листья психолиста — сырьё для изготовления наркотического вещества стимулирующего действия — психина.</PsychoidLeaves.description>
  
  <!-- EN: agave fruit -->
  <RawAgave.label>агава</RawAgave.label>
  <!-- EN: Raw agave fruit. -->
  <RawAgave.description>Сырые плоды агавы.</RawAgave.description>
  
  <!-- EN: berries -->
  <RawBerries.label>ягоды</RawBerries.label>
  <!-- EN: Assorted berries. Nice to eat, even when raw. -->
  <RawBerries.description>Ассорти из ягод. Вкусны и полезны даже в сыром виде.</RawBerries.description>
  
  <!-- EN: corn -->
  <RawCorn.label>кукуруза</RawCorn.label>
  <!-- EN: Raw corn. -->
  <RawCorn.description>Сырая кукуруза.</RawCorn.description>
  
  <!-- EN: raw fungus -->
  <RawFungus.label>грибы</RawFungus.label>
  <!-- EN: Raw fungus. -->
  <RawFungus.description>Сырые грибы.</RawFungus.description>
  
  <!-- EN: hops -->
  <RawHops.label>хмель</RawHops.label>
  <!-- EN: Raw hops. A flavoring and preserving agent that is necessary for making beer. -->
  <RawHops.description>Сырой хмель. Ужасен на вкус и совсем не питателен, но необходим для приготовления пива.</RawHops.description>
  
  <!-- EN: potatoes -->
  <RawPotatoes.label>картофель</RawPotatoes.label>
  <!-- EN: Raw potatoes. -->
  <RawPotatoes.description>Сырой картофель.</RawPotatoes.description>
  
  <!-- EN: rice -->
  <RawRice.label>рис</RawRice.label>
  <!-- EN: Raw rice. -->
  <RawRice.description>Сырой рис.</RawRice.description>
  
  <!-- EN: smokeleaf leaves -->
  <SmokeleafLeaves.label>листья дымолиста</SmokeleafLeaves.label>
  <!-- EN: Raw cut leaves of a smokeleaf plant. Can be rolled into smokeable joints at a crafting spot. -->
  <SmokeleafLeaves.description>Срезанные листья дымолиста. Из них можно скрутить косяк на рабочем месте.</SmokeleafLeaves.description>
  
</LanguageData>