﻿<?xml version="1.0" encoding="UTF-8"?>
<LanguageData>
  
  <!-- EN: antigrain warhead -->
  <Bullet_Shell_AntigrainWarhead.label>гранульный снаряд</Bullet_Shell_AntigrainWarhead.label>
  
  <!-- EN: EMP shell -->
  <Bullet_Shell_EMP.label>ЭМИ-снаряд</Bullet_Shell_EMP.label>
  
  <!-- EN: firefoam shell -->
  <Bullet_Shell_Firefoam.label>пенный снаряд</Bullet_Shell_Firefoam.label>
  
  <!-- EN: high-explosive shell -->
  <Bullet_Shell_HighExplosive.label>осколочный снаряд</Bullet_Shell_HighExplosive.label>
  
  <!-- EN: incendiary shell -->
  <Bullet_Shell_Incendiary.label>зажигательный снаряд</Bullet_Shell_Incendiary.label>
  
  <!-- EN: Smoke shell -->
  <Bullet_Shell_Smoke.label>дымовой снаряд</Bullet_Shell_Smoke.label>
  
  <!-- EN: antigrain warhead -->
  <Shell_AntigrainWarhead.label>гранульный снаряд</Shell_AntigrainWarhead.label>
  <!-- EN: An ultra-tech warhead powered by a grain of antimatter. Usually used by spacecraft or glitterworld war machines, it creates a huge explosion and starts fires around the target. Can be fired from mortars or installed as a trap. Explodes when damaged. -->
  <Shell_AntigrainWarhead.description>Сверхвысокотехнологичный боевой снаряд, используемый в военной технике утопических миров. В боевой части находится гранула антиматерии. При детонации происходит взрыв большой силы с последующим возгоранием. Может быть использован как для стрельбы из миномёта, так и для изготовления мин. При повреждении взрывается.</Shell_AntigrainWarhead.description>
  
  <!-- EN: EMP shell -->
  <Shell_EMP.label>ЭМИ-снаряд</Shell_EMP.label>
  <!-- EN: A shell filled with batteries and antennas, for generating an electromagnetic pulse when detonated. Electromagnetic pulses temporarily disable electrical devices and mechanoids. Can be fired from mortars or installed as a trap. Explodes when damaged. -->
  <Shell_EMP.description>Снаряд с источником питания, электроникой и антенной. При срабатывании взрывателя генерируется электромагнитный импульс (ЭМИ) высокой мощности, выводящий из строя всю электронику в радиусе поражения. Может быть использован как для стрельбы из миномёта, так и для изготовления мин. При повреждении взрывается.</Shell_EMP.description>
  
  <!-- EN: firefoam shell -->
  <Shell_Firefoam.label>пенный снаряд</Shell_Firefoam.label>
  <!-- EN: A pressurized shell filled with fire-retardant foam. Can be fired from mortars or installed as a trap. Explodes when damaged. -->
  <Shell_Firefoam.description>Снаряд, заполненный пожарной пеной, находящейся под высоким давлением. Может быть использован как для стрельбы из миномёта, так и для изготовления мин. При повреждении взрывается.</Shell_Firefoam.description>
  
  <!-- EN: high-explosive shell -->
  <Shell_HighExplosive.label>осколочный снаряд</Shell_HighExplosive.label>
  <!-- EN: A shell filled with high explosives. Can be fired from mortars or installed as a trap. Explodes when damaged. -->
  <Shell_HighExplosive.description>Снаряд, заполненный взрывчатым веществом. Может быть использован как для стрельбы из миномёта, так и для изготовления мин. При повреждении взрывается.</Shell_HighExplosive.description>
  
  <!-- EN: incendiary shell -->
  <Shell_Incendiary.label>зажигательный снаряд</Shell_Incendiary.label>
  <!-- EN: A shell filled with flammable gel and a small explosive charge. Starts fires when detonated. Can be fired from mortars or installed as a trap. Explodes when damaged. -->
  <Shell_Incendiary.description>Снаряд, заполненный горючей смесью, с небольшим количеством взрывчатого вещества. При взрыве вызывает пожары. Может быть использован как для стрельбы из миномёта, так и для изготовления мин. При повреждении взрывается.</Shell_Incendiary.description>
  
  <!-- EN: Smoke shell -->
  <Shell_Smoke.label>дымовой снаряд</Shell_Smoke.label>
  <!-- EN: A shell that generates a cloud of smoke when detonated, obscuring incoming shots and preventing turrets from locking on. Can be fired from mortars or installed as a trap. Explodes when damaged. -->
  <Shell_Smoke.description>Снаряд, образующий при разрыве густое облако дыма, маскирующее цели и препятствующее наведению турелей. Может быть использован как для стрельбы из миномёта, так и для изготовления мин. При повреждении взрывается.</Shell_Smoke.description>
  
</LanguageData>