﻿<?xml version="1.0" encoding="UTF-8"?>
<LanguageData>
  
  <!-- EN: chemfuel -->
  <Chemfuel.label>химическое топливо</Chemfuel.label>
  <!-- EN: A volatile liquid chemical. Used to fuel engines and rockets, or to transmute into propellant for projectiles, or as an incendiary weapon. -->
  <Chemfuel.description>Жидкое горючее химическое соединение. Используется в качестве топлива или сырья для изготовления взрывчатых веществ и напалма.</Chemfuel.description>
  
  <!-- EN: component -->
  <ComponentIndustrial.label>компонент</ComponentIndustrial.label>
  <!-- EN: Miscellaneous gears, capacitors, circuit boards, tubes, wheels, sensors, wires, chips, processors, and other electronic and industrial parts. Necessary for assembling complex machines or electronics. -->
  <ComponentIndustrial.description>Различные шестерёнки, конденсаторы, платы, трубки, колёсики, сенсоры, провода, чипы, процессоры и другие электронные и механические детали. Необходимы для сборки сложных механизмов и электроприборов.</ComponentIndustrial.description>
  
  <!-- EN: advanced component -->
  <ComponentSpacer.label>продвинутый компонент</ComponentSpacer.label>
  <!-- EN: Advanced computing and energy-directing machinery, miniaturized and hardened for the most demanding applications. -->
  <ComponentSpacer.description>Высококачественные электронные компоненты. Имеют высокую прочность и малые габариты, что позволяет их применять в самых сложных и нагруженных механизмах.</ComponentSpacer.description>
  
  <!-- EN: herbal medicine -->
  <MedicineHerbal.label>лекарственные травы</MedicineHerbal.label>
  <!-- EN: A pack of herbal concoctions extracted from the healroot plant. It is less potent than industrial pharmaceuticals, but much better than nothing. -->
  <MedicineHerbal.description>Связка лекарственных трав, состоящая, в основном, из лечебного корня. Не так эффективно, как медикаменты промышленного производства, но лучше, чем ничего.</MedicineHerbal.description>
  
  <!-- EN: medicine -->
  <MedicineIndustrial.label>медикаменты</MedicineIndustrial.label>
  <!-- EN: A kit of industrial-era medical equipment. It contains basic drugs, tools for suturing and bone setting, diagnostic devices, and various pads and fluids. -->
  <MedicineIndustrial.description>Набор медицинских средств, характерных для индустриальной эры. Содержит основные медикаменты, бинты, тампоны, материалы и инструменты для наложения швов, вправления переломов и диагностики.</MedicineIndustrial.description>
  
  <!-- EN: glitterworld medicine -->
  <MedicineUltratech.label>передовые медикаменты</MedicineUltratech.label>
  <!-- EN: A kit of advanced ultra-tech medical supplies, probably manufactured on a distant glitterworld. It contains advanced polymorphic drugs, nanite diagnostic and healing assisters, a mini-imager, and various multi-use tools. -->
  <MedicineUltratech.description>Набор продвинутых высокотехнологичных медицинских средств, скорее всего, с далёкого мира-утопии. Содержит передовые полиморфные препараты, средства диагностики и лечения, основанные на механитах, мини-сканер и другие универсальные инструменты.</MedicineUltratech.description>
  
  <!-- EN: neutroamine -->
  <Neutroamine.label>нейтроамин</Neutroamine.label>
  <!-- EN: A synthetic precursor chemical. While it is useless on its own, many drugs require neutroamine as an ingredient. -->
  <Neutroamine.description>Синтетический прекурсор. Бесполезен сам по себе, но необходим для производства различных препаратов.</Neutroamine.description>
  
</LanguageData>