﻿<?xml version="1.0" encoding="UTF-8"?>
<LanguageData>
  
  <!-- EN: club -->
  <MeleeWeapon_Club.label>дубина</MeleeWeapon_Club.label>
  <!-- EN: A shaped stick, heavy at one end, for bashing enemies to death. This weapon is so old it's part of human biology. Evolutionary biologists say that a major reason humans can tilt our wrists side-to-side (instead of just forward-and-back like other primates) is to be able to better swing a club. -->
  <MeleeWeapon_Club.description>Древнейшее оружие человечества — увесистая, утолщённая с одного конца, палка для забивания врагов до смерти. Биологи-эволюционисты говорят, что человек способен поворачивать кисть руки из стороны в сторону (а не только вверх-вниз) благодаря тому, что это помогало нашим предкам обращаться с дубиной.</MeleeWeapon_Club.description>
  <!-- EN: handle -->
  <MeleeWeapon_Club.tools.handle.label>рукоять</MeleeWeapon_Club.tools.handle.label>
  <!-- EN: head -->
  <MeleeWeapon_Club.tools.head.label>головка</MeleeWeapon_Club.tools.head.label>
  
  <!-- EN: ikwa -->
  <MeleeWeapon_Ikwa.label>иклва</MeleeWeapon_Ikwa.label>
  <!-- EN: A short spearhandle attached to a long bladed point, designed to be driven into vital organs with a quick thrust. -->
  <MeleeWeapon_Ikwa.description>Короткое древко с длинным наконечником, чтобы одним быстрым ударом поражать жизненно важные органы.</MeleeWeapon_Ikwa.description>
  <!-- EN: handle -->
  <MeleeWeapon_Ikwa.tools.handle.label>рукоять</MeleeWeapon_Ikwa.tools.handle.label>
  <!-- EN: head -->
  <MeleeWeapon_Ikwa.tools.head.label>головка</MeleeWeapon_Ikwa.tools.head.label>
  <!-- EN: edge -->
  <MeleeWeapon_Ikwa.tools.edge.label>лезвие</MeleeWeapon_Ikwa.tools.edge.label>
  
  <!-- EN: knife -->
  <MeleeWeapon_Knife.label>нож</MeleeWeapon_Knife.label>
  <!-- EN: One of mankind's oldest manufactured objects. The knife has taken many forms, but the concept has always remained the same: A handle for holding and a sharp edge for cutting. -->
  <MeleeWeapon_Knife.description>Нож — один из старейших инструментов человечества. Существует множество разных форм и видов ножей, но суть неизменна: рукоять и режущее лезвие.</MeleeWeapon_Knife.description>
  <!-- EN: handle -->
  <MeleeWeapon_Knife.tools.handle.label>рукоять</MeleeWeapon_Knife.tools.handle.label>
  <!-- EN: blade -->
  <MeleeWeapon_Knife.tools.blade.label>лезвие</MeleeWeapon_Knife.tools.blade.label>
  <!-- EN: point -->
  <MeleeWeapon_Knife.tools.point.label>остриё</MeleeWeapon_Knife.tools.point.label>
  
  <!-- EN: spear -->
  <MeleeWeapon_Spear.label>копьё</MeleeWeapon_Spear.label>
  <!-- EN: A polearm tipped with a sharp point for stabbing opponents. -->
  <MeleeWeapon_Spear.description>Древко, увенчанное острым наконечником для нанесения колющих ударов.</MeleeWeapon_Spear.description>
  <!-- EN: shaft -->
  <MeleeWeapon_Spear.tools.shaft.label>древко</MeleeWeapon_Spear.tools.shaft.label>
  <!-- EN: point -->
  <MeleeWeapon_Spear.tools.point.label>остриё</MeleeWeapon_Spear.tools.point.label>
  
</LanguageData>