﻿<?xml version="1.0" encoding="UTF-8"?>
<LanguageData>
  
  <!-- EN: Mote -->
  <Mote_ActivatorCountdownFlash.label>частица</Mote_ActivatorCountdownFlash.label>
  
  <!-- EN: Mote -->
  <Mote_ActivatorCountdownGlow.label>частица</Mote_ActivatorCountdownGlow.label>
  
  <!-- EN: Mote -->
  <Mote_ActivatorProximityGlow.label>частица</Mote_ActivatorProximityGlow.label>
  
  <!-- EN: Mote -->
  <Mote_AirPuff.label>частица</Mote_AirPuff.label>
  
  <!-- EN: Mote -->
  <Mote_BlastDry.label>частица</Mote_BlastDry.label>
  
  <!-- EN: Mote -->
  <Mote_BlastEMP.label>частица</Mote_BlastEMP.label>
  
  <!-- EN: Mote -->
  <Mote_BlastExtinguisher.label>частица</Mote_BlastExtinguisher.label>
  
  <!-- EN: Mote -->
  <Mote_BlastFlame.label>частица</Mote_BlastFlame.label>
  
  <!-- EN: Mote -->
  <Mote_BloodSplash.label>частица</Mote_BloodSplash.label>
  
  <!-- EN: Mote -->
  <Mote_BodyImpact.label>частица</Mote_BodyImpact.label>
  
  <!-- EN: Mote -->
  <Mote_Bombardment.label>частица</Mote_Bombardment.label>
  
  <!-- EN: Mote -->
  <Mote_CookBit.label>частица</Mote_CookBit.label>
  
  <!-- EN: Mote -->
  <Mote_DustPuff.label>частица</Mote_DustPuff.label>
  
  <!-- EN: Mote -->
  <Mote_DustPuffThick.label>частица</Mote_DustPuffThick.label>
  
  <!-- EN: Mote -->
  <Mote_DustSlow.label>частица</Mote_DustSlow.label>
  
  <!-- EN: Mote -->
  <Mote_ElectricalSpark.label>частица</Mote_ElectricalSpark.label>
  
  <!-- EN: Mote -->
  <Mote_ExplosionFlash.label>частица</Mote_ExplosionFlash.label>
  
  <!-- EN: Mote -->
  <Mote_FireGlow.label>частица</Mote_FireGlow.label>
  
  <!-- EN: Mote -->
  <Mote_FoodBitMeat.label>частица</Mote_FoodBitMeat.label>
  
  <!-- EN: Mote -->
  <Mote_FoodBitVegetarian.label>частица</Mote_FoodBitVegetarian.label>
  
  <!-- EN: Mote -->
  <Mote_ForceJob.label>частица</Mote_ForceJob.label>
  
  <!-- EN: Mote -->
  <Mote_ForceJobMaintained.label>частица</Mote_ForceJobMaintained.label>
  
  <!-- EN: Mote -->
  <Mote_GiantExplosion.label>частица</Mote_GiantExplosion.label>
  
  <!-- EN: Mote -->
  <Mote_GiantExplosionInner.label>частица</Mote_GiantExplosionInner.label>
  
  <!-- EN: Mote -->
  <Mote_GrowingFlash.label>частица</Mote_GrowingFlash.label>
  
  <!-- EN: Mote -->
  <Mote_HeatGlow.label>частица</Mote_HeatGlow.label>
  
  <!-- EN: Mote -->
  <Mote_Leaf.label>частица</Mote_Leaf.label>
  
  <!-- EN: Mote -->
  <Mote_LightningGlow.label>частица</Mote_LightningGlow.label>
  
  <!-- EN: Mote -->
  <Mote_LineEMP.label>частица</Mote_LineEMP.label>
  
  <!-- EN: Mote -->
  <Mote_MetaPuff.label>частица</Mote_MetaPuff.label>
  
  <!-- EN: Mote -->
  <Mote_MicroSparks.label>частица</Mote_MicroSparks.label>
  
  <!-- EN: Mote -->
  <Mote_MicroSparksFast.label>частица</Mote_MicroSparksFast.label>
  
  <!-- EN: Mote -->
  <Mote_PlainFlash.label>частица</Mote_PlainFlash.label>
  
  <!-- EN: Mote -->
  <Mote_PowerBeam.label>частица</Mote_PowerBeam.label>
  
  <!-- EN: Mote -->
  <Mote_PsycastAreaEffect.label>частица</Mote_PsycastAreaEffect.label>
  
  <!-- EN: Mote -->
  <Mote_PsycastPsychicEffect.label>частица</Mote_PsycastPsychicEffect.label>
  
  <!-- EN: Mote -->
  <Mote_PsycastPsychicLine.label>частица</Mote_PsycastPsychicLine.label>
  
  <!-- UNUSED -->
  <Mote_PsycastSkipLine.label>частица</Mote_PsycastSkipLine.label>
  
  <!-- EN: Mote -->
  <Mote_PsychicConditionCauserEffect.label>частица</Mote_PsychicConditionCauserEffect.label>
  
  <!-- EN: Mote -->
  <Mote_PsychicEmanatorEffect.label>частица</Mote_PsychicEmanatorEffect.label>
  
  <!-- EN: Mote -->
  <Mote_SandInEyes.label>частица</Mote_SandInEyes.label>
  
  <!-- EN: Mote -->
  <Mote_ShotFlash.label>частица</Mote_ShotFlash.label>
  
  <!-- EN: Mote -->
  <Mote_ShotHit_Dirt.label>частица</Mote_ShotHit_Dirt.label>
  
  <!-- EN: Mote -->
  <Mote_ShotHit_Spark.label>частица</Mote_ShotHit_Spark.label>
  
  <!-- EN: Mote -->
  <Mote_Smoke.label>частица</Mote_Smoke.label>
  
  <!-- EN: Mote -->
  <Mote_SparkFlash.label>частица</Mote_SparkFlash.label>
  
  <!-- EN: Mote -->
  <Mote_StoneBit.label>частица</Mote_StoneBit.label>
  
  <!-- EN: Mote -->
  <Mote_TornadoDustPuff.label>частица</Mote_TornadoDustPuff.label>
  
  <!-- EN: Mote -->
  <Mote_VomitBit.label>частица</Mote_VomitBit.label>
  
  <!-- EN: Mote -->
  <Mote_YellowSparkFlash.label>частица</Mote_YellowSparkFlash.label>
  
</LanguageData>