﻿<?xml version="1.0" encoding="UTF-8"?>
<LanguageData>
  
  <!-- EN: Mote -->
  <Mote_Danger.label>частица</Mote_Danger.label>
  
  <!-- EN: Mote -->
  <Mote_Footprint.label>частица</Mote_Footprint.label>
  
  <!-- EN: Mote -->
  <Mote_Horseshoe.label>частица</Mote_Horseshoe.label>
  
  <!-- EN: Mote -->
  <Mote_ProgressBar.label>частица</Mote_ProgressBar.label>
  
  <!-- EN: Mote -->
  <Mote_Speech.label>частица</Mote_Speech.label>
  
  <!-- EN: Mote -->
  <Mote_Stone.label>частица</Mote_Stone.label>
  
  <!-- EN: Mote -->
  <Mote_TempRoof.label>частица</Mote_TempRoof.label>
  
  <!-- EN: Mote -->
  <Mote_Text.label>частица</Mote_Text.label>
  
  <!-- EN: Mote -->
  <Mote_Thought.label>частица</Mote_Thought.label>
  
  <!-- EN: Mote -->
  <Mote_ThoughtBad.label>частица</Mote_ThoughtBad.label>
  
  <!-- EN: Mote -->
  <Mote_ThoughtGood.label>частица</Mote_ThoughtGood.label>
  
</LanguageData>