﻿<?xml version="1.0" encoding="UTF-8"?>
<LanguageData>
  
  <!-- EN: Mote -->
  <Mote_Cards.label>частица</Mote_Cards.label>
  
  <!-- EN: Mote -->
  <Mote_Clean.label>частица</Mote_Clean.label>
  
  <!-- EN: Mote -->
  <Mote_ClearSnow.label>частица</Mote_ClearSnow.label>
  
  <!-- EN: Mote -->
  <Mote_FeedbackEquip.label>частица</Mote_FeedbackEquip.label>
  
  <!-- EN: Mote -->
  <Mote_FeedbackExtinguish.label>частица</Mote_FeedbackExtinguish.label>
  
  <!-- EN: Mote -->
  <Mote_FeedbackGoto.label>частица</Mote_FeedbackGoto.label>
  
  <!-- EN: Mote -->
  <Mote_FeedbackMelee.label>частица</Mote_FeedbackMelee.label>
  
  <!-- EN: Mote -->
  <Mote_FeedbackShoot.label>частица</Mote_FeedbackShoot.label>
  
  <!-- EN: Mote -->
  <Mote_Harvest.label>частица</Mote_Harvest.label>
  
  <!-- EN: Mote -->
  <Mote_Sow.label>частица</Mote_Sow.label>
  
</LanguageData>