﻿<?xml version="1.0" encoding="UTF-8"?>
<LanguageData>
  
  <!-- EN: Mote -->
  <Mote_BerserkBit.label>частица</Mote_BerserkBit.label>
  
  <!-- EN: Mote -->
  <Mote_ColonistAttacking.label>частица</Mote_ColonistAttacking.label>
  
  <!-- EN: Mote -->
  <Mote_ColonistFleeing.label>частица</Mote_ColonistFleeing.label>
  
  <!-- EN: Mote -->
  <Mote_DrunkBubble.label>частица</Mote_DrunkBubble.label>
  
  <!-- EN: Mote -->
  <Mote_HealingCross.label>частица</Mote_HealingCross.label>
  
  <!-- EN: Mote -->
  <Mote_Heart.label>частица</Mote_Heart.label>
  
  <!-- EN: Mote -->
  <Mote_IncapIcon.label>частица</Mote_IncapIcon.label>
  
  <!-- EN: Mote -->
  <Mote_Meditating.label>частица</Mote_Meditating.label>
  
  <!-- EN: Mote -->
  <Mote_SleepZ.label>частица</Mote_SleepZ.label>
  
  <!-- EN: Mote -->
  <Mote_Stun.label>частица</Mote_Stun.label>
  
</LanguageData>