﻿<?xml version="1.0" encoding="UTF-8"?>
<LanguageData>
  
  <!-- EN: penoxycyline -->
  <Penoxycyline.label>пеноксицилин</Penoxycyline.label>
  <!-- EN: A drug for preventing infections before they take hold. Blocks malaria, sleeping sickness, plague. Must be taken every five days to remain effective.\n\nThis drug only prevents new infections. It does not cure existing infections - even those that are not yet discovered. -->
  <Penoxycyline.description>Лекарство для предотвращения заражения различными видами инфекций. Применяется против малярии, сонной болезни и чумы. Следует принимать каждые пять дней.\n\nЭто средство не поможет против уже имеющегося заражения (в том числе на скрытой стадии), но спасёт от возникновения нового.</Penoxycyline.description>
  <!-- EN: Take {0} -->
  <Penoxycyline.ingestible.ingestCommandString>Принять {0}</Penoxycyline.ingestible.ingestCommandString>
  <!-- EN: Taking {0}. -->
  <Penoxycyline.ingestible.ingestReportString>Принимает {0}</Penoxycyline.ingestible.ingestReportString>
  
</LanguageData>