﻿<?xml version="1.0" encoding="UTF-8"?>
<LanguageData>
  
  <!-- EN: daylily -->
  <Plant_Daylily.label>лилейник</Plant_Daylily.label>
  <!-- EN: A cultivated flower with wide petals and a short lifespan. Daylilies are very beautiful, but must be replanted often. -->
  <Plant_Daylily.description>Красивый, но недолговечный цветок с широкими лепестками. Нужно часто сажать заново.</Plant_Daylily.description>
  
  <!-- EN: rose -->
  <Plant_Rose.label>роза</Plant_Rose.label>
  <!-- EN: A beautiful cultivated flower, the rose has been a symbol of love since Earth's ancient era. -->
  <Plant_Rose.description>Красивый цветок, символ любви и романтики с древних времён.</Plant_Rose.description>
  
</LanguageData>