﻿<?xml version="1.0" encoding="UTF-8"?>
<LanguageData>
  
  <!-- EN: astragalus -->
  <Plant_Astragalus.label>астрагал</Plant_Astragalus.label>
  <!-- EN: A small perennial wildflower that grows in alpine climates. -->
  <Plant_Astragalus.description>Небольшой многолетний дикий цветок, произрастающий в горном климате.</Plant_Astragalus.description>
  
  <!-- EN: berry bush -->
  <Plant_Berry.label>ягодный куст</Plant_Berry.label>
  <!-- EN: A bushy wild plant which yields delicious berries. Berries can be cooked, but they're also good to eat even when raw. -->
  <Plant_Berry.description>Дикорастущий куст со вкусными ягодами. Из этих ягод можно делать различные блюда, но они хороши также и в сыром виде.</Plant_Berry.description>
  
  <!-- EN: dandelions -->
  <Plant_Dandelion.label>одуванчики</Plant_Dandelion.label>
  <!-- EN: A tiny yellow flower which grows in large clusters. Though it is often considered a weed, dandelions in bloom are quite beautiful. -->
  <Plant_Dandelion.description>Низкорослое травянистое растение с мелкими жёлтыми цветками. Произрастает большими скоплениями. Хотя одуванчики часто считаются сорняком, их цветение достаточно красиво.</Plant_Dandelion.description>
  
  <!-- EN: moss -->
  <Plant_Moss.label>мох</Plant_Moss.label>
  <!-- EN: Wild moss that grows in clumps in areas of low light and cool temperatures. Moss takes a long time to grow, but is very frost-resistant. -->
  <Plant_Moss.description>Дикий мох, произрастающий скоплениями в тёмных и влажных местах. Растёт медленно, но очень живуч и морозостоек.</Plant_Moss.description>
  
  <!-- EN: birch tree -->
  <Plant_TreeBirch.label>берёза</Plant_TreeBirch.label>
  <!-- EN: A temperate-biome tree known for its thin, white, paper-like bark. -->
  <Plant_TreeBirch.description>Дерево, произрастающее в умеренном климате, известное своей тонкой, похожей на бумагу корой.</Plant_TreeBirch.description>
  
  <!-- EN: oak tree -->
  <Plant_TreeOak.label>дуб</Plant_TreeOak.label>
  <!-- EN: A hardwood tree. Oaks take a long time to grow, but their wood is so strong that 'oak' is used as a metaphor for strength across many cultures. -->
  <Plant_TreeOak.description>Крепкое дерево с твёрдой древесиной. Растёт медленно, но его древесина настолько прочна, что слово «дуб» во многих культурах стало метафорой для силы и стойкости.</Plant_TreeOak.description>
  
  <!-- EN: pine tree -->
  <Plant_TreePine.label>сосна</Plant_TreePine.label>
  <!-- EN: A large conifer covered with prickly pine cones. It grows in a distinctive conical shape. -->
  <Plant_TreePine.description>Большое хвойное дерево. Его крона имеет хорошо узнаваемую коническую форму.</Plant_TreePine.description>
  
  <!-- EN: poplar tree -->
  <Plant_TreePoplar.label>тополь</Plant_TreePoplar.label>
  <!-- EN: A softwood tree that grows very fast. Unfortunately, its wood is weak and so it yields less useful material than hardwood trees. -->
  <Plant_TreePoplar.description>Дерево с мягкой древесиной. Растёт быстро, но содержит не так много пригодной древесины.</Plant_TreePoplar.description>
  
</LanguageData>