﻿<?xml version="1.0" encoding="UTF-8"?>
<LanguageData>
  
  <!-- EN: agarilux -->
  <Agarilux.label>пластосвет</Agarilux.label>
  <!-- EN: An enormous purple mushroom. Its size and glowing protrusions make this fungus beautiful to look at. It dies when exposed to light. -->
  <Agarilux.description>Огромный пурпурный гриб. Его внушительный размер и светящиеся наросты притягивают взгляд. Гибнет на свету.</Agarilux.description>
  
  <!-- EN: bryolux -->
  <Bryolux.label>бриолюкс</Bryolux.label>
  <!-- EN: A blue moss typically found in deep, dark caves. It is sticky, with tangled fibers, which slows anyone walking over it. Dies when exposed to light. -->
  <Bryolux.description>Синий мох, обычно встречающийся в глубоких тёмных пещерах. Его липкие, запутанные волокна, замедляют передвижение по нему. Гибнет на свету.</Bryolux.description>
  
  <!-- EN: glowstool -->
  <Glowstool.label>шаяльник</Glowstool.label>
  <!-- EN: A small brown mushroom typically found in caves. It smells like an old, dirty rag pulled from the stomach of a rotting muffalo - but it tastes surprisingly good when cooked. Dies when exposed to light. -->
  <Glowstool.description>Небольшой гриб бурого цвета, часто встречается в пещерах. Пахнет как старая грязная тряпка из желудка полусгнившего муффало, однако в приготовленном виде его вкус приятно удивляет. Гибнет на свету.</Glowstool.description>
  
</LanguageData>