﻿<?xml version="1.0" encoding="UTF-8"?>
<LanguageData>
  
  <!-- EN: agave -->
  <Plant_Agave.label>агава</Plant_Agave.label>
  <!-- EN: A large-leafed desert plant with edible flowers and stalks. -->
  <Plant_Agave.description>Большелистное пустынное растение со съедобными цветками и стеблями.</Plant_Agave.description>
  
  <!-- EN: pincushion cactus -->
  <Plant_PincushionCactus.label>кактус-игольник</Plant_PincushionCactus.label>
  <!-- EN: A short cactus. It is so named because it resembles a pincushion. -->
  <Plant_PincushionCactus.description>Низкий кактус. Назван так, потому что напоминает подушку для иголок.</Plant_PincushionCactus.description>
  
  <!-- EN: saguaro cactus -->
  <Plant_SaguaroCactus.label>кактус Карнегия</Plant_SaguaroCactus.label>
  <!-- EN: A large cactus native to arid Earth environments. Though it is not a tree, it yields a small amount of fibrous material that can be used like wood. -->
  <Plant_SaguaroCactus.description>Большой кактус родом из засушливых мест Земли. Хотя это и не дерево, из него можно извлечь материалы, по свойствам схожие с древесиной.</Plant_SaguaroCactus.description>
  
  <!-- EN: drago tree -->
  <Plant_TreeDrago.label>драконово дерево</Plant_TreeDrago.label>
  <!-- EN: A hardy desert tree topped with thick, pointed leaves. -->
  <Plant_TreeDrago.description>Выносливое пустынное дерево с толстыми заострёнными листьями.</Plant_TreeDrago.description>
  
</LanguageData>