﻿<?xml version="1.0" encoding="UTF-8"?>
<LanguageData>
  
  <!-- EN: alocasia -->
  <Plant_Alocasia.label>алоказия</Plant_Alocasia.label>
  <!-- EN: A tropical plant. Its extremely broad leaves are a commonly-recognized signifier of tropical forests. -->
  <Plant_Alocasia.description>Распространённое многолетнее тропическое растение. Его хорошо узнаваемые широкие листья стали своего рода визитной карточкой тропических лесов.</Plant_Alocasia.description>
  
  <!-- EN: clivia -->
  <Plant_Clivia.label>кливия</Plant_Clivia.label>
  <!-- EN: An unusual plant with tall, pretty flowers. Some call it the 'bush lily'. -->
  <Plant_Clivia.description>Необычное вечнозелёное травянистое растение с красивыми высокими цветками. Его также называют «кустовой лилией».</Plant_Clivia.description>
  
  <!-- EN: giant rafflesia -->
  <Plant_Rafflesia.label>раффлезия</Plant_Rafflesia.label>
  <!-- EN: A rare, giant flower which can be found deep in steaming jungles. You would think a giant flower would be beautiful, but this one looks and smells like rotting flesh. -->
  <Plant_Rafflesia.description>Редкий цветок огромных размеров. Слыша словосочетание «гигантский цветок», многие представляют себе нечто красивое и благоухающее. Но раффлезия же выглядит и пахнет, как огромная куча гниющего мяса.</Plant_Rafflesia.description>
  
  <!-- EN: low shrubs -->
  <Plant_ShrubLow.label>низкий куст</Plant_ShrubLow.label>
  <!-- EN: Various low broadleaf shrubs. These grow in clusters and slow down movement. -->
  <Plant_ShrubLow.description>Низкорослый широколиственный кустарник. Растёт большими скоплениями. Несколько затрудняет передвижение.</Plant_ShrubLow.description>
  
  <!-- EN: bamboo tree -->
  <Plant_TreeBamboo.label>бамбук</Plant_TreeBamboo.label>
  <!-- EN: A fast-growing tree-like plant that grows in dense groves. Bamboo can be harvested for a wood-like material. The plant itself is not beautiful. -->
  <Plant_TreeBamboo.description>Быстрорастущий злак, произрастающий группами. Стебли бамбука служат источником материала, по свойствам схожего с древесиной. Само по себе это растение не слишком красиво.</Plant_TreeBamboo.description>
  
  <!-- EN: cecropia tree -->
  <Plant_TreeCecropia.label>цекропия</Plant_TreeCecropia.label>
  <!-- EN: One of the most common rainforest trees. Cecropia grows very fast, but yields little usable wood. -->
  <Plant_TreeCecropia.description>Одно из наиболее распространённых тропических деревьев. Растёт очень быстро, но приносит мало пригодной древесины.</Plant_TreeCecropia.description>
  
  <!-- EN: palm tree -->
  <Plant_TreePalm.label>пальма</Plant_TreePalm.label>
  <!-- EN: A tropical tree with a tall, naked trunk topped by a cluster of very broad leaves. Unfortunately, this variety doesn't produce any edible coconuts. -->
  <Plant_TreePalm.description>Тропическое дерево с высоким оголённым стволом, увенчанным кроной из веерообразных листьев. К сожалению, его плоды несъедобны.</Plant_TreePalm.description>
  
  <!-- EN: teak tree -->
  <Plant_TreeTeak.label>тиковое дерево</Plant_TreeTeak.label>
  <!-- EN: An exceptionally strong hardwood tree that grows in warm climates. Because teak wood is so durable and water-resistant, it was used to form the keel of wooden sailing ships in ancient times. -->
  <Plant_TreeTeak.description>Очень крепкое дерево с твёрдой древесиной, произрастающее в тёплом климате. Из-за прочности и влагоустойчивости его древесина в древности использовалась для постройки килей для парусных морских судов.</Plant_TreeTeak.description>
  
</LanguageData>