﻿<?xml version="1.0" encoding="UTF-8"?>
<LanguageData>
  
  <!-- EN: brambles -->
  <Plant_Brambles.label>колючие заросли</Plant_Brambles.label>
  <!-- EN: Tangled, thorny, woody shoots covered with leaves. Brambles grow in clusters, and slow down anyone moving over them. -->
  <Plant_Brambles.description>Запутанная колючая поросль, покрытая листвой. Замедляет передвижение.</Plant_Brambles.description>
  
  <!-- EN: bush -->
  <Plant_Bush.label>куст</Plant_Bush.label>
  <!-- EN: A short shrub. Does not typically talk. -->
  <Plant_Bush.description>Низкий кустарник. Обычно не разговаривает.</Plant_Bush.description>
  
  <!-- EN: grass -->
  <Plant_Grass.label>трава</Plant_Grass.label>
  <!-- EN: Wild grass. Grows anywhere there is a little light and minimally fertile ground. -->
  <Plant_Grass.description>Дикая трава. Растёт везде, где есть хоть немного света и минимально плодородная почва.</Plant_Grass.description>
  
  <!-- EN: wild healroot -->
  <Plant_HealrootWild.label>дикий лечебный корень</Plant_HealrootWild.label>
  <!-- EN: A slow-growing plant which yields herbal medicine when harvested.\n\nThis wild breed of healroot is hardier than domesticated healroot, but too difficult to cultivate. It is prized by tribespeople in colder climates. -->
  <Plant_HealrootWild.description>Медленно растущее растение, из которого можно изготавливать медикаменты.\n\nДикорастущий лечебный корень гораздо выносливее, чем одомашненный, но его очень сложно культивировать. Он высоко ценится племенами, живущими в условиях холодного климата.</Plant_HealrootWild.description>
  
  <!-- EN: tall grass -->
  <Plant_TallGrass.label>высокая трава</Plant_TallGrass.label>
  <!-- EN: Wild tall grass. Slows down anyone moving over it. -->
  <Plant_TallGrass.description>Дикая высокая трава. Заметно замедляет каждого, кто идёт по ней.</Plant_TallGrass.description>
  
</LanguageData>