﻿<?xml version="1.0" encoding="UTF-8"?>
<LanguageData>
  
  <!-- EN: burned tree -->
  <BurnedTree.label>сгоревшее дерево</BurnedTree.label>
  <!-- EN: A burned tree stump. It's ugly and yields no usable wood. -->
  <BurnedTree.description>Дерево, сильно повреждённое огнём. Из него невозможно получить древесину надлежащего качества.</BurnedTree.description>
  
  <!-- EN: ambrosia bush -->
  <Plant_Ambrosia.label>куст амброзии</Plant_Ambrosia.label>
  <!-- EN: A rare wild bush which yields the ambrosia fruit. Ambrosia fruit is delicious and produces a drug-like mood boost. Ambrosia cannot be farmed, which makes wild ambrosia groves very valuable.\n\nIts rarity, beauty, and desirability are why ambrosia was named after the food of the ancient Greek gods. -->
  <Plant_Ambrosia.description>Редко встречающийся кустарник, на котором созревают плоды амброзии. Этот фрукт имеет очень приятный вкус и при съедании даёт наркотический эффект, выражающийся в улучшении настроения. Амброзия встречается только в диком виде, из-за чего её стоимость весьма высока.\n\nРедкость, красота и привлекательность — вот из-за чего этот фрукт назвали в честь пищи древнегреческих богов.</Plant_Ambrosia.description>
  
</LanguageData>