﻿<?xml version="1.0" encoding="UTF-8"?>
<LanguageData>
  
  <!-- EN: chokevine -->
  <Plant_Chokevine.label>лозокуст</Plant_Chokevine.label>
  <!-- EN: Tangled masses of cord-like, spiky vines which coil in great masses along the ground. Chokevine greatky slows down anyone who moves over it. Multiple tribes have independently generated stories of chokevine strangling children to death in the night, as a way to scare kids into coming home before dark. -->
  <Plant_Chokevine.description>Спутанные массы жёсткой шипастой лозы, застилающие землю сплошным ковром и очень сильно затрудняющие передвижение. Во многих племенах, чтобы заставить детей возвращаться домой засветло, сочиняют небылицы о том, что лозокуст душит по ночам детей, попавших в него.</Plant_Chokevine.description>
  
  <!-- EN: cypress tree -->
  <Plant_TreeCypress.label>болотный кипарис</Plant_TreeCypress.label>
  <!-- EN: A tall coniferous tree often found in swamps. Despite its slow growth, planting these trees can be profitable as a low-effort, long-term investment because they yield so much usable wood. -->
  <Plant_TreeCypress.description>Высокое медленно растущее дерево. Чаще всего встречается на болотах. Несмотря на их медленный рост, выращивание этих деревьев приносит пользу, поскольку из них можно получить много древесины.</Plant_TreeCypress.description>
  
  <!-- EN: maple tree -->
  <Plant_TreeMaple.label>клён</Plant_TreeMaple.label>
  <!-- EN: A common medium-sized tree, easily identifiable by its distinct three-pointed leaf. -->
  <Plant_TreeMaple.description>Часто встречающееся дерево средних размеров. Обычно произрастает на болотах или в местах с влажной почвой.</Plant_TreeMaple.description>
  
  <!-- EN: willow tree -->
  <Plant_TreeWillow.label>ива</Plant_TreeWillow.label>
  <!-- EN: One of the fastest growing shade trees, willows provide a beautiful, leafy canopy. It doesn't yield much usable wood. -->
  <Plant_TreeWillow.description>Одно из самых быстрорастущих влаголюбивых деревьев. Его крона представляет собой красивый густой полог из листьев. Это дерево не приносит большого количества пригодной древесины.</Plant_TreeWillow.description>
  
</LanguageData>