﻿<?xml version="1.0" encoding="UTF-8"?>
<LanguageData>
  
  <!-- EN: yayo -->
  <Yayo.label>порошок психина</Yayo.label>
  <!-- EN: A refined powdery preparation of the psychite drug. When snorted, it produces a rapid euphoric high, dramatically reduces the user's need for rest, and suppresses pain. Like all forms of psychite, it is addictive, though it is not as addictive as the cruder flake.\n\nBecause of its high cost and refined appearance, many cultures associate yayo with degenerate wealth. Whether in the throneroom or the boardroom, many hare-brained policy schemes have been developed during yayo-fueled binge parties. -->
  <Yayo.description>Очищенный порошкообразный препарат психина. При вдыхании вызывает мощное состояние эйфории, снижает потребность в отдыхе и подавляет боль. Как и все остальные формы психина, порошок вызывает привыкание, хоть и не такое сильное, как в случае неочищенных хлопьев.\n\nИз-за высокой себестоимости и благородно-чистого внешнего вида этого наркотика многие культуры считают его символом богатства и морального падения. Как в тронных залах, так и в залах заседаний наркотические пьянки были неизменным спутником безумных политических заговоров.</Yayo.description>
  <!-- EN: Snort {0} -->
  <Yayo.ingestible.ingestCommandString>Нюхать {0}</Yayo.ingestible.ingestCommandString>
  <!-- EN: Snorting {0}. -->
  <Yayo.ingestible.ingestReportString>Нюхает {0}</Yayo.ingestible.ingestReportString>
  
</LanguageData>