﻿<?xml version="1.0" encoding="UTF-8"?>
<LanguageData>
  
  <!-- EN: psychite tea -->
  <PsychiteTea.label>психиновый чай</PsychiteTea.label>
  <!-- EN: A fragrant tea infused with leaves of the psychoid plant. Drinking it induces a subtle psychite euphoria. This tea is easy to produce at cooking facilities, but can produce psychite addiction if consumed too often.\n\nMany tribes use psychoid tea, both as a daily energizer and as part of social and religious rituals. -->
  <PsychiteTea.description>Ароматный чай из психолиста, вызывающий лёгкий эффект эйфории. Очень прост в приготовлении, но при слишком частом употреблении вызывает привыкание.\n\nЭтот чай вошёл в быт многих племён как тонизирующий напиток, а также как часть социальных и религиозных обычаев.</PsychiteTea.description>
  <!-- EN: Drink {0} -->
  <PsychiteTea.ingestible.ingestCommandString>Пить {0}</PsychiteTea.ingestible.ingestCommandString>
  <!-- EN: Drinking {0}. -->
  <PsychiteTea.ingestible.ingestReportString>Пьёт {0}</PsychiteTea.ingestible.ingestReportString>
  
</LanguageData>