﻿<?xml version="1.0" encoding="UTF-8"?>
<LanguageData>
  
  <!-- EN: flake -->
  <Flake.label>хлопья психина</Flake.label>
  <!-- EN: A flaky white preparation of psychite that can be smoked to induce a short but powerful euphoric state. While it is cheap to produce and extremely pleasurable to use, it is exceptionally addictive. Flake is known for destroying lives, communities, and entire societies. -->
  <Flake.description>Хлопьевидное вещество, пригодное для курения. Вызывает непродолжительное, но мощное состояние эйфории. Низкая стоимость производства, легко вызывает привыкание. Хлопья психина печально известны тем, что разрушают судьбы людей, семей и целых сообществ.</Flake.description>
  <!-- EN: Smoke {0} -->
  <Flake.ingestible.ingestCommandString>Курить {0}</Flake.ingestible.ingestCommandString>
  <!-- EN: Smoking {0}. -->
  <Flake.ingestible.ingestReportString>Курит {0}</Flake.ingestible.ingestReportString>
  
</LanguageData>