﻿<?xml version="1.0" encoding="UTF-8"?>
<LanguageData>
  
  <!-- EN: elephant -->
  <Elephant.label>слон</Elephant.label>
  <!-- EN: The largest unmodified land animal. Elephants has a long trunk they use to manipulate objects, and sharp tusks they use to gore attackers. A dead elephant's valuable tusks can be recovered by butchering it.\n\nIntelligent creatures with complex social relationships, elephants can be used as pack animals or trained to carry out the most complex of tasks. They live a long time, and are known to remember events and relationships from many decades before. -->
  <Elephant.description>Крупнейшее из нетронутых генной модификацией животных. Слоны имеют длинный хобот для передвижения предметов и острые бивни в качестве смертоносного оружия. Бивни весьма ценны, получить их можно при разделке туши мёртвого животного.\n\nСлоны — умные существа, способные к сложным социальным отношениям. С древних лет их использовали в качестве вьючных и рабочих животных. Они могут выполнять сложную работу и помнить события, произошедшие десятки лет назад в их долгой жизни.</Elephant.description>
  <!-- EN: tusk -->
  <Elephant.tools.tusk.label>бивень</Elephant.tools.tusk.label>
  <!-- EN: left foot -->
  <Elephant.tools.left_foot.label>левая нога</Elephant.tools.left_foot.label>
  <!-- EN: right foot -->
  <Elephant.tools.right_foot.label>правая нога</Elephant.tools.right_foot.label>
  <!-- EN: head -->
  <Elephant.tools.head.label>голова</Elephant.tools.head.label>
  
  <!-- EN: megasloth -->
  <Megasloth.label>гигантский ленивец</Megasloth.label>
  <!-- EN: A giant, solitary herbivore with two giant claws for warding off threats. Long extinct after being wiped out by the natives of Earth's American continent, the megasloth was later brought back using advanced cloning and artificial gestators. Its thick hide is exceptionally strong and insulating, and makes a great leather for cold-weather clothing. It is peaceful if left alone, but will shred anyone who disturbs it with its giant claws. -->
  <Megasloth.description>Эти гигантские травоядные одиночки имеют на каждой лапе по два огромных когтя, что позволяет им отбиваться от угроз. Гигантские ленивцы были давно истреблены на Земле аборигенами Америки, но при помощи продвинутых технологий клонирования и искусственного вынашивания учёным впоследствии удалось вернуть этот вид к жизни. Их шкура чрезвычайно прочная, а мех прекрасно защищает от холода. Ленивцы весьма миролюбивы, если их не трогать, но обидчиков могут без труда разорвать своими огромными когтями.</Megasloth.description>
  <!-- EN: left claw -->
  <Megasloth.tools.left_claw.label>левая лапа</Megasloth.tools.left_claw.label>
  <!-- EN: right claw -->
  <Megasloth.tools.right_claw.label>правая лапа</Megasloth.tools.right_claw.label>
  <!-- EN: head -->
  <Megasloth.tools.head.label>голова</Megasloth.tools.head.label>
  
  <!-- EN: rhinoceros -->
  <Rhinoceros.label>носорог</Rhinoceros.label>
  <!-- EN: Despite being herbivorous, this large mammal is very easy to enrage. Once angered, its massive strength and sharp horn make it a brutal opponent. It has more muscle in one leg than most humans do in their whole body. -->
  <Rhinoceros.description>Это крупное травоядное млекопитающее очень легко разозлить. Массивный острый рог делает его крайне опасным противником, а количество мышц на одной его ноге — больше, чем у среднестатистического человека во всём теле.</Rhinoceros.description>
  <!-- EN: horn -->
  <Rhinoceros.tools.horn-0.label>рог</Rhinoceros.tools.horn-0.label>
  <!-- EN: horn -->
  <Rhinoceros.tools.horn-1.label>рог</Rhinoceros.tools.horn-1.label>
  <!-- EN: head -->
  <Rhinoceros.tools.head.label>голова</Rhinoceros.tools.head.label>
  
  <!-- EN: thrumbo -->
  <Thrumbo.label>трумбо</Thrumbo.label>
  <!-- EN: A gigantic, graceful creature of unknown origin. The thrumbo is gentle by nature, but extremely dangerous when enraged. While its long fur is exceptionally beautiful, its hide is also incredibly resistant to damage. Its razor-sharp horn fetches a huge price.\n\nLegends say that an old thrumbo is the wisest creature in the universe - it simply chooses not to speak. -->
  <Thrumbo.description>Гигантское существо неизвестного происхождения. Трумбо мирные по своей природе, но чрезвычайно опасные, если их разозлить. Длинный мех трумбо исключительно красив и ценен, шкура плотна и устойчива к повреждениям, а бритвенно-острые рога и вовсе не имеют цены на большинстве рынков. Легенды гласят, что старые трумбо — самые мудрые существа во Вселенной, просто они предпочитают не разговаривать.</Thrumbo.description>
  <!-- EN: horn -->
  <Thrumbo.tools.horn.label>рог</Thrumbo.tools.horn.label>
  <!-- EN: left foot -->
  <Thrumbo.tools.left_foot.label>левая нога</Thrumbo.tools.left_foot.label>
  <!-- EN: right foot -->
  <Thrumbo.tools.right_foot.label>правая нога</Thrumbo.tools.right_foot.label>
  <!-- EN: head -->
  <Thrumbo.tools.head.label>голова</Thrumbo.tools.head.label>
  
</LanguageData>