﻿<?xml version="1.0" encoding="UTF-8"?>
<LanguageData>
  
  <!-- EN: human -->
  <Human.label>человек</Human.label>
  <!-- EN: A baseline human, mostly unmodified by gene engineering and mostly unchanged by evolutionary pressures on non-Earth planets. -->
  <Human.description>Обычный человек, практически не изменённый генной инженерией или эволюционными процессами других планет.</Human.description>
  <!-- EN: left fist -->
  <Human.tools.left_fist.label>левый кулак</Human.tools.left_fist.label>
  <!-- EN: right fist -->
  <Human.tools.right_fist.label>правый кулак</Human.tools.right_fist.label>
  <!-- EN: teeth -->
  <Human.tools.teeth.label>зубы</Human.tools.teeth.label>
  <!-- EN: head -->
  <Human.tools.head.label>голова</Human.tools.head.label>
  
</LanguageData>