﻿<?xml version="1.0" encoding="UTF-8"?>
<LanguageData>
  
  <!-- EN: hare -->
  <Hare.label>заяц</Hare.label>
  <!-- EN: This small, solitary herbivore can swiftly hop away from danger. -->
  <Hare.description>Это небольшое, одиночное травоядное может быстро ускакать от опасности.</Hare.description>
  <Hare.race.meatLabel>зайчатина</Hare.race.meatLabel>
  <!-- EN: head -->
  <Hare.tools.head.label>голова</Hare.tools.head.label>
  
  <!-- EN: snowhare -->
  <Snowhare.label>беляк</Snowhare.label>
  <!-- EN: This hardy animal survives the brutal winters of its homelands by burrowing through snow to find edible plants. -->
  <Snowhare.description>Это выносливое животное переживает суровые северные зимы, зарываясь в норы под снегом и находя себе пропитание там, или же впадая в спячку на время самых тяжёлых месяцев.</Snowhare.description>
  <!-- EN: head -->
  <Snowhare.tools.head.label>голова</Snowhare.tools.head.label>
  
</LanguageData>