﻿<?xml version="1.0" encoding="UTF-8"?>
<LanguageData>
  
  <!-- EN: cat -->
  <Cat.label>кошка</Cat.label>
  <!-- EN: One of mankind's first pets, the cat is a small mammal which hunts vermin. Known for their aloofness, cats are nevertheless popular companions because of their independence, calm disposition, and fine, pettable fur. -->
  <Cat.description>Одни из первых домашних животных, кошки — небольшие млекопитающие, охотящиеся на разных вредителей. Несмотря на присущее им равнодушие, они всё равно очень популярны из-за своего спокойствия, независимости и мягчайшего меха, который очень приятно гладить.</Cat.description>
  <!-- EN: left claw -->
  <Cat.tools.left_claw.label>левая лапа</Cat.tools.left_claw.label>
  <!-- EN: right claw -->
  <Cat.tools.right_claw.label>правая лапа</Cat.tools.right_claw.label>
  <!-- EN: head -->
  <Cat.tools.head.label>голова</Cat.tools.head.label>
  
  <!-- EN: husky -->
  <Husky.label>хаски</Husky.label>
  <!-- EN: A large, energetic dog with a thick fur coat for remaining comfortable in arctic environments. -->
  <Husky.description>Крупная энергичная порода собак с густой шерстью. Хаски комфортно себя чувствуют даже в арктических условиях.</Husky.description>
  <!-- EN: left claw -->
  <Husky.tools.left_claw.label>левая лапа</Husky.tools.left_claw.label>
  <!-- EN: right claw -->
  <Husky.tools.right_claw.label>правая лапа</Husky.tools.right_claw.label>
  <!-- EN: head -->
  <Husky.tools.head.label>голова</Husky.tools.head.label>
  
  <!-- EN: labrador retriever -->
  <LabradorRetriever.label>лабрадор-ретривер</LabradorRetriever.label>
  <!-- EN: A very versatile, medium-sized dog. Originally bred to retrieve birds shot on the hunt, the lab is also an excellent guard dog, play pal, and family friend. -->
  <LabradorRetriever.description>Собака средних размеров. Эта порода изначально разводилась для охоты на птиц, но со временем стала применяться как сторожевая. Очень верный друг.</LabradorRetriever.description>
  <!-- EN: left claw -->
  <LabradorRetriever.tools.left_claw.label>левая лапа</LabradorRetriever.tools.left_claw.label>
  <!-- EN: right claw -->
  <LabradorRetriever.tools.right_claw.label>правая лапа</LabradorRetriever.tools.right_claw.label>
  <!-- EN: head -->
  <LabradorRetriever.tools.head.label>голова</LabradorRetriever.tools.head.label>
  
  <!-- EN: yorkshire terrier -->
  <YorkshireTerrier.label>йоркширский терьер</YorkshireTerrier.label>
  <!-- EN: A small, even-tempered dog. Originally bred to hunt rats, it later became a show and companionship animal. Some consider it useless, but the mood boost it gives by nuzzling can outweight the cost of feeding it. -->
  <YorkshireTerrier.description>Небольшая спокойная собака. Изначально разводившиеся для охоты на крыс, йоркширские терьеры впоследствии стали домашними и декоративными животными. Кто-то считает их бесполезными, но для многих радость от общения с собаками этой породы перевешивает хлопоты, связанные с их содержанием.</YorkshireTerrier.description>
  <!-- EN: left claw -->
  <YorkshireTerrier.tools.left_claw.label>левая лапа</YorkshireTerrier.tools.left_claw.label>
  <!-- EN: right claw -->
  <YorkshireTerrier.tools.right_claw.label>правая лапа</YorkshireTerrier.tools.right_claw.label>
  <!-- EN: cute little teeth -->
  <YorkshireTerrier.tools.cute_little_teeth.label>милые маленькие зубки</YorkshireTerrier.tools.cute_little_teeth.label>
  <!-- EN: head -->
  <YorkshireTerrier.tools.head.label>голова</YorkshireTerrier.tools.head.label>
  
</LanguageData>