﻿<?xml version="1.0" encoding="UTF-8"?>
<LanguageData>
  
  <!-- EN: cassowary -->
  <Cassowary.label>казуар</Cassowary.label>
  <!-- EN: A large flightless bird with brightly-colored feathers. While it looks beautiful, its kick is vicious. It's known for being quick to aggression when harmed by violence or confronted by incompetent animal tamers. -->
  <Cassowary.description>Большая нелетающая птица с яркими цветными перьями. Выглядит красиво, но бьёт больно. Её очень легко разозлить как незадачливому охотнику, так и неумелому животноводу.</Cassowary.description>
  <!-- EN: bird meat -->
  <Cassowary.race.meatLabel>мясо птицы</Cassowary.race.meatLabel>
  <!-- EN: claws -->
  <Cassowary.tools.claws.label>когти</Cassowary.tools.claws.label>
  <!-- EN: beak -->
  <Cassowary.tools.beak.label>клюв</Cassowary.tools.beak.label>
  <!-- EN: head -->
  <Cassowary.tools.head.label>голова</Cassowary.tools.head.label>
  
  <!-- EN: emu -->
  <Emu.label>эму</Emu.label>
  <!-- EN: A large flightless bird with beady eyes on its ugly face. With its bad attitude, it is the jerk of the natural world. Bother it, and it is guaranteed to seek revenge. -->
  <Emu.description>Большая нелетающая птица с выпученными глазами и неприятной внешностью. Вкупе с её дурным характером, является весьма странным порождением природы. Не трогайте её — и она не тронет вас.</Emu.description>
  <!-- EN: claws -->
  <Emu.tools.claws.label>когти</Emu.tools.claws.label>
  <!-- EN: beak -->
  <Emu.tools.beak.label>клюв</Emu.tools.beak.label>
  <!-- EN: head -->
  <Emu.tools.head.label>голова</Emu.tools.head.label>
  
  <!-- EN: ostrich -->
  <Ostrich.label>страус</Ostrich.label>
  <!-- EN: The largest unmodified bird species, ostriches are known for their fast run, huge eggs, and powerful kick. It is easily angered. -->
  <Ostrich.description>Самые крупные немодифицированные птицы. Известны своим быстрым бегом и мощным ударом ноги. Страусиные яйца — самые крупные из птичьих.</Ostrich.description>
  <!-- EN: claws -->
  <Ostrich.tools.claws.label>когти</Ostrich.tools.claws.label>
  <!-- EN: beak -->
  <Ostrich.tools.beak.label>клюв</Ostrich.tools.beak.label>
  <!-- EN: head -->
  <Ostrich.tools.head.label>голова</Ostrich.tools.head.label>
  
  <!-- EN: turkey -->
  <Turkey.label>индейка</Turkey.label>
  <!-- EN: A short, fat, flightless bird known for its hilarious 'gobbling' call. It has been long domesticated, but also lives in the wild. -->
  <Turkey.description>Невысокая толстая нелетающая птица, известная своим уморительным кулдыканьем. Давно одомашнена, но обитает и в дикой природе.</Turkey.description>
  <!-- EN: claws -->
  <Turkey.tools.claws.label>когти</Turkey.tools.claws.label>
  <!-- EN: beak -->
  <Turkey.tools.beak.label>клюв</Turkey.tools.beak.label>
  <!-- EN: head -->
  <Turkey.tools.head.label>голова</Turkey.tools.head.label>
  
</LanguageData>