﻿<?xml version="1.0" encoding="UTF-8"?>
<LanguageData>
  
  <!-- EN: dromedary -->
  <Dromedary.label>верблюд</Dromedary.label>
  <!-- EN: A large land mammal adapted to arid environments. Domesticated since ancient times, its wool and leather are both exceptionally good at insulating against the desert heat, and its milk is quite nourishing. It can be used as a pack animal, but its bouncing gait makes it too uncomfortable to ride for any distance.\n\nBy storing water in its large humps and reclaiming moisture from its breath as it exhales, it can go weeks without drinking. -->
  <Dromedary.description>Крупное млекопитающее, приспособленное для жизни в пустынях. Это животное одомашнено человеком с древних времён. Его шерсть и шкура отлично защищают от дневного зноя и ночного холода, а молоко весьма питательно. Верблюды могут быть использованы в качестве вьючных животных, но из-за их прыгучего аллюра их почти невозможно оседлать.\n\nВерблюды собирают влагу, выделяемую при дыхании, а их горб представляет собой жировые отложения — всё это позволяет им неделями обходиться без воды.</Dromedary.description>
  <!-- EN: left hoof -->
  <Dromedary.tools.left_hoof.label>левое копыто</Dromedary.tools.left_hoof.label>
  <!-- EN: right hoof -->
  <Dromedary.tools.right_hoof.label>правое копыто</Dromedary.tools.right_hoof.label>
  <!-- EN: head -->
  <Dromedary.tools.head.label>голова</Dromedary.tools.head.label>
  
  <!-- EN: gazelle -->
  <Gazelle.label>газель</Gazelle.label>
  <!-- EN: A small, extremely quick antelope known for its amazingly long leap. -->
  <Gazelle.description>Небольшая, очень быстрая антилопа, известная своим удивительно длинным прыжком.</Gazelle.description>
  <!-- EN: left hoof -->
  <Gazelle.tools.left_hoof.label>левое копыто</Gazelle.tools.left_hoof.label>
  <!-- EN: right hoof -->
  <Gazelle.tools.right_hoof.label>правое копыто</Gazelle.tools.right_hoof.label>
  <!-- EN: head -->
  <Gazelle.tools.head.label>голова</Gazelle.tools.head.label>
  
  <!-- EN: iguana -->
  <Iguana.label>игуана</Iguana.label>
  <!-- EN: These large lizards normally feed on plant matter. However, when angered, their tough hide and sharp claws make them quite dangerous.\n\nResting iguanas hold their heads high, giving them an amusing 'proud' look. But they're not proud; they're just trying to see predators so they don't get eaten. -->
  <Iguana.description>Эти большие ящерицы обычно питаются растениями. Однако в гневе, благодаря твёрдой шкуре и острым когтям, они способны серьёзно навредить противнику.\n\nОтдыхающая игуана высоко держит голову, что придаёт ей забавный «гордый» вид. Но эти животные вовсе не гордые — они просто хотят вовремя увидеть хищника, чтобы не быть съеденными.</Iguana.description>
  <!-- EN: left claw -->
  <Iguana.tools.left_claw.label>левая лапа</Iguana.tools.left_claw.label>
  <!-- EN: right claw -->
  <Iguana.tools.right_claw.label>правая лапа</Iguana.tools.right_claw.label>
  <!-- EN: head -->
  <Iguana.tools.head.label>голова</Iguana.tools.head.label>
  
  <!-- EN: muffalo -->
  <Muffalo.label>муффало</Muffalo.label>
  <!-- EN: A large herding herbivore descended from buffalo and adapted for both cold and warm environments. While enraged muffalo are deadly, tamed muffalo are quite docile and can be used as pack animals.\n\nNobody is quite sure why they're blue - it might even be some early genetic modification test that just never got changed. -->
  <Muffalo.description>Крупное стадное травоядное животное. Произошло от буйволов и приспособилось как к тёплому, так и к холодному климату. Крайне опасный в ярости, ручной муффало очень покорен и может быть использован в качестве вьючного животного.\n\nНикто точно не знает, из-за чего шерсть муффало приобрела голубой цвет. Кто-то считает его устойчивым последствием некой генной модификации.</Muffalo.description>
  <!-- EN: head -->
  <Muffalo.tools.head.label>голова</Muffalo.tools.head.label>
  <!-- EN: left hoof -->
  <Muffalo.tools.left_hoof.label>левое копыто</Muffalo.tools.left_hoof.label>
  <!-- EN: right hoof -->
  <Muffalo.tools.right_hoof.label>правое копыто</Muffalo.tools.right_hoof.label>
  
</LanguageData>