﻿<?xml version="1.0" encoding="UTF-8"?>
<LanguageData>
  
  <!-- EN: EMP grenade -->
  <Proj_GrenadeEMP.label>ЭМИ-граната</Proj_GrenadeEMP.label>
  
  <!-- EN: frag grenade -->
  <Proj_GrenadeFrag.label>осколочная граната</Proj_GrenadeFrag.label>
  
  <!-- EN: molotov cocktail -->
  <Proj_GrenadeMolotov.label>коктейль Молотова</Proj_GrenadeMolotov.label>
  
  <!-- EN: EMP grenades -->
  <Weapon_GrenadeEMP.label>ЭМИ-гранаты</Weapon_GrenadeEMP.label>
  <!-- EN: Electromagnetic pulse grenades damaging to electronic equipment. -->
  <Weapon_GrenadeEMP.description>Электромагнитные гранаты, наносящие урон электронному оборудованию.</Weapon_GrenadeEMP.description>
  <!-- EN: throw EMP grenade -->
  <Weapon_GrenadeEMP.verbs.throw_EMP_grenade.label>метнуть ЭМИ-гранату</Weapon_GrenadeEMP.verbs.throw_EMP_grenade.label>
  
  <!-- EN: frag grenades -->
  <Weapon_GrenadeFrag.label>осколочные гранаты</Weapon_GrenadeFrag.label>
  <!-- EN: Old-school fragmentation grenades. They can be thrown a short distance, where they'll explode, damaging anything and anyone nearby. -->
  <Weapon_GrenadeFrag.description>Старая добрая осколочная граната.</Weapon_GrenadeFrag.description>
  <!-- EN: throw frag grenade -->
  <Weapon_GrenadeFrag.verbs.throw_frag_grenade.label>метнуть осколочную гранату</Weapon_GrenadeFrag.verbs.throw_frag_grenade.label>
  
  <!-- EN: molotov cocktails -->
  <Weapon_GrenadeMolotov.label>коктейли Молотова</Weapon_GrenadeMolotov.label>
  <!-- EN: Glass bottles filled with flammable liquid, with a burning cloth in the neck. A favorite weapon of hooligans and desperate warriors from rim to rim. -->
  <Weapon_GrenadeMolotov.description>Стеклянная бутылка с легковоспламеняющейся жидкостью внутри и куском ткани в горлышке. Любимое оружие хулиганов и отчаянных бойцов.</Weapon_GrenadeMolotov.description>
  <!-- EN: throw molotov -->
  <Weapon_GrenadeMolotov.verbs.throw_molotov.label>метнуть коктейль Молотова</Weapon_GrenadeMolotov.verbs.throw_molotov.label>
  
</LanguageData>