﻿<?xml version="1.0" encoding="UTF-8"?>
<LanguageData>
  
  <!-- EN: doomsday rocket -->
  <Bullet_DoomsdayRocket.label>ракета судного дня</Bullet_DoomsdayRocket.label>
  
  <!-- EN: rocket -->
  <Bullet_Rocket.label>ракета</Bullet_Rocket.label>
  
  <!-- EN: doomsday rocket launcher -->
  <Gun_DoomsdayRocket.label>ракетница судного дня</Gun_DoomsdayRocket.label>
  <!-- EN: A single-use rocket launcher that fires a massive explosive projectile. Good against large groups of soft targets. Starts fires.\n\nBecause of its unwieldiness, single-use limitation, and the massive destruction it causes, it's said that one must be slightly crazy to use this weapon. -->
  <Gun_DoomsdayRocket.description>Одноразовая пусковая установка с ракетой огромной разрушительной силы. Эффективна против крупных скоплений незащищённых целей. Вызывает пожары.\n\nИз-за неудобства в обращении и одноразовости говорят, что нужно быть слегка сумасшедшим, чтобы пользоваться этим оружием.</Gun_DoomsdayRocket.description>
  <!-- EN: barrel -->
  <Gun_DoomsdayRocket.tools.barrel.label>ствол</Gun_DoomsdayRocket.tools.barrel.label>
  <!-- EN: doomsday rocket launcher -->
  <Gun_DoomsdayRocket.verbs.Verb_ShootOneUse.label>ракетница судного дня</Gun_DoomsdayRocket.verbs.Verb_ShootOneUse.label>
  
  <!-- EN: triple rocket launcher -->
  <Gun_TripleRocket.label>ракетница «Тройка»</Gun_TripleRocket.label>
  <!-- EN: A single-use rocket launcher that fires three large-bore explosive rockets. Good against small groups of tough targets.\n\nBecause of its unwieldiness, single-use limitation, and the massive destruction it causes, it's said that one must be slightly crazy to use this weapon. -->
  <Gun_TripleRocket.description>Одноразовая пусковая установка, выпускающая быструю очередь из трёх ракет. Эффективна против небольших групп хорошо защищённых целей.\n\nИз-за неудобства в обращении, одноразовости и большой разрушительной мощи говорят, что нужно быть слегка сумасшедшим, чтобы пользоваться этим оружием.</Gun_TripleRocket.description>
  <!-- EN: barrel -->
  <Gun_TripleRocket.tools.barrel.label>ствол</Gun_TripleRocket.tools.barrel.label>
  <!-- EN: triple rocket launcher -->
  <Gun_TripleRocket.verbs.Verb_ShootOneUse.label>ракетница «Тройка»</Gun_TripleRocket.verbs.Verb_ShootOneUse.label>
  
</LanguageData>