﻿<?xml version="1.0" encoding="UTF-8"?>
<LanguageData>
  
  <!-- EN: charge blaster shot -->
  <Bullet_ChargeBlasterHeavy.label>сгусток энергии</Bullet_ChargeBlasterHeavy.label>
  
  <!-- EN: inferno cannon shell -->
  <Bullet_InfernoCannon.label>снаряд инферно</Bullet_InfernoCannon.label>
  
  <!-- EN: needle shot -->
  <Bullet_NeedleGun.label>снаряд игломёта</Bullet_NeedleGun.label>
  
  <!-- EN: heavy charge blaster -->
  <Gun_ChargeBlasterHeavy.label>тяжёлый бластер</Gun_ChargeBlasterHeavy.label>
  <!-- EN: A pulse-charged rapid-fire blaster for area suppressive fire. Heavy cooling allows long, deadly bursts. -->
  <Gun_ChargeBlasterHeavy.description>Скорострельный энергетический бластер для ведения огня на подавление. Мощное охлаждение позволяет стрелять длинными очередями.</Gun_ChargeBlasterHeavy.description>
  <!-- EN: barrel -->
  <Gun_ChargeBlasterHeavy.tools.barrel.label>ствол</Gun_ChargeBlasterHeavy.tools.barrel.label>
  <!-- EN: heavy charge blaster -->
  <Gun_ChargeBlasterHeavy.verbs.Verb_Shoot.label>тяжёлый бластер</Gun_ChargeBlasterHeavy.verbs.Verb_Shoot.label>
  
  <!-- EN: inferno cannon -->
  <Gun_InfernoCannon.label>инферно-пушка</Gun_InfernoCannon.label>
  <!-- EN: An incendiary-shot mini-artillery device. It fires a large incendiary warhead. -->
  <Gun_InfernoCannon.description>Миниатюрное артиллерийское орудие. Стреляет одиночными зажигательными снарядами.</Gun_InfernoCannon.description>
  <!-- EN: barrel -->
  <Gun_InfernoCannon.tools.barrel.label>ствол</Gun_InfernoCannon.tools.barrel.label>
  <!-- EN: inferno cannon -->
  <Gun_InfernoCannon.verbs.Verb_Shoot.label>инферно-пушка</Gun_InfernoCannon.verbs.Verb_Shoot.label>
  
  <!-- EN: needle gun -->
  <Gun_Needle.label>игломёт</Gun_Needle.label>
  <!-- EN: A long-range weapon used by mechanoids. Named after its needle-like projectiles, it fires single shots with great accuracy. While it does less damage than charge weapons, it can reach over very long distances. -->
  <Gun_Needle.description>Дальнобойное оружие, применяемое механоидами. Выстреливает одиночными игловидными снарядами с высокой точностью. Наносит меньше ущерба по сравнению с энергетическим оружием, но имеет бо́льшую дальность.</Gun_Needle.description>
  <!-- EN: barrel -->
  <Gun_Needle.tools.barrel.label>ствол</Gun_Needle.tools.barrel.label>
  <!-- EN: needle gun -->
  <Gun_Needle.verbs.Verb_Shoot.label>игломёт</Gun_Needle.verbs.Verb_Shoot.label>
  
</LanguageData>