﻿<?xml version="1.0" encoding="UTF-8"?>
<LanguageData>
  
  <!-- EN: greatbow arrow -->
  <Arrow_Great.label>стрела длинного лука</Arrow_Great.label>
  
  <!-- EN: recurve bow arrow -->
  <Arrow_Recurve.label>стрела рекурсивного лука</Arrow_Recurve.label>
  
  <!-- EN: shortbow arrow -->
  <Arrow_Short.label>стрела короткого лука</Arrow_Short.label>
  
  <!-- EN: greatbow -->
  <Bow_Great.label>длинный лук</Bow_Great.label>
  <!-- EN: A powerful greatbow. Fires a heavy arrow long distances. -->
  <Bow_Great.description>Мощный длинный лук. Стреляет тяжёлыми стрелами на большие расстояния.</Bow_Great.description>
  <!-- EN: limb -->
  <Bow_Great.tools.limb.label>плечо</Bow_Great.tools.limb.label>
  <!-- EN: greatbow -->
  <Bow_Great.verbs.Verb_Shoot.label>длинный лук</Bow_Great.verbs.Verb_Shoot.label>
  
  <!-- EN: recurve bow -->
  <Bow_Recurve.label>рекурсивный лук</Bow_Recurve.label>
  <!-- EN: A recurve bow. Its construction behaves like a tuned spring, storing energy more efficiently and delivering a faster shot. -->
  <Bow_Recurve.description>Конструкция рекурсивного лука позволяет более эффективно накапливать энергию, что обеспечивает более высокую начальную скорость стрелы.</Bow_Recurve.description>
  <!-- EN: limb -->
  <Bow_Recurve.tools.limb.label>плечо</Bow_Recurve.tools.limb.label>
  <!-- EN: recurve bow -->
  <Bow_Recurve.verbs.Verb_Shoot.label>рекурсивный лук</Bow_Recurve.verbs.Verb_Shoot.label>
  
  <!-- EN: short bow -->
  <Bow_Short.label>короткий лук</Bow_Short.label>
  <!-- EN: A simple short selfbow made from a single piece of wood. -->
  <Bow_Short.description>Простой короткий лук, вырезанный из цельного куска древесины.</Bow_Short.description>
  <!-- EN: limb -->
  <Bow_Short.tools.limb.label>плечо</Bow_Short.tools.limb.label>
  <!-- EN: short bow -->
  <Bow_Short.verbs.Verb_Shoot.label>короткий лук</Bow_Short.verbs.Verb_Shoot.label>
  
  <!-- EN: pila -->
  <Pila.label>пилум</Pila.label>
  <!-- EN: Pila are spears for throwing. They take a long time to throw, but one hit can do heavy damage. This weapon represents a bundle of pila and can be thrown over and over. The singular of pila is pilum. -->
  <Pila.description>Связка метательных копий, пилумов. Бросок такого копья занимает длительное время, но наносит внушительный урон.</Pila.description>
  <!-- EN: shaft -->
  <Pila.tools.shaft.label>древко</Pila.tools.shaft.label>
  <!-- EN: point -->
  <Pila.tools.point.label>остриё</Pila.tools.point.label>
  <!-- EN: pila -->
  <Pila.verbs.Verb_Shoot.label>пилум</Pila.verbs.Verb_Shoot.label>
  
  <!-- EN: pilum -->
  <Pilum_Thrown.label>пилум (брошенный)</Pilum_Thrown.label>
  
</LanguageData>