﻿<?xml version="1.0" encoding="UTF-8"?>
<LanguageData>
  
  <!-- EN: orbital bombardment targeter -->
  <OrbitalTargeterBombardment.label>целеуказатель для бомбардировки</OrbitalTargeterBombardment.label>
  <!-- EN: An ancient targeting apparatus for an orbital bombardment system. This unit designates a target and transmits the coordinates to a network of satellites, which then bombard the target area with kinetic impactors. This unit has been reprogrammed to accept unauthorized users, but once it is used, the network will detect the incursion and cut off the link permanently. -->
  <OrbitalTargeterBombardment.description>Древнее устройство целеуказания для системы орбитальной бомбардировки. При помощи этого устройства координаты выбранной цели передаются сети спутников, которая поражает указанный район кинетическими боеприпасами. Конкретно этот целеуказатель был перепрограммирован для эксплуатации неавторизованными пользователями, однако при первом применении система распознает попытку вмешательства и мгновенно разорвёт соединение.</OrbitalTargeterBombardment.description>
  <!-- EN: charge -->
  <OrbitalTargeterBombardment.comps.CompReloadable.chargeNoun>заряд</OrbitalTargeterBombardment.comps.CompReloadable.chargeNoun>
  <!-- EN: orbital bombardment targeter -->
  <OrbitalTargeterBombardment.verbs.Verb_Bombardment.label>целеуказатель для бомбардировки</OrbitalTargeterBombardment.verbs.Verb_Bombardment.label>
  
  <!-- EN: orbital power beam targeter -->
  <OrbitalTargeterPowerBeam.label>целеуказатель для силового луча</OrbitalTargeterPowerBeam.label>
  <!-- EN: An ancient targeting unit for a network of power-collection satellites. Once aimed at a target, it directs ancient satellites to begin beaming power down in a massive column of electromagnetic energy. This power can safely be collected in a giant absorption dish. Since you have no absorption dish, you'll be aiming it at enemies, at which point the power column will turn the area into a thousand-degree inferno. This will last until the satellites detect the unsafe targeting, shut themselves down, and permanently deactivate the targeter. -->
  <OrbitalTargeterPowerBeam.description>Древнее устройство целеуказания для спутниковой сети сбора солнечной энергии. При получении координат цели система отправляет спутникам-излучателям команду на концентрацию электромагнитного силового луча в заданной области. Предполагается, что этот луч будет пойман особой антенной и преобразован в электроэнергию. Но поскольку у вас нет такой антенны, электромагнитный луч создаст в указанном вами месте тысячеградусный ад. Через некоторое время система распознает небезопасное использование, отключит излучатели спутников и навсегда деактивирует ваш целеуказатель.</OrbitalTargeterPowerBeam.description>
  <!-- EN: charge -->
  <OrbitalTargeterPowerBeam.comps.CompReloadable.chargeNoun>заряд</OrbitalTargeterPowerBeam.comps.CompReloadable.chargeNoun>
  <!-- EN: orbital power beam targeter -->
  <OrbitalTargeterPowerBeam.verbs.Verb_PowerBeam.label>целеуказатель для силового луча</OrbitalTargeterPowerBeam.verbs.Verb_PowerBeam.label>
  
  <!-- EN: tornado generator -->
  <TornadoGenerator.label>генератор вихря</TornadoGenerator.label>
  <!-- EN: An ancient control unit for a network of weather-control satellites. This device has had certain failsafes bypassed; it is capable of causing a massive air current disturbance, which will generate a tornado at a chosen location. The weather network will detect this unauthorized intrusion and lock out the device after use, but the tornado will be left to spend its energy normally. -->
  <TornadoGenerator.description>Древний блок регулировки спутниковой сети для управления погодой. В этом устройстве взломан механизм отказобезопасности, и с его помощью можно вызвать завихрение воздушных потоков в заданной области, что приведёт к возникновению опасного смерча. При использовании спутниковая сеть распознает попытку вмешательства и заблокирует устройство. Однако созданный смерч не исчезнет, пока его энергия не иссякнет естественным образом.</TornadoGenerator.description>
  <!-- EN: charge -->
  <TornadoGenerator.comps.CompReloadable.chargeNoun>заряд</TornadoGenerator.comps.CompReloadable.chargeNoun>
  <!-- EN: tornado generator -->
  <TornadoGenerator.verbs.Verb_Spawn.label>целеуказатель вихря</TornadoGenerator.verbs.Verb_Spawn.label>
  
</LanguageData>