﻿<?xml version="1.0" encoding="UTF-8"?>
<LanguageData>
  
  <!-- EN: smokeleaf joint -->
  <SmokeleafJoint.label>косяк дымолиста</SmokeleafJoint.label>
  <!-- EN: Smokeleaf leaves prepared in small rolls for smoking. The drug improves mood, but also increases appetite, reduces focus and slows movement. Smokeleaf use can produce a dependency.\n\nJoints can be produced at a crafting spot without equipment, and are a fixture in many traditional low-industriousness cultures. -->
  <SmokeleafJoint.description>Косяк из листьев дымолиста, скрученных для курения. Повышает настроение, усиливает аппетит, снижает сосредоточенность и замедляет движение. Употребление дымолиста может привести к зависимости.\n\nКосяк можно скрутить без какого-либо оборудования, поэтому он стал неотъемлемым атрибутом многих традиционных культур с низким уровнем индустриализации.</SmokeleafJoint.description>
  <!-- EN: Smoke {0} -->
  <SmokeleafJoint.ingestible.ingestCommandString>Курить {0}</SmokeleafJoint.ingestible.ingestCommandString>
  <!-- EN: Smoking {0}. -->
  <SmokeleafJoint.ingestible.ingestReportString>Курит {0}</SmokeleafJoint.ingestible.ingestReportString>
  <!-- EN: Consuming {0}. -->
  <SmokeleafJoint.ingestible.ingestReportStringEat>Ест {0}</SmokeleafJoint.ingestible.ingestReportStringEat>
  
</LanguageData>