﻿<?xml version="1.0" encoding="UTF-8"?>
<LanguageData>
  
  <!-- EN: granite blocks -->
  <BlocksGranite.label>блоки гранита</BlocksGranite.label>
  <!-- EN: Blocks of solid granite. Granite is a very hard stone. -->
  <BlocksGranite.description>Цельные блоки гранита. Гранит — очень твёрдый камень.</BlocksGranite.description>
  <!-- EN: granite -->
  <BlocksGranite.stuffProps.stuffAdjective>гранита</BlocksGranite.stuffProps.stuffAdjective>
  
  <!-- EN: limestone blocks -->
  <BlocksLimestone.label>блоки известняка</BlocksLimestone.label>
  <!-- EN: Blocks of solid limestone. -->
  <BlocksLimestone.description>Цельные блоки известняка.</BlocksLimestone.description>
  <!-- EN: limestone -->
  <BlocksLimestone.stuffProps.stuffAdjective>известняка</BlocksLimestone.stuffProps.stuffAdjective>
  
  <!-- EN: marble blocks -->
  <BlocksMarble.label>блоки мрамора</BlocksMarble.label>
  <!-- EN: Blocks of solid marble. Marble is a soft, beautiful stone, known for being easy to sculpt. -->
  <BlocksMarble.description>Цельные блоки мрамора. Мрамор — мягкий, красивый камень, хороший материал для скульптур.</BlocksMarble.description>
  <!-- EN: marble -->
  <BlocksMarble.stuffProps.stuffAdjective>мрамора</BlocksMarble.stuffProps.stuffAdjective>
  
  <!-- EN: sandstone blocks -->
  <BlocksSandstone.label>блоки песчаника</BlocksSandstone.label>
  <!-- EN: Blocks of solid sandstone. Sandstone is a relatively soft rock and chips easily. -->
  <BlocksSandstone.description>Цельные блоки песчаника. Песчаник — относительно мягкий камень и легко крошится.</BlocksSandstone.description>
  <!-- EN: sandstone -->
  <BlocksSandstone.stuffProps.stuffAdjective>песчаника</BlocksSandstone.stuffProps.stuffAdjective>
  
  <!-- EN: slate blocks -->
  <BlocksSlate.label>блоки сланца</BlocksSlate.label>
  <!-- EN: Blocks of solid slate. A dull-looking rock that chips easily. -->
  <BlocksSlate.description>Цельные блоки шиферного сланца. Скучно выглядящий камень, который легко крошится.</BlocksSlate.description>
  <!-- EN: slate -->
  <BlocksSlate.stuffProps.stuffAdjective>сланца</BlocksSlate.stuffProps.stuffAdjective>
  
  <!-- EN: granite chunk -->
  <ChunkGranite.label>обломок гранита</ChunkGranite.label>
  <!-- EN: A chunk of rock. Can be cut into usable stone blocks. -->
  <ChunkGranite.description>Обломок горной породы. Можно разрезать на блоки, пригодные для строительства.</ChunkGranite.description>
  
  <!-- EN: limestone chunk -->
  <ChunkLimestone.label>обломок известняка</ChunkLimestone.label>
  <!-- EN: A chunk of rock. Can be cut into usable stone blocks. -->
  <ChunkLimestone.description>Обломок горной породы. Можно разрезать на блоки, пригодные для строительства.</ChunkLimestone.description>
  
  <!-- EN: marble chunk -->
  <ChunkMarble.label>обломок мрамора</ChunkMarble.label>
  <!-- EN: A chunk of rock. Can be cut into usable stone blocks. -->
  <ChunkMarble.description>Обломок горной породы. Можно разрезать на блоки, пригодные для строительства.</ChunkMarble.description>
  
  <!-- EN: sandstone chunk -->
  <ChunkSandstone.label>обломок песчаника</ChunkSandstone.label>
  <!-- EN: A chunk of rock. Can be cut into usable stone blocks. -->
  <ChunkSandstone.description>Обломок горной породы. Можно разрезать на блоки, пригодные для строительства.</ChunkSandstone.description>
  
  <!-- EN: steel slag chunk -->
  <ChunkSlagSteel.label>металлолом</ChunkSlagSteel.label>
  <!-- EN: A chunk of steel slag. While it's useless in its current form, it can be smelted to recover steel. -->
  <ChunkSlagSteel.description>Груда металлолома. Не слишком полезна в текущем виде, но её можно расплавить, чтобы получить сталь.</ChunkSlagSteel.description>
  
  <!-- EN: slate chunk -->
  <ChunkSlate.label>обломок сланца</ChunkSlate.label>
  <!-- EN: A chunk of rock. Can be cut into usable stone blocks. -->
  <ChunkSlate.description>Обломок горной породы. Можно разрезать на блоки, пригодные для строительства.</ChunkSlate.description>
  
  <!-- EN: granite -->
  <Granite.label>гранит</Granite.label>
  <!-- EN: A very hard igneous rock. -->
  <Granite.description>Очень твёрдая порода магматического происхождения.</Granite.description>
  
  <!-- EN: limestone -->
  <Limestone.label>известняк</Limestone.label>
  <!-- EN: A sedimentary rock formed from the compacted remains of ancient seashells. -->
  <Limestone.description>Осадочная порода, состоящая из уплотнённых останков древних морских ракушек.</Limestone.description>
  
  <!-- EN: marble -->
  <Marble.label>мрамор</Marble.label>
  <!-- EN: A soft metamorphic rock. -->
  <Marble.description>Мягкая метаморфическая порода.</Marble.description>
  
  <!-- EN: sandstone -->
  <Sandstone.label>песчаник</Sandstone.label>
  <!-- EN: A sedimentary rock composed of sand particles compressed together. -->
  <Sandstone.description>Осадочная порода, состоящая из частиц песка, спрессованных вместе.</Sandstone.description>
  
  <!-- EN: slate -->
  <Slate.label>шиферный сланец</Slate.label>
  <!-- EN: A dark-colored metamorphic rock. Its fine layers are emblematic of slaty cleavage. -->
  <Slate.description>Метаморфическая порода тёмного цвета. Её тонкие слои хорошо заметны на разрезе.</Slate.description>
  
  <!-- EN: smoothed granite -->
  <SmoothedGranite.label>полированный гранит</SmoothedGranite.label>
  <!-- EN: A very hard igneous rock. The shining surface is filled with a mosaic of black, white, and pink speckles. -->
  <SmoothedGranite.description>Очень твёрдая порода магматического происхождения. Отполированная поверхность пестрит мозаикой из чёрных, белых и розовых вкраплений.</SmoothedGranite.description>
  
  <!-- EN: smoothed limestone -->
  <SmoothedLimestone.label>полированный известняк</SmoothedLimestone.label>
  <!-- EN: A sedimentary rock formed from the compacted remains of ancient seashells. It glows a smooth white, with light patterns of impurities suspended within. -->
  <SmoothedLimestone.description>Осадочная порода, состоящая из уплотнённых останков древних морских ракушек. Отполированная поверхность имеет ровный белый цвет с лёгкими узорами из примесей.</SmoothedLimestone.description>
  
  <!-- EN: smoothed marble -->
  <SmoothedMarble.label>полированный мрамор</SmoothedMarble.label>
  <!-- EN: A soft metamorphic rock. This semi-transparent rock almost appears to glow with its own inner light. -->
  <SmoothedMarble.description>Мягкая метаморфическая порода. Этот полупрозрачный камень будто источает свет изнутри.</SmoothedMarble.description>
  
  <!-- EN: smoothed sandstone -->
  <SmoothedSandstone.label>гладкий песчаник</SmoothedSandstone.label>
  <!-- EN: A sedimentary rock composed of sand particles compressed together. The sand layers have been polished to a flat, smooth surface. -->
  <SmoothedSandstone.description>Осадочная порода, состоящая из частиц песка, спрессованных вместе. Слои песка отполированы до состояния гладкой, плоской поверхности.</SmoothedSandstone.description>
  
  <!-- EN: smoothed slate -->
  <SmoothedSlate.label>полированный сланец</SmoothedSlate.label>
  <!-- EN: A dark-colored metamorphic rock. Its fine layers are emblematic of slaty cleavage. Interior strata are clearly visible through the polished surface. -->
  <SmoothedSlate.description>Метаморфическая порода тёмного цвета. Её тонкие слои хорошо заметны на разрезе, а ещё лучше — на гладкой отполированной поверхности.</SmoothedSlate.description>
  
</LanguageData>