﻿<?xml version="1.0" encoding="UTF-8"?>
<LanguageData>
  
  <!-- EN: wake-up -->
  <WakeUp.label>бодрин</WakeUp.label>
  <!-- EN: A synthetic stimulant. Wake-up fills the user's need for rest, allowing them to work for extended periods without getting tired. Psycasters on wake-up gain more psyfocus from meditation than they otherwise would. However, taking wake-up runs the risk of developing an addiction.\n\nIn the most competitive universities and companies of many worlds, high-achievers are sometimes called 'wake-ups' because of the association with this drug. -->
  <WakeUp.description>Синтетический стимулятор. Восполняет потребность в отдыхе и позволяет работать длительное время без усталости. Псионикам бодрин позволяет получить больше пси-концентрации во время медитации. Регулярное употребление препарата вызывает привыкание.\n\nВо многих мирах особо выдающиеся представители самых престижных университетов и крупных компаний часто страдают психозами из-за бодриновой зависимости.</WakeUp.description>
  <!-- EN: Take {0} -->
  <WakeUp.ingestible.ingestCommandString>Принять {0}</WakeUp.ingestible.ingestCommandString>
  <!-- EN: Taking {0}. -->
  <WakeUp.ingestible.ingestReportString>Принимает {0}</WakeUp.ingestible.ingestReportString>
  
</LanguageData>