﻿<?xml version="1.0" encoding="UTF-8"?>
<LanguageData>
  
  <!-- EN: air conditioning -->
  <AirConditioning.label>кондиционеры</AirConditioning.label>
  <!-- EN: Build coolers to make people comfortable in hot weather, or to construct freezers for storing perishable goods. -->
  <AirConditioning.description>Предназначены для охлаждения помещений в жару или обустройства холодильников.</AirConditioning.description>
  
  <!-- EN: autodoor -->
  <Autodoors.label>автодвери</Autodoors.label>
  <!-- EN: Build autodoors which automatically open when someone approaches, without slowing anyone down. -->
  <Autodoors.description>Двери с датчиками и электромеханизмом позволят поселенцам не тратить время на их открывание.</Autodoors.description>
  
  <!-- EN: battery -->
  <Batteries.label>аккумуляторы</Batteries.label>
  <!-- EN: Build batteries for storing electricity. -->
  <Batteries.description>Изготовление аккумуляторов для хранения электроэнергии.</Batteries.description>
  
  <!-- EN: biofuel refining -->
  <BiofuelRefining.label>перегонка биосырья</BiofuelRefining.label>
  <!-- EN: Build biofuel refineries to make chemfuel from biological matter like wood or foodstuffs. -->
  <BiofuelRefining.description>Конструирование перегонных аппаратов для получения химического топлива из органики, например, древесины или пищевого сырья.</BiofuelRefining.description>
  
  <!-- EN: blowback operation -->
  <BlowbackOperation.label>энергия отдачи</BlowbackOperation.label>
  <!-- EN: Craft low-power blowback-operated guns like autopistols and machine pistols. -->
  <BlowbackOperation.description>Позволяет конструировать автоматическое и полуавтоматическое огнестрельное оружие, например, самозарядные и автоматические пистолеты.</BlowbackOperation.description>
  
  <!-- EN: colored lights -->
  <ColoredLights.label>цветное освещение</ColoredLights.label>
  <!-- EN: Construct colored lights for decorative purposes. Cosmetic only. -->
  <ColoredLights.description>Освещение цветными лампами придаёт помещениям привлекательный вид.</ColoredLights.description>
  
  <!-- EN: electricity -->
  <Electricity.label>электричество</Electricity.label>
  <!-- EN: Harness the power of electricity for a hundred different tasks. -->
  <Electricity.description>Выработка и использование электроэнергии для выполнения сотен разных задач.</Electricity.description>
  
  <!-- EN: firefoam -->
  <Firefoam.label>пожарная пена</Firefoam.label>
  <!-- EN: Construct firefoam poppers, automatic fire-safety devices which spread fire-retardant foam in response to encroaching flames. -->
  <Firefoam.description>Особая огнезащитная пена позволяет эффективно тушить пожары. Ей можно заправить специальные противопожарные устройства, хлопушки, которые при приближении огня распылят пену вокруг себя.</Firefoam.description>
  
  <!-- EN: flak armor -->
  <FlakArmor.label>бронезащита</FlakArmor.label>
  <!-- EN: Craft clothing with metal armor sewn in to resist bullets and explosions. This weighty armor slows movement slightly. -->
  <FlakArmor.description>Одежда со вшитыми металлическими бронепластинами даёт защиту от путь и осколков, но её немалый вес слегка затрудняет передвижение.</FlakArmor.description>
  
  <!-- EN: gas operation -->
  <GasOperation.label>отвод пороховых газов</GasOperation.label>
  <!-- EN: Craft high-power guns like chain shotguns, LMGs, and heavy SMGs. -->
  <GasOperation.description>Позволяет конструировать более продвинутое автоматическое и полуавтоматическое огнестрельное оружие: автоматические дробовики, пистолеты-пулемёты и ручные пулемёты.</GasOperation.description>
  
  <!-- EN: geothermal power -->
  <GeothermalPower.label>геотермальная энергия</GeothermalPower.label>
  <!-- EN: Build geothermal power plants on top of steam geysers, for uninterrupted power. -->
  <GeothermalPower.description>Строительство геотермальных электростанций на паровых гейзерах для непрерывной выработки электроэнергии.</GeothermalPower.description>
  
  <!-- EN: gunsmithing -->
  <Gunsmithing.label>огнестрельное оружие</Gunsmithing.label>
  <!-- EN: Craft simple manually-operated guns like revolvers, pump shotguns, bolt-action rifles, and incendiary launchers. -->
  <Gunsmithing.description>К простому огнестрельному оружию относятся револьверы, помповые дробовики, винтовки с продольным затвором, а также реактивные огнемёты.</Gunsmithing.description>
  
  <!-- EN: gun turrets -->
  <GunTurrets.label>пулемётные турели</GunTurrets.label>
  <!-- EN: Produce simple automated gun turrets. -->
  <GunTurrets.description>Изготовление простых автоматических пулемётных турелей.</GunTurrets.description>
  
  <!-- EN: hydroponics -->
  <Hydroponics.label>гидропоника</Hydroponics.label>
  <!-- EN: Build hydroponics basins to rapidly grow crops indoors regardless of the terrain or weather outside. -->
  <Hydroponics.description>Создание гидропонных резервуаров для быстрого выращивания растений в помещении вне зависимости от почвы и погоды снаружи.</Hydroponics.description>
  
  <!-- EN: IEDs -->
  <IEDs.label>мины</IEDs.label>
  <!-- EN: Build improvised traps from any kind of mortar shell. -->
  <IEDs.description>Изготовление и установка мин нажимного действия из артиллерийских снарядов.</IEDs.description>
  
  <!-- EN: machining -->
  <Machining.label>механика</Machining.label>
  <!-- EN: Build machining tables to craft guns, grenades, flak armor, and to shred dead mechanoids for resources. -->
  <Machining.description>Позволяет создавать верстаки, на которых можно собирать оружие и оборудование, а также разбирать сломанных механоидов.</Machining.description>
  
  <!-- EN: mortars -->
  <Mortars.label>миномёты</Mortars.label>
  <!-- EN: Build mortars which can lob shells long distances - even over walls. -->
  <Mortars.description>Миномёты позволяют запускать снаряды на большие расстояния поверх препятствий.</Mortars.description>
  
  <!-- EN: nutrient paste -->
  <NutrientPaste.label>питательная паста</NutrientPaste.label>
  <!-- EN: Build nutrient paste dispensers which efficiently produce edible meals from raw nutritive feedstocks, while requiring no labor at all. -->
  <NutrientPaste.description>Особые дозаторы позволяют эффективно и автоматизированно производить питательную пасту из сырых пищевых продуктов.</NutrientPaste.description>
  
  <!-- EN: packaged survival meal -->
  <PackagedSurvivalMeal.label>сухие пайки</PackagedSurvivalMeal.label>
  <!-- EN: Produce packaged survival meals which never go bad. Great for traveling. -->
  <PackagedSurvivalMeal.description>Консервированная и герметично упакованная еда, которая не портится и идеально подходит для путешествий.</PackagedSurvivalMeal.description>
  
  <!-- EN: prosthetics -->
  <Prosthetics.label>протезирование</Prosthetics.label>
  <!-- EN: Build inexpensive prosthetic body parts to replace lost limbs. Requires a skilled doctor to attach. -->
  <Prosthetics.description>Конструирование несложных протезов для замены утраченных конечностей. Для установки требуется опытный врач.</Prosthetics.description>
  
  <!-- EN: smokepop packs -->
  <SmokepopBelt.label>дымовые шашки</SmokepopBelt.label>
  <!-- EN: Build smokepop packs which allow the wearer to deploy a defensive smokescreen. -->
  <SmokepopBelt.description>Дымовые шашки используют для постановки дымовых завес.</SmokepopBelt.description>
  
  <!-- EN: solar panel -->
  <SolarPanels.label>солнечные батареи</SolarPanels.label>
  <!-- EN: Build solar panels for electricity generation. -->
  <SolarPanels.description>Панели с солнечными батареями предназначены для преобразования солнечного света в электроэнергию.</SolarPanels.description>
  
  <!-- EN: sterile materials -->
  <SterileMaterials.label>стерильные материалы</SterileMaterials.label>
  <!-- EN: Construct sterile tiles to make cleanrooms for safer and more effective medical treatment, research, and cooking. -->
  <SterileMaterials.description>Укладка стерильной плитки для создания чистых помещений для более безопасного и эффективного лечения, исследования, приготовления пищи.</SterileMaterials.description>
  
  <!-- EN: tube television -->
  <TubeTelevision.label>ЭЛТ-телевизоры</TubeTelevision.label>
  <!-- EN: Produce tube televisions for recreational watching. -->
  <TubeTelevision.description>Изготовление телевизоров на электронно-лучевых трубках. Просмотр телепередач — один из видов развлечения.</TubeTelevision.description>
  
  <!-- EN: watermill generator -->
  <WatermillGenerator.label>водяные генераторы</WatermillGenerator.label>
  <!-- EN: Build watermill generators on rivers to generate a steady supply of power. -->
  <WatermillGenerator.description>Водяные генераторы превращают течение воды в стабильный источник электроэнергии.</WatermillGenerator.description>
  
</LanguageData>