﻿<?xml version="1.0" encoding="UTF-8"?>
<LanguageData>
  
  <!-- EN: beer brewing -->
  <Brewing.label>пивоварение</Brewing.label>
  <!-- EN: Build a brewery and fermenting vats to transform hops into tasty, tasty beer. -->
  <Brewing.description>Сусло, полученное из хмеля на пивоварне и подвергнутое брожению в специальных бочках, при соблюдении температурных условий преобразуется в пиво.</Brewing.description>
  
  <!-- EN: carpet making -->
  <CarpetMaking.label>ковроткачество</CarpetMaking.label>
  <!-- EN: Weave beautiful carpets from cloth. -->
  <CarpetMaking.description>Позволяет поселенцам покрывать пол коврами, улучшая привлекательность помещений.</CarpetMaking.description>
  
  <!-- EN: cocoa -->
  <Cocoa.label>какао</Cocoa.label>
  <!-- EN: Sow cocoa trees to create your own delicious chocolate. Eating chocolate fulfills the need for recreation, and it's valuable on the market too. -->
  <Cocoa.description>Выращивание какао-деревьев необходимо для производства шоколада. Это лакомство принесёт вашим поселенцам чувство удовлетворения, а ещё его можно продать по хорошей цене.</Cocoa.description>
  
  <!-- EN: complex clothing -->
  <ComplexClothing.label>пошив одежды</ComplexClothing.label>
  <!-- EN: Tailor complicated garments like pants, dusters, and cowboy hats. -->
  <ComplexClothing.description>Пошив большинства видов одежды: брюк, плащей, шляп и многого другого.</ComplexClothing.description>
  
  <!-- EN: complex furniture -->
  <ComplexFurniture.label>сборка мебели</ComplexFurniture.label>
  <!-- EN: Build complex furniture like beds, end tables, dining chairs, armchairs, dressers, tool cabinets, billiard tables, and poker tables, vents, sarcophagi, and more. -->
  <ComplexFurniture.description>Сборка мебели сложной конструкции: кроватей, прикроватных столиков, кресел, комодов, шкафов для инструментов, столов для бильярда и покера и многого другого.</ComplexFurniture.description>
  
  <!-- EN: devilstrand -->
  <Devilstrand.label>дьявлонитник</Devilstrand.label>
  <!-- EN: Plant devilstrand, a slow-growing mushroom that yields an exceptionally tough, heat-resistant plant fiber. -->
  <Devilstrand.description>Этот медленно растущий гриб даёт исключительно прочное и жароустойчивое волокно, из которого изготавливается дьявлоткань.</Devilstrand.description>
  
  <!-- EN: drug production -->
  <DrugProduction.label>производство препаратов</DrugProduction.label>
  <!-- EN: Build a drug lab for basic drug synthesis. Further research is required to make specific drugs. -->
  <DrugProduction.description>Знание основ приготовления и синтезирования различных препаратов и наркотиков позволяет создавать химические лаборатории. Для изготовления конкретных препаратов необходимы дальнейшие исследования.</DrugProduction.description>
  
  <!-- EN: go-juice production -->
  <GoJuiceProduction.label>производство Go-сока</GoJuiceProduction.label>
  <!-- EN: Produce go-juice, a synthetic combat-performance-enhancing drug which improves shooting, melee, and movement ability, and dulls pain. -->
  <GoJuiceProduction.description>Обучение изготовлению Go-сока — синтетического наркотика, усиливающего боевые способности, ускоряющего передвижение и притупляющего боль.</GoJuiceProduction.description>
  
  <!-- EN: greatbow -->
  <Greatbow.label>длинные луки</Greatbow.label>
  <!-- EN: Craft greatbows for killing enemies at great range. -->
  <Greatbow.description>Из длинных луков можно поражать цели с большого расстояния.</Greatbow.description>
  
  <!-- EN: long blades -->
  <LongBlades.label>длинные лезвия</LongBlades.label>
  <!-- EN: Craft longswords and spears. -->
  <LongBlades.description>Ковка длинных мечей и копий.</LongBlades.description>
  
  <!-- EN: passive cooler -->
  <PassiveCooler.label>испарительный охладитель</PassiveCooler.label>
  <!-- EN: Make passive coolers, to cool indoor spaces without using electricity. -->
  <PassiveCooler.description>Испарительные охладители охлаждают помещения без использования электричества.</PassiveCooler.description>
  
  <!-- EN: pemmican -->
  <Pemmican.label>пеммикан</Pemmican.label>
  <!-- EN: Make pemmican, a preserved mixture of meat and plant matter that doesn't go bad for a long time. Great for traveling. -->
  <Pemmican.description>Пеммикан — смесь мяса, жира и ингредиентов растительного происхождения, которая не портится в течение длительного времени. Идеально подходит для путешествий.</Pemmican.description>
  
  <!-- EN: penoxycyline production -->
  <PenoxycylineProduction.label>производство пеноксицилина</PenoxycylineProduction.label>
  <!-- EN: Produce penoxycyline, a disease prevention drug which blocks plague, malaria, and more before they start. -->
  <PenoxycylineProduction.description>Обучение изготовлению пеноксицилина — препарата, предупреждающего появление чумы, малярии и сонной болезни.</PenoxycylineProduction.description>
  
  <!-- EN: plate armor -->
  <PlateArmor.label>пластинчатые доспехи</PlateArmor.label>
  <!-- EN: Smith suits of plate armor from metal or wood. This heavy armor noticeably slows movement, but protects very effectively. -->
  <PlateArmor.description>Изготовление пластинчатых доспехов из металла и дерева.</PlateArmor.description>
  
  <!-- EN: psychite refining -->
  <PsychiteRefining.label>переработка психина</PsychiteRefining.label>
  <!-- EN: Refine psychoid leaves into flake and yayo, different forms of the euphoric psychite drug. -->
  <PsychiteRefining.description>Переработка психолистьев в хлопья и порошок — различные формы эйфорического наркотика психина.</PsychiteRefining.description>
  
  <!-- EN: psychoid brewing -->
  <PsychoidBrewing.label>заваривание психолиста</PsychoidBrewing.label>
  <!-- EN: Prepare psychoid leaves into a mildly euphoria-inducing and addictive tea at the campfire or cooking stove. -->
  <PsychoidBrewing.description>После должной обработки психолистья можно заваривать в воде — получившийся «чай» будет вызывать умеренные эффекты эйфории и привыкания.</PsychoidBrewing.description>
  
  <!-- EN: recurve bow -->
  <RecurveBow.label>рекурсивный лук</RecurveBow.label>
  <!-- EN: Build the recurve bow, an effective and inexpensive ranged weapon. -->
  <RecurveBow.description>Эффективное и недорогое в изготовлении оружие дальнего боя.</RecurveBow.description>
  
  <!-- EN: smithing -->
  <Smithing.label>ковка</Smithing.label>
  <!-- EN: Build smithies for crafting metal weapons like knives, gladii, and maces. Work metal into clean, beautiful floor tiles. -->
  <Smithing.description>Наличие кузни позволяет изготавливать различные виды холодного оружия: ножи, гладиусы, булавы, а изучение технологий обработки металла даёт возможность стелить на пол красивую металлическую плитку.</Smithing.description>
  
  <!-- EN: stonecutting -->
  <Stonecutting.label>обработка камня</Stonecutting.label>
  <!-- EN: Cut rock chunks into stone blocks for use in construction. Build beautiful stone tile floors or ugly concrete walkways. -->
  <Stonecutting.description>Резка кусков породы на пригодные для строительства каменные блоки. Также эта технология даёт возможность делать бетонные полы и стелить красивую каменную плитку.</Stonecutting.description>
  
  <!-- EN: tree sowing -->
  <TreeSowing.label>выращивание деревьев</TreeSowing.label>
  <!-- EN: Sow the local biome's natural trees in your fields. -->
  <TreeSowing.description>Высаживание деревьев, естественных для вашего биома.</TreeSowing.description>
  
  <!-- EN: wake-up production -->
  <WakeUpProduction.label>производство бодрина</WakeUpProduction.label>
  <!-- EN: Synthesize wake-up, a work performance-enhancing drug which replaces the need for sleep. -->
  <WakeUpProduction.description>Ваши химики узнают формулу и технологию синтеза бодрина — наркотика, повышающего работоспособность и общую выносливость организма.</WakeUpProduction.description>
  
</LanguageData>