﻿<?xml version="1.0" encoding="UTF-8"?>
<LanguageData>
  
  <!-- EN: attended party -->
  <AttendedParty.label>вечеринка</AttendedParty.label>
  <!-- EN:
    <li>tale_noun->[ATTENDER_nameDef] attending [ORGANIZER_nameDef]'s party</li>
    <li>tale_noun->[ATTENDER_nameDef] relaxing with [ORGANIZER_nameDef] at a party</li>
    <li>image->[ATTENDER_nameFull] having a conversation with [ORGANIZER_nameFull] [circumstance_group]</li>
    <li>image->[ATTENDER_nameFull] getting a drink from [ORGANIZER_nameFull] [circumstance_group]</li>
    <li>image->[ATTENDER_nameFull] chatting with [ORGANIZER_nameFull] [circumstance_group]</li>
    <li>image->[ORGANIZER_nameFull] welcoming [ATTENDER_nameFull] [circumstance_group]</li>
    <li>image->[ORGANIZER_nameFull] introducing [ATTENDER_nameFull] to a friend [circumstance_group]</li>
    <li>circumstance_phrase->with a broad grin</li>
    <li>circumstance_phrase->with a laugh</li>
    <li>circumstance_phrase->with a [AdjectiveFriendly] smile</li>
    <li>circumstance_phrase->while laughing uproariously</li>
    <li>circumstance_phrase->while [AdjectiveFriendly]</li>
    <li>desc_sentence->[Quantity_adjphrase] [PersonJob]s are involved in the conversation.</li>
    <li>desc_sentence->The area is decorated with [Color] and [Color].</li>
    <li>desc_sentence->[Quantity_adjphrase] [Animal]s play nearby.</li>
  -->
  <AttendedParty.rulePack.rulesStrings>
    <li>tale_noun->как [ATTENDER_nameDef] посещает вечеринку, которую организует [ORGANIZER_nameDef]</li>
    <li>tale_noun->как [ATTENDER_nameDef] и [ORGANIZER_nameDef] расслабляются на вечеринке</li>
    <li>image->, как [ATTENDER_nameFull] и [ORGANIZER_nameFull][circumstance_phrase] беседуют друг с другом</li>
    <li>image->, как [ORGANIZER_nameFull] и [ATTENDER_nameFull][circumstance_phrase] наслаждаются напитком</li>
    <li>image->, как [ATTENDER_nameFull][circumstance_phrase] болтает с [ORGANIZER_nameFull]</li>
    <li>image->, как [ORGANIZER_nameFull][circumstance_phrase] тепло приветствует [ATTENDER_nameFull]</li>
    <li>image->, как [ORGANIZER_nameFull][circumstance_phrase] представляет [ATTENDER_nameFull] своему другу</li>
    <li>circumstance_phrase->, [TransFriendly],</li>
    <li>desc_sentence(p=3)->Все вокруг [activity].</li>
    <li>activity->развлекаются</li>
    <li>activity->веселятся</li>
    <li>activity->предаются безудержному веселью</li>
    <li>desc_sentence->К ним присоединяется [Outlander].</li>
    <li>desc_sentence->Помещение украшено в [Color] и [Color] тона.</li>
    <li>desc_sentence->Рядом резвится [Animal].</li>
  </AttendedParty.rulePack.rulesStrings>
  
  <!-- EN: built snowman -->
  <BuiltSnowman.label>снеговик</BuiltSnowman.label>
  <!-- EN:
    <li>tale_noun->[PAWN_nameDef] building a snowman</li>
    <li>tale_noun->[PAWN_nameDef] playing in the snow</li>
    <li>image->[PAWN_nameFull] forming a snowball [circumstance_group]</li>
    <li>image->[PAWN_nameFull] rolling a giant ball of snow on the ground [circumstance_group]</li>
    <li>image->[PAWN_nameFull] arranging [Vegetable]s into a rough human face [circumstance_group]</li>
    <li>image->[PAWN_nameFull] lying down in the snow [circumstance_group]</li>
    <li>circumstance_phrase->while enveloped in [Quantity_adjphrase] parkas</li>
    <li>circumstance_phrase->while obscured in a light snowstorm</li>
    <li>circumstance_phrase->while [PAWN_possessive] friends build a fort</li>
    <li>circumstance_phrase->while [PAWN_possessive] friends build a snowman family</li>
    <li>desc_sentence->A [Color] aurora shines in the background.</li>
    <li>desc_sentence->In the distance, a [Community] is covered with snow.</li>
    <li>desc_sentence->A field of [Vegetable]s is barely visible through the snow.</li>
    <li>desc_sentence->A snow-covered [TerrainFeature] can be seen far away.</li>
  -->
  <BuiltSnowman.rulePack.rulesStrings>
    <li>tale_noun->как [PAWN_nameDef] лепит снеговика</li>
    <li>tale_noun->как [PAWN_nameDef] играет со снегом</li>
    <li>image->, как [PAWN_nameFull] лепит снежный ком[circumstance_phrase]</li>
    <li>image->, как [PAWN_nameFull] катит огромный снежный ком по земле[circumstance_phrase]</li>
    <li>image->[empty] снеговика, у которого вместо носа торчит какой-то непонятный овощ</li>
    <li>image->, как [PAWN_nameFull] валяется на снегу[circumstance_phrase]</li>
    <li>circumstance_phrase->[empty] во время снегопада</li>
    <li>circumstance_phrase->, пока [PAWN_possessive] друзья строят крепость</li>
    <li>circumstance_phrase->, пока [PAWN_possessive] друзья лепят семейку снеговиков</li>
    <li>desc_sentence->Небо озаряет полярное сияние.</li>
    <li>desc_sentence->Вдалеке виднеются крыши поселения, покрытые снегом.</li>
    <li>desc_sentence->Вдалеке виднеется [TerrainFeature] под слоем снега.</li>
  </BuiltSnowman.rulePack.rulesStrings>
  
  <!-- EN: buried corpse -->
  <BuriedCorpse.label>похороны</BuriedCorpse.label>
  <!-- EN:
    <li>tale_noun->[DIGGER_nameDef] burying [CORPSE_nameDef]</li>
    <li>tale_noun->[DIGGER_nameDef] laying [CORPSE_nameDef] to rest</li>
    <li>image->[DIGGER_nameFull] standing next to [CORPSE_nameFull]'s grave [circumstance_group]</li>
    <li>image->[DIGGER_nameFull] sitting next to [CORPSE_nameFull]'s grave [circumstance_group]</li>
    <li>image->[DIGGER_nameFull] leaning against [CORPSE_nameFull]'s grave [circumstance_group]</li>
    <li>image->[DIGGER_nameFull] scribing text on [CORPSE_nameFull]'s grave [circumstance_group]</li>
    <li>image->[DIGGER_nameFull] drawing art on [CORPSE_nameFull]'s grave [circumstance_group]</li>
    <li>image->[DIGGER_nameFull] placing [CORPSE_nameFull]'s body within a grave [circumstance_group]</li>
    <li>circumstance_phrase->with a [AdjectiveAngsty] expression</li>
    <li>circumstance_phrase->and consumed in thought</li>
    <li>circumstance_phrase->while gazing at a faraway [TerrainFeature]</li>
    <li>circumstance_phrase->and talking quietly to the memorial</li>
    <li>desc_sentence->A [Color] aurora shines in the background.</li>
    <li>desc_sentence->In the distance, a [Community] is covered with snow.</li>
    <li>desc_sentence->A spectral image of [CORPSE_nameDef] looks over the scene with a [AdjectiveFriendly] expression.</li>
    <li>desc_sentence->A spectral image of [CORPSE_nameDef] stands next to [DIGGER_nameDef], wearing a [AdjectiveFriendly] expression.</li>
    <li>desc_sentence->A spectral image of [CORPSE_nameDef] looks over the scene with a [AdjectiveAngsty] expression.</li>
    <li>desc_sentence->A spectral image of [CORPSE_nameDef] stands next to [DIGGER_nameDef], wearing a [AdjectiveAngsty] expression.</li>
    <li>desc_sentence->[Quantity_adjphrase] [Animal]s rest near the scene.</li>
  -->
  <BuriedCorpse.rulePack.rulesStrings>
    <li>tale_noun->как [DIGGER_nameDef] хоронит [CORPSE_nameDef]</li>
    <li>image->, как [DIGGER_nameFull], [circumstance_phrase], предаёт тело [CORPSE_nameFull] земле</li>
    <li>image->, как [DIGGER_nameFull], [circumstance_phrase], [digger_action], где [corpse_action] [CORPSE_nameFull]</li>
    <li>digger_action->стоит рядом с местом</li>
    <li>digger_action->сидит рядом с местом</li>
    <li>digger_action->пишет текст на надгробии</li>
    <li>digger_action->гравирует изображение на надгробии</li>
    <li>corpse_action->покоится</li>
    <li>corpse_action->лежит</li>
    <li>circumstance_phrase->устремив взгляд куда-то вдаль</li>
    <li>circumstance_phrase->что-то тихо шепча</li>
    <li>circumstance_phrase->приняв [AdjectiveAngsty] вид</li>
    <li>circumstance_phrase->погрузившись в свои мысли</li>
    <li>desc_sentence->[CORPSE_nameDef] бросает откуда-то сверху свой [AdjectiveFriendly] взгляд.</li>
    <li>desc_sentence->[CORPSE_nameDef] бросает откуда-то сверху свой [AdjectiveAngsty] взгляд.</li>
    <li>desc_sentence->[CORPSE_nameDef] в виде бестелесного духа стоит рядом, приняв [AdjectiveFriendly] вид.</li>
    <li>desc_sentence->[CORPSE_nameDef] в виде бестелесного духа стоит рядом, приняв [AdjectiveAngsty] вид.</li>
    <li>desc_sentence->Рядом мирно отдыхает [Animal].</li>
    <li>desc_sentence->Небо озаряет полярное сияние.</li>
  </BuriedCorpse.rulePack.rulesStrings>
  
  <!-- EN: completed long construction project -->
  <CompletedLongConstructionProject.label>завершение долгого строительства</CompletedLongConstructionProject.label>
  <!-- EN:
    <li>tale_noun->[PAWN_nameDef] finishing construction on a [OBJECT_label]</li>
    <li>image->[PAWN_nameFull] building a [OBJECT_label] [circumstance_group]</li>
    <li>image->[PAWN_nameFull] putting together a [OBJECT_label] [circumstance_group]</li>
    <li>image->[PAWN_nameFull] polishing the surface of a [OBJECT_label] [circumstance_group]</li>
    <li>image->[PAWN_nameFull] inscribing [PAWN_possessive] name on a [OBJECT_label] [circumstance_group]</li>
    <li>circumstance_phrase->with a gleam in [PAWN_possessive] eye</li>
    <li>circumstance_phrase->while wiping the sweat from [PAWN_possessive] forehead</li>
    <li>circumstance_phrase->while covered in grime</li>
    <li>circumstance_phrase->while smiling proudly</li>
    <li>circumstance_phrase->with a satisfied expression on [PAWN_possessive] face</li>
    <li>desc_sentence->The [OBJECT_label] appears to tower above [PAWN_nameDef].</li>
    <li>desc_sentence->The [OBJECT_label] glows a soft [Color].</li>
    <li>desc_sentence->The [OBJECT_label] is intricately detailed.</li>
    <li>desc_sentence->[Quantity_adjphrase] [PersonJob]s marvel at the [OBJECT_label].</li>
    <li>desc_sentence->[Quantity_adjphrase] [PersonJob]s gaze in awe.</li>
  -->
  <CompletedLongConstructionProject.rulePack.rulesStrings>
    <li>tale_noun->как [PAWN_nameDef] заканчивает строить [OBJECT_label]</li>
    <li>image->[empty] величественно возвышающееся сооружение, это [OBJECT_label]</li>
    <li>image->[empty] [OBJECT_label], что источает мягкий [Color] свет</li>
    <li>image->, как возводится [OBJECT_label] удивительной красоты</li>
    <li>circumstance_phrase->[empty] с блеском в глазах</li>
    <li>circumstance_phrase->, вытирая пот со лба,</li>
    <li>circumstance_phrase->, [TransFriendly],</li>
    <li>circumstance_phrase->[empty] с важным видом</li>
    <li>circumstance_phrase->[empty] с довольным выражением лица</li>
    <li>desc_sentence->Это строение[circumstance_phrase] строит лично [PAWN_nameFull]</li>
    <li>desc_sentence->[PAWN_nameFull][circumstance_phrase] наводит глянец на творении своих рук.</li>
    <li>desc_sentence->[PAWN_nameFull][circumstance_phrase] добавляет декоративные элементы к своему творению.</li>
    <li>desc_sentence->[PAWN_nameFull][circumstance_phrase] высекает своё имя на этом творении своих рук.</li>
    <li>desc_sentence->Изображение этого творения рук человеческих поражает своей детализацией.</li>
  </CompletedLongConstructionProject.rulePack.rulesStrings>
  
  <!-- EN: completed long crafting project -->
  <CompletedLongCraftingProject.label>завершение создания сложного изделия</CompletedLongCraftingProject.label>
  <!-- EN:
    <li>tale_noun->[PAWN_nameDef] completing work on a [OBJECT_label]</li>
    <li>image->[PAWN_nameFull] working on a [OBJECT_label] [circumstance_group]</li>
    <li>image->[PAWN_nameFull] polishing the surface of a [OBJECT_label] [circumstance_group]</li>
    <li>image->[PAWN_nameFull] adding surface detail to a [OBJECT_label] [circumstance_group]</li>
    <li>image->[PAWN_nameFull] inscribing [PAWN_possessive] name on a [OBJECT_label] [circumstance_group]</li>
    <li>circumstance_phrase->with a gleam in [PAWN_possessive] eye</li>
    <li>circumstance_phrase->while wiping the sweat from [PAWN_possessive] forehead</li>
    <li>circumstance_phrase->while covered in grime</li>
    <li>circumstance_phrase->while smiling proudly</li>
    <li>circumstance_phrase->with a satisfied expression on [PAWN_possessive] face</li>
    <li>desc_sentence->The [OBJECT_label] glows a soft [Color].</li>
    <li>desc_sentence->The [OBJECT_label] is intricately detailed.</li>
    <li>desc_sentence->[PAWN_nameDef] lifts the [OBJECT_label] seemingly without effort.</li>
    <li>desc_sentence->[Quantity_adjphrase] [PersonJob]s marvel at the device.</li>
    <li>desc_sentence->[Quantity_adjphrase] [PersonJob]s gaze in awe.</li>
  -->
  <CompletedLongCraftingProject.rulePack.rulesStrings>
    <li>tale_noun->как [PAWN_nameDef] заканчивает делать [OBJECT_label]</li>
    <li>image->, как [PAWN_nameFull][circumstance_phrase] работает над особенно сложной частью своего изделия</li>
    <li>image->, как [PAWN_nameFull][circumstance_phrase] наводит лоск на собственноручно созданном изделии</li>
    <li>image->, как [PAWN_nameFull][circumstance_phrase] украшает собственноручно созданную вещь декоративными элементами</li>
    <li>image->, как [PAWN_nameFull][circumstance_phrase] старательно выводит своё имя на собственноручно созданном изделии</li>
    <li>circumstance_phrase->[empty] с блеском в глазах</li>
    <li>circumstance_phrase->, вытирая пот со лба,</li>
    <li>circumstance_phrase->, [TransFriendly],</li>
    <li>circumstance_phrase->[empty] с важным видом</li>
    <li>circumstance_phrase->[empty] с довольным выражением лица</li>
    <li>desc_sentence->[OBJECT_label] источает мягкий [Color] свет.</li>
    <li>desc_sentence->[OBJECT_label] поражает своей детализацией.</li>
    <li>desc_sentence->[PAWN_nameDef] держит своя творение в руках, кажется, безо всяких усилий.</li>
    <li>desc_sentence->[Outlander] пребывает в восхищении от увиденного.</li>
    <li>desc_sentence->На это с благоговением смотрит [Outlander].</li>
  </CompletedLongCraftingProject.rulePack.rulesStrings>
  
  <!-- EN: entered cryptosleep -->
  <EnteredCryptosleep.label>вход в криптосон</EnteredCryptosleep.label>
  <!-- EN:
    <li>tale_noun->[PAWN_nameDef] entering cryptosleep</li>
    <li>image->[PAWN_nameFull] lying down inside a cryptosleep casket [circumstance_group]</li>
    <li>image->[PAWN_nameFull] opening an empty cryptosleep casket [circumstance_group]</li>
    <li>image->[PAWN_nameFull] sealing themselves inside a cryptosleep casket [circumstance_group]</li>
    <li>image->[PAWN_nameFull] looking through the wall of a cryptosleep casket at a world they're about to leave [circumstance_group]</li>
    <li>circumstance_phrase->with a [AdjectiveAngsty] expression</li>
    <li>circumstance_phrase->while consumed in thought</li>
    <li>circumstance_phrase->while gazing at a faraway [TerrainFeature]</li>
    <li>circumstance_phrase->and talking quietly to themselves</li>
    <li>desc_sentence->[Quantity_adjphrase] [Animal]s rest near the scene.</li>
    <li>desc_sentence->[Quantity_adjphrase] [Enemy]s approach the area.</li>
    <li>desc_sentence->[PAWN_nameDef] radiates determination.</li>
    <li>desc_sentence->[PAWN_nameDef] is visibly wounded.</li>
    <li>desc_sentence->A [Color] aurora shines in the background.</li>
    <li>desc_sentence->[Quantity_adjphrase] filled cryptosleep caskets surround the scene.</li>
  -->
  <EnteredCryptosleep.rulePack.rulesStrings>
    <li>tale_noun->как [PAWN_nameDef] входит в состояние криптосна</li>
    <li>image->, как [PAWN_nameFull], [circumstance_phrase], ложится в саркофаг криптосна</li>
    <li>image->, как [PAWN_nameFull], [circumstance_phrase], открывает пустой саркофаг криптосна</li>
    <li>image->, как [PAWN_nameFull], [circumstance_phrase], запечатывает саркофаг криптосна изнутри</li>
    <li>image->[empty] саркофаг криптосна, сквозь окошко которого [PAWN_nameFull], [circumstance_phrase], прощально смотрит на мир</li>
    <li>circumstance_phrase->приняв [AdjectiveAngsty] вид</li>
    <li>circumstance_phrase->погрузившись в свои мысли</li>
    <li>circumstance_phrase->устремив взгляд куда-то вдаль</li>
    <li>circumstance_phrase->что-то тихо шепча</li>
    <li>desc_sentence->Рядом мирно отдыхает [Animal].</li>
    <li>desc_sentence->[Enemies] подходят всё ближе и ближе.</li>
    <li>desc_sentence->[PAWN_pronoun] излучает решимость.</li>
    <li>desc_sentence->На [PAWN_possessive] теле видны раны.</li>
    <li>desc_sentence->Небо озаряет полярное сияние.</li>
    <li>desc_sentence->Вокруг стоят ещё [Quantity_adjphrase] занятых контейнеров.</li>
  </EnteredCryptosleep.rulePack.rulesStrings>
  
  <!-- EN: gained master skill -->
  <GainedMasterSkillWithoutPassion.label>достигнуто мастерство</GainedMasterSkillWithoutPassion.label>
  <!-- EN:
    <li>tale_noun->[PAWN_nameDef] becoming a master at [SKILL_label] tasks</li>
    <li>image->[PAWN_nameFull] practicing [SKILL_label] skills [circumstance_group]</li>
    <li>image->[PAWN_nameFull] reading a tome on [SKILL_label] methods [circumstance_group]</li>
    <li>image->[PAWN_nameFull] receiving training in [SKILL_label] skills [circumstance_group]</li>
    <li>image->[PAWN_nameFull] working feverishly [circumstance_group]</li>
    <li>image->[PAWN_nameFull] finishing a project [circumstance_group]</li>
    <li>circumstance_phrase->while covered in sweat</li>
    <li>circumstance_phrase->with visible exhaustion</li>
    <li>circumstance_phrase->with a [AdjectiveAngsty] expression</li>
    <li>circumstance_phrase->with a bored expression</li>
    <li>desc_sentence->The scene is surrounded by [Quantity_adjphrase] failed experiments.</li>
    <li>desc_sentence->The scene is surrounded by [Quantity_adjphrase] books.</li>
    <li>desc_sentence->[PAWN_possessive] skill is visible in the work.</li>
    <li>desc_sentence->[Quantity_adjphrase] [PersonJob]s watch with amazement.</li>
    <li>desc_sentence->[Quantity_adjphrase] [Animal]s watch with amazement.</li>
    <li>desc_sentence->[Quantity_adjphrase] ethereal spirits of ancient masters watch from above.</li>
  -->
  <GainedMasterSkillWithoutPassion.rulePack.rulesStrings>
    <li>tale_noun->как [PAWN_nameDef] становится мастером навыка «[SKILL_label]»</li>
    <li>image->, как [PAWN_nameFull][circumstance_phrase] практикуется в навыке «[SKILL_label]»</li>
    <li>image->[empty] книгу «[SKILL_label]», которую[circumstance_phrase] дочитывает [PAWN_nameFull]</li>
    <li>image->, что [SKILL_label] становится навыком, в котором [PAWN_nameFull] достигает мастерства</li>
    <li>image->, как [PAWN_nameFull][circumstance_phrase] завершает свой проект</li>
    <li>circumstance_phrase->[empty] со скучающим видом</li>
    <li>circumstance_phrase->[empty] в поте лица</li>
    <li>circumstance_phrase->, выбиваясь из сил,</li>
    <li>circumstance_phrase->, приняв [AdjectiveAngsty] вид,</li>
    <li>circumstance_phrase->[empty] с постной миной на лице</li>
    <li>desc_sentence->Повсюду разбросаны результаты [PAWN_possessive] неудачных экспериментов.</li>
    <li>desc_sentence->Повсюду разбросаны книги.</li>
    <li>desc_sentence->В [PAWN_possessive] работе чувствуется большое мастерство.</li>
    <li>desc_sentence->[Outlander] смотрит на это с нескрываемым восхищением.</li>
    <li>desc_sentence->[PAWN_pronoun] по праву может гордиться своим умением.</li>
    <li>desc_sentence->Сверху на н[PAWN_possessive] смотрят лики великих мастеров древности.</li>
  </GainedMasterSkillWithoutPassion.rulePack.rulesStrings>
  
  <!-- EN: gained master skill with passion -->
  <GainedMasterSkillWithPassion.label>достигнуто мастерство при наличии горячего интереса</GainedMasterSkillWithPassion.label>
  <!-- EN:
    <li>tale_noun->[PAWN_nameDef] becoming a master at [SKILL_label] tasks</li>
    <li>image->[PAWN_nameFull] practicing [SKILL_label] skills [circumstance_group]</li>
    <li>image->[PAWN_nameFull] reading a tome on [SKILL_label] methods [circumstance_group]</li>
    <li>image->[PAWN_nameFull] receiving training for [SKILL_label] skills [circumstance_group]</li>
    <li>image->[PAWN_nameFull] working feverishly [circumstance_group]</li>
    <li>image->[PAWN_nameFull] finishing a project [circumstance_group]</li>
    <li>circumstance_phrase->with a [AdjectiveFriendly] expression</li>
    <li>circumstance_phrase->with a joyous expression</li>
    <li>circumstance_phrase->while [VerbFriendly]</li>
    <li>circumstance_phrase->with an exuberant shout</li>
    <li>circumstance_phrase->while covered in sweat</li>
    <li>circumstance_phrase->with visible exhaustion</li>
    <li>desc_sentence->The subject is surrounded by the results of [Quantity_adjphrase] failed experiments.</li>
    <li>desc_sentence->The subject is surrounded by [Quantity_adjphrase] books.</li>
    <li>desc_sentence->[PAWN_possessive] skill is visible in the work.</li>
    <li>desc_sentence->[Quantity_adjphrase] [PersonJob]s watch with amazement.</li>
    <li>desc_sentence->[Quantity_adjphrase] [Animal]s watch with amazement.</li>
    <li>desc_sentence->[Quantity_adjphrase] ethereal spirits of ancient masters watch from above.</li>
  -->
  <GainedMasterSkillWithPassion.rulePack.rulesStrings>
    <li>tale_noun->как [PAWN_nameDef] становится мастером навыка «[SKILL_label]»</li>
    <li>image->, как [PAWN_nameFull][circumstance_phrase] практикуется в навыке «[SKILL_label]»</li>
    <li>image->[empty] книгу «[SKILL_label]», которую[circumstance_phrase] дочитывает [PAWN_nameFull]</li>
    <li>image->, что [SKILL_label] становится навыком, в котором [PAWN_nameFull] достигает мастерства</li>
    <li>image->, как [PAWN_nameFull][circumstance_phrase] завершает свой проект</li>
    <li>circumstance_phrase->, [TransFriendly],</li>
    <li>circumstance_phrase->, приняв [AdjectiveFriendly] вид,</li>
    <li>circumstance_phrase->[empty] с довольным выражением лица</li>
    <li>circumstance_phrase->[empty] воодушевлённо</li>
    <li>circumstance_phrase->[empty] восторженно</li>
    <li>circumstance_phrase->[empty] в поте лица</li>
    <li>circumstance_phrase->, выбиваясь из сил,</li>
    <li>desc_sentence->Повсюду разбросаны результаты [PAWN_possessive] неудачных экспериментов.</li>
    <li>desc_sentence->Повсюду разбросаны книги.</li>
    <li>desc_sentence->В [PAWN_possessive] работе чувствуется большое мастерство.</li>
    <li>desc_sentence->[Outlander] смотрит на это с нескрываемым восхищением.</li>
    <li>desc_sentence->[PAWN_pronoun] по праву может гордиться своим умением.</li>
    <li>desc_sentence->Сверху на н[PAWN_possessive] смотрят лики великих мастеров древности.</li>
  </GainedMasterSkillWithPassion.rulePack.rulesStrings>
  
  <!-- EN: increased menagerie -->
  <IncreasedMenagerie.label>пополнение зверинца</IncreasedMenagerie.label>
  <!-- EN:
    <li>tale_noun(p=3)->[HUMAN_nameDef] recruiting yet another animal to [HUMAN_possessive] growing [AnimalGroup]</li>
    <li>tale_noun->[HUMAN_nameDef] being followed around by a [AnimalGroup]</li>
    <li>tale_noun->[HUMAN_nameDef]'s taming of [ANIMAL_nameDef]</li>
    <li>image->[HUMAN_nameFull] taming [ANIMAL_nameFull] [circumstance_group]</li>
    <li>image->[HUMAN_nameFull] offering a morsel of food to [ANIMAL_nameFull] [circumstance_group]</li>
    <li>image->[HUMAN_nameFull] whispering to a skittish [ANIMAL_nameFull] [circumstance_group]</li>
    <li>image->[HUMAN_nameFull] calming a wild [ANIMAL_nameFull] [circumstance_group]</li>
    <li>circumstance_phrase->with great care and caution</li>
    <li>circumstance_phrase->with a smile</li>
    <li>circumstance_phrase->while exhausted but happy</li>
    <li>circumstance_phrase->with a [AnimalGroup] in the background</li>
    <li>desc_sentence->[HUMAN_nameDef] is surrounded by uncountable [Animal]s.</li>
    <li>desc_sentence->[ANIMAL_nameDef] is moving to join a [AnimalGroup] of its kin.</li>
    <li>desc_sentence->The scene is packed with [Animal]s and [Animal]s.</li>
    <li>desc_sentence->A line of uncountable [Animal]s waits to be tamed by [HUMAN_nameDef].</li>
  -->
  <IncreasedMenagerie.rulePack.rulesStrings>
    <li>tale_noun->как [HUMAN_nameDef] приручает очередное животное</li>
    <li>tale_noun->как [HUMAN_nameDef] в который раз пополняет зоопарк поселения</li>
    <li>image->[empty] очередное животное, которое[circumstance_phrase] приручает [HUMAN_nameFull]</li>
    <li>image->, как [HUMAN_nameFull][circumstance_phrase] опять приручает какое-то животное</li>
    <li>image->, как [HUMAN_nameFull][circumstance_phrase] предлагает очередному дикому животному кусочек еды</li>
    <li>image->, как [HUMAN_nameFull][circumstance_phrase] шепчет что-то очередному пугливому животному</li>
    <li>image->, как [HUMAN_nameFull][circumstance_phrase] успокаивает ещё одно дикое животное</li>
    <li>circumstance_phrase->, не в силах остановиться,</li>
    <li>circumstance_phrase->[empty] с постной миной на лице</li>
    <li>circumstance_phrase->[empty] без большого энтузиазма</li>
    <li>circumstance_phrase->[empty] с дежурной улыбкой</li>
    <li>circumstance_phrase->[empty] устало</li>
    <li>desc_sentence->[HUMAN_nameDef] уже не знает, куда деваться от них.</li>
    <li>desc_sentence->[HUMAN_possessive] окружают толпы таких же существ.</li>
    <li>desc_sentence->[ANIMAL_nameDef] покорно присоединяется к стаду себе подобных.</li>
    <li>desc_sentence->На заднем плане толпятся [Animal], [Animal], [Animal] и ещё огромное количество подобных существ.</li>
    <li>desc_sentence->Бесчисленные представители местной фауны выстраиваются в длинную очередь на приручение.</li>
  </IncreasedMenagerie.rulePack.rulesStrings>
  
  <!-- EN: meditated -->
  <Meditated.label>медитация</Meditated.label>
  <!-- EN:
    <li>tale_noun->[PAWN_nameDef] meditating</li>
    <li>image->[PAWN_nameFull] sitting under a [TreeType] tree, [circumstance_group]</li>
    <li>image->[PAWN_nameFull] sitting quietly, [circumstance_group]</li>
    <li>image->[PAWN_nameFull] gazing into the distance and [circumstance_group]</li>
    <li>image->[PAWN_nameFull] closing [PAWN_possessive] eyes and [circumstance_group]</li>
    <li>circumstance_phrase->radiating serenity</li>
    <li>circumstance_phrase->with a tranquil smile</li>
    <li>circumstance_phrase->with a [VerbFriendly] smile</li>
    <li>circumstance_phrase->glowing softly</li>
    <li>circumstance_phrase->surrounded by a [Color] aura</li>
    <li>desc_sentence->[Quantity_adjphrase] [PersonJob]s gaze upon [PAWN_pronoun].</li>
    <li>desc_sentence->[PAWN_pronoun] is surrounded by [Quantity_adjphrase] [Animal]s.</li>
    <li>desc_sentence->[Quantity_adjphrase] [Animal]s rest peacefully.</li>
    <li>desc_sentence->[Quantity_adjphrase] [Enemy]s are awestruck by the scene.</li>
  -->
  <Meditated.rulePack.rulesStrings>
    <li>tale_noun->как [PAWN_nameDef] медитирует</li>
    <li>image->, как [PAWN_nameFull][circumstance_phrase] расслабляется под деревом</li>
    <li>image->, как [PAWN_nameFull][circumstance_phrase] сидит в позе лотоса</li>
    <li>image->, как [PAWN_nameFull][circumstance_phrase] смотрит куда-то вдаль</li>
    <li>image->, как [PAWN_nameFull][circumstance_phrase] закрывает свои глаза</li>
    <li>circumstance_phrase->, излучая покой,</li>
    <li>circumstance_phrase->[empty] с безмятежной улыбкой на лице</li>
    <li>circumstance_phrase->, [TransFriendly],</li>
    <li>circumstance_phrase->, источая слабый [Color] свет,</li>
    <li>circumstance_phrase->[empty] в ореоле из света</li>
    <li>circumstance_phrase->[empty] в сладком умиротворении</li>
    <li>circumstance_phrase->[empty] с отрешённым видом</li>
    <li>desc_sentence->Рядом мирно отдыхает [Animal].</li>
    <li>desc_sentence->Даже [Enemy] приходит в благоговение от увиденного.</li>
  </Meditated.rulePack.rulesStrings>
  
  <!-- EN: mined valuable -->
  <MinedValuable.label>добыча ценных ископаемых</MinedValuable.label>
  <!-- EN:
    <li>tale_noun->[PAWN_nameDef] mining a rich vein of [MATERIAL_label]</li>
    <li>image->[PAWN_nameFull] working a [MATERIAL_label] wall with mining tools, [circumstance_group]</li>
    <li>image->[PAWN_nameFull] holding up a chunk of [MATERIAL_label], [circumstance_group]</li>
    <li>image->[PAWN_nameFull] resting against a wall of [MATERIAL_label], [circumstance_group]</li>
    <li>image->[PAWN_nameFull] coordinating an excavation team against a rich vein of [MATERIAL_label], [circumstance_group]</li>
    <li>image->[PAWN_nameFull] carefully inspecting a rich vein of [MATERIAL_label], [circumstance_group]</li>
    <li>circumstance_phrase->sweating heavily</li>
    <li>circumstance_phrase->wearing a [AdjectiveFriendly] expression</li>
    <li>circumstance_phrase->wearing a [AdjectiveFriendly] expression</li>
    <li>circumstance_phrase->smiling proudly</li>
    <li>circumstance_phrase->a satisfied expression on [PAWN_possessive] face</li>
    <li>desc_sentence->[Quantity_adjphrase] [ally]s assist.</li>
    <li>desc_sentence->[Quantity_adjphrase] [Animal]s wander the area.</li>
    <li>desc_sentence->There is a [Community] in the background.</li>
    <li>desc_sentence->[Quantity_adjphrase] further veins are visible in the distance.</li>
    <li>desc_sentence->A [TerrainFeature] is visible in the distance.</li>
    <li>desc_sentence->[PAWN_nameDef] is sweaty and dirty from work.</li>
  -->
  <MinedValuable.rulePack.rulesStrings>
    <li>tale_noun->как [PAWN_nameDef] добывает [MATERIAL_label] вдали от поселения</li>
    <li>image->, как [PAWN_nameFull][circumstance_phrase] бьёт киркой по каменной стене, внутри которой можно увидеть [MATERIAL_label]</li>
    <li>image->, как [PAWN_nameFull][circumstance_phrase] держит в руках глыбу чего-то похожего на [MATERIAL_label]</li>
    <li>image->, как [PAWN_nameFull][circumstance_phrase] отдыхает, прислонившись спиной к забою</li>
    <li>image->, как [PAWN_nameFull][circumstance_phrase] руководит разработкой богатой жилы минерала [MATERIAL_label]</li>
    <li>image->, как [PAWN_nameFull][circumstance_phrase] внимательно осматривает богатую жилу минерала [MATERIAL_label]</li>
    <li>circumstance_phrase->, покрывшись по́том,</li>
    <li>circumstance_phrase->, имея [AdjectiveFriendly] вид,</li>
    <li>circumstance_phrase->[empty] с гордой улыбкой</li>
    <li>circumstance_phrase->[empty] с удовлетворённым выражением лица</li>
    <li>circumstance_phrase->, опасливо оглядываясь,</li>
    <li>desc_sentence->В этом [PAWN_objective] помогает [ally].</li>
    <li>desc_sentence->Вокруг бродят [Animal] и ещё [Quantity_adjphrase] животных.</li>
    <li>desc_sentence->Вдали виднеется [Community].</li>
    <li>desc_sentence->Ещё [Quantity_adjphrase] месторождений виднеются вдали.</li>
    <li>desc_sentence->Вдали виднеется [TerrainFeature].</li>
    <li>desc_sentence->[PAWN_nameDef] от работы в поту и в грязи.</li>
  </MinedValuable.rulePack.rulesStrings>
  
  <!-- EN: played game -->
  <PlayedGame.label>игра</PlayedGame.label>
  <!-- EN:
    <li>tale_noun->[PAWN_nameDef] relaxing at a [OBJECT_label]</li>
    <li>tale_noun->[PAWN_nameDef] playing games at a [OBJECT_label]</li>
    <li>tale_noun->[PAWN_nameDef] enjoying [PAWN_objective]self at a [OBJECT_label]</li>
    <li>image->[PAWN_nameFull] waiting in a chair, [circumstance_group]</li>
    <li>image->[PAWN_nameFull] poised over the [OBJECT_label], [circumstance_group]</li>
    <li>image->[PAWN_nameFull] sitting next to the [OBJECT_label], [circumstance_group]</li>
    <li>image->[PAWN_nameFull] winning at a [OBJECT_label], [circumstance_group]</li>
    <li>image->[PAWN_nameFull] losing at a [OBJECT_label], [circumstance_group]</li>
    <li>circumstance_phrase->tense with energy</li>
    <li>circumstance_phrase->[PAWN_possessive] body loose and relaxed</li>
    <li>circumstance_phrase->planning [PAWN_possessive] next action</li>
    <li>circumstance_phrase->gently massaging [PAWN_possessive] wrists</li>
    <li>circumstance_phrase->[angstyverb] with a [AdjectiveAngsty] expression</li>
    <li>circumstance_phrase->wearing a [AdjectiveAngsty] look</li>
    <li>circumstance_phrase->[angstyverb]</li>
    <li>desc_sentence->A [Color] aurora shines in the background.</li>
    <li>desc_sentence->In the distance, a [Community] is visible.</li>
    <li>desc_sentence->In the distance, a [TerrainFeature] is visible.</li>
    <li>desc_sentence->[Quantity_adjphrase] [PersonJob]s are playing as well.</li>
    <li>desc_sentence->[Quantity_adjphrase] [Animal]s play nearby.</li>
    <li>desc_sentence->[PAWN_nameDef] is glowing with a [Color] aura.</li>
    <li>desc_sentence->[PAWN_nameDef]'s features are exaggerated.</li>
    <li>desc_sentence->[PAWN_nameDef] towers above the scene.</li>
    <li>desc_sentence->[Quantity_adjphrase] [PersonJob]s are slumped in defeat.</li>
  -->
  <PlayedGame.rulePack.rulesStrings>
    <li>tale_noun->как [PAWN_nameDef] расслабляется за игрой</li>
    <li>tale_noun->как [PAWN_nameDef] развлекается</li>
    <li>image->[empty] [OBJECT_label], рядом с которым[circumstance_phrase] [action] [PAWN_nameFull]</li>
    <li>action->планирует свой ход</li>
    <li>action->сидит</li>
    <li>action->стоит</li>
    <li>action->ждёт своего хода</li>
    <li>circumstance_phrase->, приняв [AdjectiveBadass] вид,</li>
    <li>circumstance_phrase->, приняв [AdjectiveAngsty] вид,</li>
    <li>circumstance_phrase->, обдумывая следующие действия,</li>
    <li>circumstance_phrase->, мягко массируя запястья,</li>
    <li>circumstance_phrase->[empty] сосредоточенно</li>
    <li>circumstance_phrase->[empty] задумчиво</li>
    <li>circumstance_phrase->[empty] расслабленно</li>
    <li>circumstance_phrase->[empty] напряжённо</li>
    <li>desc_sentence->[PAWN_possessive] противник, [Outlander], явно не хочет сдаваться.</li>
    <li>desc_sentence->[PAWN_possessive] противник, [Outlander], предлагает ничью.</li>
    <li>desc_sentence->[PAWN_possessive] противник, [Outlander], похоже, проигрывает.</li>
    <li>desc_sentence->[PAWN_pronoun], похоже, проигрывает.</li>
    <li>desc_sentence->[PAWN_pronoun] явно выигрывает.</li>
    <li>desc_sentence->[Outlander] тоже участвует в игре.</li>
    <li>desc_sentence->Рядом резвится [Animal].</li>
    <li>desc_sentence->Рядом [Outlander] расстраивается из-за своего проигрыша.</li>
  </PlayedGame.rulePack.rulesStrings>
  
  <!-- EN: prayed -->
  <Prayed.label>молитва</Prayed.label>
  <!-- EN:
    <li>tale_noun->[PAWN_nameDef] praying</li>
    <li>tale_noun->[PAWN_nameDef] praying to a higher power</li>
    <li>image->[PAWN_nameFull] gazing into the distance and [circumstance_group]</li>
    <li>image->[PAWN_nameFull] closing [PAWN_possessive] eyes and [circumstance_group]</li>
    <li>image->[PAWN_nameFull] clasping [PAWN_possessive] hands and [circumstance_group]</li>
    <li>image->[PAWN_nameFull] looking into the sky and [circumstance_group]</li>
    <li>circumstance_phrase->radiating serenity</li>
    <li>circumstance_phrase->whispering softly</li>
    <li>circumstance_phrase->wearing a hopeful expression</li>
    <li>circumstance_phrase->glowing softly</li>
    <li>circumstance_phrase->surrounded by a [Color] aura</li>
    <li>desc_sentence->[Quantity_adjphrase] [PersonJob]s gaze upon [PAWN_pronoun].</li>
    <li>desc_sentence->[PAWN_pronoun] is surrounded by [Quantity_adjphrase] [Animal]s.</li>
    <li>desc_sentence->[Quantity_adjphrase] [Animal]s rest peacefully.</li>
    <li>desc_sentence->[Quantity_adjphrase] [Enemy]s are awestruck by the scene.</li>
  -->
  <Prayed.rulePack.rulesStrings>
    <li>tale_noun->как [PAWN_nameDef] молится</li>
    <li>tale_noun->как [PAWN_nameDef] истово молится</li>
    <li>image->, как [PAWN_nameFull][circumstance_phrase] обращает свой взор к небу</li>
    <li>image->, как [PAWN_nameFull][circumstance_phrase] возносит молитву</li>
    <li>image->, как [PAWN_nameFull][circumstance_phrase] складывает руки в молитве</li>
    <li>image->, как [PAWN_nameFull][circumstance_phrase] воздевает руки к небу</li>
    <li>circumstance_phrase->, излучая покой,</li>
    <li>circumstance_phrase->, что-то тихо шепча,</li>
    <li>circumstance_phrase->[empty] смиренно</li>
    <li>circumstance_phrase->[empty] одухотворённо</li>
    <li>circumstance_phrase->[empty] с выражением надежды на лице</li>
    <li>circumstance_phrase->, источая слабый [Color] свет,</li>
    <li>circumstance_phrase->[empty] в жажде просветления</li>
    <li>desc_sentence->Рядом мирно отдыхает [Animal].</li>
    <li>desc_sentence->Даже [Enemy] приходит в благоговение от увиденного.</li>
  </Prayed.rulePack.rulesStrings>
  
  <!-- EN: put into cryptosleep -->
  <PutIntoCryptosleep.label>введение в криптосон</PutIntoCryptosleep.label>
  <!-- EN:
    <li>tale_noun->[CARRIER_nameDef] putting [SLEEPER_nameDef] into cryptosleep</li>
    <li>image->[CARRIER_nameFull] placing [SLEEPER_nameDef] inside a cryptosleep casket [circumstance_group]</li>
    <li>image->[CARRIER_nameFull] opening an empty cryptosleep casket while supporting [SLEEPER_nameDef] [circumstance_group]</li>
    <li>image->[CARRIER_nameFull] sealing [SLEEPER_nameDef] inside a cryptosleep casket [circumstance_group]</li>
    <li>image->[CARRIER_nameFull] walking away as [SLEEPER_nameDef] looks through the wall of a cryptosleep casket [circumstance_group]</li>
    <li>circumstance_phrase(p=3)->with a [AdjectiveAny] expression</li>
    <li>circumstance_phrase->while consumed in thought</li>
    <li>circumstance_phrase->while gazing at a faraway [TerrainFeature]</li>
    <li>circumstance_phrase->with visible tension between the two</li>
    <li>desc_sentence->[Quantity_adjphrase] [Animal]s rest near the scene.</li>
    <li>desc_sentence->[Quantity_adjphrase] [Enemy]s approach the area.</li>
    <li>desc_sentence->[CARRIER_nameDef] radiates determination.</li>
    <li>desc_sentence->[SLEEPER_nameDef] is visibly wounded.</li>
    <li>desc_sentence->[SLEEPER_nameDef] looks exhausted.</li>
    <li>desc_sentence->[Quantity_adjphrase] filled cryptosleep caskets surround the scene.</li>
  -->
  <PutIntoCryptosleep.rulePack.rulesStrings>
    <li>tale_noun->как [CARRIER_nameDef] вводит [SLEEPER_nameDef] в состояние криптосна</li>
    <li>image->, как [CARRIER_nameFull], [circumstance_phrase], укладывает [SLEEPER_nameDef] в саркофаг криптосна</li>
    <li>image->, как [CARRIER_nameFull], [circumstance_phrase], открывает пустой саркофаг криптосна</li>
    <li>image->, как [CARRIER_nameFull], [circumstance_phrase], запечатывает саркофаг криптосна, в котором лежит [SLEEPER_nameDef]</li>
    <li>image->, как [CARRIER_nameFull] уходит прочь от саркофага криптосна, сквозь окошко которого [SLEEPER_nameDef], [circumstance_phrase], прощально смотрит на мир</li>
    <li>circumstance_phrase->ощущая всю напряжённость ситуации</li>
    <li>circumstance_phrase->погрузившись в свои мысли</li>
    <li>circumstance_phrase->устремив взгляд куда-то вдаль</li>
    <li>circumstance_phrase->что-то тихо шепча</li>
    <li>circumstance_phrase->бросая [AdjectiveFriendly] взгляд</li>
    <li>circumstance_phrase->бросая [AdjectiveBadass] взгляд</li>
    <li>circumstance_phrase->бросая [AdjectiveAngsty] взгляд</li>
    <li>desc_sentence->Рядом мирно отдыхает [Animal].</li>
    <li>desc_sentence->[Enemies] подходят всё ближе и ближе.</li>
    <li>desc_sentence->[CARRIER_pronoun] излучает решимость.</li>
    <li>desc_sentence->На теле [SLEEPER_nameDef] видны раны.</li>
    <li>desc_sentence->[SLEEPER_nameDef] не чувствует в себе сил.</li>
    <li>desc_sentence->Небо озаряет полярное сияние.</li>
    <li>desc_sentence->Вокруг стоят ещё [Quantity_adjphrase] занятых контейнеров.</li>
  </PutIntoCryptosleep.rulePack.rulesStrings>
  
  <!-- EN: stripped -->
  <Stripped.label>раздевание</Stripped.label>
  <!-- EN:
    <li>tale_noun->[TAKER_nameDef] stripping [STRIPPED_nameDef]</li>
    <li>image->[TAKER_nameFull] disrobing [STRIPPED_nameFull] in public [circumstance_group]</li>
    <li>image->[TAKER_nameFull] removing the clothes of [STRIPPED_nameFull] [circumstance_group]</li>
    <li>image->[TAKER_nameFull] holding an armful of [Apparel]s while standing next to [STRIPPED_nameFull], who is completely naked [circumstance_group]</li>
    <li>image->[TAKER_nameFull] waiting patiently as [STRIPPED_nameFull] removes [STRIPPED_possessive] clothes [circumstance_group]</li>
    <li>circumstance_phrase->with a sense of purpose</li>
    <li>circumstance_phrase->with no hint of shame</li>
    <li>circumstance_phrase->while others look on</li>
    <li>circumstance_phrase->for no apparent reason</li>
    <li>circumstance_phrase->while confused animals look on</li>
    <li>desc_sentence->[STRIPPED_nameDef] is visibly aroused.</li>
    <li>desc_sentence->[STRIPPED_nameDef] is covered in unexplained moisture.</li>
    <li>desc_sentence->[STRIPPED_nameDef] is breathing heavily for no obvious reason.</li>
    <li>desc_sentence->[STRIPPED_nameDef] is fondling a shrub.</li>
    <li>desc_sentence->[STRIPPED_nameDef] wears only a [AdjectiveAngsty] expression.</li>
  -->
  <Stripped.rulePack.rulesStrings>
    <li>tale_noun->как [TAKER_nameDef] раздевает [STRIPPED_nameDef]</li>
    <li>image->, как [STRIPPED_nameFull] покорно стоит, пока [TAKER_nameFull] [circumstance_phrase] [stripper_action]</li>
    <li>image->, как [TAKER_nameFull] терпеливо ждёт, когда [STRIPPED_nameFull] [circumstance_phrase] снимет с себя всю одежду</li>
    <li>image->, как [STRIPPED_nameFull] [circumstance_phrase] стоит голышом, а [TAKER_nameFull] держит в охапке [STRIPPED_possessive] одежду</li>
    <li>circumstance_phrase->без какой-либо причины</li>
    <li>circumstance_phrase->целеустремлённо</li>
    <li>circumstance_phrase->без намёка на стыд</li>
    <li>circumstance_phrase->у всех на виду</li>
    <li>stripper_action->раздевает [STRIPPED_possessive]</li>
    <li>stripper_action->срывает с н[STRIPPED_possessive] одежду</li>
    <li>stripper_action->снимает с н[STRIPPED_possessive] одежду</li>
    <li>desc_sentence->Тело [STRIPPED_nameDef] покрыто какой-то неопознанной жидкостью.</li>
    <li>desc_sentence->[STRIPPED_nameDef] тяжело дышит без явных на то причин.</li>
    <li>desc_sentence->Сбитые с толку животные просто наблюдают за происходящим.</li>
    <li>desc_sentence->[STRIPPED_nameDef] явно пребывает в возбуждении.</li>
  </Stripped.rulePack.rulesStrings>
  
  <!-- EN: visited grave -->
  <VisitedGrave.label>посещение могилы</VisitedGrave.label>
  <!-- EN:
    <li>tale_noun->[VISITOR_nameDef] visiting the grave of [CORPSE_nameDef]</li>
    <li>tale_noun->[VISITOR_nameDef] visiting [CORPSE_nameDef]'s grave</li>
    <li>image->[VISITOR_nameFull] standing next to [CORPSE_nameFull]'s grave [circumstance_group]</li>
    <li>image->[VISITOR_nameFull] sitting next to [CORPSE_nameFull]'s grave [circumstance_group]</li>
    <li>image->[VISITOR_nameFull] leaning against [CORPSE_nameFull]'s grave [circumstance_group]</li>
    <li>image->[VISITOR_nameFull] reading the text on [CORPSE_nameFull]'s grave [circumstance_group]</li>
    <li>image->[VISITOR_nameFull] looking at the art on [CORPSE_nameFull]'s grave [circumstance_group]</li>
    <li>circumstance_phrase->with a [AdjectiveAngsty] expression</li>
    <li>circumstance_phrase->and consumed in thought</li>
    <li>circumstance_phrase->while gazing at a faraway [TerrainFeature]</li>
    <li>circumstance_phrase->and talking quietly to the memorial</li>
    <li>desc_sentence->A [Color] aurora shines in the background.</li>
    <li>desc_sentence->In the distance, a [Community] is covered with snow.</li>
    <li>desc_sentence->A spectral image of [CORPSE_nameDef] looks over the scene with a [AdjectiveFriendly] expression.</li>
    <li>desc_sentence->A spectral image of [CORPSE_nameDef] stands next to [VISITOR_nameDef], wearing a [AdjectiveFriendly] expression.</li>
    <li>desc_sentence->A spectral image of [CORPSE_nameDef] looks over the scene with a [AdjectiveAngsty] expression.</li>
    <li>desc_sentence->A spectral image of [CORPSE_nameDef] stands next to [VISITOR_nameDef], wearing a [AdjectiveAngsty] expression.</li>
    <li>desc_sentence->[Quantity_adjphrase] [Animal]s rest near the scene.</li>
  -->
  <VisitedGrave.rulePack.rulesStrings>
    <li>tale_noun->как [VISITOR_nameDef] посещает место, где [corpse_action] [CORPSE_nameDef]</li>
    <li>image->, как [VISITOR_nameFull], [circumstance_phrase], [visitor_action], где [corpse_action] [CORPSE_nameFull]</li>
    <li>visitor_action->стоит рядом с местом</li>
    <li>visitor_action->сидит рядом с местом</li>
    <li>visitor_action->читает текст на надгробии</li>
    <li>visitor_action->любуется гравировкой на надгробии</li>
    <li>corpse_action->покоится</li>
    <li>corpse_action->лежит</li>
    <li>circumstance_phrase->погрузившись в свои мысли</li>
    <li>circumstance_phrase->устремив взгляд куда-то вдаль</li>
    <li>circumstance_phrase->что-то тихо шепча</li>
    <li>circumstance_phrase->приняв [AdjectiveAngsty] вид</li>
    <li>desc_sentence->Небо озаряет полярное сияние.</li>
    <li>desc_sentence->[CORPSE_nameDef] бросает откуда-то сверху свой [AdjectiveFriendly] взгляд.</li>
    <li>desc_sentence->[CORPSE_nameDef] бросает откуда-то сверху свой [AdjectiveAngsty] взгляд.</li>
    <li>desc_sentence->[CORPSE_nameDef] в виде бестелесного духа стоит рядом, приняв [AdjectiveFriendly] вид.</li>
    <li>desc_sentence->[CORPSE_nameDef] в виде бестелесного духа стоит рядом, приняв [AdjectiveAngsty] вид.</li>
    <li>desc_sentence->Рядом мирно отдыхает [Animal].</li>
  </VisitedGrave.rulePack.rulesStrings>
  
</LanguageData>