﻿<?xml version="1.0" encoding="UTF-8"?>
<LanguageData>
  
  <!-- EN: aurora -->
  <Aurora.label>полярное сияние</Aurora.label>
  <!-- EN:
    <li>tale_noun->the time an aurora appeared over [PAWN_nameDef]'s [Community]</li>
    <li>tale_noun->the time polar lights shone over [PAWN_nameDef]'s [Community]</li>
    <li>tale_noun->[PAWN_nameDef]'s [Community] illuminated by the light of an aurora</li>
    <li>image->the sky illuminated in [Color]s and [Color]s [circumstance_phrase]</li>
    <li>image->a fabulous pattern of [Color] rays [circumstance_phrase]</li>
    <li>image->a network of [Color] lights [circumstance_phrase]</li>
    <li>image->[Color] swooping arcs with [Color] highlights [circumstance_phrase]</li>
    <li>image->dancing [Color] lights [circumstance_group]</li>
    <li>circumstance_phrase->over a [TerrainFeature]</li>
    <li>circumstance_phrase->illuminating a [TerrainFeature]</li>
    <li>circumstance_phrase->floating over a [Community]</li>
    <li>circumstance_phrase->bracketed between a [TerrainFeature] and a [TerrainFeature]</li>
    <li>desc_sentence->Below, [PAWN_nameDef] plays [Game] with a [AdjectiveFriendly] look.</li>
    <li>desc_sentence->[PAWN_nameDef] watches with awe on [PAWN_possessive] face.</li>
    <li>desc_sentence->[Quantity_adjphrase] [PersonJob]s watch from below.</li>
    <li>desc_sentence->[PAWN_nameDef] sits near a [TerrainFeature], gazing at the sky.</li>
    <li>desc_sentence->[Quantity_adjphrase] [Animal]s wander peacefully.</li>
    <li>desc_sentence->There is no [Enemy] in sight.</li>
  -->
  <Aurora.rulePack.rulesStrings>
    <li>tale_noun->как над поселением возникает полярное сияние</li>
    <li>image->, как [subj] [action] [circumstance_phrase]</li>
    <li>subj->[Color_fem] корона света</li>
    <li>subj->[adj] хоровод танцующих огней</li>
    <li>subj->[adj] световой узор</li>
    <li>action->переливается красками</li>
    <li>action->озаряет небо</li>
    <li>action->вздымается</li>
    <li>circumstance_phrase->в веренице сполохов</li>
    <li>circumstance_phrase->в цветном калейдоскопе</li>
    <li>circumstance_phrase->над поселением</li>
    <li>adj->волшебный</li>
    <li>adj->фантастический</li>
    <li>adj->[Color]</li>
    <li>desc_sentence->[PAWN_nameDef] с благоговением смотрит вверх.</li>
    <li>desc_sentence->[PAWN_nameDef] смотрит вверх с открытым ртом.</li>
    <li>desc_sentence->[PAWN_nameDef] смотрит вверх в немом потрясении.</li>
    <li>desc_sentence->Внизу [PAWN_nameDef] играет в [Game], бросая [AdjectiveFriendly] взгляд.</li>
  </Aurora.rulePack.rulesStrings>
  
  <!-- EN: caravan ambushed -->
  <CaravanAmbushedByHumanlike.label>засада</CaravanAmbushedByHumanlike.label>
  <!-- EN:
    <li>tale_noun->[PAWN_nameDef]'s caravan being ambushed</li>
    <li>image->[PAWN_nameFull] cowering [circumstance_group]</li>
    <li>image->[PAWN_nameFull] moving to protect an ally [circumstance_group]</li>
    <li>image->[PAWN_nameFull] moving to attack [circumstance_group]</li>
    <li>image->[PAWN_nameFull] attacking [circumstance_group]</li>
    <li>image->[PAWN_nameFull] shouting loudly [circumstance_group]</li>
    <li>image->[PAWN_nameFull] running [circumstance_group]</li>
    <li>image->[PAWN_nameFull] grapping with an opponent [circumstance_group]</li>
    <li>image->[PAWN_nameFull] defending [PAWN_objective]self [circumstance_group]</li>
    <li>circumstance_phrase->with a [AdjectiveBadass] expression</li>
    <li>circumstance_phrase->with a [AdjectiveBadass] expression</li>
    <li>circumstance_phrase->while wielding [PAWN_possessive] weapon</li>
    <li>circumstance_phrase->while sweating with exertion</li>
    <li>desc_sentence->[Quantity_adjphrase] distant figures approaches from behind a [TerrainFeature].</li>
    <li>desc_sentence->[Quantity_adjphrase] [Enemy]s can be seen in the distance.</li>
    <li>desc_sentence->[PAWN_nameDef] is practically surrounded by [Enemy]s.</li>
    <li>desc_sentence->[PAWN_nameDef] is confronted by a [Enemy].</li>
    <li>desc_sentence->[Quantity_adjphrase] [Animal]s flee the scene of conflict in fear.</li>
    <li>desc_sentence->In the distance, a [PersonJob] observes.</li>
  -->
  <CaravanAmbushedByHumanlike.rulePack.rulesStrings>
    <li>tale_noun->как караван [PAWN_nameDef] попадает в засаду</li>
    <li>image->, как [PAWN_nameFull][circumstance_phrase] ищет укрытие</li>
    <li>image->, как [PAWN_nameFull][circumstance_phrase] защищает караван</li>
    <li>image->, как [PAWN_nameFull][circumstance_phrase] бежит в атаку</li>
    <li>image->, как [PAWN_nameFull][circumstance_phrase] атакует противника</li>
    <li>image->, как [PAWN_nameFull][circumstance_phrase] исполняет боевой клич</li>
    <li>image->, как [PAWN_nameFull][circumstance_phrase] готовится к бою</li>
    <li>image->, как [PAWN_nameFull][circumstance_phrase] вступает в схватку с противником</li>
    <li>image->, как [PAWN_nameFull][circumstance_phrase] защищается от разбойников</li>
    <li>circumstance_phrase(p=2)->, перехватив [HisWeapon],</li>
    <li>circumstance_phrase->, приняв [AdjectiveBadass] вид,</li>
    <li>circumstance_phrase->, бросая [AdjectiveBadass] взгляд,</li>
    <li>circumstance_phrase->[empty] с оружием в руках</li>
    <li>circumstance_phrase->, потея от напряжения,</li>
    <li>desc_sentence->[Enemies] стремительно приближаются.</li>
    <li>desc_sentence->Вдалеке виднеются [Enemies].</li>
    <li>desc_sentence->[Enemies] уже практически окружают [PAWN_possessive].</li>
    <li>desc_sentence->[PAWN_nameDef] и [Enemies] стоят лицом к лицу.</li>
    <li>desc_sentence->Перепуганные животные удирают из опасного места.</li>
    <li>desc_sentence->На это издалека смотрит [Outlander].</li>
  </CaravanAmbushedByHumanlike.rulePack.rulesStrings>
  
  <!-- EN: caravan ambushed by manhunter -->
  <CaravanAmbushedByManhunter.label>нападение животных</CaravanAmbushedByManhunter.label>
  <!-- EN:
    <li>tale_noun->[PAWN_nameDef]'s caravan being ambushed</li>
    <li>image->[PAWN_nameFull] cowering [circumstance_group]</li>
    <li>image->[PAWN_nameFull] moving to protect an ally [circumstance_group]</li>
    <li>image->[PAWN_nameFull] moving to attack [circumstance_group]</li>
    <li>image->[PAWN_nameFull] attacking [circumstance_group]</li>
    <li>image->[PAWN_nameFull] shouting loudly [circumstance_group]</li>
    <li>image->[PAWN_nameFull] running [circumstance_group]</li>
    <li>circumstance_phrase->with a [AdjectiveBadass] expression</li>
    <li>circumstance_phrase->with a [AdjectiveBadass] expression</li>
    <li>circumstance_phrase->while wielding [PAWN_possessive] weapon</li>
    <li>circumstance_phrase->while sweating with exertion</li>
    <li>circumstance_phrase->while covered with [Gore]</li>
    <li>desc_sentence->[Quantity_adjphrase] distant animals approach from behind a [TerrainFeature].</li>
    <li>desc_sentence->[Gore] covers the ground.</li>
    <li>desc_sentence->The ground has been trampled into a mess of [Gore].</li>
    <li>desc_sentence->[Quantity_adjphrase] [Animal]s flee the scene of conflict in fear.</li>
    <li>desc_sentence->In the distance, a [PersonJob] observes.</li>
  -->
  <CaravanAmbushedByManhunter.rulePack.rulesStrings>
    <li>tale_noun->как караван [PAWN_nameDef] попадает в засаду</li>
    <li>image->, как [PAWN_nameFull][circumstance_phrase] ищет укрытие</li>
    <li>image->, как [PAWN_nameFull][circumstance_phrase] защищает караван</li>
    <li>image->, как [PAWN_nameFull][circumstance_phrase] бежит в атаку</li>
    <li>image->, как [PAWN_nameFull][circumstance_phrase] готовится к нападению агрессивных животных</li>
    <li>image->, как [PAWN_nameFull][circumstance_phrase] исполняет боевой клич</li>
    <li>image->, как [PAWN_nameFull][circumstance_phrase] готовится к бою</li>
    <li>circumstance_phrase(p=2)->, перехватив [HisWeapon],</li>
    <li>circumstance_phrase->, приняв [AdjectiveBadass] вид,</li>
    <li>circumstance_phrase->, бросая [AdjectiveBadass] взгляд,</li>
    <li>circumstance_phrase->[empty] с оружием в руках</li>
    <li>circumstance_phrase->, потея от напряжения,</li>
    <li>circumstance_phrase->, перепачкавшись [Gore],</li>
    <li>desc_sentence->Животные стремительно приближаются.</li>
    <li>desc_sentence->Земля вокруг вытоптана и покрыта [Gore].</li>
    <li>desc_sentence->Глаза животных источают недобрый [Color] свет.</li>
    <li>desc_sentence->[Animal] в страхе удирает из опасного места.</li>
    <li>desc_sentence->На это издалека смотрит [Outlander].</li>
  </CaravanAmbushedByManhunter.rulePack.rulesStrings>
  
  <!-- EN: caravan demand -->
  <CaravanDemand.label>засада разбойников</CaravanDemand.label>
  <!-- EN:
    <li>tale_noun->[PAWN_nameDef]'s caravan receiving a demand</li>
    <li>tale_noun->[PAWN_nameDef]'s caravan being threatened</li>
    <li>image->[PAWN_nameFull] cowering [circumstance_group]</li>
    <li>image->[PAWN_nameFull] shouting loudly [circumstance_group]</li>
    <li>image->[PAWN_nameFull] thinking [circumstance_group]</li>
    <li>image->[PAWN_nameFull] glaring [circumstance_group]</li>
    <li>image->[PAWN_nameFull], threatened by a [PersonJob], [circumstance_group]</li>
    <li>image->[PAWN_nameFull] brandishing a [Weapon] [circumstance_group]</li>
    <li>circumstance_phrase->with a [AdjectiveBadass] expression</li>
    <li>circumstance_phrase->with a [AdjectiveAngsty] expression</li>
    <li>circumstance_phrase->as others look on</li>
    <li>circumstance_phrase->while being threatened by [Enemy]s</li>
    <li>desc_sentence->[PAWN_nameDef] is practically surrounded by [Enemy]s.</li>
    <li>desc_sentence->[Quantity_adjphrase] [Enemy]s are nearby, [action].</li>
    <li>desc_sentence->The sun sets over a [TerrainFeature].</li>
    <li>desc_sentence->The sun rises over a [TerrainFeature].</li>
    <li>desc_sentence->In the distance, a [PersonJob] observes.</li>
    <li>action->sharpening their weapons</li>
    <li>action->watching for danger</li>
    <li>action->guarding hostages</li>
    <li>action->waiting for a decision</li>
    <li>action->taunting [PAWN_nameDef]</li>
  -->
  <CaravanDemand.rulePack.rulesStrings>
    <li>tale_noun->как караван [PAWN_nameDef] попадает в засаду разбойников</li>
    <li>image->[empty] разбойников, преграждающих путь каравану [PAWN_nameFull]</li>
    <li>image->[empty] разбойников, угрожающих каравану [PAWN_nameFull]</li>
    <li>image->, как [PAWN_nameFull], [circumstance_phrase], оценивает силы разбойников</li>
    <li>image->, как [PAWN_nameFull], [circumstance_phrase], раздумывает над тем, как откупиться от разбойников</li>
    <li>image->, как [PAWN_nameFull], [circumstance_phrase], воинственно потрясает своим оружием перед разбойниками</li>
    <li>circumstance_phrase->бросая [adjective_either] взгляд</li>
    <li>circumstance_phrase->приняв [adjective_either] вид</li>
    <li>circumstance_phrase->держа наготове [HisWeapon]</li>
    <li>adjective_either->[AdjectiveBadass]</li>
    <li>adjective_either->[AdjectiveAngsty]</li>
    <li>desc_sentence->[Enemies] [enemies_action].</li>
    <li>desc_sentence->Остальные участники каравана [members_action].</li>
    <li>desc_sentence->[Enemies] практически окружили [PAWN_possessive].</li>
    <li>members_action(p=3)->[common_action]</li>
    <li>members_action->молча стоят в стороне</li>
    <li>members_action->испуганно перешёптываются</li>
    <li>enemies_action(p=3)->[common_action]</li>
    <li>enemies_action->скалят зубы</li>
    <li>enemies_action->охраняют заложников</li>
    <li>common_action->держат ухо востро</li>
    <li>common_action->готовят своё оружие к бою</li>
    <li>common_action->ждут [PAWN_possessive] решения</li>
  </CaravanDemand.rulePack.rulesStrings>
  
  <!-- EN: caravan meeting -->
  <CaravanMeeting.label>встреча караванов</CaravanMeeting.label>
  <!-- EN:
    <li>tale_noun->[PAWN_nameDef]'s caravan being met by others</li>
    <li>image->[PAWN_nameFull] greeting a [PersonJob] [circumstance_group]</li>
    <li>image->[PAWN_nameFull] inspecting a [PersonJob] [circumstance_group]</li>
    <li>image->[PAWN_nameFull] calling out to a [PersonJob] [circumstance_group]</li>
    <li>image->[PAWN_nameFull] walking towards a [PersonJob] [circumstance_group]</li>
    <li>image->[PAWN_nameFull] talking quietly [circumstance_group]</li>
    <li>image->[PAWN_nameFull] shouting loudly [circumstance_group]</li>
    <li>image->[PAWN_nameFull] playing [Game] with a [PersonJob] [circumstance_group]</li>
    <li>circumstance_phrase->with a [AdjectiveFriendly] expression</li>
    <li>circumstance_phrase->with a [AdjectiveFriendly] expression</li>
    <li>circumstance_phrase->while [VerbFriendly]</li>
    <li>circumstance_phrase->as others look on</li>
    <li>desc_sentence->[Quantity_adjphrase] [PersonJob]s are [event].</li>
    <li>desc_sentence->[Quantity_adjphrase] [PersonJob]s are [event].</li>
    <li>desc_sentence->[Quantity_adjphrase] [Animal]s surround the group.</li>
    <li>desc_sentence->The sun sets over a [TerrainFeature].</li>
    <li>desc_sentence->The sun rises over a [TerrainFeature].</li>
    <li>desc_sentence->In the distance, a [PersonJob] observes.</li>
    <li>event->throwing a party</li>
    <li>event->eating a communal meal</li>
    <li>event->discussing recent events</li>
    <li>event->rekindling old friendships</li>
    <li>event->talking hesitantly</li>
  -->
  <CaravanMeeting.rulePack.rulesStrings>
    <li>tale_noun->как караван [PAWN_nameDef] встречается с другим караваном</li>
    <li>image->[empty] встречу двух караванов. [PAWN_nameFull] и лидер другого каравана, [circumstance_phrase], тепло приветствуют друг друга</li>
    <li>image->[empty] встречу двух караванов. [PAWN_nameFull] и лидер другого каравана, [circumstance_phrase], оценивающе смотрят друг на друга</li>
    <li>image->[empty] встречу двух караванов. [PAWN_nameFull] и лидер другого каравана, [circumstance_phrase], что-то кричат друг другу</li>
    <li>image->[empty] встречу двух караванов. [PAWN_nameFull] и лидер другого каравана, [circumstance_phrase], идут насвтречу друг другу</li>
    <li>image->[empty] встречу двух караванов. [PAWN_nameFull], [circumstance_phrase], мирно беседует с лидером другого каравана</li>
    <li>image->[empty] встречу двух караванов. [PAWN_nameFull], [circumstance_phrase], окликивает лидера другого каравана</li>
    <li>image->[empty] встречу двух караванов. [PAWN_nameFull], [circumstance_phrase], играет в [Game] с лидером другого каравана</li>
    <li>circumstance_phrase->приняв [AdjectiveFriendly] вид</li>
    <li>circumstance_phrase->бросая [AdjectiveFriendly] взгляд</li>
    <li>circumstance_phrase->[TransFriendly]</li>
    <li>desc_sentence->В это время [people] [event].</li>
    <li>people->остальные члены караванов</li>
    <li>people->остальные участники обоих караванов</li>
    <li>people->остальные</li>
    <li>people->все остальные</li>
    <li>event->молча стоят в стороне</li>
    <li>event->мирно беседуют</li>
    <li>event->устраивают вечеринку</li>
    <li>event->поедают свои запасы продовольствия</li>
    <li>event->обсуждают последние новости</li>
    <li>event->знакомятся друг с другом</li>
    <li>event->неуверенно общаются друг с другом</li>
  </CaravanMeeting.rulePack.rulesStrings>
  
  <!-- EN: eclipse -->
  <Eclipse.label>затмение</Eclipse.label>
  <!-- EN:
    <li>tale_noun->an eclipse over [PAWN_nameDef]'s [Community]</li>
    <li>image->an unnaturally dark sky, [circumstance_phrase]</li>
    <li>image->a crepuscular sky, [circumstance_phrase]</li>
    <li>image->a moon, ringed by a faint circle of sunlight, [circumstance_phrase]</li>
    <li>image->[Quantity_adjphrase] [Animal]s milling around uncertainly in darkness, [circumstance_phrase]</li>
    <li>circumstance_phrase->the air still and quiet</li>
    <li>circumstance_phrase->twilight blanketing a nearby [TerrainFeature]</li>
    <li>circumstance_phrase->twilight blanketing [Quantity_adjphrase] nearby [TerrainFeature]s</li>
    <li>circumstance_phrase->with stars visible</li>
    <li>desc_sentence->Below, [PAWN_nameDef] plays [Game] with a [AdjectiveFriendly] look.</li>
    <li>desc_sentence->[PAWN_nameDef] watches with awe on [PAWN_possessive] face.</li>
    <li>desc_sentence->[Quantity_adjphrase] [PersonJob]s watch from below.</li>
    <li>desc_sentence->[PAWN_nameDef] sits near a [TerrainFeature], gazing at the sky.</li>
    <li>desc_sentence->A [Community] of spectators watches the sky peacefully.</li>
    <li>desc_sentence->There is no [Enemy] in sight.</li>
  -->
  <Eclipse.rulePack.rulesStrings>
    <li>tale_noun->как [Community], где живёт [PAWN_nameDef], попадает в зону затмения</li>
    <li>image->[empty] неестественно тёмное небо. [circumstance_phrase]</li>
    <li>image->[empty] почти ночное небо. [circumstance_phrase]</li>
    <li>image->[empty] луну внутри тусклого солнечного ободка. [circumstance_phrase]</li>
    <li>image->, как [Animal] и ещё [Quantity_adjphrase] животных неуверенно столпились в темноте. [circumstance_phrase]</li>
    <li>circumstance_phrase->Воздух неподвижен и тих</li>
    <li>circumstance_phrase->Неподалёку укрывается в сумерках [TerrainFeature]</li>
    <li>circumstance_phrase->Сумерки окутывают окрестности</li>
    <li>circumstance_phrase->Видны звёзды</li>
    <li>desc_sentence->Ниже [PAWN_nameDef] играет в [Game], бросая вверх [AdjectiveFriendly] взгляд.</li>
    <li>desc_sentence->[PAWN_nameDef] с благоговением смотрит вверх.</li>
    <li>desc_sentence->[Animal] и ещё [Quantity_adjphrase] чужеземцев смотрят снизу вверх.</li>
    <li>desc_sentence->Виднеется [TerrainFeature], рядом сидит [PAWN_nameDef] и глядит на небо.</li>
    <li>desc_sentence->[Community] со всеми жителями спокойно смотрит на небо.</li>
    <li>desc_sentence->Ни один [Enemy] не виден в поле зрения.</li>
  </Eclipse.rulePack.rulesStrings>
  
  <!-- EN: journey offer -->
  <EndGame_ShipEscape.label>сообщение о спасительном корабле</EndGame_ShipEscape.label>
  <!-- EN:
    <li>tale_noun->[PAWN_nameDef] receiving a message from an old friend</li>
    <li>tale_noun->an opportunity arriving for [PAWN_nameDef]'s [Community]</li>
    <li>image->[PAWN_nameDef] opening a letter delivered by [delivery_method] while [circumstance_group]</li>
    <li>image->[PAWN_nameDef] using a datacrystal delivered by [delivery_method] while [circumstance_group]</li>
    <li>image->[PAWN_nameDef] unrolling a scroll delivered by [delivery_method] while [circumstance_group]</li>
    <li>image->[PAWN_nameDef] receiving a transmission from [transmission_source] while [circumstance_group]</li>
    <li>image->[PAWN_nameDef] receiving a message from [transmission_source] while [circumstance_group]</li>
    <li>image->[PAWN_nameDef] tuning in to a message from [transmission_source] while [circumstance_group]</li>
    <li>delivery_method->a [Animal]</li>
    <li>delivery_method->a [PersonJob]</li>
    <li>delivery_method->[Quantity_adjphrase] [Animal]s</li>
    <li>transmission_source->a rarely-used frequency</li>
    <li>transmission_source->an ancient transmitter</li>
    <li>transmission_source->a low-power signal</li>
    <li>transmission_source->a long-range signal</li>
    <li>transmission_source->a mysterious signal</li>
    <li>circumstance_phrase->standing alone near a [TerrainFeature]</li>
    <li>circumstance_phrase->exploring a [TerrainFeature]</li>
    <li>circumstance_phrase->tending crops</li>
    <li>circumstance_phrase->a [Animal] wanders past</li>
    <li>circumstance_phrase->playing [Game]</li>
    <li>desc_sentence->[Quantity_adjphrase] [Animal]s wander nearby, unaware.</li>
    <li>desc_sentence->As [PAWN_pronoun] reads, [PAWN_pronoun] starts [VerbFriendly].</li>
    <li>desc_sentence->A spectral [PersonJob] watches from the clouds.</li>
    <li>desc_sentence->[PAWN_nameDef] sits near a [TerrainFeature].</li>
    <li>desc_sentence->A [Community] is visible in the far distance.</li>
    <li>desc_sentence->A spaceship is visible in the far distance.</li>
  -->
  <EndGame_ShipEscape.rulePack.rulesStrings>
    <li>tale_noun->как [PAWN_nameDef] получает сообщение от старого друга</li>
    <li>tale_noun->как [Community], где живёт [PAWN_nameDef], получает предложение о далёком путешествии</li>
    <li>image->, как [PAWN_nameDef], [circumstance_phrase], открывает письмо, которое доставил [delivery_method]</li>
    <li>image->, как [PAWN_nameDef], [circumstance_phrase], использует кристалл данных, который доставил [delivery_method]</li>
    <li>image->, как [PAWN_nameDef], [circumstance_phrase], разворачивает свиток, который доставил [delivery_method]</li>
    <li>image->, как [PAWN_nameDef], [circumstance_phrase], принимает [transmission]</li>
    <li>image->, как [PAWN_nameDef], [circumstance_phrase], перехватывает [transmission]</li>
    <li>delivery_method->купец из каравана</li>
    <li>delivery_method->[Animal]</li>
    <li>delivery_method->[Outlander]</li>
    <li>transmission->маломощный сигнал [transmission_source]</li>
    <li>transmission->таинственный сигнал [transmission_source]</li>
    <li>transmission->трансляцию [transmission_source]</li>
    <li>transmission->передачу [transmission_source]</li>
    <li>transmission->радиограмму [transmission_source]</li>
    <li>transmission_source->от древнего передатчика</li>
    <li>transmission_source->на редко используемой частоте</li>
    <li>circumstance_phrase->убедившись в отсутствии свидетелей</li>
    <li>circumstance_phrase->исследуя окрестности</li>
    <li>circumstance_phrase->ухаживая за грядками</li>
    <li>circumstance_phrase->играя в [Game]</li>
    <li>circumstance_phrase->заперевшись в комнате</li>
    <li>circumstance_phrase->[TransFriendly]</li>
    <li>desc_sentence->Читая полученное сообщение, [PAWN_pronoun] принимает [AdjectiveAngsty] вид.</li>
    <li>desc_sentence->Прочитав сообщение, [PAWN_pronoun] надолго задумывается над полученным предложением.</li>
    <li>desc_sentence->[TransFriendly], [PAWN_pronoun] читает сообщение от начала до конца.</li>
    <li>desc_sentence->Вдалеке можно увидеть космический корабль.</li>
  </EndGame_ShipEscape.rulePack.rulesStrings>
  
  <!-- EN: flashstorm -->
  <Flashstorm.label>грозовой шторм</Flashstorm.label>
  <!-- EN:
    <li>tale_noun->a flashstorm that threatened [PAWN_nameDef]'s [Community]</li>
    <li>tale_noun->[PAWN_nameDef]'s [Community] being menaced by a deadly flashstorm</li>
    <li>image->[Quantity_adjphrase] lightning strikes [circumstance_phrase]</li>
    <li>image->[behavior] wall of flames [circumstance_phrase]</li>
    <li>image->[behavior] wall of [Color] flames [circumstance_phrase]</li>
    <li>image->[behavior] cloud of ash and smoke [circumstance_phrase]</li>
    <li>image->[behavior] wave of flames [circumstance_phrase]</li>
    <li>behavior->a</li>
    <li>behavior->an advancing</li>
    <li>behavior->an approaching</li>
    <li>circumstance_phrase->advancing towards a [Community]</li>
    <li>circumstance_phrase->underneath an intimidating cloud</li>
    <li>circumstance_phrase->nearly enveloping a [TerrainFeature]</li>
    <li>circumstance_phrase->nearly enveloping [Quantity_adjphrase] [TerrainFeature]s</li>
    <li>desc_sentence->[PAWN_nameDef] watches with visible fright.</li>
    <li>desc_sentence->[PAWN_nameDef] watches with awe on [PAWN_possessive] face.</li>
    <li>desc_sentence->[PAWN_nameDef] is coordinating defensive measures.</li>
    <li>desc_sentence->[Quantity_adjphrase] [PersonJob]s rush to prepare.</li>
    <li>desc_sentence->[Quantity_adjphrase] [Animal]s flee the area.</li>
    <li>desc_sentence->All animal life has left the area.</li>
  -->
  <Flashstorm.rulePack.rulesStrings>
    <li>tale_noun->как грозовой шторм надвигается на поселение</li>
    <li>image->, как [subj] [action] [circumstance_phrase]</li>
    <li>subj->[Color] огонь</li>
    <li>subj->облако дыма и пепла</li>
    <li>subj->[Color_fem] стена бьющих молний</li>
    <li>subj->[Color_fem] волна пламени</li>
    <li>subj->[Color_fem] стена пламени</li>
    <li>action->набирает силу</li>
    <li>action->нарастает</li>
    <li>action->надвигается</li>
    <li>circumstance_phrase->под зловещие раскаты грома</li>
    <li>circumstance_phrase->под устрашающе выглядящей тучей</li>
    <li>circumstance_phrase->в направлении поселения</li>
    <li>desc_sentence(p=2)->[PAWN_nameDef] смотрит на это [looks_circumstance].</li>
    <li>looks_circumstance->в немом потрясении</li>
    <li>looks_circumstance->с плохо скрываемым ужасом на лице</li>
    <li>looks_circumstance->открыв рот</li>
    <li>desc_sentence->[PAWN_nameDef] принимает меры по защите поселения.</li>
    <li>desc_sentence->[Outlander] спешно готовится ко встрече с огнём.</li>
    <li>desc_sentence->Все животные покинули эту местность.</li>
  </Flashstorm.rulePack.rulesStrings>
  
  <!-- EN: infestation -->
  <Infestation.label>насекомые</Infestation.label>
  <!-- EN:
    <li>tale_noun->[PAWN_nameDef]'s [Community] being infested by giant insects</li>
    <li>image->a swarm of beetles [circumstance_phrase]</li>
    <li>image->[Quantity_adjphrase] megaspiders [circumstance_phrase]</li>
    <li>image->an overwhelming tide of [Color] insects [circumstance_phrase]</li>
    <li>image->a dense fog of black specks [circumstance_phrase]</li>
    <li>circumstance_phrase->advancing over a [TerrainFeature]</li>
    <li>circumstance_phrase->completely encircling a [Community]</li>
    <li>circumstance_phrase->attacking [Quantity_adjphrase] [PersonJob]s</li>
    <li>circumstance_phrase->bursting out of the ground</li>
    <li>circumstance_phrase->slaughtering [Quantity_adjphrase] [Animal]s</li>
    <li>desc_sentence->[PAWN_nameDef] organizes a resistance.</li>
    <li>desc_sentence->[PAWN_nameDef] wields a [Weapon] defensively.</li>
    <li>desc_sentence->[PAWN_nameDef] lies on the ground, wounded.</li>
    <li>desc_sentence->[PAWN_nameDef] retaliates with [PAWN_possessive] [Weapon].</li>
    <li>desc_sentence->[PAWN_nameDef] wears a [AdjectiveBadass] expression.</li>
    <li>desc_sentence->[PAWN_nameDef] wears a [AdjectiveAngsty] expression.</li>
    <li>desc_sentence->The ground is coated in [Gore].</li>
    <li>desc_sentence->[Quantity_adjphrase] [PersonJob]s flee the area.</li>
    <li>desc_sentence->[Quantity_adjphrase] [Animal]s flee the area.</li>
    <li>desc_sentence->All animal life has left the area.</li>
  -->
  <Infestation.rulePack.rulesStrings>
    <li>tale_noun->как [Community], где живёт [PAWN_nameDef], кишит насекомыми</li>
    <li>image->, как [swarm] [of_insects] [circumstance_phrase]</li>
    <li>swarm->рой</li>
    <li>swarm->всепоглощающая волна</li>
    <li>swarm->туча</li>
    <li>of_insects->мегапауков</li>
    <li>of_insects->насекомых</li>
    <li>of_insects->из чёрных крапинок</li>
    <li>circumstance_phrase->полностью окружает [Community]</li>
    <li>circumstance_phrase->выползает из всех щелей</li>
    <li>circumstance_phrase->вырывается из-под земли</li>
    <li>circumstance_phrase->пожирает всё живое на своём пути</li>
    <li>desc_sentence->[PAWN_nameDef] организует сопротивление.</li>
    <li>desc_sentence->[PAWN_nameDef] берёт [HisWeapon] и готовится защищаться.</li>
    <li>desc_sentence->[PAWN_nameDef] лежит на земле с тяжёлыми ранами.</li>
    <li>desc_sentence->[PAWN_nameDef] перехватывает [his_weapon] и парирует удар.</li>
    <li>desc_sentence->[PAWN_nameDef] принимает [AdjectiveBadass] вид.</li>
    <li>desc_sentence->[PAWN_nameDef] принимает [AdjectiveAngsty] вид.</li>
    <li>desc_sentence->Земля покрыта [Gore].</li>
    <li>desc_sentence->Все животные покинули этот район.</li>
  </Infestation.rulePack.rulesStrings>
  
  <!-- EN: manhunter pack -->
  <ManhunterPack.label>агрессивные животные</ManhunterPack.label>
  <!-- EN:
    <li>tale_noun->manhunting beasts menacing [PAWN_nameDef]'s [Community]</li>
    <li>tale_noun->[PAWN_nameDef]'s [Community] being attacked by mad animals</li>
    <li>image->a herd of [Animal]s [circumstance_phrase]</li>
    <li>image->[Quantity_adjphrase] [Animal]s [circumstance_phrase]</li>
    <li>image->a [huge] [Animal] [circumstance_phrase]</li>
    <li>image->[Quantity_adjphrase] shadowy figures [circumstance_phrase]</li>
    <li>image->[Quantity_adjphrase] shadowy quadrupeds [circumstance_phrase]</li>
    <li>circumstance_phrase->advancing over a [TerrainFeature]</li>
    <li>circumstance_phrase->completely encircling a [Community]</li>
    <li>circumstance_phrase->attacking [Quantity_adjphrase] [PersonJob]s</li>
    <li>circumstance_phrase->slaughtering [Quantity_adjphrase] [Animal]s</li>
    <li>circumstance_phrase->possessed by [hate_emotion]</li>
    <li>circumstance_phrase->covered in [Gore]</li>
    <li>hate_emotion->hatred</li>
    <li>hate_emotion->anger</li>
    <li>hate_emotion->fury</li>
    <li>desc_sentence->[PAWN_nameDef] organizes a resistance.</li>
    <li>desc_sentence->[PAWN_nameDef] wields a [Weapon] defensively.</li>
    <li>desc_sentence->[PAWN_nameDef] lies on the ground, wounded.</li>
    <li>desc_sentence->[PAWN_nameDef] retaliates with [PAWN_possessive] [Weapon].</li>
    <li>desc_sentence->[PAWN_nameDef] wears a [AdjectiveBadass] expression.</li>
    <li>desc_sentence->[PAWN_nameDef] wears a [AdjectiveAngsty] expression.</li>
    <li>desc_sentence->The ground is coated in [Gore].</li>
    <li>desc_sentence->[Quantity_adjphrase] [PersonJob]s flee the area.</li>
    <li>desc_sentence->[Quantity_adjphrase] [Animal]s flee the area.</li>
  -->
  <ManhunterPack.rulePack.rulesStrings>
    <li>tale_noun->как агрессивные животные атакуют поселение</li>
    <li>image->[empty] [number] [animals_adj] животных, [animals_desc]. Они [action]</li>
    <li>number(p=3)->[Quantity_adjphrase]</li>
    <li>number->группу</li>
    <li>number->стаю</li>
    <li>animals_adj->агрессивных</li>
    <li>animals_adj->злобных</li>
    <li>animals_adj->свирепых</li>
    <li>action->нападают на людей</li>
    <li>action->вырезают скот</li>
    <li>action->приближаются к поселению</li>
    <li>action->окружают поселение</li>
    <li>animals_desc(p=2)->одержимых [hate_emotion]</li>
    <li>animals_desc->покрытых [Gore]</li>
    <li>hate_emotion->жаждой человеческой крови</li>
    <li>hate_emotion->ненавистью</li>
    <li>hate_emotion->яростью</li>
    <li>desc_sentence->[PAWN_nameDef] организует оборону.</li>
    <li>desc_sentence->[PAWN_nameDef] в ранах лежит на земле.</li>
    <li>desc_sentence->[PAWN_nameDef] крепко сжимает в руках [Weapon].</li>
    <li>desc_sentence->[PAWN_nameDef] отбивается, сжав в руках [Weapon].</li>
    <li>desc_sentence->[PAWN_nameDef] принимает [AdjectiveBadass] вид.</li>
    <li>desc_sentence->[PAWN_nameDef] принимает [AdjectiveAngsty] вид.</li>
    <li>desc_sentence->Земля вокруг покрыта [Gore].</li>
  </ManhunterPack.rulePack.rulesStrings>
  
  <!-- EN: meteorite impact -->
  <MeteoriteImpact.label>падение метеорита</MeteoriteImpact.label>
  <!-- EN:
    <li>tale_noun->a meteorite falling near [PAWN_nameDef]'s [Community]</li>
    <li>tale_noun->a meteorite impacting near [PAWN_nameDef]'s [Community]</li>
    <li>image->a [AdjectiveLarge] rock trailing [Color] flames [airborne_circumstance]</li>
    <li>image->a brightly-glowing spot [airborne_circumstance]</li>
    <li>image->a [AdjectiveLarge] [Color] fireball [airborne_circumstance]</li>
    <li>airborne_circumstance->blazing across the sky</li>
    <li>airborne_circumstance->falling to the ground in a cloud of ash</li>
    <li>airborne_circumstance->shedding rocks and debris as it flies</li>
    <li>image->a [AdjectiveLarge] monolith, [ground_circumstance]</li>
    <li>image->a [AdjectiveLarge] [Color] scorched stone, [ground_circumstance]</li>
    <li>image->a [Color] pillar of rock, [ground_circumstance]</li>
    <li>ground_circumstance->surrounded by smoke and ash</li>
    <li>ground_circumstance->smoking from heat</li>
    <li>ground_circumstance->surrounded by molten debris</li>
    <li>ground_circumstance->partially embedded in the ground</li>
    <li>ground_circumstance->lying in a cracked crater</li>
    <li>desc_sentence->[PAWN_nameDef] looks on in surprise.</li>
    <li>desc_sentence->[PAWN_nameDef] looks on with excitement.</li>
    <li>desc_sentence->[PAWN_nameDef] looks on in shock.</li>
    <li>desc_sentence->[Quantity_adjphrase] figures approach from a nearby [TerrainFeature].</li>
    <li>desc_sentence->[Quantity_adjphrase] figures prepare tools and equipment.</li>
    <li>desc_sentence->[Quantity_adjphrase] [Animal]s mill around uncertainly.</li>
    <li>desc_sentence->The surroundings are muted and dull.</li>
  -->
  <MeteoriteImpact.rulePack.rulesStrings>
    <li>tale_noun->как рядом с поселением падает метеорит</li>
    <li>image(p=3)->, как [airborne_subject] [airborne_action][airborne_circumstance]</li>
    <li>airborne_subject->[AdjectiveLarge] [Color] огненный шар</li>
    <li>airborne_subject->каменная глыба</li>
    <li>airborne_subject->яркая [Color_fem] точка</li>
    <li>airborne_action->летит к земле</li>
    <li>airborne_action->падает на землю</li>
    <li>airborne_circumstance->[empty] в клубах пыли и пепла</li>
    <li>airborne_circumstance->, озаряя небеса</li>
    <li>airborne_circumstance->, оставляя огненно-[Color] след</li>
    <li>image->[empty] [Color] метеорит, [ground_circumstance]</li>
    <li>image->[empty] [AdjectiveLarge] монолит, [ground_circumstance]</li>
    <li>image->[empty] [AdjectiveLarge] [Color] оплавленный кусок породы, [ground_circumstance]</li>
    <li>ground_circumstance->окружённый расплавленными обломками</li>
    <li>ground_circumstance->вошедший наполовину в землю</li>
    <li>ground_circumstance->лежащий посреди кратера</li>
    <li>ground_circumstance->дымящийся от жара</li>
    <li>desc_sentence->На происходящее взволнованно смотрит [PAWN_nameDef].</li>
    <li>desc_sentence->[PAWN_nameDef] стоит в шоке от увиденного.</li>
    <li>desc_sentence->[PAWN_nameDef] любуется зрелищем.</li>
    <li>desc_sentence->Люди, стоящие рядом, готовят инструменты и снаряжение.</li>
    <li>desc_sentence->Издалека приближаются [Quantity_adjphrase] фигур.</li>
    <li>desc_sentence->Царит мёртвая тишина.</li>
  </MeteoriteImpact.rulePack.rulesStrings>
  
  <!-- EN: raid -->
  <Raid.label>налёт</Raid.label>
  <!-- EN:
    <li>tale_noun->an raid on [PAWN_nameDef]'s [Community]</li>
    <li>tale_noun->an assault on [PAWN_nameDef]'s [Community]</li>
    <li>tale_noun->[PAWN_nameDef]'s [Community] being attacked by [Enemy]s</li>
    <li>image->[Quantity_adjphrase] [Enemy]s [circumstance_phrase]</li>
    <li>image->an army [circumstance_phrase]</li>
    <li>image->an overwhelming force [circumstance_phrase]</li>
    <li>image->an invading force [circumstance_phrase]</li>
    <li>image->stylized [Color] banners [circumstance_phrase]</li>
    <li>image->an enormous [Enemy] [circumstance_phrase]</li>
    <li>circumstance_phrase->advancing over a [TerrainFeature]</li>
    <li>circumstance_phrase->completely encircling a [Community]</li>
    <li>circumstance_phrase->attacking [Quantity_adjphrase] [PersonJob]s</li>
    <li>circumstance_phrase->roaring in victory</li>
    <li>circumstance_phrase->brandishing [Weapon]s</li>
    <li>circumstance_phrase->covered in [Gore]</li>
    <li>desc_sentence->[PAWN_nameDef] organizes a resistance while [defender_circumstance].</li>
    <li>desc_sentence->[PAWN_nameDef] wields a [Weapon] defensively while [defender_circumstance].</li>
    <li>desc_sentence->[PAWN_nameDef] lies on the ground, wounded.</li>
    <li>desc_sentence->[PAWN_nameDef] retaliates with [PAWN_possessive] [Weapon] while [defender_circumstance].</li>
    <li>desc_sentence->[PAWN_nameDef] stands as tall as a building, [defender_circumstance].</li>
    <li>desc_sentence->[PAWN_nameDef] wears a [AdjectiveBadass] expression.</li>
    <li>desc_sentence->[PAWN_nameDef] wears a [AdjectiveAngsty] expression.</li>
    <li>desc_sentence->The ground is coated in [Gore].</li>
    <li>desc_sentence->[Quantity_adjphrase] [PersonJob]s flee the area.</li>
    <li>desc_sentence->[Quantity_adjphrase] [Animal]s flee the area.</li>
    <li>defender_circumstance->shouting triumphantly</li>
    <li>defender_circumstance->glowing [Color]</li>
    <li>defender_circumstance->raising a fist in defiance</li>
    <li>defender_circumstance->flexing [PAWN_possessive] muscles</li>
  -->
  <Raid.rulePack.rulesStrings>
    <li>tale_noun->как штурмуют [Community], где живёт [PAWN_nameDef],</li>
    <li>tale_noun->как [Enemies] атакуют [Community], где живёт [PAWN_nameDef],</li>
    <li>image->, как [armies][participle] [circumstance_phrase]</li>
    <li>armies->полчища врагов</li>
    <li>armies->превосходящие войска противника</li>
    <li>armies->войска захватчиков</li>
    <li>armies->бесчисленные [Enemies]</li>
    <li>circumstance_phrase->оглашают свою победу</li>
    <li>circumstance_phrase->подходят всё ближе, потрясая оружием</li>
    <li>circumstance_phrase->полностью окружают [Community]</li>
    <li>circumstance_phrase->атакуют чужеземцев, выглядящих как [Outlander]</li>
    <li>participle-></li>
    <li>participle->, чьи знамёна выкрашены в [Color] цвет,</li>
    <li>participle->, покрытые [Gore],</li>
    <li>desc_sentence->[PAWN_nameDef] организует сопротивление, [defender_circumstance].</li>
    <li>desc_sentence->[PAWN_nameDef] берёт [HisWeapon] и готовится защищаться, [defender_circumstance].</li>
    <li>desc_sentence->[PAWN_nameDef] лежит на земле с тяжёлыми ранами.</li>
    <li>desc_sentence->[PAWN_nameDef] перехватывает [HisWeapon] и парирует удар, [defender_circumstance].</li>
    <li>desc_sentence->[PAWN_nameDef] величественно возвышается, [defender_circumstance].</li>
    <li>desc_sentence->[PAWN_nameDef] принимает [AdjectiveBadass] вид.</li>
    <li>desc_sentence->[PAWN_nameDef] принимает [AdjectiveAngsty] вид.</li>
    <li>desc_sentence->Земля покрыта [Gore].</li>
    <li>desc_sentence->[Quantity_adjphrase] чужеземцев, выглядящих как [Outlander], покидают этот район.</li>
    <li>desc_sentence->[Quantity_adjphrase] животных, выглядящих как [Animal], покидают этот район.</li>
    <li>defender_circumstance->восторженно крича</li>
    <li>defender_circumstance->источая [Color] свет</li>
    <li>defender_circumstance->поднимая кулак в знак непокорности</li>
    <li>defender_circumstance->поигрывая мышцами</li>
  </Raid.rulePack.rulesStrings>
  
  <!-- EN: ship part crash -->
  <ShipPartCrash.label>падение обломка корабля</ShipPartCrash.label>
  <!-- EN:
    <li>tale_noun->an ancient ship part crashing near [PAWN_nameDef]'s [Community]</li>
    <li>tale_noun->an ancient ship part landing near [PAWN_nameDef]'s [Community]</li>
    <li>tale_noun->a damaged ship part landing near [PAWN_nameDef]'s [Community]</li>
    <li>image->a swarm of [Mechanoid]s [circumstance_phrase]</li>
    <li>image->an army of [Mechanoid]s [circumstance_phrase]</li>
    <li>image->[Quantity_adjphrase] [Mechanoid]s [circumstance_phrase]</li>
    <li>image->a [huge] [Mechanoid] [circumstance_phrase]</li>
    <li>image->[Quantity_adjphrase] [Mechanoid] silhouettes [circumstance_phrase]</li>
    <li>image->[Quantity_adjphrase] [Mechanoid]s with glowing [Color] sensors [circumstance_phrase]</li>
    <li>circumstance_phrase->advancing over a [TerrainFeature]</li>
    <li>circumstance_phrase->completely encircling a [Community]</li>
    <li>circumstance_phrase->attacking [Quantity_adjphrase] [PersonJob]s</li>
    <li>circumstance_phrase->slaughtering [Quantity_adjphrase] [Animal]s</li>
    <li>circumstance_phrase->covered in [Gore]</li>
    <li>circumstance_phrase->dented and sparking</li>
    <li>desc_sentence->[PAWN_nameDef] organizes a resistance while [defender_circumstance].</li>
    <li>desc_sentence->[PAWN_nameDef] wields a [Weapon] defensively while [defender_circumstance].</li>
    <li>desc_sentence->[PAWN_nameDef] lies on the ground, wounded.</li>
    <li>desc_sentence->[PAWN_nameDef] retaliates with [PAWN_possessive] [Weapon] while [defender_circumstance].</li>
    <li>desc_sentence->[PAWN_nameDef] stands as tall as a building, [defender_circumstance].</li>
    <li>desc_sentence->[PAWN_nameDef] wears a [AdjectiveBadass] expression.</li>
    <li>desc_sentence->[PAWN_nameDef] wears a [AdjectiveAngsty] expression.</li>
    <li>desc_sentence->The ground is coated in [Gore].</li>
    <li>desc_sentence->The ground is coated in scrap metal.</li>
    <li>desc_sentence->[Quantity_adjphrase] [PersonJob]s flee the area.</li>
    <li>desc_sentence->[Quantity_adjphrase] [Animal]s flee the area.</li>
    <li>defender_circumstance->shouting triumphantly</li>
    <li>defender_circumstance->glowing [Color]</li>
    <li>defender_circumstance->raising a fist in defiance</li>
    <li>defender_circumstance->flexing [PAWN_possessive] muscles</li>
  -->
  <ShipPartCrash.rulePack.rulesStrings>
    <li>tale_noun->как повреждённый обломок корабля [mechanoid] падает рядом с поселением</li>
    <li>image->, как [subject][mechanoid_desc] [action]</li>
    <li>subject->легион [mechanoid]</li>
    <li>subject->рой [mechanoid]</li>
    <li>subject->армия [mechanoid]</li>
    <li>subject->группа [mechanoid]</li>
    <li>mechanoid(p=2)->механоидов</li>
    <li>mechanoid->жнецов</li>
    <li>mechanoid->сентипед</li>
    <li>mechanoid->уланов</li>
    <li>action->приближается к поселению</li>
    <li>action->окружает поселение</li>
    <li>action->нападает на людей</li>
    <li>action->вырезает скот</li>
    <li>mechanoid_desc->, покрытых [Gore],</li>
    <li>mechanoid_desc->[empty] с вмятинами на корпусах</li>
    <li>mechanoid_desc->[empty] с сенсорами, источающими [Color] свет,</li>
    <li>desc_sentence->[PAWN_nameDef] в ранах лежит на земле.</li>
    <li>desc_sentence->[PAWN_nameDef], [defender_circumstance], отбивает атаку за атакой.</li>
    <li>desc_sentence->[PAWN_nameDef] стоит не дрогнув, [defender_circumstance].</li>
    <li>desc_sentence->[PAWN_nameDef], [defender_circumstance], организует оборону.</li>
    <li>desc_sentence->[PAWN_nameDef] принимает [AdjectiveAngsty] вид.</li>
    <li>desc_sentence->[PAWN_nameDef], [defender_circumstance], принимает [AdjectiveBadass] вид.</li>
    <li>desc_sentence->Земля вокруг усеяна кусками металлолома.</li>
    <li>desc_sentence->Земля вокруг покрыта [Gore].</li>
    <li>defender_circumstance->крепко сжимая в руках [Weapon]</li>
    <li>defender_circumstance->победоносно крича</li>
    <li>defender_circumstance->источая [Color] свет</li>
    <li>defender_circumstance->воинственно подняв кулак</li>
    <li>defender_circumstance->поигрывая мышцами</li>
  </ShipPartCrash.rulePack.rulesStrings>
  
  <!-- EN: tornado -->
  <Tornado.label>смерч</Tornado.label>
  <!-- EN:
    <li>tale_noun->a tornado that touched down near [PAWN_nameDef]'s [Community]</li>
    <li>tale_noun->[PAWN_nameDef]'s [Community] being menaced by tornado</li>
    <li>image->[behavior] cone of twisting air [circumstance_phrase]</li>
    <li>image->[behavior] tornado [circumstance_phrase]</li>
    <li>image->[behavior] hurricane [circumstance_phrase]</li>
    <li>image->[behavior] [Color] cloud formation [circumstance_phrase]</li>
    <li>behavior->an advancing</li>
    <li>behavior->an approaching</li>
    <li>behavior->a quickly-moving</li>
    <li>behavior->a swirling</li>
    <li>circumstance_phrase->carrying debris with it</li>
    <li>circumstance_phrase->passing over a [TerrainFeature]</li>
    <li>circumstance_phrase->obscuring a [TerrainFeature]</li>
    <li>circumstance_phrase->enveloping a [TerrainFeature]</li>
    <li>desc_sentence->[PAWN_nameDef] watches with visible fright.</li>
    <li>desc_sentence->[PAWN_nameDef] watches with awe on [PAWN_possessive] face.</li>
    <li>desc_sentence->[PAWN_nameDef] is coordinating defensive measures.</li>
    <li>desc_sentence->[Quantity_adjphrase] [PersonJob]s rush to prepare.</li>
    <li>desc_sentence->[Quantity_adjphrase] [Animal]s flee the area.</li>
    <li>desc_sentence->All animal life has left the area.</li>
  -->
  <Tornado.rulePack.rulesStrings>
    <li>tale_noun->как на поселение надвигается смерч</li>
    <li>image->, как [subj] [action], [circumstance_phrase]</li>
    <li>subj->[AdjectiveLarge] воздушный вихрь</li>
    <li>subj->[AdjectiveLarge] смерч</li>
    <li>subj->[AdjectiveLarge] торнадо</li>
    <li>subj->[AdjectiveLarge] крутящийся столб пыли</li>
    <li>action->надвигается на поселение</li>
    <li>action->стремительно приближается</li>
    <li>action->неистово бушует</li>
    <li>circumstance_phrase->разрушая всё на своём пути</li>
    <li>circumstance_phrase->вырывая с корнями деревья</li>
    <li>circumstance_phrase->заглатывая в себя и живое, и неживое</li>
    <li>circumstance_phrase->извиваясь подобно змее</li>
    <li>desc_sentence(p=2)->[PAWN_nameDef] смотрит на это [looks_circumstance].</li>
    <li>looks_circumstance->открыв рот</li>
    <li>looks_circumstance->в немом потрясении</li>
    <li>looks_circumstance->с плохо скрываемым ужасом на лице</li>
    <li>desc_sentence->[PAWN_nameDef] принимает меры по защите поселения.</li>
    <li>desc_sentence->[Outlander] спешно готовится ко встрече со стихией.</li>
    <li>desc_sentence->Все животные покинули эту местность.</li>
  </Tornado.rulePack.rulesStrings>
  
  <!-- EN: tornado -->
  <TornadoFromItem.label>смерч</TornadoFromItem.label>
  <!-- EN:
    <li>tale_noun->a tornado that touched down near [COLONIST_nameDef]'s [Community]</li>
    <li>tale_noun->[COLONIST_nameDef]'s [Community] menaced by a tornado</li>
    <li>image->[behavior] cone of twisting air [circumstance_phrase]</li>
    <li>image->[behavior] tornado [circumstance_phrase]</li>
    <li>image->[behavior] hurricane [circumstance_phrase]</li>
    <li>image->[behavior] [Color] cloud formation [circumstance_phrase]</li>
    <li>behavior->an advancing</li>
    <li>behavior->an approaching</li>
    <li>behavior->a quickly-moving</li>
    <li>behavior->a swirling</li>
    <li>circumstance_phrase->carrying debris with it</li>
    <li>circumstance_phrase->passing over a [TerrainFeature]</li>
    <li>circumstance_phrase->obscuring a [TerrainFeature]</li>
    <li>circumstance_phrase->enveloping a [TerrainFeature]</li>
    <li>desc_sentence->[COLONIST_nameDef] watches with visible fright.</li>
    <li>desc_sentence(p=0.5)->[COLONIST_nameDef] watches with awe on [COLONIST_possessive] face.</li>
    <li>desc_sentence(p=0.5)->[ATTACKER_nameDef] watches with awe on [ATTACKER_possessive] face.</li>
    <li>desc_sentence->[COLONIST_nameDef] is coordinating defensive measures.</li>
    <li>desc_sentence->[ATTACKER_nameDef] cackles with glee.</li>
    <li>desc_sentence->[Quantity_adjphrase] [PersonJob]s rush to prepare.</li>
    <li>desc_sentence->[Quantity_adjphrase] [Animal]s flee the area.</li>
    <li>desc_sentence->All animal life has left the area.</li>
  -->
  <TornadoFromItem.rulePack.rulesStrings>
    <li>tale_noun->как [ATTACKER_nameDef] вызывает смерч в поселении, где живёт [COLONIST_nameDef]</li>
    <li>image->, как [subj] [action], [circumstance_phrase]</li>
    <li>subj->[AdjectiveLarge] воздушный вихрь</li>
    <li>subj->[AdjectiveLarge] смерч</li>
    <li>subj->[AdjectiveLarge] торнадо</li>
    <li>subj->[AdjectiveLarge] крутящийся столб пыли</li>
    <li>action->надвигается на поселение</li>
    <li>action->стремительно приближается</li>
    <li>action->неистово бушует</li>
    <li>circumstance_phrase->разрушая всё на своём пути</li>
    <li>circumstance_phrase->вырывая с корнями деревья</li>
    <li>circumstance_phrase->заглатывая в себя и живое, и неживое</li>
    <li>circumstance_phrase->извиваясь подобно змее</li>
    <li>desc_sentence(p=2)->[ATTACKER_nameDef] смотрит на это, [TransFriendly].</li>
    <li>desc_sentence->[COLONIST_nameDef] смотрит на это [looks_circumstance].</li>
    <li>looks_circumstance->в немом потрясении</li>
    <li>looks_circumstance->с плохо скрываемым ужасом на лице</li>
    <li>looks_circumstance->открыв рот</li>
    <li>desc_sentence->[ATTACKER_nameDef] ликующе хохочет.</li>
    <li>desc_sentence->[ATTACKER_nameDef], [TransFriendly], потирает руки.</li>
    <li>desc_sentence->[Outlander] спешно готовится ко встрече со стихией.</li>
    <li>desc_sentence->[COLONIST_nameDef] принимает меры по защите поселения.</li>
  </TornadoFromItem.rulePack.rulesStrings>
  
  <!-- EN: toxic fallout -->
  <ToxicFallout.label>токсичные осадки</ToxicFallout.label>
  <!-- EN:
    <li>tale_noun->fallout settling over [PAWN_nameDef]'s [Community]</li>
    <li>tale_noun->the atmosphere near [PAWN_nameDef]'s [Community] becoming toxic</li>
    <li>image->an ominous sky, [circumstance_group]</li>
    <li>image->the air becoming thick and [circumstance_group]</li>
    <li>image->the ground glowing gently and [circumstance_group]</li>
    <li>image->fields of dead plants [circumstance_group]</li>
    <li>image->[Quantity_adjphrase] graves [circumstance_group]</li>
    <li>circumstance_phrase->with no life in sight</li>
    <li>circumstance_phrase->covered by a faint sheen of luminous dust</li>
    <li>circumstance_phrase->arranged in a pattern that suggests bones</li>
    <li>circumstance_phrase->waiting for the poison to stop</li>
    <li>desc_sentence->[PAWN_nameDef] lies on the ground, [PAWN_possessive] body twisted at an unusual angle.</li>
    <li>desc_sentence->[PAWN_nameDef] hides near a [TerrainFeature], gazing out with a [AdjectiveAngsty] look.</li>
    <li>desc_sentence->[PAWN_nameDef] looks on in shock.</li>
    <li>desc_sentence->[PAWN_nameDef] rests quietly with a layer of sweat upon [PAWN_possessive] face.</li>
    <li>desc_sentence->[Quantity_adjphrase] dead [Animal]s lay on the ground.</li>
    <li>desc_sentence->[Quantity_adjphrase] dying [Animal]s lay on the ground.</li>
    <li>desc_sentence->[Quantity_adjphrase] [Animal]s mill around uncertainly.</li>
  -->
  <ToxicFallout.rulePack.rulesStrings>
    <li>tale_noun->как в поселении выпали токсичные осадки</li>
    <li>tale_noun->как воздух в поселении становится ядовитым</li>
    <li>image->[empty] зловещие небеса [circumstance_phrase]</li>
    <li>image->, как воздух становится вязким [circumstance_phrase]</li>
    <li>image->[empty] землю, слегка светящуюся [circumstance_phrase]</li>
    <li>image->[empty] поля погибших растений [circumstance_phrase]</li>
    <li>image->[empty] свежие могилы [circumstance_phrase]</li>
    <li>circumstance_phrase->в ядовито-мёртвом безмолвии</li>
    <li>circumstance_phrase->под тонкой пеленой ядовито светящейся пыли</li>
    <li>circumstance_phrase->в узоре из фигур, напоминающих кости</li>
    <li>circumstance_phrase->в клубах токсичных испарений</li>
    <li>desc_sentence->[PAWN_nameDef] лежит на земле, скрючившись в неестественной позе.</li>
    <li>desc_sentence->[PAWN_nameDef] бросает [AdjectiveAngsty] взгляд, спрятавшись под крышей.</li>
    <li>desc_sentence->[PAWN_nameDef] стоит в шоке от увиденного.</li>
    <li>desc_sentence->[PAWN_nameDef] спокойно отдыхает, [PAWN_possessive] лицо покрыто каплями пота.</li>
    <li>desc_sentence->Тела мёртвых животных усеивают местность вокруг.</li>
    <li>desc_sentence->Животные покинули эту местность.</li>
    <li>desc_sentence->[Animal], ни о чём не подозревая, рассеянно бродит туда-сюда.</li>
  </ToxicFallout.rulePack.rulesStrings>
  
  <!-- EN: volcanic winter -->
  <VolcanicWinter.label>вулканическая зима</VolcanicWinter.label>
  <!-- EN:
    <li>tale_noun->volcanic winter beginning at [PAWN_nameDef]'s [Community]</li>
    <li>image->a dark and cold sky, [circumstance_group]</li>
    <li>image->the air filling with ash, [circumstance_group]</li>
    <li>image->a frost-covered barren [TerrainFeature] [circumstance_group]</li>
    <li>image->[Quantity_adjphrase] fields of ash-covered plants [circumstance_group]</li>
    <li>circumstance_phrase->with no life in sight</li>
    <li>circumstance_phrase->barely illuminated by thin shafts of light</li>
    <li>circumstance_phrase->starkly illuminated with chilly blue light</li>
    <li>desc_sentence->[PAWN_nameDef] huddles near a fire.</li>
    <li>desc_sentence->To stay warm, [PAWN_nameDef] wears [Quantity_adjphrase] [Apparel]s.</li>
    <li>desc_sentence->[PAWN_nameDef] sits nearby, visibly exhausted by the ordeal.</li>
    <li>desc_sentence->[PAWN_nameDef] hides near a [TerrainFeature], gazing out with a [AdjectiveAngsty] look.</li>
    <li>desc_sentence->[Quantity_adjphrase] starving [Animal]s surround the scene.</li>
    <li>desc_sentence->[Quantity_adjphrase] shivering [Animal]s surround the scene.</li>
    <li>desc_sentence->[Quantity_adjphrase] dying [Animal]s lay on the ground.</li>
    <li>desc_sentence->[Quantity_adjphrase] [Animal]s mill around uncertainly.</li>
  -->
  <VolcanicWinter.rulePack.rulesStrings>
    <li>tale_noun->как в поселении начинается вулканическая зима</li>
    <li>image->[empty] тяжёлое, холодное небо [circumstance_phrase]</li>
    <li>image->[empty] пепел, витающий в воздухе, [circumstance_phrase]</li>
    <li>image->, как [TerrainFeature] покрывается инеем [circumstance_phrase]</li>
    <li>image->[empty] поля, покрытые пеплом, [circumstance_phrase]</li>
    <li>circumstance_phrase->среди мёртвого серого безмолвия</li>
    <li>circumstance_phrase->в тусклых лучах солнца, едва пробивающихся сквозь тучи</li>
    <li>circumstance_phrase->в мертвенно-голубом свете</li>
    <li>desc_sentence->[PAWN_nameDef] сжимается у огня.</li>
    <li>desc_sentence->Чтобы согреться, [PAWN_nameDef] надевает [Apparel] в количестве нескольких штук.</li>
    <li>desc_sentence->[PAWN_nameDef] сидит без сил.</li>
    <li>desc_sentence->[PAWN_nameDef] бросает [AdjectiveAngsty] взгляд.</li>
    <li>desc_sentence->Вокруг бродят голодные животные.</li>
    <li>desc_sentence->Все животные дрожат от холода.</li>
    <li>desc_sentence->Повсюду видны умирающие животные.</li>
    <li>desc_sentence->[Animal] в недоумении бродит туда-сюда.</li>
  </VolcanicWinter.rulePack.rulesStrings>
  
</LanguageData>