﻿<?xml version="1.0" encoding="UTF-8"?>
<LanguageData>
  
  <!-- EN: collapse dodged -->
  <CollapseDodged.label>обрушение потолка</CollapseDodged.label>
  <!-- EN:
    <li>tale_noun->[PAWN_nameDef] dodging a cave-in</li>
    <li>tale_noun->[PAWN_nameDef] nearly crushed by falling objects</li>
    <li>image->[PAWN_nameFull] leaping away from a collapse of debris [circumstance_group]</li>
    <li>image->[PAWN_nameFull] narrowly avoiding a cave-in [circumstance_group]</li>
    <li>image->[PAWN_nameFull] avoiding a falling ceiling [circumstance_group]</li>
    <li>image->[PAWN_nameFull] avoiding certain death by a falling rock [circumstance_group]</li>
    <li>circumstance_phrase->that vanishes behind a curtain of debris and dust</li>
    <li>circumstance_phrase->that pulverizes everything beneath it</li>
    <li>circumstance_phrase->which impacts with incredible force</li>
    <li>desc_sentence->[PAWN_pronoun] is sweating with exertion.</li>
    <li>desc_sentence->[PAWN_pronoun] appears to be terrified.</li>
    <li>desc_sentence->[PAWN_pronoun] is scratched and bleeding.</li>
    <li>desc_sentence->[PAWN_pronoun] has lost [PAWN_possessive] balance.</li>
  -->
  <CollapseDodged.rulePack.rulesStrings>
    <li>tale_noun->как [PAWN_nameDef] уворачивается от обломков потолка</li>
    <li>tale_noun->как [PAWN_nameDef] чуть не попадает под обвал потолка</li>
    <li>image->, как [PAWN_nameFull] отпрыгивает в сторону от падающих обломков, [circumstance_phrase]</li>
    <li>image->, как [PAWN_nameFull] едва уворачивается от обломков потолка, [circumstance_phrase]</li>
    <li>image->, как [PAWN_nameFull] чудом избегает смерти под обломками, [circumstance_phrase]</li>
    <li>image->, как [PAWN_nameFull] чуть не оказывается под падающими обломками, [circumstance_phrase]</li>
    <li>circumstance_phrase->очертания которых размыты в образовавшемся облаке пыли и мусора</li>
    <li>circumstance_phrase->что могли бы легко раздавить [PAWN_possessive] в лепёшку</li>
    <li>circumstance_phrase->что разбиваются о землю с невероятной силой</li>
    <li>desc_sentence->[PAWN_pronoun] обильно потеет.</li>
    <li>desc_sentence->[PAWN_possessive] лицо выражает сильный испуг.</li>
    <li>desc_sentence->[PAWN_pronoun] потирает рукой полученные царапины.</li>
    <li>desc_sentence->[PAWN_pronoun] теряет равновесие.</li>
  </CollapseDodged.rulePack.rulesStrings>
  
  <!-- EN: launched ship -->
  <LaunchedShip.label>запуск корабля</LaunchedShip.label>
  <!-- EN:
    <li>tale_noun->[PAWN_nameDef] escaping the planet</li>
    <li>tale_noun->[PAWN_nameDef] taking off in a spaceship</li>
    <li>image->[PAWN_nameFull] being launched towards the stars [circumstance_group]</li>
    <li>image->[PAWN_nameFull] racing towards the heavens [circumstance_group]</li>
    <li>image->[PAWN_nameFull] accelerating to escape velocity [circumstance_group]</li>
    <li>image->[PAWN_nameFull] piloting a rocket [circumstance_group]</li>
    <li>circumstance_phrase->in front of a [TerrainFeature]</li>
    <li>circumstance_phrase->with incredible force</li>
    <li>circumstance_phrase->in a plume of dust and rocks</li>
    <li>circumstance_phrase->with rockets firing dramatically</li>
    <li>circumstance_phrase->in a precision takeoff</li>
    <li>desc_sentence->[PAWN_pronoun] is concentrating intently on the controls.</li>
    <li>desc_sentence->[PAWN_pronoun] has [PAWN_possessive] eyes closed and looks confident.</li>
    <li>desc_sentence->[PAWN_pronoun] is sleeping, [PAWN_possessive] eyes closed peacefully.</li>
    <li>desc_sentence->[PAWN_pronoun] is smiling with grim joy.</li>
    <li>desc_sentence->[PAWN_pronoun] seems to be fully in control of the situation.</li>
    <li>desc_sentence->There is a flame trail licking off the back of the ship.</li>
    <li>desc_sentence->A nearby [Animal] is looking up, startled.</li>
    <li>desc_sentence->A [Animal] is fleeing the launch in fear.</li>
    <li>desc_sentence->There is a [TerrainFeature] in the background.</li>
    <li>desc_sentence->A [PersonJob] watches silently from afar.</li>
  -->
  <LaunchedShip.rulePack.rulesStrings>
    <li>tale_noun->как [PAWN_nameDef] улетает с планеты</li>
    <li>tale_noun->как [PAWN_nameDef] взлетает на космическом корабле</li>
    <li>image->, как [PAWN_nameFull] мчится к звёздам[circumstance_phrase]</li>
    <li>image->, как [PAWN_nameFull] взлетает[circumstance_phrase]</li>
    <li>image->, как [PAWN_nameFull] разгоняется до второй космической скорости[circumstance_phrase]</li>
    <li>image->, как [PAWN_nameFull] летит в ракете[circumstance_phrase]</li>
    <li>circumstance_phrase->[empty] in front of a [TerrainFeature]</li>
    <li>circumstance_phrase->, ускоряясь с невероятной силой</li>
    <li>circumstance_phrase->[empty] в шлейфе из реактивных газов</li>
    <li>circumstance_phrase->[empty] с эффектно работающими двигателями</li>
    <li>circumstance_phrase->, не отклоняясь от рассчитанной траектории</li>
    <li>desc_sentence->Всё [PAWN_possessive] внимание сосредоточено на управлении.</li>
    <li>desc_sentence->[PAWN_possessive] глаза закрыты, [PAWN_pronoun] выглядит уверенно.</li>
    <li>desc_sentence->[PAWN_pronoun] спит, [PAWN_possessive] безмятежно закрыты.</li>
    <li>desc_sentence->[PAWN_pronoun] зловеще улыбается.</li>
    <li>desc_sentence->[PAWN_pronoun], по-видимому, полностью контролирует ситуацию.</li>
    <li>desc_sentence->Небо прочертил огненный след, языки пламени охватывают корабль.</li>
    <li>desc_sentence->[Animal] неподалёку испуганно смотрит вверх.</li>
    <li>desc_sentence->[Animal] со страху несётся прочь.</li>
    <li>desc_sentence->На фоне виднеется [TerrainFeature].</li>
    <li>desc_sentence->[Outlander] молча наблюдает за происходящим издалека.</li>
  </LaunchedShip.rulePack.rulesStrings>
  
  <!-- EN: social fight -->
  <SocialFight.label>потасовка</SocialFight.label>
  <!-- EN:
    <li>tale_noun->[INITIATOR_nameDef] [fight_name_present] [RESPONDER_nameDef]</li>
    <li>image->[INITIATOR_nameFull] insulting [RESPONDER_nameFull] [circumstance_group]</li>
    <li>image->[INITIATOR_nameFull] taunting [RESPONDER_nameFull] [circumstance_group]</li>
    <li>image->[INITIATOR_nameFull] threatening [RESPONDER_nameFull] [circumstance_group]</li>
    <li>image->[INITIATOR_nameFull] intimidating [RESPONDER_nameFull] [circumstance_group]</li>
    <li>image->[INITIATOR_nameFull] attacking [RESPONDER_nameFull] [circumstance_group]</li>
    <li>image->[INITIATOR_nameFull] assaulting [RESPONDER_nameFull] [circumstance_group]</li>
    <li>image->[INITIATOR_nameFull] punching [RESPONDER_nameFull] [circumstance_group]</li>
    <li>image->[INITIATOR_nameFull] kicking [RESPONDER_nameFull] [circumstance_group]</li>
    <li>image->[INITIATOR_nameFull] cowering from [RESPONDER_nameFull] [circumstance_group]</li>
    <li>fight_name_present->assaulting</li>
    <li>fight_name_present->attacking</li>
    <li>fight_name_present->fighting</li>
    <li>circumstance_phrase->while [RESPONDER_nameDef] insults [INITIATOR_objective]</li>
    <li>circumstance_phrase->while [RESPONDER_nameDef] taunts [INITIATOR_objective]</li>
    <li>circumstance_phrase->while [RESPONDER_nameDef] threatens [INITIATOR_objective]</li>
    <li>circumstance_phrase->while [RESPONDER_nameDef] intimidates [INITIATOR_objective]</li>
    <li>circumstance_phrase->while [RESPONDER_nameDef] attacks [INITIATOR_objective]</li>
    <li>circumstance_phrase->while [RESPONDER_nameDef] assaults [INITIATOR_objective]</li>
    <li>circumstance_phrase->while [RESPONDER_nameDef] punches [INITIATOR_objective]</li>
    <li>circumstance_phrase->while [RESPONDER_nameDef] kicks [INITIATOR_objective]</li>
    <li>circumstance_phrase->while [RESPONDER_nameDef] cowers from [INITIATOR_objective]</li>
    <li>desc_sentence->[target] appears without remorse.</li>
    <li>desc_sentence->[target] is consumed with passionate rage.</li>
    <li>desc_sentence->[target] has no emotion or expression.</li>
    <li>desc_sentence->[target]'s body is covered in [Gore].</li>
    <li>desc_sentence->[target] is screaming furiously.</li>
    <li>desc_sentence->[target] is visibly wounded.</li>
    <li>desc_sentence->[target]'s eyes are glowing [Color].</li>
    <li>target->[INITIATOR_nameDef]</li>
    <li>target->[RESPONDER_nameDef]</li>
  -->
  <SocialFight.rulePack.rulesStrings>
    <li>tale_noun->как [INITIATOR_nameDef] [fight_name_present] [RESPONDER_nameDef]</li>
    <li>image->, как [INITIATOR_nameFull] оскорбляет [RESPONDER_nameFull] [circumstance_phrase]</li>
    <li>image->, как [INITIATOR_nameFull] отпускает колкости в адрес [RESPONDER_nameFull] [circumstance_phrase]</li>
    <li>image->, как [INITIATOR_nameFull] угрожает [RESPONDER_nameFull] [circumstance_phrase]</li>
    <li>image->, как [INITIATOR_nameFull] запугивает [RESPONDER_nameFull] [circumstance_phrase]</li>
    <li>image->, как [INITIATOR_nameFull] атакует [RESPONDER_nameFull] [circumstance_phrase]</li>
    <li>image->, как [INITIATOR_nameFull] нападает на [RESPONDER_nameFull] [circumstance_phrase]</li>
    <li>image->, как [INITIATOR_nameFull] бьёт [RESPONDER_nameFull] [circumstance_phrase]</li>
    <li>image->, как [INITIATOR_nameFull] пинает [RESPONDER_nameFull] [circumstance_phrase]</li>
    <li>image->, как [INITIATOR_nameFull] отбивается от [RESPONDER_nameFull] [circumstance_phrase]</li>
    <li>fight_name_present->бьёт</li>
    <li>fight_name_present->атакует</li>
    <li>fight_name_present->дерётся с</li>
    <li>circumstance_phrase->, пока [RESPONDER_nameDef] оскорбляет [INITIATOR_possessive]</li>
    <li>circumstance_phrase->, пока [RESPONDER_nameDef] отпускает колкости в [INITIATOR_possessive] адрес</li>
    <li>circumstance_phrase->, пока [RESPONDER_nameDef] [INITIATOR_objective] угрожает</li>
    <li>circumstance_phrase->, пока [RESPONDER_nameDef] запугивает [INITIATOR_possessive]</li>
    <li>circumstance_phrase->, пока [RESPONDER_nameDef] атакует [INITIATOR_possessive]</li>
    <li>circumstance_phrase->, пока [RESPONDER_nameDef] нападает на н[INITIATOR_possessive]</li>
    <li>circumstance_phrase->, пока [RESPONDER_nameDef] бьёт [INITIATOR_possessive]</li>
    <li>circumstance_phrase->, пока [RESPONDER_nameDef] пинает [INITIATOR_possessive]</li>
    <li>circumstance_phrase->, пока [RESPONDER_nameDef] отбивается от н[INITIATOR_possessive]</li>
    <li>desc_sentence->[target] не испытывает угрызений совести.</li>
    <li>desc_sentence->[target] гневно огрызается.</li>
    <li>desc_sentence->Лицо [target] не выражает никаких эмоций.</li>
    <li>desc_sentence->Одежда [target] покрыта [Gore] оппонента.</li>
    <li>desc_sentence->[target] яростно кричит.</li>
    <li>desc_sentence->[target] закрывает свои раны руками.</li>
    <li>desc_sentence->В глазах [target] горит недобный [Color] огонёк.</li>
    <li>target->[INITIATOR_nameDef]</li>
    <li>target->[RESPONDER_nameDef]</li>
  </SocialFight.rulePack.rulesStrings>
  
</LanguageData>