﻿<?xml version="1.0" encoding="UTF-8"?>
<LanguageData>
  
  <!-- EN: downed -->
  <Downed.label>сбитие с ног</Downed.label>
  <!-- EN:
    <li>tale_noun->[KILLER_nameDef] [wound_name_present] [VICTIM_nameDef]</li>
    <li>tale_noun->[KILLER_nameDef] [wound_name_present] [VICTIM_nameDef] with a [WEAPON_label]</li>
    <li>tale_noun->the [wound_name_present] of [VICTIM_nameDef] by [KILLER_nameDef]</li>
    <li>tale_noun->the [wound_name_present] of [VICTIM_nameDef] with a [WEAPON_label]</li>
    <li>tale_noun->the [wound_name_present] of [VICTIM_nameDef]</li>
    <li>image->[VICTIM_nameFull] being [wound_name_past] by [KILLER_nameFull] [with_weapon_optional]</li>
    <li>image->[KILLER_nameFull] [wound_name_present] [VICTIM_nameFull] [with_weapon_optional]</li>
    <li>image->[KILLER_nameFull] brutally [wound_name_present] [VICTIM_nameFull] [with_weapon_optional]</li>
    <li>image->[VICTIM_nameFull] being [wound_name_past] [with_weapon_optional]</li>
    <li>wound_name_past->incapacitated</li>
    <li>wound_name_past->crippled</li>
    <li>wound_name_past->knocked unconscious</li>
    <li>wound_name_past->disabled</li>
    <li>wound_name_present->incapacitating</li>
    <li>wound_name_present->harming</li>
    <li>wound_name_present->knocking unconscious</li>
    <li>wound_name_present->disabling</li>
    <li>with_weapon_optional->with a [WEAPON_label] [circumstance_group]</li>
    <li>with_weapon_optional->[circumstance_group]</li>
    <li>circumstance_phrase->seemingly without remorse</li>
    <li>circumstance_phrase->with cold efficiency</li>
    <li>circumstance_phrase->with passionate rage</li>
    <li>circumstance_phrase->with quick, efficient movements</li>
    <li>circumstance_phrase->without emotion or expression</li>
    <li>circumstance_phrase->out of bleak necessity</li>
    <li>circumstance_phrase->in a cowardly, halfhearted way</li>
    <li>desc_sentence->[Quantity_adjphrase] [Animal]s look on.</li>
    <li>desc_sentence->A [PersonJob] watches silently [side_position].</li>
    <li>desc_sentence->[VICTIM_nameDef] looks [AdjectiveAngsty].</li>
    <li>desc_sentence->[VICTIM_nameDef]'s eyes are closed.</li>
    <li>desc_sentence->[KILLER_nameDef] is baring [KILLER_possessive] teeth.</li>
    <li>desc_sentence->[KILLER_nameDef] seems satisfied.</li>
    <li>desc_sentence->[KILLER_nameDef] looks distressed at what [KILLER_pronoun] is doing.</li>
    <li>desc_sentence->[KILLER_nameDef] looks pleased with the situation.</li>
    <li>desc_sentence->[KILLER_nameDef] looks triumphant.</li>
  -->
  <Downed.rulePack.rulesStrings>
    <li>tale_noun->как [KILLER_nameDef] [wound_verb] [VICTIM_nameDef]</li>
    <li>tale_noun->как [VICTIM_nameDef] [wound_verb_passive]</li>
    <li>image->[empty] [wound_noun] [VICTIM_nameDef] со стороны [KILLER_nameDef]</li>
    <li>image->[empty] [wound_noun] [VICTIM_nameDef]</li>
    <li>image->, как [KILLER_nameFull][weapon_optional] [wound_verb] [VICTIM_nameFull]</li>
    <li>image->, как [VICTIM_nameDef] [wound_verb_passive], когда [VICTIM_possessive][weapon_optional] [wound_verb] [KILLER_nameFull]</li>
    <li>wound_verb_passive->падает от ран</li>
    <li>wound_verb_passive->падает без сознания</li>
    <li>wound_verb_passive->теряет сознание</li>
    <li>wound_noun->обезвреживание</li>
    <li>wound_noun->ранение</li>
    <li>wound_noun->обездвиживание</li>
    <li>wound_verb->выводит из строя</li>
    <li>wound_verb->сбивает с ног</li>
    <li>wound_verb->обезвреживает</li>
    <li>wound_verb->сражает</li>
    <li>wound_verb->обездвиживает</li>
    <li>weapon_optional->, держа в руках [WEAPON_label], [circumstance_phrase]</li>
    <li>weapon_optional->[empty] [circumstance_phrase]</li>
    <li>circumstance_phrase->без сожалений</li>
    <li>circumstance_phrase->с холодной эффективностью</li>
    <li>circumstance_phrase->в ярости</li>
    <li>circumstance_phrase->быстрыми, эффективными движениями</li>
    <li>circumstance_phrase->без эмоций</li>
    <li>circumstance_phrase->из суровой необходимости</li>
    <li>circumstance_phrase->трусливо, малодушно</li>
    <li>desc_sentence->[Quantity_adjphrase] животных, выглядящих как [Animal], наблюдают за этим.</li>
    <li>desc_sentence->[Outlander] молча издали наблюдает за происходящим [side_position].</li>
    <li>desc_sentence->[VICTIM_nameDef] имеет [AdjectiveAngsty] вид.</li>
    <li>desc_sentence->Глаза [VICTIM_nameDef] закрыты.</li>
    <li>desc_sentence->[KILLER_nameDef] скалит зубы.</li>
    <li>desc_sentence->[KILLER_nameDef] бросает [AdjectiveBadass] взгляд.</li>
    <li>desc_sentence->[KILLER_nameDef] испытывает душевные терзания от того, что [KILLER_objective] приходится делать.</li>
    <li>desc_sentence->[KILLER_nameDef] чувствует удовлетворение, видя результат.</li>
    <li>desc_sentence->[KILLER_nameDef] выглядит триумфально.</li>
  </Downed.rulePack.rulesStrings>
  
  <!-- EN: exhausted -->
  <Exhausted.label>изнеможение</Exhausted.label>
  <!-- EN:
    <li>tale_noun->[PAWN_nameDef] collapsing from exhaustion</li>
    <li>image->[PAWN_nameFull] collapsing on the ground [circumstance_group]</li>
    <li>image->[PAWN_nameFull] lying on the ground [circumstance_group]</li>
    <li>image->[PAWN_nameFull] lying in bed [circumstance_group]</li>
    <li>image->[PAWN_nameFull] collapsed in a chair [circumstance_group]</li>
    <li>image->[PAWN_nameFull] peacefully sleeping [circumstance_group]</li>
    <li>circumstance_phrase->with eyes closed</li>
    <li>circumstance_phrase->with a visible look of exhaustion</li>
    <li>circumstance_phrase->while covered in sweat</li>
    <li>circumstance_phrase->and unable to move a muscle</li>
    <li>desc_sentence->[PAWN_nameDef]'s last project sits nearby, complete.</li>
    <li>desc_sentence->A marvelous construction surrounds [PAWN_nameDef].</li>
    <li>desc_sentence->[Quantity_adjphrase] [PersonJob]s look grateful for [PAWN_nameDef]'s heroic effort.</li>
    <li>desc_sentence->[Quantity_adjphrase] [PersonJob]s lie nearby in a similar state.</li>
    <li>desc_sentence->The scene takes place inside a newly-built [Community].</li>
  -->
  <Exhausted.rulePack.rulesStrings>
    <li>tale_noun->как [PAWN_nameDef] валится с ног от усталости</li>
    <li>image->, как [PAWN_nameFull][circumstance_phrase] в изнеможении валится с ног</li>
    <li>image->, как [PAWN_nameFull][circumstance_phrase] лежит на земле</li>
    <li>image->, как [PAWN_nameFull][circumstance_phrase] лежит в кровати</li>
    <li>image->, как [PAWN_nameFull][circumstance_phrase] лежит на кресле</li>
    <li>image->, как [PAWN_nameFull][circumstance_phrase] мирно спит</li>
    <li>circumstance_phrase->[empty] с закрытыми глазами</li>
    <li>circumstance_phrase->[empty] с уставшим видом</li>
    <li>circumstance_phrase->, покрывшись по́том,</li>
    <li>circumstance_phrase->, не в силах пошевелиться,</li>
    <li>desc_sentence->Рядом находится результат [PAWN_possessive] напряжённого труда.</li>
    <li>desc_sentence->[PAWN_possessive] окружает великолепное строение.</li>
    <li>desc_sentence->[Outlander] восхищается [PAWN_possessive] трудовым подвигом.</li>
    <li>desc_sentence->[Outlander] лежит рядом, в таком же состоянии.</li>
    <li>desc_sentence->В качестве места, где происходит сцена, выступает свежепостроенное поселение.</li>
  </Exhausted.rulePack.rulesStrings>
  
  <!-- EN: gave birth -->
  <GaveBirth.label>рождение ребёнка</GaveBirth.label>
  <!-- EN:
    <li>tale_noun->[MOTHER_nameDef] giving birth to [CHILD_nameDef]</li>
    <li>image->[MOTHER_nameFull] giving birth to [circumstance_group]</li>
    <li>image->[MOTHER_nameFull] holding [MOTHER_possessive] [baby], [circumstance_group]</li>
    <li>image->[MOTHER_nameFull] lying in bed next to [MOTHER_possessive] [baby], [circumstance_group]</li>
    <li>image->[MOTHER_nameFull] collapsed in a chair with [MOTHER_possessive] [baby] [circumstance_group]</li>
    <li>baby->infant</li>
    <li>baby->newborn</li>
    <li>baby->baby</li>
    <li>circumstance_phrase->[CHILD_nameFull], who is bloody and crying</li>
    <li>circumstance_phrase->[CHILD_nameFull], who is glowing softly [Color]</li>
    <li>circumstance_phrase->[CHILD_nameFull], who is already trying to pull [CHILD_objective]self around</li>
    <li>circumstance_phrase->[CHILD_nameFull], who is looking around with an expression of serenity</li>
    <li>desc_sentence->[Quantity_adjphrase] [Animal]s sleep peacefully nearby.</li>
    <li>desc_sentence->[Quantity_adjphrase] [PersonJob]s gaze upon the scene.</li>
    <li>desc_sentence->A [PersonJob]s watches from a distance.</li>
    <li>desc_sentence->The scene takes place inside a newly-built [Community].</li>
  -->
  <GaveBirth.rulePack.rulesStrings>
    <li>tale_noun->как рождается [CHILD_nameFull]</li>
    <li>image->, как [MOTHER_nameFull] производит на свет ребёнка и даёт ему имя — [CHILD_nameDef]</li>
    <li>image->, как [MOTHER_nameFull] [circumstance_phrase] держит на руках своего новорождённого ребёнка по имени [CHILD_nameDef]</li>
    <li>image->, как [MOTHER_nameFull] [circumstance_phrase] кормит грудью своего ребёнка — [CHILD_possessive] зовут [CHILD_nameDef]</li>
    <li>baby->младенец</li>
    <li>baby->малютка</li>
    <li>baby->дитя</li>
    <li>circumstance_phrase->сосредоточенно</li>
    <li>circumstance_phrase->со счастливым выражением лица</li>
    <li>circumstance_phrase->безмятежно</li>
    <li>circumstance_phrase->умиротворённо</li>
    <li>circumstance_phrase->напряженно</li>
    <li>desc_sentence->[baby] громко плачет.</li>
    <li>desc_sentence->[baby] источает мягкий [Color] свет.</li>
    <li>desc_sentence->[baby] уже пробует переворачиваться на живот.</li>
    <li>desc_sentence->[baby] [circumstance_phrase] смотрит вокруг.</li>
  </GaveBirth.rulePack.rulesStrings>
  
  <!-- EN: heatstroke revealed -->
  <HeatstrokeRevealed.label>тепловой удар</HeatstrokeRevealed.label>
  <!-- EN:
    <li>tale_noun->[PAWN_nameDef] getting heatstroke</li>
    <li>tale_noun->[PAWN_nameDef] overheating</li>
    <li>image->[PAWN_nameFull] trudging through sand [circumstance_group]</li>
    <li>image->[PAWN_nameFull] huddled in the shade of a [TerrainFeature] [circumstance_group]</li>
    <li>image->[PAWN_nameFull] searching for water [circumstance_group]</li>
    <li>image->[PAWN_nameFull] searching for shade [circumstance_group]</li>
    <li>image->[PAWN_nameFull] crawling across sun-baked dirt [circumstance_group]</li>
    <li>circumstance_phrase->with red dry skin</li>
    <li>circumstance_phrase->and covered in sweat</li>
    <li>circumstance_phrase->with cracked dry lips</li>
    <li>circumstance_phrase->while vomiting</li>
    <li>desc_sentence->[Quantity_adjphrase] dessicated [Animal] corpses surround the area.</li>
    <li>desc_sentence->[PAWN_nameDef]'s clothes are tattered and torn.</li>
    <li>desc_sentence->A blazing sun looms in the background.</li>
    <li>desc_sentence->The scene takes place inside a blazing desert.</li>
    <li>desc_sentence->The scene appears to take place inside, next to a heater.</li>
    <li>desc_sentence->[Quantity_adjphrase] unmoving [Animal]s surround the scene.</li>
    <li>desc_sentence->[Quantity_adjphrase] dying [Animal]s lay on the ground.</li>
  -->
  <HeatstrokeRevealed.rulePack.rulesStrings>
    <li>tale_noun->как [PAWN_nameDef] получает тепловой удар</li>
    <li>tale_noun->как [PAWN_nameDef] перегревается</li>
    <li>image->, как [PAWN_nameFull][circumstance_phrase] продирается сквозь пески</li>
    <li>image->, как [PAWN_nameFull][circumstance_phrase] съёживается в тени</li>
    <li>image->, как [PAWN_nameFull][circumstance_phrase] ищет воду</li>
    <li>image->, как [PAWN_nameFull][circumstance_phrase] ищет тень</li>
    <li>image->, как [PAWN_nameFull][circumstance_phrase] ползёт по выжженной солнцем земле</li>
    <li>circumstance_phrase->[empty] с покрасневшей кожей</li>
    <li>circumstance_phrase->, непрерывно потея,</li>
    <li>circumstance_phrase->[empty] с высохшими, потрескавшимися губами</li>
    <li>circumstance_phrase->, согнувшись в приступе рвоты,</li>
    <li>desc_sentence->[PAWN_possessive] окружают иссушенные трупы животных.</li>
    <li>desc_sentence->[PAWN_possessive] одежда изорвана в клочья.</li>
    <li>desc_sentence->В небе висит палящее солнце.</li>
    <li>desc_sentence->Действие происходит посреди знойной пустыни.</li>
    <li>desc_sentence->Действие происходит в помещении рядом с источником тепла.</li>
    <li>desc_sentence->[Quantity_adjphrase] животных неподвиждно лежат рядом.</li>
    <li>desc_sentence->Повсюду лежат умирающие животные.</li>
  </HeatstrokeRevealed.rulePack.rulesStrings>
  
  <!-- EN: hypothermia revealed -->
  <HypothermiaRevealed.label>обморожение</HypothermiaRevealed.label>
  <!-- EN:
    <li>tale_noun->[PAWN_nameDef] getting hypothermia</li>
    <li>tale_noun->[PAWN_nameDef] freezing to death</li>
    <li>image->[PAWN_nameFull] trudging through snow [circumstance_group]</li>
    <li>image->[PAWN_nameFull] huddled beside a [TerrainFeature] [circumstance_group]</li>
    <li>image->[PAWN_nameFull] searching for a warm [Apparel] [circumstance_group]</li>
    <li>image->[PAWN_nameFull] crouching next to a fire [circumstance_group]</li>
    <li>image->[PAWN_nameFull] trying to light a fire [circumstance_group]</li>
    <li>circumstance_phrase->while [PAWN_possessive] face slowly turns blue</li>
    <li>circumstance_phrase->and shivering uncontrollably</li>
    <li>circumstance_phrase->while covered in frost</li>
    <li>circumstance_phrase->while exhaling clouds of fog</li>
    <li>desc_sentence->[Quantity_adjphrase] frozen [Animal] corpses surround the area.</li>
    <li>desc_sentence->[PAWN_nameDef]'s clothes are tattered and worn.</li>
    <li>desc_sentence->A cold blue moon looms in the background.</li>
    <li>desc_sentence->The scene takes place inside a snow-covered [TreeType] forest.</li>
    <li>desc_sentence->The scene appears to take place inside a freezer.</li>
    <li>desc_sentence->[Quantity_adjphrase] shivering [Animal]s surround the scene.</li>
    <li>desc_sentence->[Quantity_adjphrase] dying [Animal]s lay on the ground.</li>
  -->
  <HypothermiaRevealed.rulePack.rulesStrings>
    <li>tale_noun->как [PAWN_nameDef] получает обморожение</li>
    <li>tale_noun->как [PAWN_nameDef] замерзает</li>
    <li>image->, как [PAWN_nameFull][circumstance_phrase] продирается через снежные сугробы</li>
    <li>image->, как [PAWN_nameFull][circumstance_phrase] съёживается в попытке сохранить тепло</li>
    <li>image->, как [PAWN_nameFull][circumstance_phrase] ищёт тёплую одежду</li>
    <li>image->, как [PAWN_nameFull][circumstance_phrase] подползает ближе к огню</li>
    <li>image->, как [PAWN_nameFull][circumstance_phrase] пытается разжечь огонь</li>
    <li>circumstance_phrase->, постепенно синея от холода,</li>
    <li>circumstance_phrase->, трясясь от холода,</li>
    <li>circumstance_phrase->, покрываясь инеем,</li>
    <li>circumstance_phrase->, выдыхая изо рта пар,</li>
    <li>desc_sentence->[PAWN_possessive] окружают замёрзшие трупы животных.</li>
    <li>desc_sentence->[PAWN_possessive] одежда изорвана в клочья.</li>
    <li>desc_sentence->В небе висит холодно-синяя луна.</li>
    <li>desc_sentence->[PAWN_possessive] окружает заснеженный лес.</li>
    <li>desc_sentence->Действие происходит в морозильной камере.</li>
    <li>desc_sentence->Рядом дрожит от холода [Animal].</li>
    <li>desc_sentence->Повсюду лежат замерзающие животные.</li>
  </HypothermiaRevealed.rulePack.rulesStrings>
  
  <!-- EN: illness revealed -->
  <IllnessRevealed.label>обнаружено заболевание</IllnessRevealed.label>
  <!-- EN:
    <li>tale_noun->[PAWN_nameDef] being stricken with [ILLNESS_label]</li>
    <li>image->[PAWN_nameFull] staggering through a field [circumstance_group]</li>
    <li>image->[PAWN_nameFull] lying on the ground [circumstance_group]</li>
    <li>image->[PAWN_nameFull] lying in bed [circumstance_group]</li>
    <li>image->[PAWN_nameFull] lying in a hospital bed [circumstance_group]</li>
    <li>image->[PAWN_nameFull] collapsed in a chair [circumstance_group]</li>
    <li>image->[PAWN_nameFull] crouching next to a fire [circumstance_group]</li>
    <li>circumstance_phrase->and sweating uncontrollably</li>
    <li>circumstance_phrase->and shivering uncontrollably</li>
    <li>circumstance_phrase->while both sweating and shivering</li>
    <li>circumstance_phrase->with cracked dry lips</li>
    <li>circumstance_phrase->while vomiting</li>
    <li>circumstance_phrase->with a visible rash</li>
    <li>circumstance_phrase->while being tended to by a doctor</li>
    <li>desc_sentence->[Quantity_adjphrase] fly-ridden [Animal] corpses surround the area.</li>
    <li>desc_sentence->[Quantity_adjphrase] twisted [Color] [TerrainFeature]s surround the scene.</li>
    <li>desc_sentence->[Quantity_adjphrase] [PersonJob]s are stricken with the same afflication.</li>
    <li>desc_sentence->The scene takes place inside a [TreeType] forest.</li>
    <li>desc_sentence->[Quantity_adjphrase] dying [Animal]s lay on the ground.</li>
  -->
  <IllnessRevealed.rulePack.rulesStrings>
    <li>tale_noun->как у [PAWN_nameDef] обнаруживается [ILLNESS_label]</li>
    <li>image->, как [PAWN_nameFull][circumstance_phrase] бредёт по улице шатаясь</li>
    <li>image->, как [PAWN_nameFull][circumstance_phrase] лежит на земле</li>
    <li>image->, как [PAWN_nameFull][circumstance_phrase] лежит в кровати</li>
    <li>image->, как [PAWN_nameFull][circumstance_phrase] лежит в больничной кровати</li>
    <li>image->, как [PAWN_nameFull][circumstance_phrase] падает в кресло</li>
    <li>image->, как [PAWN_nameFull][circumstance_phrase] подползает ближе к огню</li>
    <li>circumstance_phrase->, непрерывно потея,</li>
    <li>circumstance_phrase->, дрожа в лихорадке,</li>
    <li>circumstance_phrase->, потея и дрожа,</li>
    <li>circumstance_phrase->[empty] с высохшими, потрескавшимися губами</li>
    <li>circumstance_phrase->, согнувшись в приступе рвоты,</li>
    <li>circumstance_phrase->, покрывшись сыпью,</li>
    <li>desc_sentence->Врач подходит к н[PAWN_objective], чтобы приступить к лечению.</li>
    <li>desc_sentence->Мёртвое животное, [Animal], лежит рядом, облепленное мухами.</li>
    <li>desc_sentence->На фоне — закручивается спиралью [TerrainFeature].</li>
    <li>desc_sentence->[Outlander], похоже, страдает тем же недугом.</li>
    <li>desc_sentence->[PAWN_nameDef] находится среди увядающего леса.</li>
    <li>desc_sentence->Повсюду лежат умирающие животные.</li>
  </IllnessRevealed.rulePack.rulesStrings>
  
  <!-- EN: killed -->
  <KilledCapacity.label>убийство</KilledCapacity.label>
  <!-- EN:
    <li>tale_noun->[KILLER_nameDef] [wound_name_present] [VICTIM_nameDef]</li>
    <li>tale_noun->[KILLER_nameDef] [wound_name_present] [VICTIM_nameDef] with a [WEAPON_label]</li>
    <li>image->[KILLER_nameFull] [cap_removal] [VICTIM_nameFull]'s capacity for [CAPACITY_label] [with_weapon_optional]</li>
    <li>image->[KILLER_nameFull] [wound_name_present] [VICTIM_nameFull] by [cap_removal] [VICTIM_possessive] [CAPACITY_label] [with_weapon_optional]</li>
    <li>cap_removal->destroying</li>
    <li>cap_removal->eliminating</li>
    <li>cap_removal->ending</li>
    <li>wound_name_past->slayed</li>
    <li>wound_name_past->executed</li>
    <li>wound_name_past->assassinated</li>
    <li>wound_name_past->eliminated</li>
    <li>wound_name_present->slaying</li>
    <li>wound_name_present->executing</li>
    <li>wound_name_present->assassinating</li>
    <li>wound_name_present->eliminating</li>
    <li>with_weapon_optional->with a [WEAPON_label] [circumstance_group]</li>
    <li>with_weapon_optional->[circumstance_group]</li>
    <li>circumstance_phrase->seemingly without remorse</li>
    <li>circumstance_phrase->with cold efficiency</li>
    <li>circumstance_phrase->with quick, efficient movements</li>
    <li>circumstance_phrase->without emotion or expression</li>
    <li>desc_sentence->[Quantity_adjphrase] [Animal]s look on.</li>
    <li>desc_sentence->A [PersonJob] watches silently [side_position].</li>
    <li>desc_sentence->[VICTIM_nameDef] looks [AdjectiveAngsty].</li>
    <li>desc_sentence->[VICTIM_nameDef]'s eyes are closed.</li>
    <li>desc_sentence->[KILLER_nameDef] seems satisfied.</li>
    <li>desc_sentence->[KILLER_nameDef] looks distressed at what [KILLER_pronoun] is doing.</li>
    <li>desc_sentence->[KILLER_nameDef] looks pleased with the situation.</li>
    <li>desc_sentence->[KILLER_nameDef] looks triumphant.</li>
  -->
  <KilledCapacity.rulePack.rulesStrings>
    <li>tale_noun->как [wound_verb_passive] [VICTIM_nameDef]</li>
    <li>tale_noun->как [KILLER_nameDef] [wound_verb] [VICTIM_nameDef]</li>
    <li>image->, как [KILLER_nameFull][weapon_optional] [wound_verb] [VICTIM_nameFull]. [cap_removal_phrase]</li>
    <li>image->, как [VICTIM_nameFull] [wound_verb_passive] [KILLER_nameFull]. [cap_removal_phrase]</li>
    <li>cap_removal_phrase->[VICTIM_nameDef] [death_verb_passive], поскольку один из жизненно важных процессов [VICTIM_possessive] организма, [CAPACITY_label], [cap_removal_verb]</li>
    <li>cap_removal_phrase->[CAPACITY_label], жизненно важный процесс в организме жертвы, [cap_removal_verb], и [VICTIM_nameDef] [death_verb_passive]</li>
    <li>cap_removal_verb->прекращает свою работу</li>
    <li>cap_removal_verb->останавливается</li>
    <li>death_verb_passive->погибает</li>
    <li>death_verb_passive->падает замертво</li>
    <li>death_verb_passive->умирает</li>
    <li>wound_verb_passive->подставляется под удар</li>
    <li>wound_verb_passive->получает телесные повреждения от</li>
    <li>wound_verb->ранит</li>
    <li>wound_verb->бьёт</li>
    <li>wound_verb->калечит</li>
    <li>weapon_optional->, держа в руках [WEAPON_label], [circumstance_phrase]</li>
    <li>weapon_optional->[empty] [circumstance_phrase]</li>
    <li>circumstance_phrase->без сожалений</li>
    <li>circumstance_phrase->с холодной эффективностью</li>
    <li>circumstance_phrase->быстрыми, эффективными движениями</li>
    <li>circumstance_phrase->без эмоций</li>
    <li>desc_sentence->[Outlander] молча издали наблюдает за происходящим [side_position].</li>
    <li>desc_sentence->[VICTIM_nameDef] имеет [AdjectiveAngsty] вид.</li>
    <li>desc_sentence->Глаза [VICTIM_nameDef] закрыты.</li>
    <li>desc_sentence->[KILLER_nameDef] бросает [AdjectiveBadass] взгляд.</li>
    <li>desc_sentence->[KILLER_nameDef] испытывает душевные терзания от того, что [KILLER_objective] приходится делать.</li>
    <li>desc_sentence->[KILLER_nameDef] чувствует удовлетворение, видя результат.</li>
    <li>desc_sentence->[KILLER_nameDef] выглядит триумфально.</li>
  </KilledCapacity.rulePack.rulesStrings>
  
  <!-- EN: killed at distance -->
  <KilledLongRange.label>убийство с большого расстояния</KilledLongRange.label>
  <!-- EN:
    <li>tale_noun->[KILLER_nameDef] [wound_name_present] [VICTIM_nameDef] at extreme distance</li>
    <li>tale_noun->[KILLER_nameDef] [wound_name_present] [VICTIM_nameDef] at extreme distance with a [WEAPON_label]</li>
    <li>tale_noun->the long distance [wound_name_present] of [VICTIM_nameDef] by [KILLER_nameDef]</li>
    <li>tale_noun->the long distance [wound_name_present] of [VICTIM_nameDef] by [KILLER_nameDef] with a [WEAPON_label]</li>
    <li>image->[KILLER_nameFull] aiming at [VICTIM_nameFull] [with_weapon_optional]</li>
    <li>image->[KILLER_nameFull] [wound_name_present] [VICTIM_nameFull] [with_weapon_optional]</li>
    <li>image->[KILLER_nameFull] coldly [wound_name_present] [VICTIM_nameFull] [with_weapon_optional]</li>
    <li>wound_name_past->murdered</li>
    <li>wound_name_past->slain</li>
    <li>wound_name_past->slaughtered</li>
    <li>wound_name_past->eliminated</li>
    <li>wound_name_present->murdering</li>
    <li>wound_name_present->slaying</li>
    <li>wound_name_present->slaughtering</li>
    <li>wound_name_present->eliminating</li>
    <li>with_weapon_optional->with a [WEAPON_label] [circumstance_group]</li>
    <li>with_weapon_optional->[circumstance_group]</li>
    <li>circumstance_phrase->seemingly without remorse</li>
    <li>circumstance_phrase->with cold efficiency</li>
    <li>circumstance_phrase->from a long distance</li>
    <li>circumstance_phrase->from a great height</li>
    <li>circumstance_phrase->without emotion or expression</li>
    <li>circumstance_phrase->in a cowardly, halfhearted way</li>
    <li>desc_sentence->[Quantity_adjphrase] [Animal]s look on.</li>
    <li>desc_sentence->A [PersonJob] watches silently [side_position].</li>
    <li>desc_sentence->[VICTIM_nameDef] looks [AdjectiveAngsty].</li>
    <li>desc_sentence->[VICTIM_nameDef]'s eyes are closed.</li>
    <li>desc_sentence->[VICTIM_nameDef] is covered in [Gore].</li>
    <li>desc_sentence->[KILLER_nameDef] is baring [KILLER_possessive] teeth.</li>
    <li>desc_sentence->[KILLER_nameDef] seems satisfied.</li>
    <li>desc_sentence->[KILLER_nameDef] looks distressed at what [KILLER_pronoun] is doing.</li>
    <li>desc_sentence->[KILLER_nameDef] looks pleased with the situation.</li>
    <li>desc_sentence->[KILLER_nameDef] looks triumphant.</li>
  -->
  <KilledLongRange.rulePack.rulesStrings>
    <li>tale_noun->как [KILLER_nameDef] [from_far_away] [wound_verb] [VICTIM_nameDef]</li>
    <li>tale_noun->как [VICTIM_nameDef] [wound_verb_passive] от [hit_gen]</li>
    <li>hit_gen->снайперского попадания</li>
    <li>hit_gen->[circumstance_word]го попадания</li>
    <li>image->, как [WEAPON_label], что так [circumstance_word] держит в руках [KILLER_nameDef], [from_far_away] [wound_verb] цель, и [VICTIM_nameDef] [wound_verb_passive]</li>
    <li>image->, как [KILLER_nameFull][weapon_optional] стреляет в [VICTIM_nameFull] [from_far_away]</li>
    <li>image->, как [KILLER_nameFull][weapon_optional] [wound_verb] [VICTIM_nameFull] [from_far_away]</li>
    <li>image->[empty] [wound_noun] противника по имени [VICTIM_nameDef], которого [KILLER_nameDef][weapon_optional] [wound_verb] [from_far_away]</li>
    <li>wound_verb_passive->падает замертво</li>
    <li>wound_verb_passive->погибает на месте</li>
    <li>wound_noun->мгновенную смерть</li>
    <li>wound_noun->ликвидацию</li>
    <li>wound_verb->«снимает»</li>
    <li>wound_verb->ликвидирует</li>
    <li>wound_verb->устраняет</li>
    <li>wound_verb->поражает</li>
    <li>weapon_optional->[empty] [circumstance_word]</li>
    <li>weapon_optional->, держа в руках [WEAPON_label], [circumstance_word]</li>
    <li>from_far_away->издалека</li>
    <li>from_far_away->с большого расстояния</li>
    <li>circumstance_word->блестяще</li>
    <li>circumstance_word->технично</li>
    <li>circumstance_word->искусно</li>
    <li>circumstance_word->виртуозно</li>
    <li>circumstance_word->ловко</li>
    <li>circumstance_word->искусно</li>
    <li>desc_sentence->[VICTIM_nameDef] имеет [AdjectiveAngsty] вид.</li>
    <li>desc_sentence->Всё тело [VICTIM_nameDef] покрыто [VICTIM_possessive] же [Gore].</li>
    <li>desc_sentence->[KILLER_nameDef] скалит зубы.</li>
    <li>desc_sentence->[KILLER_nameDef] бросает [AdjectiveBadass] взгляд.</li>
    <li>desc_sentence->[KILLER_nameDef] испытывает душевные терзания от того, что [KILLER_objective] приходится делать.</li>
    <li>desc_sentence->[KILLER_nameDef] чувствует удовлетворение, видя результат.</li>
    <li>desc_sentence->[KILLER_nameDef] выглядит триумфально.</li>
  </KilledLongRange.rulePack.rulesStrings>
  
  <!-- EN: killed major threat -->
  <KilledMajorThreat.label>убийство грозного противника</KilledMajorThreat.label>
  <!-- EN:
    <li>tale_noun->[KILLER_nameDef] [wound_name_present] [VICTIM_nameDef]</li>
    <li>tale_noun->[KILLER_nameDef] [wound_name_present] [VICTIM_nameDef] with a [WEAPON_label]</li>
    <li>tale_noun->the [wound_name_present] of [VICTIM_nameDef] by [KILLER_nameDef]</li>
    <li>tale_noun->the [wound_name_present] of [VICTIM_nameDef] by [KILLER_nameDef] with a [WEAPON_label]</li>
    <li>image->[VICTIM_nameFull] being [wound_name_past] by [KILLER_nameFull] [with_weapon_optional]</li>
    <li>image->[KILLER_nameFull] [wound_name_present] [VICTIM_nameFull] [with_weapon_optional]</li>
    <li>image->[KILLER_nameFull] brutally [wound_name_present] [VICTIM_nameFull] [with_weapon_optional]</li>
    <li>image->[VICTIM_nameFull] being [wound_name_past] [with_weapon_optional]</li>
    <li>wound_name_past->slain</li>
    <li>wound_name_past->defeated</li>
    <li>wound_name_past->overcome</li>
    <li>wound_name_present->slaying</li>
    <li>wound_name_present->defeating</li>
    <li>wound_name_present->overcoming</li>
    <li>with_weapon_optional->with a [WEAPON_label] [circumstance_group]</li>
    <li>with_weapon_optional->[circumstance_group]</li>
    <li>circumstance_phrase->with cold efficiency</li>
    <li>circumstance_phrase->with quick, efficient movements</li>
    <li>circumstance_phrase->without emotion or expression</li>
    <li>circumstance_phrase->with great heroism</li>
    <li>circumstance_phrase->with incredible strength</li>
    <li>desc_sentence->[Quantity_adjphrase] [Animal]s look on.</li>
    <li>desc_sentence->A [PersonJob] watches silently [side_position].</li>
    <li>desc_sentence->[VICTIM_nameDef] looks [AdjectiveAngsty].</li>
    <li>desc_sentence->[VICTIM_nameDef]'s eyes are closed.</li>
    <li>desc_sentence->[VICTIM_nameDef] is covered in [Gore].</li>
    <li>desc_sentence->[VICTIM_nameDef] and [KILLER_nameDef] are both covered in [Gore].</li>
    <li>desc_sentence->[VICTIM_nameDef]'s corpse towers over [KILLER_nameDef].</li>
    <li>desc_sentence->[VICTIM_nameDef]'s massive corpse covers a [TerrainFeature].</li>
    <li>desc_sentence->[VICTIM_nameDef]'s eyes glow [Color].</li>
    <li>desc_sentence->[KILLER_nameDef] is covered in [Gore].</li>
    <li>desc_sentence->[KILLER_nameDef] is baring [KILLER_possessive] teeth.</li>
    <li>desc_sentence->[KILLER_nameDef] seems satisfied.</li>
    <li>desc_sentence->[KILLER_nameDef] looks triumphant.</li>
    <li>desc_sentence->[KILLER_nameDef] looks [AdjectiveBadass].</li>
    <li>desc_sentence->[KILLER_nameDef] is glowing with a heroic aura.</li>
  -->
  <KilledMajorThreat.rulePack.rulesStrings>
    <li>tale_noun->как [KILLER_nameDef] [wound_verb] [VICTIM_nameDef]</li>
    <li>tale_noun->как [wound_verb_passive] [VICTIM_nameDef]</li>
    <li>image(p=4)->, как [KILLER_nameFull][weapon_optional] [wound_verb] [VICTIM_nameFull]</li>
    <li>image->, как [VICTIM_nameFull] [wound_verb_passive] в [combat_adj] битве с [KILLER_nameFull]</li>
    <li>combat_adj->легендарной</li>
    <li>combat_adj->героической</li>
    <li>combat_adj->эпической</li>
    <li>wound_verb_passive->принимает смерть</li>
    <li>wound_verb_passive->погибает</li>
    <li>wound_verb_passive->умирает</li>
    <li>wound_verb->сокрушает</li>
    <li>wound_verb->одерживает победу над</li>
    <li>wound_verb->побеждает</li>
    <li>wound_verb->одолевает</li>
    <li>weapon_optional->, держа в руках [WEAPON_label], [circumstance_phrase]</li>
    <li>weapon_optional->[empty] [circumstance_phrase]</li>
    <li>circumstance_phrase->бесстрашно</li>
    <li>circumstance_phrase->отважно</li>
    <li>circumstance_phrase->доблестно</li>
    <li>circumstance_phrase->героически</li>
    <li>circumstance_phrase->эпически</li>
    <li>circumstance_phrase->величественно</li>
    <li>desc_sentence->[Outlander] потрясённо наблюдает за происходящим [side_position].</li>
    <li>desc_sentence->[VICTIM_nameDef] имеет [AdjectiveAngsty] вид.</li>
    <li>desc_sentence->Глаза [VICTIM_nameDef] закрыты.</li>
    <li>desc_sentence->Всё тело [VICTIM_nameDef] покрыто [VICTIM_possessive] же [Gore].</li>
    <li>desc_sentence->Тела обоих противников покрыты [Gore].</li>
    <li>desc_sentence->Тело [VICTIM_nameDef] возвышается над [KILLER_nameDef].</li>
    <li>desc_sentence->[VICTIM_nameDef] своим массивным телом заслоняет горизонт.</li>
    <li>desc_sentence->В глазах [VICTIM_nameDef] горит недобрый [Color] свет.</li>
    <li>desc_sentence->Всё тело [KILLER_nameDef] покрыто [Gore] [KILLER_possessive] жертвы.</li>
    <li>desc_sentence->[KILLER_nameDef] скалит зубы.</li>
    <li>desc_sentence->[KILLER_nameDef] бросает [AdjectiveBadass] взгляд.</li>
    <li>desc_sentence->[KILLER_nameDef] выглядит триумфально.</li>
    <li>desc_sentence->[KILLER_nameDef] чувствует удовлетворение, видя результат.</li>
    <li>desc_sentence->[KILLER_nameDef] изображается в ореоле из света, что придаёт [KILLER_objective] героический вид.</li>
  </KilledMajorThreat.rulePack.rulesStrings>
  
  <!-- EN: killed in melee -->
  <KilledMelee.label>убйиство врукопашную</KilledMelee.label>
  <!-- EN:
    <li>tale_noun->[KILLER_nameDef] [wound_name_present] [VICTIM_nameDef] in close combat</li>
    <li>tale_noun->[KILLER_nameDef] [wound_name_present] [VICTIM_nameDef] in melee with a [WEAPON_label]</li>
    <li>tale_noun->the melee [wound_name_present] of [VICTIM_nameDef] by [KILLER_nameDef]</li>
    <li>tale_noun->the close combat [wound_name_present] of [VICTIM_nameDef] by [KILLER_nameDef] with a [WEAPON_label]</li>
    <li>image->[VICTIM_nameFull] being [wound_name_past] by [KILLER_nameFull] [with_weapon_optional]</li>
    <li>image->[KILLER_nameFull] [wound_name_present] [VICTIM_nameFull] [with_weapon_optional]</li>
    <li>image->[KILLER_nameFull] brutally [wound_name_present] [VICTIM_nameFull] [with_weapon_optional]</li>
    <li>image->[VICTIM_nameFull] being [wound_name_past] [with_weapon_optional]</li>
    <li>wound_name_past->murdered</li>
    <li>wound_name_past->slain</li>
    <li>wound_name_past->slaughtered</li>
    <li>wound_name_past->mutilated</li>
    <li>wound_name_present->murdering</li>
    <li>wound_name_present->slaying</li>
    <li>wound_name_present->slaughtering</li>
    <li>wound_name_present->mutilating</li>
    <li>with_weapon_optional->with a [WEAPON_label] [circumstance_group]</li>
    <li>with_weapon_optional->[circumstance_group]</li>
    <li>circumstance_phrase->seemingly without remorse</li>
    <li>circumstance_phrase->with cold efficiency</li>
    <li>circumstance_phrase->with quick, efficient movements</li>
    <li>circumstance_phrase->without emotion or expression</li>
    <li>circumstance_phrase->in a cowardly, halfhearted way</li>
    <li>desc_sentence->[Quantity_adjphrase] [Animal]s look on.</li>
    <li>desc_sentence->A [PersonJob] watches silently [side_position].</li>
    <li>desc_sentence->[VICTIM_nameDef] looks [AdjectiveAngsty].</li>
    <li>desc_sentence->[VICTIM_nameDef]'s eyes are closed.</li>
    <li>desc_sentence->[VICTIM_nameDef] is covered in [Gore].</li>
    <li>desc_sentence->[VICTIM_nameDef] and [KILLER_nameDef] are both covered in [Gore].</li>
    <li>desc_sentence->[KILLER_nameDef] is covered in [Gore].</li>
    <li>desc_sentence->[KILLER_nameDef] is baring [KILLER_possessive] teeth.</li>
    <li>desc_sentence->[KILLER_nameDef] seems satisfied.</li>
    <li>desc_sentence->[KILLER_nameDef] looks distressed at what [KILLER_pronoun] is doing.</li>
    <li>desc_sentence->[KILLER_nameDef] looks pleased with the situation.</li>
    <li>desc_sentence->[KILLER_nameDef] looks triumphant.</li>
    <li>desc_sentence->[KILLER_nameDef] wears a feral expression.</li>
  -->
  <KilledMelee.rulePack.rulesStrings>
    <li>tale_noun->как [KILLER_nameDef] [wound_verb] [VICTIM_nameDef] в ближнем бою</li>
    <li>tale_noun->как [KILLER_nameDef] [wound_verb] [VICTIM_nameDef] врукопашную</li>
    <li>image->[empty] [wound_noun] [VICTIM_nameDef] со стороны [KILLER_nameDef]</li>
    <li>image(p=4)->, как [KILLER_nameFull][weapon_optional] [wound_verb] [VICTIM_nameFull]</li>
    <li>image->, как [VICTIM_nameFull] [wound_verb_passive] от удара [KILLER_nameFull]</li>
    <li>image->, как [VICTIM_nameFull] [wound_verb_passive] от удара [WEAPON_label], что держит в руках [KILLER_nameFull]</li>
    <li>wound_verb_passive->погибает</li>
    <li>wound_verb_passive->падает замертво</li>
    <li>wound_noun->убийство</li>
    <li>wound_noun->расправу над</li>
    <li>wound_verb->убивает</li>
    <li>wound_verb->разделывается с</li>
    <li>wound_verb->расправляется с</li>
    <li>wound_verb->умерщвляет</li>
    <li>weapon_optional->, держа в руках [WEAPON_label], [circumstance_phrase]</li>
    <li>weapon_optional->[empty] [circumstance_phrase]</li>
    <li>circumstance_phrase->беспощадно</li>
    <li>circumstance_phrase->кроваво</li>
    <li>circumstance_phrase->безжалостно</li>
    <li>circumstance_phrase->яростно</li>
    <li>circumstance_phrase->быстрыми, эффективными движениями</li>
    <li>circumstance_phrase->без эмоций</li>
    <li>circumstance_phrase->трусливо, малодушно</li>
    <li>circumstance_phrase->брутально</li>
    <li>circumstance_phrase->свирепо</li>
    <li>desc_sentence->[Outlander] молча издали наблюдает за происходящим [side_position].</li>
    <li>desc_sentence->[VICTIM_nameDef] имеет [AdjectiveAngsty] вид.</li>
    <li>desc_sentence->Глаза [VICTIM_nameDef] закрыты.</li>
    <li>desc_sentence->Всё тело [VICTIM_nameDef] покрыто [VICTIM_possessive] же [Gore].</li>
    <li>desc_sentence->Тела обоих противников покрыты [Gore].</li>
    <li>desc_sentence->Всё тело [KILLER_nameDef] покрыто [Gore] противника.</li>
    <li>desc_sentence->[KILLER_nameDef] скалит зубы.</li>
    <li>desc_sentence->[KILLER_nameDef] бросает [AdjectiveBadass] взгляд.</li>
    <li>desc_sentence->[KILLER_nameDef] испытывает душевные терзания от того, что [KILLER_objective] приходится делать.</li>
    <li>desc_sentence->[KILLER_nameDef] чувствует удовлетворение, видя результат.</li>
    <li>desc_sentence->[KILLER_nameDef] выглядит триумфально.</li>
  </KilledMelee.rulePack.rulesStrings>
  
  <!-- EN: killed with mortar -->
  <KilledMortar.label>попадание из миномёта</KilledMortar.label>
  <!-- EN:
    <li>tale_noun->[KILLER_nameDef] [wound_name_present] [VICTIM_nameDef] with a mortar</li>
    <li>tale_noun->[VICTIM_nameDef] being killed by [KILLER_nameDef]'s artillery</li>
    <li>image->[KILLER_nameFull] carefully adjusting a firing tube [circumstance_group]</li>
    <li>image->[KILLER_nameFull] looking into the distance [circumstance_group]</li>
    <li>image->[KILLER_nameFull] doing calculations on paper [circumstance_group]</li>
    <li>image->[KILLER_nameFull] testing wind direction [circumstance_group]</li>
    <li>circumstance_phrase->while [VICTIM_nameFull] is consumed in a massive explosion</li>
    <li>circumstance_phrase->as a shell arcs down towards [VICTIM_nameFull]</li>
    <li>circumstance_phrase->while [VICTIM_nameFull] walks around obliviously</li>
    <li>circumstance_phrase->as [VICTIM_nameFull] sprints</li>
    <li>desc_sentence->[Quantity_adjphrase] [Animal]s look on.</li>
    <li>desc_sentence->A [PersonJob] watches silently [side_position].</li>
    <li>desc_sentence->[VICTIM_nameDef] looks [AdjectiveAngsty].</li>
    <li>desc_sentence->[VICTIM_nameDef] is covered in [Gore].</li>
    <li>desc_sentence->[VICTIM_nameDef] is surrounded by explosions.</li>
    <li>desc_sentence->[VICTIM_nameDef] is surrounded by craters.</li>
    <li>desc_sentence->[KILLER_nameDef] seems satisfied.</li>
    <li>desc_sentence->[KILLER_nameDef] looks distressed at what [KILLER_pronoun] is doing.</li>
    <li>desc_sentence->[KILLER_nameDef] looks pleased with the situation.</li>
    <li>desc_sentence->[KILLER_nameDef] looks triumphant.</li>
  -->
  <KilledMortar.rulePack.rulesStrings>
    <li>tale_noun->как [KILLER_nameDef] поражает [VICTIM_nameDef] миномётным огнём</li>
    <li>tale_noun->как [VICTIM_nameDef] попадает под миномётный обстрел</li>
    <li>image->, как [KILLER_nameFull] аккуратно наводит орудие, [circumstance_phrase]</li>
    <li>image->, как [KILLER_nameFull] оценивает дальность до цели, [circumstance_phrase]</li>
    <li>image->, как [KILLER_nameFull] выполняет расчёты на бумаге, [circumstance_phrase]</li>
    <li>image->, как [KILLER_nameFull] определяет направление ветра, [circumstance_phrase]</li>
    <li>circumstance_phrase->в то время как [VICTIM_nameFull] исчезает в мощном взрыве</li>
    <li>circumstance_phrase->и снаряд по широкой дуге летит к [VICTIM_nameFull]</li>
    <li>circumstance_phrase->пока [VICTIM_nameFull] бродит вдали, ни о чём не подозревая</li>
    <li>circumstance_phrase->а [VICTIM_nameFull] убегает сломя голову</li>
    <li>circumstance_phrase->а [VICTIM_nameFull], кажется, чувствует неладное</li>
    <li>desc_sentence->[Outlander] молча издали наблюдает за происходящим [side_position].</li>
    <li>desc_sentence->[VICTIM_nameDef] имеет [AdjectiveAngsty] вид.</li>
    <li>desc_sentence->Всё тело [VICTIM_nameDef] покрыто [VICTIM_possessive] же [Gore].</li>
    <li>desc_sentence->Вокруг [VICTIM_nameDef] рвутся снаряды.</li>
    <li>desc_sentence->Воронки от снарядов окружают [VICTIM_nameDef].</li>
    <li>desc_sentence->[KILLER_nameDef] бросает [AdjectiveBadass] взгляд.</li>
    <li>desc_sentence->[KILLER_nameDef] испытывает душевные терзания от того, что [KILLER_objective] приходится делать.</li>
    <li>desc_sentence->[KILLER_nameDef] чувствует удовлетворение, видя результат.</li>
    <li>desc_sentence->[KILLER_nameDef] выглядит триумфально.</li>
  </KilledMortar.rulePack.rulesStrings>
  
  <!-- EN: toxicity revealed -->
  <ToxicityRevealed.label>отравление токсинами</ToxicityRevealed.label>
  <!-- EN:
    <li>tale_noun->[PAWN_nameDef]'s body becoming toxic</li>
    <li>tale_noun->[PAWN_nameDef] being poisoned by toxins</li>
    <li>image->[PAWN_nameFull] staggering through a field [circumstance_group]</li>
    <li>image->[PAWN_nameFull] lying on the ground [circumstance_group]</li>
    <li>image->[PAWN_nameFull] lying in bed [circumstance_group]</li>
    <li>image->[PAWN_nameFull] crouching next to a fire [circumstance_group]</li>
    <li>image->[PAWN_nameFull] trying to light a fire [circumstance_group]</li>
    <li>image->[PAWN_nameFull] mindlessly removing [PAWN_possessive] clothes [circumstance_group]</li>
    <li>circumstance_phrase->and sweating uncontrollably</li>
    <li>circumstance_phrase->and shivering uncontrollably</li>
    <li>circumstance_phrase->while both sweating and shivering</li>
    <li>circumstance_phrase->with cracked dry lips</li>
    <li>circumstance_phrase->while vomiting</li>
    <li>circumstance_phrase->with a visible rash</li>
    <li>desc_sentence->[Quantity_adjphrase] twisted [Animal] corpses surround the area.</li>
    <li>desc_sentence->[PAWN_nameDef]'s clothes are falling apart.</li>
    <li>desc_sentence->The sky is a murky [Color].</li>
    <li>desc_sentence->[Quantity_adjphrase] twisted [Color] [TerrainFeature]s surround the scene.</li>
    <li>desc_sentence->The scene takes place inside a twisted [TreeType] forest.</li>
    <li>desc_sentence->[Quantity_adjphrase] dying [Animal]s lay on the ground.</li>
  -->
  <ToxicityRevealed.rulePack.rulesStrings>
    <li>tale_noun->как [PAWN_nameDef] получает отравление токсинами</li>
    <li>tale_noun->как [PAWN_nameDef] получает большую дозу токсинов</li>
    <li>image->, как [PAWN_nameFull][circumstance_phrase] бредёт по улице шатаясь</li>
    <li>image->, как [PAWN_nameFull][circumstance_phrase] лежит на земле</li>
    <li>image->, как [PAWN_nameFull][circumstance_phrase] лежит в кровати</li>
    <li>image->, как [PAWN_nameFull][circumstance_phrase] подползает ближе к огню</li>
    <li>image->, как [PAWN_nameFull][circumstance_phrase] пытается разжечь огонь</li>
    <li>image->, как [PAWN_nameFull][circumstance_phrase] бездумно снимает одежду</li>
    <li>circumstance_phrase->, непрерывно потея,</li>
    <li>circumstance_phrase->, дрожа в лихорадке,</li>
    <li>circumstance_phrase->, потея и дрожа,</li>
    <li>circumstance_phrase->[empty] с высохшими, потрескавшимися губами</li>
    <li>circumstance_phrase->, согнувшись в приступе рвоты,</li>
    <li>circumstance_phrase->, покрывшись сыпью,</li>
    <li>desc_sentence->[PAWN_possessive] окружают искажённые трупы животных.</li>
    <li>desc_sentence->[PAWN_possessive] одежда разрушается на глазах.</li>
    <li>desc_sentence->Небо окрасилось в угрюмо-[Color] цвет.</li>
    <li>desc_sentence->[TerrainFeature] на фоне принимает искажённо-[Color] цвет.</li>
    <li>desc_sentence->[PAWN_nameDef] находится среди больного, искажённого леса.</li>
    <li>desc_sentence->Повсюду лежат умирающие животные.</li>
  </ToxicityRevealed.rulePack.rulesStrings>
  
  <!-- EN: wounded -->
  <Wounded.label>ранение</Wounded.label>
  <!-- EN:
    <li>tale_noun->[KILLER_nameDef] [wound_name_present] [VICTIM_nameDef]</li>
    <li>tale_noun->[KILLER_nameDef] [wound_name_present] [VICTIM_nameDef] with a [WEAPON_label]</li>
    <li>tale_noun->the [wound_name_present] of [VICTIM_nameDef] by [KILLER_nameDef]</li>
    <li>tale_noun->the [wound_name_present] of [VICTIM_nameDef] with a [WEAPON_label]</li>
    <li>tale_noun->the [wound_name_present] of [VICTIM_nameDef]</li>
    <li>image->[VICTIM_nameFull] being [wound_name_past] by [KILLER_nameFull] [with_weapon_optional]</li>
    <li>image->[KILLER_nameFull] [wound_name_present] [VICTIM_nameFull] [with_weapon_optional]</li>
    <li>image->[KILLER_nameFull] brutally [wound_name_present] [VICTIM_nameFull] [with_weapon_optional]</li>
    <li>image->[VICTIM_nameFull] being [wound_name_past] [with_weapon_optional]</li>
    <li>wound_name_past->wounded</li>
    <li>wound_name_past->harmed</li>
    <li>wound_name_past->hurt</li>
    <li>wound_name_past->assaulted</li>
    <li>wound_name_past->attacked</li>
    <li>wound_name_present->wounding</li>
    <li>wound_name_present->harming</li>
    <li>wound_name_present->hurting</li>
    <li>wound_name_present->assaulting</li>
    <li>wound_name_present->attacking</li>
    <li>with_weapon_optional->with a [WEAPON_label] [circumstance_group]</li>
    <li>with_weapon_optional->[circumstance_group]</li>
    <li>circumstance_phrase->seemingly without remorse</li>
    <li>circumstance_phrase->with cold efficiency</li>
    <li>circumstance_phrase->with passionate rage</li>
    <li>circumstance_phrase->with quick, efficient movements</li>
    <li>circumstance_phrase->without emotion or expression</li>
    <li>circumstance_phrase->out of bleak necessity</li>
    <li>circumstance_phrase->in a cowardly, halfhearted way</li>
    <li>desc_sentence->[Quantity_adjphrase] [Animal]s look on.</li>
    <li>desc_sentence->A [PersonJob] watches silently [side_position].</li>
    <li>desc_sentence->Blood is pooling around [VICTIM_nameDef]'s body.</li>
    <li>desc_sentence->[VICTIM_nameDef] is covered in [Gore].</li>
    <li>desc_sentence->[VICTIM_nameDef] looks [AdjectiveAngsty].</li>
    <li>desc_sentence->[VICTIM_nameDef] is wincing in pain.</li>
    <li>desc_sentence->[VICTIM_nameDef] is wincing in agony.</li>
    <li>desc_sentence->[KILLER_nameDef] is baring [KILLER_possessive] teeth.</li>
    <li>desc_sentence->[KILLER_nameDef] seems satisfied.</li>
    <li>desc_sentence->[KILLER_nameDef] looks distressed at what [KILLER_pronoun] is doing.</li>
    <li>desc_sentence->[KILLER_nameDef] looks pleased with the situation.</li>
    <li>desc_sentence->[KILLER_nameDef] looks triumphant.</li>
  -->
  <Wounded.rulePack.rulesStrings>
    <li>tale_noun->как [KILLER_nameDef] [wound_verb] [VICTIM_nameDef]</li>
    <li>tale_noun->как [VICTIM_nameDef] [wound_verb_passive] [KILLER_nameDef]</li>
    <li>image->[empty] [wound_noun] [VICTIM_nameDef] со стороны [KILLER_nameDef]</li>
    <li>image->, как [KILLER_nameDef][weapon_optional] [wound_verb] [VICTIM_nameFull]</li>
    <li>image->, как [VICTIM_nameFull] [wound_verb_passive] [KILLER_nameDef]</li>
    <li>wound_verb_passive->получает ранение от</li>
    <li>wound_verb_passive->подставляется под удар</li>
    <li>wound_verb_passive->получает телесные повреждения от</li>
    <li>wound_noun->нападение на</li>
    <li>wound_noun->ранение</li>
    <li>wound_noun->удар по</li>
    <li>wound_noun->нанесение телесных повреждений</li>
    <li>wound_noun->нанесение увечий</li>
    <li>wound_verb->поражает</li>
    <li>wound_verb->ранит</li>
    <li>wound_verb->наносит телесные повреждения</li>
    <li>wound_verb->калечит</li>
    <li>wound_verb->бьёт</li>
    <li>wound_verb->атакует</li>
    <li>weapon_optional->, держа в руках [WEAPON_label], [circumstance_phrase]</li>
    <li>weapon_optional->[empty] [circumstance_phrase]</li>
    <li>circumstance_phrase->без сожалений</li>
    <li>circumstance_phrase->с холодной эффективностью</li>
    <li>circumstance_phrase->в ярости</li>
    <li>circumstance_phrase->быстрыми, эффективными движениями</li>
    <li>circumstance_phrase->без эмоций</li>
    <li>circumstance_phrase->из суровой необходимости</li>
    <li>circumstance_phrase->трусливо, малодушно</li>
    <li>desc_sentence->[Quantity_adjphrase] животных, выглядящих как [Animal], наблюдают за этим.</li>
    <li>desc_sentence->[Outlander] молча издали наблюдает за происходящим [side_position].</li>
    <li>desc_sentence->Возле тела [VICTIM_nameDef] растекается лужа крови.</li>
    <li>desc_sentence->Всё тело [VICTIM_nameDef] покрыто [VICTIM_possessive] же [Gore].</li>
    <li>desc_sentence->[VICTIM_nameDef] имеет [AdjectiveAngsty] вид.</li>
    <li>desc_sentence->[VICTIM_nameDef] корчится от боли.</li>
    <li>desc_sentence->[VICTIM_nameDef] стонет от боли.</li>
    <li>desc_sentence->[KILLER_nameDef] скалит зубы.</li>
    <li>desc_sentence->[KILLER_nameDef] бросает [AdjectiveBadass] взгляд.</li>
    <li>desc_sentence->[KILLER_nameDef] испытывает душевные терзания от того, что [ANYPAWN_objective] приходится делать.</li>
    <li>desc_sentence->[KILLER_nameDef] чувствует удовлетворение, видя результат.</li>
    <li>desc_sentence->[KILLER_nameDef] выглядит триумфально.</li>
  </Wounded.rulePack.rulesStrings>
  
</LanguageData>