﻿<?xml version="1.0" encoding="UTF-8"?>
<LanguageData>
  
  <!-- EN: caravan ambush defeated -->
  <CaravanAmbushDefeated.label>защита каравана</CaravanAmbushDefeated.label>
  <!-- EN:
    <li>tale_noun->a successful defense of [PAWN_nameDef]'s caravan</li>
    <li>tale_noun->[PAWN_nameDef]'s caravan fighting off an ambush</li>
    <li>image->[PAWN_nameFull] organizing resistance while [circumstance_group]</li>
    <li>image->[PAWN_nameFull] wielding a [Weapon] defensively while [circumstance_group]</li>
    <li>image->[PAWN_nameFull] retaliating with [PAWN_possessive] [Weapon] while [circumstance_group]</li>
    <li>image->[PAWN_nameFull] standing as tall as a building while [circumstance_group]</li>
    <li>image->[PAWN_nameFull] wearing a [AdjectiveBadass] expression while [circumstance_group]</li>
    <li>image->[PAWN_nameFull] wearing a [AdjectiveAngsty] expression while [circumstance_group]</li>
    <li>circumstance_phrase->bracing against the advancing horde</li>
    <li>circumstance_phrase->circling the wagons</li>
    <li>circumstance_phrase->roaring in victory</li>
    <li>circumstance_phrase->brandishing [Weapon]s</li>
    <li>circumstance_phrase->covered in [Gore]</li>
    <li>desc_sentence->[Quantity_adjphrase] [Enemy]s advance, brandishing [Weapon]s.</li>
    <li>desc_sentence->A huge [Enemy] advances, brandishing a [Weapon].</li>
    <li>desc_sentence->[Quantity_adjphrase] [Enemy]s advance with a [AdjectiveBadass] look in their eyes.</li>
    <li>desc_sentence->[Quantity_adjphrase] [Enemy]s advance with a [AdjectiveAngsty] look in their eyes.</li>
    <li>desc_sentence->[Quantity_adjphrase] [Animal]s advance with glowing [Color] eyes.</li>
    <li>desc_sentence->[Quantity_adjphrase] [Animal]s advance, covered in [Gore].</li>
    <li>desc_sentence->The ground is coated in [Gore].</li>
    <li>desc_sentence->[Quantity_adjphrase] [PersonJob]s flee the area.</li>
    <li>desc_sentence->[Quantity_adjphrase] [Animal]s flee the area.</li>
  -->
  <CaravanAmbushDefeated.rulePack.rulesStrings>
    <li>tale_noun->как [PAWN_nameDef] защищает караван</li>
    <li>tale_noun->как [PAWN_nameDef] отбивается от разбойников</li>
    <li>image->, как [PAWN_nameFull], [circumstance_phrase], организует оборону</li>
    <li>image->, как [PAWN_nameFull], [circumstance_phrase], карает осмелившихся напасть на караван</li>
    <li>image->, как [PAWN_nameFull], [circumstance_phrase], стоит за караван стеной</li>
    <li>image->, как [PAWN_nameFull], [circumstance_phrase], принимает [AdjectiveBadass] вид</li>
    <li>image->, как [PAWN_nameFull], [circumstance_phrase], принимает [AdjectiveAngsty] вид</li>
    <li>circumstance_phrase(p=2)->взяв покрепче [HisWeapon]</li>
    <li>circumstance_phrase->противостоя ордам врагов</li>
    <li>circumstance_phrase->сомкнув повозки</li>
    <li>circumstance_phrase->издавая победный рёв</li>
    <li>circumstance_phrase->потрясая оружием</li>
    <li>circumstance_phrase->перепачкавшись [Gore] врагов</li>
    <li>desc_sentence->[Enemies] подходят всё ближе, потрясая оружием.</li>
    <li>desc_sentence->[Enemies] расступились, пропуская вперёд самого сильного. В его руке лежит [Weapon].</li>
    <li>desc_sentence->[Enemies] приближаются, бросая [AdjectiveBadass] взгляд.</li>
    <li>desc_sentence->[Enemies] приближаются, бросая [AdjectiveAngsty] взгляд.</li>
    <li>desc_sentence->[Animal] приближаются, в их глазах горит недобрый [Color] огонь.</li>
    <li>desc_sentence->[Animal] приближаются, все покрытые [Gore].</li>
    <li>desc_sentence->Земля покрыта [Gore].</li>
    <li>desc_sentence->[Quantity_adjphrase] [Outlander] в панике бегут прочь.</li>
    <li>desc_sentence->[Quantity_adjphrase] [Animal] в панике бегут прочь.</li>
  </CaravanAmbushDefeated.rulePack.rulesStrings>
  
  <!-- EN: caravan assault successful -->
  <CaravanAssaultSuccessful.label>успешная атака</CaravanAssaultSuccessful.label>
  <!-- EN:
    <li>tale_noun->[PAWN_nameDef]'s caravan defeating an enemy stronghold</li>
    <li>image->[PAWN_nameFull] running towards a [Enemy], [circumstance_group]</li>
    <li>image->[PAWN_nameFull] wielding a [Weapon], [circumstance_group]</li>
    <li>image->[PAWN_nameFull] swinging a [Weapon], [circumstance_group]</li>
    <li>image->[PAWN_nameFull] standing as tall as a building, [circumstance_group]</li>
    <li>circumstance_phrase->wearing a [AdjectiveBadass] look in [PAWN_possessive] eyes</li>
    <li>circumstance_phrase->wearing a [AdjectiveAngsty] look in [PAWN_possessive] eyes</li>
    <li>circumstance_phrase->roaring in victory</li>
    <li>circumstance_phrase->covered in [Gore]</li>
    <li>desc_sentence->[Quantity_adjphrase] [Enemy]s cower from the assault.</li>
    <li>desc_sentence->[Quantity_adjphrase] [Enemy]s flee the area.</li>
    <li>desc_sentence->[Quantity_adjphrase] [Enemy]s are visibly wounded.</li>
    <li>desc_sentence->A [Community] burns in the distance.</li>
    <li>desc_sentence->A [Community] smokes in the distance.</li>
    <li>desc_sentence->The ground is coated in [Gore].</li>
    <li>desc_sentence->[Quantity_adjphrase] [PersonJob]s flee the area.</li>
    <li>desc_sentence->[Quantity_adjphrase] [Animal]s flee the area.</li>
  -->
  <CaravanAssaultSuccessful.rulePack.rulesStrings>
    <li>tale_noun->как караван [PAWN_nameDef] громит поселение противника</li>
    <li>image->, как [PAWN_nameFull], [circumstance_phrase], бежит на врага [Enemy]</li>
    <li>image->[empty] [PAWN_nameFull]. [PAWN_pronoun] сжимает в руках [HisWeapon], [circumstance_phrase]</li>
    <li>image->[empty] [PAWN_nameFull]. [PAWN_pronoun], [circumstance_phrase], воинственно размахивает своим оружием</li>
    <li>image->, как [PAWN_nameFull], [circumstance_phrase], руководит атакой на поселение враждебной фракции</li>
    <li>circumstance_phrase->бросая [AdjectiveBadass] взгляд</li>
    <li>circumstance_phrase->бросая [AdjectiveAngsty] взгляд</li>
    <li>circumstance_phrase->издавая победный рёв</li>
    <li>circumstance_phrase->перепачкавшись [Gore] врагов</li>
    <li>desc_sentence->Все [Enemies] сжались в страхе.</li>
    <li>desc_sentence->[Enemies] в панике бегут прочь.</li>
    <li>desc_sentence->Все [Enemies] покрыты кровоточащими ранами.</li>
    <li>desc_sentence->Вдали горит [Community].</li>
    <li>desc_sentence->Вдали, догорая, дымится [Community].</li>
    <li>desc_sentence->Земля вокруг покрыта [Gore].</li>
    <li>desc_sentence->[Outlander], что стоит неподалёку, закрывает глаза от ужаса.</li>
    <li>desc_sentence->Перепуганные животные удирают из опасного места.</li>
  </CaravanAssaultSuccessful.rulePack.rulesStrings>
  
  <!-- EN: caravan fled -->
  <CaravanFled.label>спасшийся бегством караван</CaravanFled.label>
  <!-- EN:
    <li>tale_noun->[PAWN_nameDef]'s caravan fleeing danger</li>
    <li>tale_noun->[PAWN_nameDef]'s caravan escaping danger</li>
    <li>tale_noun->[PAWN_nameDef]'s caravan narrowly escaping danger</li>
    <li>tale_noun->[PAWN_nameDef]'s caravan being chased away by enemies</li>
    <li>image->[PAWN_nameFull] running frantically [circumstance_group]</li>
    <li>image->[PAWN_nameFull] sprinting [circumstance_group]</li>
    <li>image->[PAWN_nameFull] tucked behind a [TerrainFeature], hiding [circumstance_group]</li>
    <li>image->[PAWN_nameFull] putting up a fighting retreat [circumstance_group]</li>
    <li>image->[PAWN_nameFull] casually strolling away [circumstance_group]</li>
    <li>circumstance_phrase->as [Quantity_adjphrase] [Enemy]s chase</li>
    <li>circumstance_phrase->while [Quantity_adjphrase] [Enemy]s search</li>
    <li>circumstance_phrase->from [Quantity_adjphrase] [Enemy]s</li>
    <li>circumstance_phrase->from [Quantity_adjphrase] enemy [Animal]s</li>
    <li>circumstance_phrase->from a [huge] [Enemy]</li>
    <li>desc_sentence->[PAWN_nameDef]'s pursuers are brandishing [Weapon]s.</li>
    <li>desc_sentence->[PAWN_nameDef]'s pursuers are wreathed in [Color] smoke.</li>
    <li>desc_sentence->[PAWN_nameDef]'s pursuers wear [AdjectiveAngsty] expressions.</li>
    <li>desc_sentence->[PAWN_nameDef]'s pursuers are brandishing [Weapon]s.</li>
    <li>desc_sentence->[PAWN_nameDef] is sweating.</li>
    <li>desc_sentence->[PAWN_nameDef] is gasping for breath.</li>
  -->
  <CaravanFled.rulePack.rulesStrings>
    <li>tale_noun->как [PAWN_nameDef] спасает свою жизнь бегством</li>
    <li>tale_noun->как [PAWN_nameDef] уходит от погони</li>
    <li>tale_noun->как [PAWN_nameDef] спасается от погони</li>
    <li>tale_noun->как [PAWN_nameDef] совершает тактическое отступление</li>
    <li>image->, как [PAWN_nameFull] изо всех сил бежит[circumstance_phrase]</li>
    <li>image->, как [PAWN_nameFull] несётся прочь[circumstance_phrase]</li>
    <li>image->, как [PAWN_nameFull] удачно прячется[circumstance_phrase]. Небольших размеров [TerrainFeature] позволяет [PAWN_objective] укрыться</li>
    <li>image->, как [PAWN_nameFull] не без боя ретируется[circumstance_phrase]</li>
    <li>image->[empty] [PAWN_nameFull], что прогулочным шагом удаляется[circumstance_phrase]</li>
    <li>circumstance_phrase->, пока [PAWN_possessive] преследуют [Enemies]</li>
    <li>circumstance_phrase->, пока [Enemies] заняты [PAWN_possessive] поисками</li>
    <li>circumstance_phrase->[empty] от [Quantity_adjphrase] [Enemies]</li>
    <li>circumstance_phrase->[empty] от злобных животных</li>
    <li>circumstance_phrase->[empty] от [huge] [Enemies]</li>
    <li>desc_sentence->Преследователи воинственно размахивают оружием — у каждого в руках [Weapon].</li>
    <li>desc_sentence->Дым, [Color] и зловещий, окутывает преследователей.</li>
    <li>desc_sentence->Лица преследователей имеют невероятно [AdjectiveAngsty] вид.</li>
    <li>desc_sentence->Вдали виднеется то немногое, что осталось от каравана.</li>
    <li>desc_sentence->[PAWN_nameDef] потеет от страха.</li>
    <li>desc_sentence->[PAWN_nameDef] отчаянно хватает ртом воздух.</li>
  </CaravanFled.rulePack.rulesStrings>
  
  <!-- EN: caravan formed -->
  <CaravanFormed.label>сбор каравана</CaravanFormed.label>
  <!-- EN:
    <li>tale_noun->[PAWN_nameDef] departing for adventure</li>
    <li>tale_noun->[PAWN_nameDef] forming a caravan</li>
    <li>image->[PAWN_nameFull] striding forward purposefully [circumstance_group]</li>
    <li>image->[PAWN_nameFull] looking towards the horizon [circumstance_group]</li>
    <li>image->[PAWN_nameFull] packing supplies for a journey [circumstance_group]</li>
    <li>image->[PAWN_nameFull] planning a journey [circumstance_group]</li>
    <li>circumstance_phrase->and equipped for a fight</li>
    <li>circumstance_phrase->and equipped for survival</li>
    <li>circumstance_phrase->and equipped for exploration</li>
    <li>circumstance_phrase->with an eager look in [PAWN_possessive] eyes</li>
    <li>circumstance_phrase->with a [AdjectiveAny] look in [PAWN_possessive] eyes</li>
    <li>desc_sentence->[Quantity_adjphrase] [ally]s watch the preparations.</li>
    <li>desc_sentence->[Quantity_adjphrase] [ally]s help with the preparations.</li>
    <li>desc_sentence->[Quantity_adjphrase] [Enemy]s shrink away from the scene.</li>
    <li>desc_sentence->A [TerrainFeature] is visible in the distance.</li>
    <li>desc_sentence->[Quantity_adjphrase] [PersonJob]s watch from a distance.</li>
    <li>desc_sentence->[Quantity_adjphrase] [Animal]s wander peacefully.</li>
  -->
  <CaravanFormed.rulePack.rulesStrings>
    <li>tale_noun->как [PAWN_nameDef] отправляется на поиски приключений</li>
    <li>tale_noun->как [PAWN_nameDef] готовит караван к отбытию</li>
    <li>image->, как [PAWN_nameFull][circumstance_phrase] целеустремлённо шагает вперёд</li>
    <li>image->, как [PAWN_nameFull][circumstance_phrase] задумчиво смотрит на горизонт</li>
    <li>image->, как [PAWN_nameFull][circumstance_phrase] пакует припасы для путешествия</li>
    <li>image->, как [PAWN_nameFull][circumstance_phrase] планирует путешествие</li>
    <li>circumstance_phrase->[empty] в полной боевой экипировке</li>
    <li>circumstance_phrase->, приготовившись к выживанию в суровых условиях,</li>
    <li>circumstance_phrase->[empty] в жажде новых открытий</li>
    <li>circumstance_phrase->[empty] с нетерпеливым взглядом</li>
    <li>circumstance_phrase->, бросая [AdjectiveAny] взгляд,</li>
    <li>desc_sentence->За сборами смотрят [Quantity_adjphrase] [ally].</li>
    <li>desc_sentence->Со сборами помогают [Quantity_adjphrase] [ally].</li>
    <li>desc_sentence->Все [Enemies] в панике бегут прочь.</li>
    <li>desc_sentence->Вдали виднеется [TerrainFeature].</li>
    <li>desc_sentence->За происходящим издалека наблюдают [Quantity_adjphrase] [Outlander].</li>
    <li>desc_sentence->Мимо спокойно бредут [Quantity_adjphrase] [Animal].</li>
  </CaravanFormed.rulePack.rulesStrings>
  
  <!-- EN: caravan remote mining -->
  <CaravanRemoteMining.label>добыча ископаемых вдали от поселения</CaravanRemoteMining.label>
  <!-- EN:
    <li>tale_noun->[PAWN_nameDef]'s caravan mining a rich vein of [MATERIAL_label] in a foreign land</li>
    <li>image->[PAWN_nameFull] working a [MATERIAL_label] wall with mining tools, [circumstance_group]</li>
    <li>image->[PAWN_nameFull] holding up a chunk of [MATERIAL_label], [circumstance_group]</li>
    <li>image->[PAWN_nameFull] resting against a wall of [MATERIAL_label], [circumstance_group]</li>
    <li>image->[PAWN_nameFull] coordinating an excavation team against a rich vein of [MATERIAL_label], [circumstance_group]</li>
    <li>image->[PAWN_nameFull] carefully inspecting a rich vein of [MATERIAL_label], [circumstance_group]</li>
    <li>circumstance_phrase->sweating heavily</li>
    <li>circumstance_phrase->wearing a [AdjectiveFriendly] expression</li>
    <li>circumstance_phrase->smiling proudly</li>
    <li>circumstance_phrase->a satisfied expression on [PAWN_possessive] face</li>
    <li>circumstance_phrase->looking around warily for danger</li>
    <li>desc_sentence->[Quantity_adjphrase] [ally]s assist.</li>
    <li>desc_sentence->[Quantity_adjphrase] [Animal]s wander the area.</li>
    <li>desc_sentence->There is a makeshift shelter in the background.</li>
    <li>desc_sentence->[Quantity_adjphrase] further veins are visible in the distance.</li>
    <li>desc_sentence->A [TerrainFeature] is visible in the distance.</li>
    <li>desc_sentence->[PAWN_nameDef] is sweaty and dirty from work.</li>
  -->
  <CaravanRemoteMining.rulePack.rulesStrings>
    <li>tale_noun->как [PAWN_nameDef] добывает [MATERIAL_label] вдали от поселения</li>
    <li>image->, как [PAWN_nameFull][circumstance_phrase] бьёт киркой по каменной стене, внутри которой можно увидеть [MATERIAL_label]</li>
    <li>image->, как [PAWN_nameFull][circumstance_phrase] держит в руках глыбу чего-то похожего на [MATERIAL_label]</li>
    <li>image->, как [PAWN_nameFull][circumstance_phrase] отдыхает, прислонившись спиной к забою</li>
    <li>image->, как [PAWN_nameFull][circumstance_phrase] руководит разработкой богатой жилы минерала [MATERIAL_label]</li>
    <li>image->, как [PAWN_nameFull][circumstance_phrase] внимательно осматривает богатую жилу минерала [MATERIAL_label]</li>
    <li>circumstance_phrase->, покрывшись по́том,</li>
    <li>circumstance_phrase->, приняв [AdjectiveFriendly] вид,</li>
    <li>circumstance_phrase->[empty] с гордой улыбкой</li>
    <li>circumstance_phrase->[empty] с удовлетворённым выражением лица</li>
    <li>circumstance_phrase->, опасливо оглядываясь,</li>
    <li>desc_sentence->В этом [PAWN_objective] помогает [ally].</li>
    <li>desc_sentence->Вокруг бродят [Animal] и ещё [Quantity_adjphrase] животных.</li>
    <li>desc_sentence->Рядом построено временное жилище.</li>
    <li>desc_sentence->Ещё [Quantity_adjphrase] месторождений виднеются вдали.</li>
    <li>desc_sentence->Вдали виднеется [TerrainFeature].</li>
    <li>desc_sentence->[PAWN_nameDef] от работы в поту и в грязи.</li>
  </CaravanRemoteMining.rulePack.rulesStrings>
  
</LanguageData>