﻿<?xml version="1.0" encoding="UTF-8"?>
<LanguageData>
  
  <!-- EN:
    <li>r_art_description->[physical_description_root] [context_sentence]</li>
    <li>circumstance_group->[circumstance_phrase]</li>
    <li>desc_sentence_group->[desc_sentence] [style_group]</li>
    <li>context_sentence->This [depiction] refers to [tale_noun] on [DATE].</li>
    <li>context_sentence->This [depiction] relates to [tale_noun] on [DATE].</li>
    <li>context_sentence->This [depiction] tells the story of [tale_noun] on [DATE].</li>
  -->
  <ArtDescriptionRoot_HasTale.rulePack.rulesStrings>
    <li>r_art_description->[physical_description_root] [context_sentence]</li>
    <li>desc_sentence_group->[desc_sentence] [style_group]</li>
    <li>context_sentence->Эта работа отсылает к тому, [tale_noun] [DATE].</li>
    <li>context_sentence->Эта работа относится к тому, [tale_noun] [DATE].</li>
    <li>context_sentence->Эта работа рассказывает историю о том, [tale_noun] [DATE].</li>
  </ArtDescriptionRoot_HasTale.rulePack.rulesStrings>
  
  <!-- EN:
    <li>r_art_description->[physical_description_root]</li>
    <li>desc_sentence_group->[style_group]</li>
  -->
  <ArtDescriptionRoot_Taleless.rulePack.rulesStrings>
    <li>r_art_description->[physical_description_root]</li>
    <li>desc_sentence_group->[style_group]</li>
  </ArtDescriptionRoot_Taleless.rulePack.rulesStrings>
  
  <!-- EN:
    <li>style_group->[artextra_clause]. [style_clause].</li>
    <li>style_group->[style_clause]. [artconjunction] [artextra_clause].</li>
    <li>style_group->[style_clause].</li>
    <li>style_group->[artextra_clause].</li>
    <li>style_group-></li>
    <li>artconjunction(p=6)-></li>
    <li>artconjunction->as an interesting contrast,</li>
    <li>artconjunction->rounding out the work,</li>
    <li>artconjunction->in addition to that,</li>
    <li>artconjunction->strikingly,</li>
    <li>artconjunction->provocatively,</li>
    <li>artconjunction->unusually for this kind of work,</li>
    <li>artconjunction->though few would expect it,</li>
    <li>artconjunction->besides that,</li>
    <li>artextra_clause->the image is bordered by [subimageplural]</li>
    <li>artextra_clause->at the edge of the image are [subimageplural]</li>
    <li>artextra_clause->there is [subimagesingle] [side_position]</li>
    <li>artextra_clause->the subjects are in front of [subimageany]</li>
    <li>artextra_clause->the lower part of the image is dominated by [subimageany]</li>
    <li>artextra_clause->the scene takes place in the middle of a [Community]</li>
    <li>artextra_clause->the scene takes place on the outskirts of a [Community]</li>
    <li>artextra_clause->the scene takes place inside a [Community] built near a [TerrainFeature]</li>
    <li>artextra_clause->a [Character] [idles] [side_position]</li>
    <li>artextra_clause->a [PAWN_adj] [Character] [idles] [side_position]</li>
    <li>artextra_clause->[Quantity_adjphrase] [Character]s appear [side_position]</li>
    <li>artextra_clause->[Quantity_adjphrase] [PAWN_adj] [Character]s appear [side_position]</li>
    <li>artextra_clause->a [Animal] [idles] [side_position]</li>
    <li>artextra_clause->if you squint your eyes, the [composition] composition of the image reveals the outline of [subimageany]</li>
    <li>artextra_clause->the [emotional_expression] head of a [PAWN_adj] [PersonJob] watches over all</li>
    <li>artextra_clause->a [PAWN_adj] [PersonJob] watches over all while [emotional_expression]</li>
    <li>artextra_clause->the head of a [PAWN_adj] [PersonJob] watches over all</li>
    <li>artextra_clause->the whole image is depicted by the careful arrangement of [subimageplural]</li>
    <li>subimageany->[subimagesingle]</li>
    <li>subimageany->[subimageplural]</li>
    <li>subimagesingle(p=4)->a [Character]</li>
    <li>subimagesingle->a [TerrainFeature]</li>
    <li>subimagesingle->a [Community]</li>
    <li>subimagesingle->a [TreeType] tree</li>
    <li>subimagesingle->a [Vegetable]</li>
    <li>subimagesingle->a [AnimalGroup] of [Animal]s</li>
    <li>subimageplural(p=3)->[Quantity_adjphrase] [Character]s</li>
    <li>subimageplural->[Quantity_adjphrase] [Vegetable]s</li>
    <li>subimageplural->[Quantity_adjphrase] [Shape]s</li>
    <li>pawn_adj->dead</li>
    <li>pawn_adj->dying</li>
    <li>pawn_adj->injured</li>
    <li>pawn_adj->sleeping</li>
    <li>pawn_adj->standing</li>
    <li>pawn_adj->sitting</li>
    <li>pawn_adj->crazy</li>
    <li>pawn_adj->young</li>
    <li>pawn_adj->old</li>
    <li>pawn_adj->[Gore]-covered</li>
    <li>pawn_adj->filthy</li>
    <li>pawn_adj->[Apparel]-wearing</li>
    <li>pawn_adj->[Weapon]-wielding</li>
    <li>pawn_adj->[Vegetable]-eating</li>
    <li>emotional_expression->smiling</li>
    <li>emotional_expression->frowning</li>
    <li>emotional_expression->scowling</li>
    <li>emotional_expression->laughing</li>
    <li>emotional_expression->staring</li>
    <li>emotional_expression->crying</li>
    <li>emotional_expression->screaming</li>
    <li>emotional_expression->overjoyed</li>
    <li>idles->sits</li>
    <li>idles->stands</li>
    <li>idles->waits</li>
    <li>idles->smiles</li>
    <li>idles->lies</li>
    <li>idles->poses</li>
    <li>idles->appears</li>
    <li>idles->is shown</li>
    <li>idles->fades in</li>
    <li>idles->floats</li>
    <li>side_position->off to one side</li>
    <li>side_position->in the background</li>
    <li>side_position->in the distance</li>
    <li>side_position->in the lower part of the image</li>
    <li>side_position->in the upper part of the image</li>
    <li>side_position->to the left of the main scene</li>
    <li>side_position->to the right of the main scene</li>
    <li>side_position->near the edge of the image</li>
    <li>side_position->near the main subject</li>
    <li>side_position->far from the main subject</li>
    <li>side_position->beneath the main subject</li>
    <li>side_position->behind the focal point</li>
    <li>style_clause(p=4)->the work [symbolizes] [ConceptAny]</li>
    <li>artextra_clause->[subimagesingle] [side_position] [symbolizes] [ConceptAny]</li>
    <li>style_clause->the work is infused with the idea of [ConceptAny] and is done in a [artstyle_adj] style</li>
    <li>style_clause->the work is executed in a [artstyle_adj] style</li>
    <li>style_clause->the [artstyle_adj] style of the central scene clashes with the [artstyle_adj] depiction of the background</li>
    <li>style_clause->the work has a [artstyle_adj] feeling and a [composition] structure</li>
    <li>style_clause->the overall composition is [composition]</li>
    <li>style_clause->the style is [artstyle_adj] with [artstyle_adj] elements</li>
    <li>style_clause->the image somehow expresses both [ConceptAny] and [ConceptAny]</li>
    <li>style_clause->the image contrasts [ConceptAny] with [ConceptAny]</li>
    <li>style_clause->the [composition] structure of the image almost conflicts with its [artstyle_adj] style</li>
    <li>style_clause->the work is shaded in hues of [Color] and [Color]</li>
    <li>style_clause->almost every shape in the image seems to be [composition]</li>
    <li>symbolizes->symbolizes</li>
    <li>symbolizes->seems to symbolize</li>
    <li>symbolizes->represents</li>
    <li>symbolizes->seems to represent</li>
    <li>symbolizes->seems to express</li>
    <li>symbolizes->reminds the viewer of</li>
    <li>symbolizes->conveys the emotions of</li>
    <li>symbolizes->makes the viewer think of</li>
    <li>symbolizes->represents the artist's</li>
    <li>symbolizes->suggests the concept of</li>
    <li>depicts->depicts</li>
    <li>depicts->shows</li>
    <li>depicts->portrays</li>
    <li>depicts->resembles</li>
    <li>depicts->illustrates</li>
    <li>depicts->represents</li>
    <li>depicts->is shaped like</li>
    <li>depiction->depiction</li>
    <li>depiction->image</li>
    <li>depiction->portrayal</li>
    <li>depiction->representation</li>
    <li>depiction->illustration</li>
    <li>depiction->artwork</li>
    <li>composition->triangular</li>
    <li>composition->rectangular</li>
    <li>composition->square</li>
    <li>composition->unbalanced</li>
    <li>composition->well-balanced</li>
    <li>composition->dynamic</li>
    <li>composition->static</li>
    <li>composition->vertical</li>
    <li>composition->horizontal</li>
    <li>composition->focused</li>
    <li>artstyle_adj->unoriginal</li>
    <li>artstyle_adj->simple</li>
    <li>artstyle_adj->complex and realistic</li>
    <li>artstyle_adj->surrealistic</li>
    <li>artstyle_adj->classical</li>
    <li>artstyle_adj->modern</li>
    <li>artstyle_adj->symbolic</li>
    <li>artstyle_adj->amateurish yet attractive</li>
    <li>artstyle_adj->detail-oriented</li>
    <li>artstyle_adj->blocky</li>
    <li>artstyle_adj->cubist</li>
    <li>artstyle_adj->impressionistic</li>
    <li>artstyle_adj->expressionistic</li>
    <li>artstyle_adj->photographic</li>
    <li>artstyle_adj->baroque</li>
    <li>artstyle_adj->dadaist</li>
    <li>artstyle_adj->glitch-art</li>
    <li>artstyle_adj->pixelated</li>
    <li>artstyle_adj->fauvist</li>
    <li>artstyle_adj->folksy</li>
    <li>artstyle_adj->figurative</li>
    <li>artstyle_adj->sinuous</li>
    <li>artstyle_adj->geometric</li>
    <li>artstyle_adj->abstract</li>
    <li>artstyle_adj->hyper-realistic</li>
    <li>artstyle_adj->pop art</li>
    <li>artstyle_adj->minimalistic</li>
    <li>artstyle_adj->neoclassical</li>
    <li>artstyle_adj->cel-shaded</li>
    <li>artstyle_adj->post-impressionistic</li>
    <li>artstyle_adj->purist</li>
    <li>artstyle_adj->rococo</li>
    <li>artstyle_adj->romanesque</li>
    <li>artstyle_adj->romantic</li>
    <li>artstyle_adj->graffiti-like</li>
    <li>artstyle_adj->erotic</li>
    <li>artstyle_adj->sensual</li>
    <li>artstyle_adj->heartfelt</li>
  -->
  <ArtDescriptionUtility_Global.rulePack.rulesStrings>
    <li>empty-></li>
    <li>style_group->[artextra_clause]. [style_clause].</li>
    <li>style_group->[style_clause]. [artextra_clause].</li>
    <li>style_group->[artextra_clause]. Примечательно, что [style_clause].</li>
    <li>style_group->[artextra_clause]. Заметно, что [style_clause].</li>
    <li>artextra_clause->Картину окаймляет [Quantity_adjphrase] изображений. На них — [Animal]</li>
    <li>artextra_clause->[side_position] располагается [Community]</li>
    <li>artextra_clause->[side_position] располагается [TerrainFeature]</li>
    <li>artextra_clause->[side_position] виднеется [Animal]</li>
    <li>artextra_clause->[Animal] [side_position], по всей видимости, символизирует идею [ConceptAny]</li>
    <li>artextra_clause->Персонифицированное изображение [ConceptAny] [idle_verb_progressive] [side_position]</li>
    <li>artextra_clause->В качестве места, где происходит сцена, выступает [Community]</li>
    <li>artextra_clause->На всё это сверху, улыбаясь, глядит [Outlander]</li>
    <li>artextra_clause->[side_position] виднеется [TerrainFeature]. Рядом с этим местом находится [Community], где и происходит действие</li>
    <li>artextra_clause->Нижнюю часть картины в основном заполняет [TerrainFeature]</li>
    <li>artextra_clause->Всё изображение составлено из сотен маленьких, аккуратно расположенных [AnimalBadass_plural_gen]</li>
    <li>artextra_clause->[Outlander] [idle_verb_progressive] [side_position]</li>
    <li>artextra_clause->[Animal] [idle_verb_progressive] [side_position]</li>
    <li>style_clause->[composition] структура изображения и его [artstyle_adj] стиль практически конфликтуют друг с другом</li>
    <li>style_clause->каким-то образом изображению удаётся одновременно передать и идею [ConceptAny], и идею [ConceptAny]</li>
    <li>style_clause->изображение напрочь лишено тем [ConceptAny] и [ConceptAny]</li>
    <li>style_clause->стиль изображения — [artstyle_adj], и отчасти [artstyle_adj]</li>
    <li>style_clause->работа содержит [Color] и [Color] цвета, и их сочетания</li>
    <li>style_clause->изображение, по всей видимости, выражает идею [ConceptAny]</li>
    <li>style_clause->работа наполнена идеей [ConceptAny] и имеет [artstyle_adj] стиль</li>
    <li>style_clause->работа раскрывает тему [ConceptAny]</li>
    <li>style_clause->практически каждая форма на изображении — [composition]</li>
    <li>style_clause->[artstyle_adj] стиль центральной композиции и [artstyle_adj] стиль фона явно противоречат друг другу</li>
    <li>style_clause->работа имеет [artstyle_adj] стиль и её структура очень [composition]</li>
    <li>style_clause->общая композиция — весьма [composition]</li>
    <li>physical_description_root->[on_this_art] [author] [depicted][image]. [desc_sentence_group]</li>
    <li>physical_description_root->[this_art] [depicts][image]. [desc_sentence_group]</li>
    <li>on_this_art->на этом произведении искусства</li>
    <li>on_this_art->на этом предмете</li>
    <li>on_this_art->на этом творении</li>
    <li>on_this_art_sculpture->в этой работе</li>
    <!-- on_this_art_sculpture->в этом изваянии -->
    <li>this_art_sculpture->эта скульптура</li>
    <li>this_art_sculpture->эта резная фигура</li>
    <li>this_art_sculpture->это изваяние</li>
    <!-- this_art_sculpture->это произведение искусства -->
    <!-- this_art_sculpture->этот предмет искусства -->
    <!-- this_art_sculpture->это творение -->
    <!-- this_art_sculpture->эта работа -->
    <li>this_art_engraving->декоративный рисунок [on_this_art]</li>
    <li>this_art_engraving->гравировка [on_this_art]</li>
    <li>this_art_engraving_carving(p=2)->[this_art_engraving]</li>
    <li>this_art_engraving_carving->резьба [on_this_art]</li>
    <li>depicts->изображает</li>
    <li>depicts->показывает</li>
    <li>author->мастер</li>
    <li>author->автор</li>
    <li>author_sculpture->скульптор</li>
    <li>author_sculpture->творец</li>
    <li>author_sculpture->художник</li>
    <li>depicted->изобразил</li>
    <li>depicted->показал</li>
    <li>depicted_engraving->выгравировал</li>
    <li>depicted_engraving_carving->[depicted_engraving]</li>
    <li>depicted_engraving_carving->вырезал</li>
    <li>composition->динамичная</li>
    <li>composition->статичная</li>
    <li>composition->хорошо сбалансированная</li>
    <li>composition->несбалансированная</li>
    <li>composition->квадратная</li>
    <li>composition->прямоугольная</li>
    <li>composition->треугольная</li>
    <li>artstyle_adj->современный</li>
    <li>artstyle_adj->символический</li>
    <li>artstyle_adj->любительский, но привлекательный</li>
    <li>artstyle_adj->сконцентрированный на деталях</li>
    <li>artstyle_adj->блочный</li>
    <li>artstyle_adj->кубистский</li>
    <li>artstyle_adj->импрессионистский</li>
    <li>artstyle_adj->экспрессионистcкий</li>
    <li>artstyle_adj->искренний</li>
    <li>artstyle_adj->классический</li>
    <li>artstyle_adj->дадаистский</li>
    <li>artstyle_adj->сюрреалистичный</li>
    <li>artstyle_adj->пиксельный</li>
    <li>artstyle_adj->фовистический</li>
    <li>artstyle_adj->сложный, реалистичный</li>
    <li>artstyle_adj->простой</li>
    <li>artstyle_adj->неоригинальный</li>
    <li>artstyle_adj->геометричный</li>
    <li>artstyle_adj->абстрактный</li>
    <li>artstyle_adj->гиперреалистичный</li>
    <li>artstyle_adj->народный</li>
    <li>artstyle_adj->фигуральный</li>
    <li>artstyle_adj->неоклассический</li>
    <li>artstyle_adj->постимпрессионистский</li>
    <li>artstyle_adj->минималистичный</li>
    <li>artstyle_adj->пуристский</li>
    <li>artstyle_adj->романистический</li>
    <li>artstyle_adj->романтичный</li>
    <li>artstyle_adj->похожий на граффити</li>
    <li>artstyle_adj->эротичный</li>
    <li>artstyle_adj->чувственный</li>
    <li>idle_verb_progressive->парит</li>
    <li>idle_verb_progressive->сидит</li>
    <li>idle_verb_progressive->стоит</li>
    <li>idle_verb_progressive->ждёт</li>
    <li>idle_verb_progressive->улыбается</li>
    <li>idle_verb_progressive->лежит</li>
    <li>idle_verb_progressive->позирует</li>
    <li>idle_verb_progressive->появляется</li>
    <li>idle_verb_progressive->показывается</li>
    <li>idle_verb_progressive->выцветает</li>
    <li>side_position->за объектами</li>
    <li>side_position->в сторонке</li>
    <li>side_position->у края изображения</li>
    <li>side_position->на фоне</li>
    <li>side_position->вдалеке</li>
    <li>side_position->в нижней части изображения</li>
    <li>side_position->в верхней части изображения</li>
    <li>side_position->под основным предметом</li>
    <li>side_position->за точкой фокуса</li>
    <li>side_position->в левой части изображения</li>
    <li>side_position->справа от основной сцены</li>
  </ArtDescriptionUtility_Global.rulePack.rulesStrings>
  
</LanguageData>