﻿<?xml version="1.0" encoding="UTF-8"?>
<LanguageData>
  
  <!-- EN:
    <li>scraped_present->glancing</li>
    <li>scraped_present->bouncing</li>
    <li>scraped_present->grazing</li>
    <li>scraped_present->caroming</li>
    <li>scraped_present->skipping</li>
    <li>scraped_present->skating</li>
    <li>scraped_past->glanced</li>
    <li>scraped_past->bounced</li>
    <li>scraped_past->grazed</li>
    <li>scraped_past->caromed</li>
    <li>scraped_past->skipped</li>
    <li>scraped_past->skated</li>
  -->
  <Combat_DeflectIncludes.rulePack.rulesStrings>
    <li>deflected_adverb->без последствий для жертвы</li>
    <li>deflected_adverb->без особого толка</li>
    <li>deflected_adverb->без особого результата</li>
    <li>scratch->царапину</li>
    <li>scratch->отметину</li>
    <li>scratch->едва заметный след</li>
    <li>scraped->царапает</li>
    <li>scrap_trans->царапая</li>
  </Combat_DeflectIncludes.rulePack.rulesStrings>
  
  <!-- EN:
    <li>action->[INITIATOR_definite] [tried] to [damaged_inf] [RECIPIENT_definite]</li>
    <li>action->[INITIATOR_definite] [tried] to [damaged_inf] [RECIPIENT_definite] with [implement]</li>
    <li>action->[INITIATOR_definite] [tried] to use [implement] to [damaged_inf] [RECIPIENT_definite]</li>
    <li>action->[INITIATOR_definite] swung [INITIATOR_possessive] [WEAPON_label] at [RECIPIENT_definite]</li>
    <li>action(p=0.3)->[INITIATOR_definite] [verb_genericattack] [towardsat] [RECIPIENT_definite] with [implement]</li>
    <li>action(p=0.3)->[INITIATOR_definite] [verb_genericattack] [towardsat] [RECIPIENT_definite]</li>
    <li>action(p=0.3)->[INITIATOR_definite] [verb_genericattack] with [implement]</li>
    <li>towardsat->towards</li>
    <li>towardsat->at</li>
    <li>verb_genericattack->swung</li>
    <li>verb_genericattack->flailed</li>
    <li>verb_genericattack->thrashed</li>
    <li>tried->tried</li>
    <li>tried->attempted</li>
  -->
  <Combat_FailIncludes.rulePack.rulesStrings>
    <li>action->[INITIATOR_definite] [tried] [damaged_inf] [RECIPIENT_definite]</li>
    <li>action->[INITIATOR_definite] [tried] [damaged_inf] [RECIPIENT_definite] при помощи [implement]</li>
    <li>action->[INITIATOR_definite] заносит [INITIATOR_possessive] [WEAPON_label], чтобы [damaged_inf] [RECIPIENT_definite]</li>
    <li>action->[INITIATOR_definite] направляет удар [INITIATOR_possessive] [WEAPON_label] [towardsat] [RECIPIENT_definite]</li>
    <li>action(p=0.3)->[INITIATOR_definite], используя [implement], [verb_genericattack] [towardsat] [RECIPIENT_definite]</li>
    <li>action(p=0.3)->[INITIATOR_definite] [verb_genericattack] [towardsat] [RECIPIENT_definite]</li>
    <li>action(p=0.3)->[INITIATOR_definite] [verb_genericattack] при помощи [implement]</li>
    <li>verb_genericattack->бьёт</li>
    <li>verb_genericattack->замахивается</li>
    <li>verb_genericattack->наносит удар</li>
    <li>towardsat->в сторону</li>
    <li>towardsat->по</li>
    <li>tried->пытается</li>
    <li>tried->пробует</li>
  </Combat_FailIncludes.rulePack.rulesStrings>
  
  <!-- EN:
    <li>result(p=1)->[damaged_present] [RECIPIENT_possessive] [targetlist]</li>
    <li>result(p=0.2)->[damaged_present] [RECIPIENT_possessive] [targetlist] and [flavortext_consequence]</li>
    <li>result(p=0.1)->[damaged_present] [RECIPIENT_possessive] [targetlist] [strikeAdv]</li>
    <li>strikeAdv->painfully</li>
    <li>strikeAdv->horribly</li>
    <li>strikeAdv->savagely</li>
    <li>strikeAdv->viciously</li>
    <li>flavortext_consequence(recipient_flesh!=Mechanoid)->leaving a disgusting wound</li>
    <li>flavortext_consequence->leaving a horrific wound</li>
    <li>flavortext_consequence(recipient_flesh!=Mechanoid)->making [RECIPIENT_objective] [wince] [painevent]</li>
    <li>flavortext_consequence(p=0.2)->throwing [RECIPIENT_objective] off balance</li>
  -->
  <Combat_MeleeDamageIncludes.rulePack.rulesStrings>
    <li>result(p=0.5)->[damaged_participle] [RECIPIENT_possessive] [targetlist]</li>
    <li>result(p=0.2)->[strikeAdv] [damaged_participle] [RECIPIENT_possessive] [targetlist]</li>
    <li>result(p=0.1)->, и[flavortext_situation] [damaged] [RECIPIENT_possessive] [targetlist]</li>
    <li>result(p=0.2)->[damaged_participle] [RECIPIENT_possessive] [targetlist], [flavortext_consequence]</li>
    <li>strikeAdv->болезненно</li>
    <li>strikeAdv->жестоко</li>
    <li>strikeAdv->ужасно</li>
    <li>strikeAdv->варварски</li>
    <li>strikeAdv->яростно</li>
    <li>strikeAdv->безжалостно</li>
    <li>strikeAdv->свирепо</li>
    <li>strikeAdv->угрожающе</li>
    <li>strikeAdv->беспощадно</li>
    <li>strikeAdv->бессердечно</li>
    <li>flavortext_situation(p=0.2)->[empty] без эмоций</li>
    <li>flavortext_situation(p=0.2,INITIATOR_flesh==Normal)-> во вспышке гнева</li>
    <li>flavortext_situation(p=0.2,INITIATOR_flesh==Normal)-> с видимым удовольствием</li>
    <li>flavortext_situation(p=0.2,INITIATOR_flesh==Normal)-> с отсутствующим видом</li>
    <li>flavortext_situation(p=0.2,INITIATOR_flesh==Normal)-> с озверевшим взглядом</li>
    <li>flavortext_situation(p=0.2,INITIATOR_flesh==Normal)->, приняв [AdjectiveBadass] вид,</li>
    <li>flavortext_situation(p=0.2,INITIATOR_flesh==Normal)->, гримасничая,</li>
    <li>flavortext_situation(p=0.2,INITIATOR_flesh==Normal)->, смеясь,</li>
    <li>flavortext_situation(p=0.2,INITIATOR_flesh==Normal)->, ухмыляясь,</li>
    <li>flavortext_consequence(recipient_flesh==Normal)->заставляя [RECIPIENT_possessive] [wince] [painevent]</li>
    <li>flavortext_consequence(p=0.2)->сбивая [RECIPIENT_possessive] с ног</li>
    <li>flavortext_consequence->оставляя страшные раны</li>
    <li>flavortext_consequence(recipient_flesh!=Mechanoid)->оставляя омерзительно выглядящие раны</li>
  </Combat_MeleeDamageIncludes.rulePack.rulesStrings>
  
  <!-- EN:
    <li>r_logentry->[action], [result].</li>
    <li>r_logentry(priority=-10)->[action].</li>
    <li>implement(IMPLEMENTOWNER_type==weapon,p=2)->[INITIATOR_possessive] [WEAPON_label]'s [TOOL_label]</li>
    <li>implement(IMPLEMENTOWNER_type==weapon,p=1)->[INITIATOR_possessive] [WEAPON_label]</li>
    <li>implement(IMPLEMENTOWNER_type==weapon,p=1)->a [WEAPON_label]'s [TOOL_label]</li>
    <li>implement(IMPLEMENTOWNER_type==weapon,p=0.5)->a [WEAPON_label]</li>
    <li>implement(IMPLEMENTOWNER_type==bodypart,p=2)->[INITIATOR_possessive] [TOOL_label]</li>
    <li>implement(IMPLEMENTOWNER_type==hediff,p=2)->[INITIATOR_possessive] [WEAPON_label]'s [TOOL_label]</li>
    <li>implement(IMPLEMENTOWNER_type==hediff,p=1)->[INITIATOR_possessive] [WEAPON_label]</li>
    <li>implement(IMPLEMENTOWNER_type==hediff,p=1)->[INITIATOR_possessive] [TOOL_label]</li>
    <li>targetlist(recipient_part_count==1)->[recipient_part0_label]</li>
    <li>targetlist(recipient_part_count==2)->[recipient_part0_label] and [recipient_part1_label]</li>
    <li>targetlist(recipient_part_count==3)->[recipient_part0_label], [recipient_part1_label], and [recipient_part2_label]</li>
    <li>targetlist->[recipient_part0_label], [recipient_part1_label], [recipient_part2_label], and [recipient_part3_label]</li>
    <li>damaged_present(deflected!=True)->wounding</li>
    <li>damaged_present(deflected!=True)->injuring</li>
    <li>destroyed(p=0.5)->destroyed</li>
    <li>destroyed(p=0.5)->demolished</li>
    <li>destroyed(p=0.5)->ruined</li>
    <li>destroyed(p=0.5)->wrecked</li>
    <li>wince(recipient_flesh==Normal)->wince</li>
    <li>wince(recipient_flesh==Normal)->grimace</li>
    <li>wince(recipient_flesh==Normal)->cringe</li>
    <li>wince(recipient_flesh==Normal)->groan</li>
    <li>wince(recipient_flesh!=Mechanoid)->scream</li>
    <li>wince(recipient_flesh!=Mechanoid)->shout</li>
    <li>wince->recoil</li>
    <li>wince->stumble</li>
    <li>painstate->in</li>
    <li>painstate->with</li>
    <li>painstate->from the</li>
    <li>painevent(recipient_flesh!=Mechanoid)->[painstate] pain</li>
    <li>painevent(recipient_flesh!=Mechanoid)->[painstate] agony</li>
    <li>painevent(recipient_flesh==Normal)->with misery</li>
    <li>painevent->from the injury</li>
    <li>painevent->from the wound</li>
    <li>to->to</li>
    <li>to->into</li>
  -->
  <Combat_MeleeIncludes.rulePack.rulesStrings>
    <li>r_logentry->[action], [result].</li>
    <li>r_logentry(priority=-10)->[action].</li>
    <li>implement(IMPLEMENTOWNER_type==weapon,p=2)->[INITIATOR_possessive] [TOOL_label] [WEAPON_label]</li>
    <li>implement(IMPLEMENTOWNER_type==weapon,p=1)->[INITIATOR_possessive] [WEAPON_label]</li>
    <li>implement(IMPLEMENTOWNER_type==weapon,p=1)->[TOOL_label] [WEAPON_label]</li>
    <li>implement(IMPLEMENTOWNER_type==weapon,p=0.5)->[WEAPON_label]</li>
    <li>implement(IMPLEMENTOWNER_type==bodypart,p=2)->[INITIATOR_possessive] [TOOL_label]</li>
    <li>implement(IMPLEMENTOWNER_type==hediff,p=2)->[INITIATOR_possessive] [TOOL_label] [WEAPON_label]</li>
    <li>implement(IMPLEMENTOWNER_type==hediff,p=1)->[INITIATOR_possessive] [WEAPON_label]</li>
    <li>implement(IMPLEMENTOWNER_type==hediff,p=1)->[INITIATOR_possessive] [TOOL_label]</li>
    <li>targetlist(recipient_part_count==1)->[recipient_part0_label]</li>
    <li>targetlist(recipient_part_count==2)->[recipient_part0_label] и [recipient_part1_label]</li>
    <li>targetlist(recipient_part_count==3)->[recipient_part0_label], [recipient_part1_label] и [recipient_part2_label]</li>
    <li>targetlist->[recipient_part0_label], [recipient_part1_label], [recipient_part2_label] и [recipient_part3_label]</li>
    <li>damaged_participle->раня</li>
    <li>damaged_participle->поражая</li>
    <li>damaged_participle->повреждая</li>
    <li>destroyed(p=0.5)->сокрушает</li>
    <li>destroyed(p=0.5)->разрушает</li>
    <li>destroyed(p=0.5)->уничтожает</li>
    <li>wince->вздрогнуть</li>
    <li>wince->скривиться</li>
    <li>wince->согнуться</li>
    <li>wince->стонать</li>
    <li>wince->кричать</li>
    <li>wince->вскрикнуть</li>
    <li>wince->взвыть</li>
    <li>wince->дёрнуться</li>
    <li>painstate->от</li>
    <li>painstate->из-за</li>
    <li>painevent(recipient_flesh==Normal)->[painstate] боли</li>
    <li>painevent(recipient_flesh==Normal)->в муках</li>
    <li>painevent(recipient_flesh==Normal)->в унижении</li>
    <li>painevent->из-за ранения</li>
    <li>painevent->от полученной раны</li>
  </Combat_MeleeIncludes.rulePack.rulesStrings>
  
  <!-- EN:
    <li>skillDescMelee->[wielding] [INITIATOR_possessive] [WEAPON_label] [skillAdv]</li>
    <li>skillDescMelee->[using] [implement] [skillAdv]</li>
    <li>wielding(p=4)->wielding</li>
    <li>wielding(p=3)->using</li>
    <li>wielding(p=2)->handling</li>
    <li>wielding->brandishing</li>
    <li>wielding->manipulating</li>
    <li>using(p=4)->using</li>
    <li>using->driving</li>
    <li>using->thrusting</li>
    <li>using->utilizing</li>
    <li>using->moving</li>
    <li>skillAdv(INITIATOR_skill<=3)->incompetently</li>
    <li>skillAdv(INITIATOR_skill<=3)->ineptly</li>
    <li>skillAdv(INITIATOR_skill<=3)->wildly</li>
    <li>skillAdv(INITIATOR_skill<=3)->randomly</li>
    <li>skillAdv(INITIATOR_skill<=3)->flailingly</li>
    <li>skillAdv(INITIATOR_skill<=4)->awkwardly</li>
    <li>skillAdv(INITIATOR_skill<=4)->clumsily</li>
    <li>skillAdv(INITIATOR_skill<=5)->fearfully</li>
    <li>skillAdv(INITIATOR_skill<=5)->falteringly</li>
    <li>skillAdv(INITIATOR_skill<=5)->foolishly</li>
    <li>skillAdv(INITIATOR_skill<=6)->hesitantly</li>
    <li>skillAdv(INITIATOR_skill<=6)->reluctantly</li>
    <li>skillAdv(INITIATOR_skill<=6)->slowly</li>
    <li>skillAdv(INITIATOR_skill<=6)->tentatively</li>
    <li>skillAdv(INITIATOR_skill<=6)->inexpertly</li>
    <li>skillAdv(INITIATOR_skill<=6)->amateurishly</li>
    <li>skillAdv(INITIATOR_skill<=6)->timidly</li>
    <li>skillAdv(INITIATOR_skill<=8)->enthusiastically</li>
    <li>skillAdv(INITIATOR_skill>=6,INITIATOR_skill<=10)->proficiently</li>
    <li>skillAdv(INITIATOR_skill>=6,INITIATOR_skill<=10)->competently</li>
    <li>skillAdv(INITIATOR_skill>=8)->professionally</li>
    <li>skillAdv(INITIATOR_skill>=8)->deftly</li>
    <li>skillAdv(INITIATOR_skill>=8)->aptly</li>
    <li>skillAdv(INITIATOR_skill>=8)->cleverly</li>
    <li>skillAdv(INITIATOR_skill>=8)->dexterously</li>
    <li>skillAdv(INITIATOR_skill>=8)->skillfully</li>
    <li>skillAdv(INITIATOR_skill>=10)->adeptly</li>
    <li>skillAdv(INITIATOR_skill>=10)->slickly</li>
    <li>skillAdv(INITIATOR_skill>=12)->expertly</li>
    <li>skillAdv(INITIATOR_skill>=12)->precisely</li>
    <li>skillAdv(INITIATOR_skill>=14)->masterfully</li>
    <li>skillAdv(INITIATOR_skill>=16)->artistically</li>
    <li>skillAdv(INITIATOR_skill>=16)->gracefully</li>
    <li>skillAdv(initiator_flesh==Mechanoid)->mechanically</li>
    <li>skillAdv(initiator_flesh==Mechanoid)->robotically</li>
    <li>skillAdv(initiator_flesh==Mechanoid)->directly</li>
  -->
  <Combat_SkillIncludes.rulePack.rulesStrings>
    <li>skillDescMelee->[skillAdv] [wielding] [INITIATOR_possessive] [WEAPON_label]</li>
    <li>skillDescMelee->[skillAdv] [using] [implement]</li>
    <li>wielding(p=4)->держа в руках</li>
    <li>wielding(p=3)->взявшись за</li>
    <li>wielding(p=2)->применяя</li>
    <li>wielding->размахивая</li>
    <li>using(p=4)->используя</li>
    <li>using->работая</li>
    <li>using->управляясь</li>
    <li>using->двигая</li>
    <li>skillAdv(INITIATOR_skill&lt;=3)->нелепо</li>
    <li>skillAdv(INITIATOR_skill&lt;=3)->по-дурацки</li>
    <li>skillAdv(INITIATOR_skill&lt;=3)->странно</li>
    <li>skillAdv(INITIATOR_skill&lt;=3)->как попало</li>
    <li>skillAdv(INITIATOR_skill&lt;=3)->криво-косо</li>
    <li>skillAdv(INITIATOR_skill&lt;=4)->неловко</li>
    <li>skillAdv(INITIATOR_skill&lt;=4)->неуклюже</li>
    <li>skillAdv(INITIATOR_skill&lt;=5)->боязливо</li>
    <li>skillAdv(INITIATOR_skill&lt;=5)->с опаской</li>
    <li>skillAdv(INITIATOR_skill&lt;=5)->по-дилетантски</li>
    <li>skillAdv(INITIATOR_skill&lt;=5)->бездумно</li>
    <li>skillAdv(INITIATOR_skill&lt;=6)->нерешительно</li>
    <li>skillAdv(INITIATOR_skill&lt;=6)->неохотно</li>
    <li>skillAdv(INITIATOR_skill&lt;=6)->аккуратно</li>
    <li>skillAdv(INITIATOR_skill&lt;=6)->осторожно</li>
    <li>skillAdv(INITIATOR_skill&lt;=6)->не особенно умело</li>
    <li>skillAdv(INITIATOR_skill&lt;=6)->непрофессионально</li>
    <li>skillAdv(INITIATOR_skill&lt;=6)->неуверенно</li>
    <li>skillAdv(INITIATOR_skill&lt;=8)->увлечённо</li>
    <li>skillAdv(INITIATOR_skill&lt;=8)->воодушевлённо</li>
    <li>skillAdv(INITIATOR_skill&lt;=8)->с энтузиазмом</li>
    <li>skillAdv(INITIATOR_skill>=6,INITIATOR_skill&lt;=10)->как надо</li>
    <li>skillAdv(INITIATOR_skill>=6,INITIATOR_skill&lt;=10)->как следует</li>
    <li>skillAdv(INITIATOR_skill>=6,INITIATOR_skill&lt;=10)->грамотно</li>
    <li>skillAdv(INITIATOR_skill>=6,INITIATOR_skill&lt;=10)->правильно</li>
    <li>skillAdv(INITIATOR_skill>=8)->умело</li>
    <li>skillAdv(INITIATOR_skill>=8)->уверенно</li>
    <li>skillAdv(INITIATOR_skill>=8)->сноровисто</li>
    <li>skillAdv(INITIATOR_skill>=8)->проворно</li>
    <li>skillAdv(INITIATOR_skill>=10)->ловко</li>
    <li>skillAdv(INITIATOR_skill>=10)->находчиво</li>
    <li>skillAdv(INITIATOR_skill>=10)->со знанием дела</li>
    <li>skillAdv(INITIATOR_skill>=10)->технично</li>
    <li>skillAdv(INITIATOR_skill>=10)->отточенно</li>
    <li>skillAdv(INITIATOR_skill>=10)->профессионально</li>
    <li>skillAdv(INITIATOR_skill>=10)->с профессионализмом</li>
    <li>skillAdv(INITIATOR_skill>=12)->легко</li>
    <li>skillAdv(INITIATOR_skill>=12)->с лёгкостью</li>
    <li>skillAdv(INITIATOR_skill>=12)->заботливо</li>
    <li>skillAdv(INITIATOR_skill>=12)->хитро</li>
    <li>skillAdv(INITIATOR_skill>=12)->по-хитрому</li>
    <li>skillAdv(INITIATOR_skill>=12)->по-особенному</li>
    <li>skillAdv(INITIATOR_skill>=12)->талантливо</li>
    <li>skillAdv(INITIATOR_skill>=14)->мастерски</li>
    <li>skillAdv(INITIATOR_skill>=14)->блестяще</li>
    <li>skillAdv(INITIATOR_skill>=14)->красиво</li>
    <li>skillAdv(INITIATOR_skill>=14)->искусно</li>
    <li>skillAdv(INITIATOR_skill>=16)->грациозно</li>
    <li>skillAdv(INITIATOR_skill>=16)->элегантно</li>
    <li>skillAdv(INITIATOR_skill>=16)->изящно</li>
    <li>skillAdv(INITIATOR_skill>=16)->художественно</li>
    <li>skillAdv(INITIATOR_skill>=16)->виртуозно</li>
    <li>skillAdv(INITIATOR_skill>=16)->божественно</li>
    <li>skillAdv(initiator_flesh==Mechanoid)->механически</li>
    <li>skillAdv(initiator_flesh==Mechanoid)->механично</li>
    <li>skillAdv(initiator_flesh==Mechanoid)->автоматично</li>
    <li>skillAdj(INITIATOR_skill&lt;=3)->нелепый</li>
    <li>skillAdj(INITIATOR_skill&lt;=3)->странный</li>
    <li>skillAdj(INITIATOR_skill&lt;=3)->кривой</li>
    <li>skillAdj(INITIATOR_skill&lt;=3)->косой</li>
    <li>skillAdj(INITIATOR_skill&lt;=4)->неловкий</li>
    <li>skillAdj(INITIATOR_skill&lt;=4)->неуклюжий</li>
    <li>skillAdj(INITIATOR_skill&lt;=5)->боязливый</li>
    <li>skillAdj(INITIATOR_skill&lt;=5)->дилетантский</li>
    <li>skillAdj(INITIATOR_skill&lt;=5)->бездумный</li>
    <li>skillAdj(INITIATOR_skill&lt;=6)->нерешительный</li>
    <li>skillAdj(INITIATOR_skill&lt;=6)->неохотный</li>
    <li>skillAdj(INITIATOR_skill&lt;=6)->аккуратный</li>
    <li>skillAdj(INITIATOR_skill&lt;=6)->осторожный</li>
    <li>skillAdj(INITIATOR_skill&lt;=6)->не особенно умелый</li>
    <li>skillAdj(INITIATOR_skill&lt;=6)->непрофессиональный</li>
    <li>skillAdj(INITIATOR_skill&lt;=6)->неуверенный</li>
    <li>skillAdj(INITIATOR_skill&lt;=8)->увлечённый</li>
    <li>skillAdj(INITIATOR_skill&lt;=8)->воодушевлённый</li>
    <li>skillAdj(INITIATOR_skill>=6,INITIATOR_skill&lt;=10)->достойный</li>
    <li>skillAdj(INITIATOR_skill>=6,INITIATOR_skill&lt;=10)->грамотный</li>
    <li>skillAdj(INITIATOR_skill>=6,INITIATOR_skill&lt;=10)->правильный</li>
    <li>skillAdj(INITIATOR_skill>=8)->умелый</li>
    <li>skillAdj(INITIATOR_skill>=8)->уверенный</li>
    <li>skillAdj(INITIATOR_skill>=8)->сноровистый</li>
    <li>skillAdj(INITIATOR_skill>=8)->проворный</li>
    <li>skillAdj(INITIATOR_skill>=10)->ловкий</li>
    <li>skillAdj(INITIATOR_skill>=10)->находчивый</li>
    <li>skillAdj(INITIATOR_skill>=10)->техничный</li>
    <li>skillAdj(INITIATOR_skill>=10)->отточенный</li>
    <li>skillAdj(INITIATOR_skill>=10)->профессиональный</li>
    <li>skillAdj(INITIATOR_skill>=12)->заботливый</li>
    <li>skillAdj(INITIATOR_skill>=12)->хитрый</li>
    <li>skillAdj(INITIATOR_skill>=12)->талантливый</li>
    <li>skillAdj(INITIATOR_skill>=14)->мастерский</li>
    <li>skillAdj(INITIATOR_skill>=14)->блестящий</li>
    <li>skillAdj(INITIATOR_skill>=14)->красивый</li>
    <li>skillAdj(INITIATOR_skill>=14)->искусный</li>
    <li>skillAdj(INITIATOR_skill>=16)->грациозный</li>
    <li>skillAdj(INITIATOR_skill>=16)->элегантный</li>
    <li>skillAdj(INITIATOR_skill>=16)->изящный</li>
    <li>skillAdj(INITIATOR_skill>=16)->художественный</li>
    <li>skillAdj(INITIATOR_skill>=16)->виртуозный</li>
    <li>skillAdj(INITIATOR_skill>=16)->божественный</li>
    <li>skillAdj(initiator_flesh==Mechanoid)->механический</li>
    <li>skillAdj(initiator_flesh==Mechanoid)->механичный</li>
    <li>skillAdj(initiator_flesh==Mechanoid)->автоматичный</li>
  </Combat_SkillIncludes.rulePack.rulesStrings>
  
  <!-- EN:
    <li>destroyed_targets(recipient_part_destroyed_count==1)->[recipient_part_destroyed0_label]</li>
    <li>destroyed_targets(recipient_part_destroyed_count==2)->[recipient_part_destroyed0_label] and [recipient_part_destroyed1_label]</li>
    <li>destroyed_targets(recipient_part_destroyed_count==3)->[recipient_part_destroyed0_label], [recipient_part_destroyed1_label], and [recipient_part_destroyed2_label]</li>
    <li>destroyed_targets->[recipient_part_destroyed0_label], [recipient_part_destroyed1_label], [recipient_part_destroyed2_label], and [recipient_part_destroyed3_label]</li>
    <li>damaged_targets(recipient_part_damaged_count==1)->[recipient_part_damaged0_label]</li>
    <li>damaged_targets(recipient_part_damaged_count==2)->[recipient_part_damaged0_label] and [recipient_part_damaged1_label]</li>
    <li>damaged_targets(recipient_part_damaged_count==3)->[recipient_part_damaged0_label], [recipient_part_damaged1_label], and [recipient_part_damaged2_label]</li>
    <li>damaged_targets->[recipient_part_damaged0_label], [recipient_part_damaged1_label], [recipient_part_damaged2_label], and [recipient_part_damaged3_label]</li>
  -->
  <Combat_WoundIncludes.rulePack.rulesStrings>
    <li>destroyed_targets(recipient_part_destroyed_count==0)->ничего</li>
    <li>destroyed_targets(recipient_part_destroyed_count==1)->[recipient_part_destroyed0_label]</li>
    <li>destroyed_targets(recipient_part_destroyed_count==2)->[recipient_part_destroyed0_label] и [recipient_part_destroyed1_label]</li>
    <li>destroyed_targets(recipient_part_destroyed_count==3)->[recipient_part_destroyed0_label], [recipient_part_destroyed1_label] и [recipient_part_destroyed2_label]</li>
    <!-- fallback for 4+ -->
    <li>destroyed_targets(recipient_part_destroyed_count!=0,recipient_part_destroyed_count!=1,recipient_part_destroyed_count!=2,recipient_part_destroyed_count!=3)->[recipient_part_destroyed0_label], [recipient_part_destroyed1_label], [recipient_part_destroyed2_label] и [recipient_part_destroyed3_label]</li>
    <li>damaged_targets(recipient_part_damaged_count==0)->ничего</li>
    <li>damaged_targets(recipient_part_damaged_count==1)->[recipient_part_damaged0_label]</li>
    <li>damaged_targets(recipient_part_damaged_count==2)->[recipient_part_damaged0_label] и [recipient_part_damaged1_label]</li>
    <li>damaged_targets(recipient_part_damaged_count==3)->[recipient_part_damaged0_label], [recipient_part_damaged1_label] и [recipient_part_damaged2_label]</li>
    <!-- fallback for 4+ -->
    <li>damaged_targets(recipient_part_damaged_count!=0,recipient_part_damaged_count!=1,recipient_part_damaged_count!=2,recipient_part_damaged_count!=3)->[recipient_part_damaged0_label], [recipient_part_damaged1_label], [recipient_part_damaged2_label] и [recipient_part_damaged3_label]</li>
    <!-- в творительном падеже: "экспертным попаданием чего-то там"  -->
  </Combat_WoundIncludes.rulePack.rulesStrings>
  
</LanguageData>