﻿<?xml version="1.0" encoding="UTF-8"?>
<LanguageData>
  
  <TalelessImages.rulePack.rulesFiles>
    <li>noun_random->Words/Nouns/Random</li>
    <li>noun_random_acc->Words/Nouns/Random_Acc</li>
    <li>concept_random->Words/Nouns/Concepts_Random</li>
    <li>action_random->Words/Verbs/Action</li>
    <li>action_womit->Words/Verbs/Womit</li>
    <li>adverb_random->Words/Adverbs/Random</li>
    <li>animals->Words/Nouns/Animals_Badass_Plural</li>
    <li>enemies->Words/Nouns/People_Enemies_Plural</li>
  </TalelessImages.rulePack.rulesFiles>
  <!-- EN:
    <li>image->a solitary [Character] [desc_pawn]</li>
    <li>image->a solitary [Character] [desc_pawn] near a [TerrainFeature]</li>
    <li>image->a solitary [Character] [desc_pawn] near a [Community]</li>
    <li>image->a [Character] [desc_pawn] surrounded by [Character]s</li>
    <li>image->[Character]s playing [Game]</li>
    <li>image->a [Character] [desc_pawn] playing [Game] with [Quantity_adjphrase] [Character]s</li>
    <li>image->a [Character] [desc_pawn] holding a [Weapon]</li>
    <li>image->a [Character] [desc_pawn] eating a [Vegetable]</li>
    <li>image->[Quantity_adjphrase] [PersonJob]s and [PersonJob]s eating [Vegetable]s together</li>
    <li>image->the minor celebrity [NamePerson] [desc_pawn]</li>
    <li>image->a [Character] wearing a [Apparel] [desc_pawn]</li>
    <li>image->a [Community]</li>
    <li>image->a [TerrainFeature]</li>
    <li>image->a [Weapon]</li>
    <li>image->a [TreeType] tree</li>
    <li>image->a [NaturalObject]</li>
    <li>image->[Quantity_adjphrase] [Weapon]s</li>
    <li>image->[Quantity_adjphrase] [Vegetable]s</li>
    <li>image->an empty [Apparel]</li>
    <li>image->a [Shape]</li>
    <li>image->a [Shape] surrounded by [Shape]s</li>
    <li>image->an abstracted rendering of [ConceptAny]</li>
    <li>image->a [AdjectiveAny] abstract shape</li>
    <li>desc_pawn(p=12)-></li>
    <li>desc_pawn->flying through the air</li>
    <li>desc_pawn->suspended in the air</li>
    <li>desc_pawn->moving to the left</li>
    <li>desc_pawn->moving to the right</li>
    <li>desc_pawn->sitting on a table</li>
    <li>desc_pawn->seen through a looking glass</li>
    <li>desc_pawn->rendered in silhouette</li>
    <li>desc_pawn->riding on a [Animal] wearing a [Apparel]</li>
    <li>desc_pawn->looking [AdjectiveAny]</li>
    <li>desc_pawn->covered in [Gore]</li>
  -->
  <TalelessImages.rulePack.rulesStrings>
    <li>image->, как [subject_animate], [subject_clause_animate], [action_clause]</li>
    <li>image-> [noun_acc], что [action_clause]</li>
    <li>image(p=0.5)->, как [subject_animate_plural] играют в [Game]</li>
    <li>image(p=0.5)->, как [subject_animate] и [subject_animate] играют в [Game]</li>
    <li>image(p=0.5)->, как [animals] сражаются за территорию</li>
    <li>image(p=0.5)->, как [Animal] и [Animal] сражаются за территорию</li>
    <li>image-> абстрактный образ [random_concept], что [action_clause]</li>
    <li>image->, как [subject_animate] [action_clause]</li>
    <li>image(p=0.5)-> чьи-то потаённые страхи в виде [concept_random]</li>
    <li>image(p=0.5)-> чьи-то потаённые мечты в виде [concept_random]</li>
    <li>subject_animate_plural->[animals]</li>
    <li>subject_animate_plural->[enemies]</li>
    <li>subject_animate->[Outlander]</li>
    <li>subject_animate->[NamePerson]</li>
    <li>subject_animate->[Animal]</li>
    <li>subject_noun->[noun_random] [random_concept]</li>
    <li>subject_noun->[subject_animate]</li>
    <li>subject_noun->[Weapon] [random_concept]</li>
    <li>subject_clause_animate->[TransFriendly]</li>
    <li>subject_clause_animate->надев [Apparel]</li>
    <li>subject_clause_animate->держа в руках [Weapon_acc]</li>
    <li>subject_clause_animate->которого окружают [Enemies]</li>
    <li>action_clause->[action]</li>
    <li>action(p=20)->[action_random] [noun_acc]</li>
    <li>action(p=1)->[action_womit] [Gore]</li>
    <li>action->летит по воздуху</li>
    <li>action->висит в воздухе</li>
    <li>action->стоит на земле</li>
    <li>action->сидит на столе</li>
    <li>action->отражается в зеркале</li>
    <li>noun_acc->[noun_random_acc] [random_concept]</li>
    <li>random_concept->[ConceptAny]</li>
    <li>random_concept->[concept_random]</li>
  </TalelessImages.rulePack.rulesStrings>
  
</LanguageData>