﻿<?xml version="1.0" encoding="UTF-8"?>
<LanguageData>
  
  <!-- EN:
    <li>r_logentry->[INITIATOR_definite] used [ABILITY_label] on [SUBJECT_definite].</li>
  -->
  <Event_AbilityUsed.rulePack.rulesStrings>
    <li>r_logentry->[INITIATOR_definite] [used] [ABILITY_label] на [SUBJECT_definite].</li>
    <li>used(INITIATOR_gender==Male)->применил</li>
    <li>used(INITIATOR_gender==Male)->использовал</li>
    <li>used(INITIATOR_gender==Female)->применила</li>
    <li>used(INITIATOR_gender==Female)->использовала</li>
  </Event_AbilityUsed.rulePack.rulesStrings>
  
  <!-- EN:
    <li>r_logentry->[INITIATOR_definite] used [ITEM_indefinite] on [SUBJECT_definite].</li>
  -->
  <Event_ItemUsed.rulePack.rulesStrings>
    <li>r_logentry->[INITIATOR_definite] [used] [ITEM_indefinite] на [SUBJECT_definite].</li>
    <li>used(INITIATOR_gender==Male)->применил</li>
    <li>used(INITIATOR_gender==Male)->использовал</li>
    <li>used(INITIATOR_gender==Female)->применила</li>
    <li>used(INITIATOR_gender==Female)->использовала</li>
  </Event_ItemUsed.rulePack.rulesStrings>
  
  <!-- EN:
    <li>r_logentry->[SUBJECT_definite] was [stunned] by the attack.</li>
    <li>r_logentry->[SUBJECT_definite] was [stunned] by [INITIATOR_definite]'s attack.</li>
    <li>stunned(p=3)->stunned</li>
    <li>stunned->staggered</li>
    <li>stunned->dazed</li>
    <li>stunned->disoriented</li>
    <li>r_logentry->[SUBJECT_definite] [staggered].</li>
    <li>r_logentry->[SUBJECT_definite] [staggered] from the attack.</li>
    <li>r_logentry->[SUBJECT_definite] [staggered] from [INITIATOR_definite]'s attack.</li>
    <li>staggered(p=3)->staggered</li>
    <li>staggered->faltered</li>
    <li>staggered->wobbled</li>
    <li>staggered->wavered</li>
    <li>r_logentry->[SUBJECT_definite] [stumbled] around blearily.</li>
    <li>r_logentry->[SUBJECT_definite] [stumbled] around in confusion.</li>
    <li>stumbled(p=3)->stumbled</li>
    <li>stumbled->wavered</li>
    <li>stumbled->wobbled</li>
    <li>stumbled->staggered</li>
  -->
  <Event_Stun.rulePack.rulesStrings>
    <li>r_logentry->Атака [INITIATOR_definite] [stunned] [SUBJECT_definite].</li>
    <li>r_logentry->[SUBJECT_definite] [in_confusion] [stumble_phrase].</li>
    <li>r_logentry->[SUBJECT_definite] [in_confusion] [stumble_phrase] после атаки.</li>
    <li>r_logentry->[SUBJECT_definite] [in_confusion] [stumble_phrase] после атаки [INITIATOR_definite].</li>
    <li>stunned->оглушает</li>
    <li>stunned->дезориентирует</li>
    <li>stumble_phrase->[in_confusion_prefix] [stumbles]</li>
    <li>stumble_phrase->[stumbles] [in_confusion_suffix]</li>
    <li>stumbles->качается из стороны в сторону</li>
    <li>stumbles->покачивается</li>
    <li>stumbles->пошатывается</li>
    <li>in_confusion_prefix->растерянно</li>
    <li>in_confusion_prefix->дезориентированно</li>
    <li>in_confusion_prefix->оцепенело</li>
    <li>in_confusion_prefix->контуженно</li>
    <li>in_confusion_prefix->остолбенело</li>
    <li>in_confusion_suffix->с мутным взглядом</li>
    <li>in_confusion_suffix->в полубессознательном состоянии</li>
    <li>in_confusion_suffix->в замешательстве</li>
  </Event_Stun.rulePack.rulesStrings>
  
</LanguageData>