﻿<?xml version="1.0" encoding="UTF-8"?>
<LanguageData>
  
  <!-- EN:
    <li>damage_source->the [roof] [collapsed] on</li>
    <li>roof->roof</li>
    <li>roof->roofing</li>
    <li>roof->ceiling</li>
    <li>collapsed->collapsed</li>
    <li>collapsed->fell</li>
    <li>collapsed->caved in</li>
    <li>damaged_present->smashing</li>
    <li>damaged_present->bashing</li>
    <li>damaged_present->bruising</li>
    <li>damaged_present->lacerating</li>
    <li>destroyed_present->shattering</li>
    <li>destroyed_present->crushing</li>
    <li>destroyed_present->obliterating</li>
    <li>destroyed_present->annihilating</li>
    <li>destroyed_present->breaking</li>
  -->
  <DamageEvent_Ceiling.rulePack.rulesStrings>
    <!-- Includes: DamageEvent_Include -->
    <li>damageSource->[roof] [collapsed] на</li>
    <li>roof->крыша</li>
    <li>roof->кровля</li>
    <li>roof->потолок</li>
    <li>collapsed->обрушивается</li>
    <li>collapsed->падает</li>
    <li>collapsed->обваливается</li>
    <li>damaged_participle->ушибая</li>
    <li>damaged_participle->дробя</li>
    <li>damaged_participle->давя</li>
    <li>damaged_participle->ломая</li>
    <li>destroyed_participle->разбивая</li>
    <li>destroyed_participle->раздрабливая</li>
    <li>destroyed_participle->отбивая</li>
    <li>destroyed_participle->размазывая</li>
    <li>destroyed_participle->раздавливая</li>
  </DamageEvent_Ceiling.rulePack.rulesStrings>
  
  <!-- EN:
    <li>damage_source->[fire] burned</li>
    <li>fire(p=3)->fire</li>
    <li>fire(p=3)->a fire</li>
    <li>fire(p=3)->the fire</li>
    <li>fire->heat</li>
    <li>fire->a conflagration</li>
    <li>fire->an inferno</li>
    <li>damaged_present->scorching</li>
    <li>damaged_present->broiling</li>
    <li>damaged_present->searing</li>
    <li>damaged_present->singeing</li>
    <li>destroyed_present->charring</li>
    <li>destroyed_present->roasting</li>
    <li>destroyed_present->cooking</li>
    <li>destroyed_present->cremating</li>
  -->
  <DamageEvent_Fire.rulePack.rulesStrings>
    <!-- Includes: DamageEvent_Include -->
    <li>damageSource->[fire] опаляет</li>
    <li>fire(p=3)->огонь</li>
    <li>fire(p=3)->пламя</li>
    <li>fire(p=3)->пожар</li>
    <li>fire->жар</li>
    <li>fire->пламя пожара</li>
    <li>fire->огонь пожара</li>
    <li>damaged_participle->обжигая</li>
    <li>damaged_participle->покрывая ожогами</li>
    <li>damaged_participle->поджигая</li>
    <li>damaged_participle->запекая</li>
    <li>destroyed_participle->обугливая</li>
    <li>destroyed_participle->сжигая</li>
    <li>destroyed_participle->испепеляя</li>
    <li>destroyed_participle->превращая в пепел</li>
  </DamageEvent_Fire.rulePack.rulesStrings>
  
  <!-- EN:
    <li>r_logentry->[damage_source] [RECIPIENT_nameDef], [destroyed_present] [RECIPIENT_possessive] [destroyed_targets].</li>
    <li>r_logentry->[damage_source] [RECIPIENT_nameDef], [destroyed_present] [RECIPIENT_possessive] [destroyed_targets] and [damaged_present] [RECIPIENT_possessive] [damaged_targets].</li>
    <li>r_logentry(recipient_part_destroyed_count==0)->[damage_source] [RECIPIENT_nameDef], [damaged_present] [RECIPIENT_possessive] [damaged_targets].</li>
    <li>r_logentry(p=0.1)->[damage_source] [RECIPIENT_nameDef].</li>
  -->
  <DamageEvent_Include.rulePack.rulesStrings>
    <!-- Includes: Combat_WoundIncludes -->
    <li>r_logentry(recipient_part_destroyed_count!=0)->[damageSource] [RECIPIENT_nameDef], [destroyed_participle] [RECIPIENT_possessive] [destroyed_targets].</li>
    <li>r_logentry(recipient_part_destroyed_count!=0,recipient_part_damaged_count!=0)->[damageSource] [RECIPIENT_nameDef], [destroyed_participle] [RECIPIENT_possessive] [destroyed_targets] and [damaged_participle] [RECIPIENT_possessive] [damaged_targets].</li>
    <li>r_logentry(recipient_part_destroyed_count==0,recipient_part_damaged_count!=0)->[damageSource] [RECIPIENT_nameDef], [damaged_participle] [RECIPIENT_possessive] [damaged_targets].</li>
    <li>r_logentry(p=0.1)->[damageSource] [RECIPIENT_nameDef].</li>
  </DamageEvent_Include.rulePack.rulesStrings>
  
  <!-- EN:
    <li>damage_source->The [sky] opened up on</li>
    <li>damage_source->A beam of incredible [power] [damaged_past]</li>
    <li>damage_source->A column of [light] [damaged_past]</li>
    <li>sky->sky</li>
    <li>sky->clouds</li>
    <li>sky->heavens</li>
    <li>power->power</li>
    <li>power->energy</li>
    <li>power->heat</li>
    <li>light->light</li>
    <li>light->heat</li>
    <li>light->flame</li>
    <li>light(p=0.2)->incandescence</li>
  -->
  <DamageEvent_PowerBeam.rulePack.rulesStrings>
    <!-- Includes: DamageEvent_Include, Damage_Flame -->
    <li>damageSource->[sky] разверзается над</li>
    <li>damageSource->Луч невероятной [power] [damaged]</li>
    <li>damageSource->Столб [light] [damaged]</li>
    <li>sky->небо</li>
    <li>sky(p=0.3)->небесная твердь</li>
    <li>sky->небосвод</li>
    <li>power->силы</li>
    <li>power->энегрии</li>
    <li>power->мощи</li>
    <li>light->света</li>
    <li>light->энергии</li>
    <li>light->пламени</li>
    <li>light(p=0.2)->ослепительного жара</li>
  </DamageEvent_PowerBeam.rulePack.rulesStrings>
  
  <!-- EN:
    <li>damage_source->A [spiraling] tornado [enveloped]</li>
    <li>destroyed_present(p=3)->tearing off</li>
    <li>spiraling->spiraling</li>
    <li>spiraling->whirling</li>
    <li>spiraling->spinning</li>
    <li>spiraling(p=10)-></li>
    <li>enveloped(p=8)->enveloped</li>
    <li>enveloped->engulfed</li>
    <li>enveloped->surrounded</li>
  -->
  <DamageEvent_Tornado.rulePack.rulesStrings>
    <!-- Includes: DamageEvent_Include, Maneuver_Scratch_Damage, Maneuver_Smash_Damage -->
    <li>damageSource->[spiraling] смерч [enveloped]</li>
    <li>destroyed_participle(p=3)->разрывая</li>
    <li>spiraling->завихрённый</li>
    <li>spiraling->кружащийся</li>
    <li>spiraling->вихревой</li>
    <li>spiraling(p=10)-></li>
    <li>enveloped(p=8)->захватывает</li>
    <li>enveloped(p=8)->поглощает</li>
    <li>enveloped(p=8)->окутывает</li>
  </DamageEvent_Tornado.rulePack.rulesStrings>
  
  <!-- EN:
    <li>damage_source->[spiketrap] stabbed</li>
    <li>damage_source->[spiketrap] struck</li>
    <li>damage_source->[spiketrap] launched at</li>
    <li>spiketrap(p=3)->a spike trap</li>
    <li>spiketrap(p=3)->the spike trap</li>
    <li>spiketrap->spikes</li>
    <li>spiketrap->a sharp trap</li>
    <li>spiketrap->a spiky trap</li>
    <li>damaged_present->perforating</li>
    <li>damaged_present->spearing</li>
    <li>damaged_present->penetrating</li>
    <li>damaged_present->jabbing into</li>
    <li>destroyed_present->tearing apart</li>
    <li>destroyed_present->shredding</li>
    <li>destroyed_present->eviscerating</li>
    <li>destroyed_present->exploding</li>
  -->
  <DamageEvent_TrapSpike.rulePack.rulesStrings>
    <!-- Includes: DamageEvent_Include -->
    <li>damageSource->[spiketrap] ударяет</li>
    <li>damageSource->[spiketrap] бьёт</li>
    <li>damageSource->[spiketrap] срабатывает на</li>
    <li>spiketrap->ловушка</li>
    <li>spiketrap->шипастая ловушка</li>
    <li>spiketrap->ловушка с шипами</li>
    <li>damaged_participle->пробивая</li>
    <li>damaged_participle->пронизывая</li>
    <li>damaged_participle->вонзаясь в</li>
    <li>damaged_participle->дырявя</li>
    <li>destroyed_participle->на куски разрывая</li>
    <li>destroyed_participle->в клочья разрывая</li>
    <li>destroyed_participle->потроша</li>
    <li>destroyed_participle->превращая в фарш</li>
  </DamageEvent_TrapSpike.rulePack.rulesStrings>
  
</LanguageData>