﻿<?xml version="1.0" encoding="UTF-8"?>
<LanguageData>
  
  <!-- EN:
    <li>prefix->The [blast] [fromof] [INITIATOR_definite]'s [WEAPON_projectile_label]</li>
    <li>prefix->The [blast] [fromof] [INITIATOR_definite]'s [WEAPON_label]</li>
    <li>prefix->The [blast] [fromof] [INITIATOR_definite]'s [WEAPON_projectile_label]</li>
    <li>prefix->The [blast] [fromof] [INITIATOR_definite]'s [WEAPON_label]</li>
    <li>prefix->[INITIATOR_definite]'s [blast]</li>
    <li>prefix->[INITIATOR_definite]'s [WEAPON_projectile_label] [blast]</li>
    <li>prefix->[INITIATOR_definite]'s [WEAPON_label] [blast]</li>
    <li>prefix->[INITIATOR_definite]'s [WEAPON_projectile_label]</li>
    <li>prefix->[INITIATOR_definite]'s [WEAPON_label]</li>
    <li>r_logentry->[prefix] [injured] [RECIPIENT_definite].</li>
    <li>r_logentry->[prefix] [destroyed_past] [RECIPIENT_definite]'s [destroyed_targets].</li>
    <li>r_logentry->[prefix] [destroyed_past] [RECIPIENT_definite]'s [destroyed_targets] [strikeAdv].</li>
    <li>r_logentry->[prefix] [strikeAdv] [destroyed_past] [RECIPIENT_definite]'s [destroyed_targets].</li>
    <li>r_logentry->[prefix] [destroyed_past] [RECIPIENT_definite]'s [destroyed_targets] and [damaged_past] [RECIPIENT_possessive] [damaged_targets].</li>
    <li>r_logentry(recipient_part_destroyed_count==0)->[prefix] [damaged_past] [RECIPIENT_definite]'s [damaged_targets].</li>
    <li>r_logentry(recipient_part_destroyed_count==0)->[prefix] [damaged_past] [RECIPIENT_definite]'s [damaged_targets] [strikeAdv].</li>
    <li>r_logentry(recipient_part_destroyed_count==0)->[prefix] [strikeAdv] [damaged_past] [RECIPIENT_definite]'s [damaged_targets].</li>
    <li>r_logentry->[RECIPIENT_definite] was [damaged_past] by [INITIATOR_definite].</li>
    <li>r_logentry->[RECIPIENT_definite] was [damaged_past] [strikeAdv] by [INITIATOR_definite].</li>
    <li>r_logentry->[RECIPIENT_definite] was [damaged_past].</li>
    <li>r_logentry(p=0.001)->[RECIPIENT_definite] was caught in an explosion.</li>
    <li>r_logentry(p=0.001)->[RECIPIENT_definite] was hit by an explosion.</li>
    <li>blast->explosion</li>
    <li>blast->blast</li>
    <li>blast->shockwave</li>
    <li>blast->detonation</li>
    <li>blast->discharge</li>
    <li>blast->impact</li>
    <li>fromof->from</li>
    <li>fromof->of</li>
  -->
  <Combat_ExplosionImpact.rulePack.rulesStrings>
    <!-- Includes: Combat_MeleeIncludes, Combat_MeleeDamageIncludes, Combat_WoundIncludes -->
    <li>prefix(p=2)->[blast] [WEAPON_projectile_label] [INITIATOR_definite]</li>
    <li>prefix(p=2)->[blast] [WEAPON_label] [INITIATOR_definite]</li>
    <li>prefix->[WEAPON_projectile_label] [INITIATOR_definite]</li>
    <li>prefix->[WEAPON_label] [INITIATOR_definite]</li>
    <li>r_logentry->[prefix] [injured] [RECIPIENT_definite].</li>
    <li>r_logentry(recipient_part_destroyed_count!=0)->[prefix] [destroyed] [destroyed_targets] [RECIPIENT_definite].</li>
    <li>r_logentry(recipient_part_destroyed_count!=0,p=2)->[prefix] [strikeAdv] [destroyed] [destroyed_targets] [RECIPIENT_definite].</li>
    <li>r_logentry(recipient_part_damaged_count!=0,recipient_part_destroyed_count!=0)->[prefix] [destroyed] [destroyed_targets] [RECIPIENT_definite] и [damaged] [RECIPIENT_possessive] [damaged_targets].</li>
    <li>r_logentry(recipient_part_damaged_count!=0,recipient_part_destroyed_count==0)->[prefix] [damaged] [damaged_targets] [RECIPIENT_definite].</li>
    <li>r_logentry(recipient_part_damaged_count!=0,recipient_part_destroyed_count==0,p=2)->[prefix] [strikeAdv] [damaged] [damaged_targets] [RECIPIENT_definite].</li>
    <li>r_logentry->[INITIATOR_definite] [injured] [RECIPIENT_definite].</li>
    <li>r_logentry->[INITIATOR_definite] [strikeAdv] [injured] [RECIPIENT_definite].</li>
    <li>r_logentry->[RECIPIENT_definite] [injured]ся.</li>
    <li>blast->взрыв</li>
    <li>blast->разрыв</li>
    <li>blast->ударная волна</li>
    <li>blast->детонация</li>
    <li>r_logentry(p=0.001)->Взрыв накрывает [RECIPIENT_definite].</li>
    <li>r_logentry(p=0.001)->Взрыв задевает [RECIPIENT_definite].</li>
  </Combat_ExplosionImpact.rulePack.rulesStrings>
  
  <!-- EN:
    <li>r_logentry->[INITIATOR_definite]'s [WEAPON_projectile_label] [destroyed_past] [RECIPIENT_definite]'s [destroyed_targets].</li>
    <li>r_logentry->[INITIATOR_definite]'s [WEAPON_projectile_label] [destroyed_past] [RECIPIENT_definite]'s [destroyed_targets] [to] [destroyed_suffix].</li>
    <li>r_logentry(p=2)->[INITIATOR_definite]'s [WEAPON_projectile_label] [missed] [ORIGINALTARGET_definite] and [destroyed_past] [RECIPIENT_definite]'s [destroyed_targets].</li>
    <li>r_logentry(p=2)->[INITIATOR_definite]'s [WEAPON_projectile_label] [missed] [ORIGINALTARGET_definite], [destroyed_present] [RECIPIENT_definite]'s [destroyed_targets].</li>
    <li>r_logentry->[RECIPIENT_definite]'s [destroyed_targets] was [destroyed_past] by [INITIATOR_definite]'s [WEAPON_projectile_label].</li>
    <li>r_logentry->[RECIPIENT_definite]'s [destroyed_targets] was [destroyed_past] into [destroyed_suffix] by [INITIATOR_definite]'s [WEAPON_projectile_label].</li>
    <li>r_logentry(recipient_part_destroyed_count==0)->[INITIATOR_definite]'s [WEAPON_projectile_label] [damaged_past] [RECIPIENT_definite]'s [damaged_targets].</li>
    <li>r_logentry(recipient_part_destroyed_count==0,p=2)->[INITIATOR_definite]'s [WEAPON_projectile_label] [missed] [ORIGINALTARGET_definite] and [damaged_past] [RECIPIENT_definite]'s [damaged_targets].</li>
    <li>r_logentry(recipient_part_destroyed_count==0,p=2)->[INITIATOR_definite]'s [WEAPON_projectile_label] [missed] [ORIGINALTARGET_definite], [damaged_present] [RECIPIENT_definite]'s [damaged_targets].</li>
    <li>r_logentry(recipient_part_destroyed_count==0)->[RECIPIENT_definite]'s [damaged_targets] was [damaged_past] by [INITIATOR_definite]'s [WEAPON_projectile_label].</li>
    <li>r_logentry(p=3)->[INITIATOR_definite]'s [WEAPON_projectile_label] [destroyed_past] [RECIPIENT_definite]'s [destroyed_targets] and [damaged_past] [RECIPIENT_possessive] [damaged_targets].</li>
    <li>r_logentry(p=6)->[INITIATOR_definite]'s [WEAPON_projectile_label] [missed] [ORIGINALTARGET_definite], [destroyed_present] [RECIPIENT_definite]'s [destroyed_targets] and [damaged_present] [RECIPIENT_possessive] [damaged_targets].</li>
    <li>r_logentry(p=0.2)->[INITIATOR_definite] hit [RECIPIENT_definite] with a [WEAPON_projectile_label].</li>
    <li>r_logentry(p=0.2)->[INITIATOR_definite]'s [WEAPON_projectile_label] hit [RECIPIENT_definite].</li>
    <li>r_logentry(p=0.4)->[INITIATOR_definite] [missed] [ORIGINALTARGET_definite] and hit [RECIPIENT_definite] with a [WEAPON_projectile_label].</li>
    <li>r_logentry(p=0.4)->[INITIATOR_definite]'s [WEAPON_projectile_label] [missed] [ORIGINALTARGET_definite] and hit [RECIPIENT_definite].</li>
    <li>r_logentry(p=0.2)->[INITIATOR_definite] hit [RECIPIENT_definite] with a [WEAPON_projectile_label] intended for [ORIGINALTARGET_definite].</li>
    <li>weapon_projectile_label(p=0.05)->shot</li>
    <li>destroyed_past->shattered</li>
    <li>destroyed_past->crushed</li>
    <li>destroyed_past->obliterated</li>
    <li>destroyed_past->annihilated</li>
    <li>destroyed_past->pierced</li>
    <li>destroyed_past->perforated</li>
    <li>destroyed_past->punctured</li>
    <li>destroyed_present->shattering</li>
    <li>destroyed_present->crushing</li>
    <li>destroyed_present->obliterating</li>
    <li>destroyed_present->annihilating</li>
    <li>destroyed_present->piercing</li>
    <li>destroyed_present->perforating</li>
    <li>destroyed_present->puncturing</li>
    <li>destroyed_suffix->pieces</li>
    <li>destroyed_suffix->bits</li>
    <li>destroyed_suffix->a fine mist</li>
    <li>destroyed_suffix->fragments</li>
    <li>destroyed_suffix(p=0.5)->a holey mess</li>
    <li>destroyed_suffix(recipient_flesh!=Mechanoid,p=0.2)->ground beef</li>
    <li>damaged_past->wounded</li>
    <li>damaged_past->injured</li>
    <li>damaged_past->pierced</li>
    <li>damaged_past->damaged</li>
    <li>damaged_past->shot</li>
    <li>damaged_present->wounding</li>
    <li>damaged_present->injuring</li>
    <li>damaged_present->piercing</li>
    <li>damaged_present->damaging</li>
    <li>damaged_present->shooting</li>
    <li>damaged_suffix->in an ugly fashion</li>
    <li>damaged_suffix(recipient_flesh!=Mechanoid)->with visible blood</li>
    <li>damaged_suffix(recipient_flesh!=Mechanoid)->with the flesh visible</li>
    <li>to->to</li>
    <li>to->into</li>
    <li>missed->missed</li>
    <li>missed->narrowly missed</li>
  -->
  <Combat_RangedDamage.rulePack.rulesStrings>
    <!-- Includes: Combat_WoundIncludes -->
    <li>r_logentry(recipient_part_destroyed_count!=0)->[WEAPON_projectile_label] [INITIATOR_definite] [destroyed] [destroyed_targets] у [RECIPIENT_definite].</li>
    <li>r_logentry(recipient_part_destroyed_count!=0)->[WEAPON_projectile_label] [INITIATOR_definite] [destroyed] [destroyed_targets] [RECIPIENT_definite] [destroyed_suffix].</li>
    <li>r_logentry(recipient_part_destroyed_count!=0)->[WEAPON_projectile_label] [INITIATOR_definite] [skillAdv] [destroyed] [destroyed_targets] [RECIPIENT_definite].</li>
    <li>r_logentry(recipient_part_destroyed_count!=0,p=2)->[WEAPON_projectile_label] [INITIATOR_definite] [missed] [ORIGINALTARGET_definite] и [destroyed] [destroyed_targets] у [RECIPIENT_definite].</li>
    <li>r_logentry(recipient_part_destroyed_count!=0,p=2)->[WEAPON_projectile_label] [INITIATOR_definite] [missed] [ORIGINALTARGET_definite], [destroyed_participle] [destroyed_targets] у [RECIPIENT_definite].</li>
    <li>r_logentry(recipient_part_destroyed_count!=0)->[destroyed_targets] [RECIPIENT_definite] [destroyed]ся попаданием [WEAPON_projectile_label] [INITIATOR_definite].</li>
    <li>r_logentry(recipient_part_destroyed_count!=0)->[destroyed_targets] [RECIPIENT_definite] [destroyed]ся [destroyed_suffix] попаданием [WEAPON_projectile_label] [INITIATOR_definite].</li>
    <!-- various damaged options; don't show if something was destroyed -->
    <li>r_logentry(recipient_part_destroyed_count==0,recipient_part_damaged_count!=0)->[WEAPON_projectile_label] [INITIATOR_definite] [damaged] [damaged_targets] [RECIPIENT_definite].</li>
    <li>r_logentry(recipient_part_destroyed_count==0,recipient_part_damaged_count!=0)->[WEAPON_projectile_label] [INITIATOR_definite] [skillAdv] [damaged] [damaged_targets] [RECIPIENT_definite] [destroyed_suffix].</li>
    <li>r_logentry(recipient_part_destroyed_count==0,recipient_part_damaged_count!=0,p=2)->[WEAPON_projectile_label] [INITIATOR_definite] [missed] [ORIGINALTARGET_definite] и [damaged] [damaged_targets] [RECIPIENT_definite].</li>
    <li>r_logentry(recipient_part_destroyed_count==0,recipient_part_damaged_count!=0,p=2)->[WEAPON_projectile_label] [INITIATOR_definite] [missed] [ORIGINALTARGET_definite], [damaged_participle] [damaged_targets] [RECIPIENT_definite].</li>
    <li>r_logentry(recipient_part_destroyed_count==0,recipient_part_damaged_count!=0)->[damaged_targets] [RECIPIENT_definite] [damaged]ся попаданием [WEAPON_projectile_label] [INITIATOR_definite].</li>
    <!-- damaged/destroyed hybrid -->
    <li>r_logentry(recipient_part_destroyed_count!=0,recipient_part_damaged_count!=0,p=3)->[WEAPON_projectile_label] [INITIATOR_definite] [destroyed] [destroyed_targets] [RECIPIENT_definite] и [damaged] [RECIPIENT_possessive] [damaged_targets].</li>
    <li>r_logentry(recipient_part_destroyed_count!=0,recipient_part_damaged_count!=0,p=6)->[WEAPON_projectile_label] [INITIATOR_definite] [missed] [ORIGINALTARGET_definite], [destroyed_participle] [destroyed_targets] [RECIPIENT_definite] и [damaged_participle] [RECIPIENT_possessive] [damaged_targets].</li>
    <!-- don't mention damage or destruction; uncommon, but intended as a fallback -->
    <li>r_logentry(p=0.2)->[INITIATOR_definite] попадает в [RECIPIENT_definite] своим [WEAPON_projectile_label].</li>
    <li>r_logentry(p=0.2)->[WEAPON_projectile_label] [INITIATOR_definite] попадает в [RECIPIENT_definite].</li>
    <li>r_logentry(p=0.4)->[INITIATOR_definite] своим [WEAPON_projectile_label] [missed] [ORIGINALTARGET_definite] и попадает в [RECIPIENT_definite].</li>
    <li>r_logentry(p=0.4)->[WEAPON_projectile_label] [INITIATOR_definite] [missed] [ORIGINALTARGET_definite] и попадает в [RECIPIENT_definite].</li>
    <!-- fallback, also a little variety -->
    <li>weapon_projectile_label(p=0.05)->выстрел</li>
    <li>destroyed->разрушает</li>
    <li>destroyed->сминает</li>
    <li>destroyed->уничтожает</li>
    <li>destroyed->аннигилирует</li>
    <li>destroyed->протыкает</li>
    <li>destroyed->дырявит</li>
    <li>destroyed->пробивает</li>
    <li>destroyed_participle->разрушая</li>
    <li>destroyed_participle->сминая</li>
    <li>destroyed_participle->уничтожая</li>
    <li>destroyed_participle->аннигилируя</li>
    <li>destroyed_participle->протыкая</li>
    <li>destroyed_participle->дырявя</li>
    <li>destroyed_participle->пробивая</li>
    <li>destroyed_suffix->на куски</li>
    <li>destroyed_suffix->на клочки</li>
    <li>destroyed_suffix->в кашу</li>
    <li>destroyed_suffix->в труху</li>
    <li>destroyed_suffix(p=0.5)->в дырявое месиво</li>
    <li>destroyed_suffix(p=0.2)->в фарш</li>
    <li>damaged->ранит</li>
    <li>damaged->поражает</li>
    <li>damaged->пробивает</li>
    <li>damaged->повреждает</li>
    <li>damaged->простреливает</li>
    <li>damaged_participle->раня</li>
    <li>damaged_participle->поражая</li>
    <li>damaged_participle->пробивая</li>
    <li>damaged_participle->повреждая</li>
    <li>damaged_participle->простреливая</li>
    <li>damaged_suffix->[empty] безобразным образом</li>
    <li>damaged_suffix->(recipient_flesh!=Mechanoid), причиняя сильную боль</li>
    <li>damaged_suffix->(recipient_flesh!=Mechanoid), пуская кровь</li>
    <li>missed->не задевает</li>
    <li>missed->почти попадает по</li>
    <li>missed->проходит мимо</li>
    <li>missed->не попадает по</li>
    <li>r_logentry(p=0.2)->[INITIATOR_definite] попадает в [RECIPIENT_definite] вместо [ORIGINALTARGET_definite].</li>
  </Combat_RangedDamage.rulePack.rulesStrings>
  
  <!-- EN:
    <li>r_logentry->[INITIATOR_definite]'s [WEAPON_projectile_label] [damaged_past] [RECIPIENT_definite][damaged_target] [deflected_result].</li>
    <li>r_logentry(p=2)->[INITIATOR_definite]'s [WEAPON_projectile_label] [missed] [ORIGINALTARGET_definite] and [damaged_past] [RECIPIENT_definite][damaged_target_possessive_opt] [deflected_result].</li>
    <li>r_logentry->[RECIPIENT_definite][damaged_target_possessive_opt] was [damaged_past] by [INITIATOR_definite]'s [WEAPON_projectile_label] [deflected_result].</li>
    <li>r_logentry(p=0.2)->[INITIATOR_definite] hit [RECIPIENT_definite][damaged_target_possessive_opt] with a [WEAPON_projectile_label] [deflected_result].</li>
    <li>r_logentry(p=0.2)->[INITIATOR_definite]'s [WEAPON_projectile_label] hit [RECIPIENT_definite][damaged_target_possessive_opt] [deflected_result].</li>
    <li>r_logentry(p=0.4)->[INITIATOR_definite] [missed] [ORIGINALTARGET_definite] and hit [RECIPIENT_definite][damaged_target_possessive_opt] with a [WEAPON_projectile_label] [deflected_result].</li>
    <li>r_logentry(p=0.4)->[INITIATOR_definite]'s [WEAPON_projectile_label] [missed] [ORIGINALTARGET_definite] and hit [RECIPIENT_definite][damaged_target_possessive_opt] [deflected_result].</li>
    <li>r_logentry(p=0.2)->[INITIATOR_definite] hit [RECIPIENT_definite][damaged_target_possessive_opt] with a [WEAPON_projectile_label] intended for [ORIGINALTARGET_definite] [deflected_result].</li>
    <li>weapon_projectile_label(p=0.05)->shot</li>
    <li>damaged_target_possessive_opt-></li>
    <li>damaged_target_possessive_opt(recipient_part_damaged0_outside==True)->'s [recipient_part_damaged0_label]</li>
    <li>deflected_result-> [adverb_deflected]</li>
    <li>deflected_result->, [deflected_consequence]</li>
    <li>adverb_deflected_opt(p=4)-></li>
    <li>adverb_deflected_opt->[adverb_deflected]</li>
    <li>adverb_deflected->harmlessly</li>
    <li>adverb_deflected->uselessly</li>
    <li>deflected_consequence->but it [scraped_past] off [adverb_deflected_opt]</li>
    <li>deflected_consequence->[scraped_present] off [RECIPIENT_possessive] armor [adverb_deflected_opt]</li>
    <li>scraped_past->ricocheted</li>
    <li>scraped_present->ricocheting</li>
    <li>missed->missed</li>
    <li>missed->narrowly missed</li>
  -->
  <Combat_RangedDeflect.rulePack.rulesStrings>
    <!-- Includes: Combat_DeflectIncludes -->
    <li>r_logentry(p=2)->[WEAPON_projectile_label] [INITIATOR_definite] [projectile_missed] [ORIGINALTARGET_definite] и попадает в [damaged_target_possessive_opt], [deflected_consequence_projectile].</li>
    <li>r_logentry(p=2)->[WEAPON_projectile_label] [INITIATOR_definite] [projectile_missed] [ORIGINALTARGET_definite] и попадает в [damaged_target_possessive_opt] [deflected_adverb].</li>
    <li>r_logentry(p=0.2)->[INITIATOR_definite] попадает в [damaged_target_possessive_opt], [deflected_consequence_projectile_label].</li>
    <li>r_logentry(p=0.2)->[INITIATOR_definite] попадает в [damaged_target_possessive_opt] [deflected_adverb].</li>
    <li>r_logentry(p=0.2)->[WEAPON_projectile_label] [INITIATOR_definite] попадает в [damaged_target_possessive_opt], [deflected_consequence_projectile].</li>
    <li>r_logentry(p=0.2)->[WEAPON_projectile_label] [INITIATOR_definite] попадает в [damaged_target_possessive_opt] [deflected_adverb].</li>
    <li>r_logentry(p=0.4)->[INITIATOR_definite] [missed] [ORIGINALTARGET_definite] и попадает в [damaged_target_possessive_opt], [deflected_consequence_projectile_label].</li>
    <li>r_logentry(p=0.4)->[INITIATOR_definite] [missed] [ORIGINALTARGET_definite] и попадает в [damaged_target_possessive_opt] [deflected_adverb].</li>
    <li>r_logentry(p=0.4)->[WEAPON_projectile_label] [INITIATOR_definite] [projectile_missed] [ORIGINALTARGET_definite] и попадает в [damaged_target_possessive_opt], [deflected_consequence_projectile].</li>
    <li>r_logentry(p=0.4)->[WEAPON_projectile_label] [INITIATOR_definite] [projectile_missed] [ORIGINALTARGET_definite] и попадает в [damaged_target_possessive_opt], [deflected_adverb].</li>
    <li>r_logentry(p=0.2)->[WEAPON_projectile_label] [INITIATOR_definite] попадает в [damaged_target_possessive_opt] вместо [ORIGINALTARGET_definite], [deflected_consequence_projectile].</li>
    <li>r_logentry(p=0.2)->[WEAPON_projectile_label] [INITIATOR_definite] попадает в [damaged_target_possessive_opt] вместо [ORIGINALTARGET_definite], [deflected_adverb].</li>
    <li>weapon_projectile_label(p=0.05)->выстрел</li>
    <li>damaged_target_possessive_opt->[RECIPIENT_definite]</li>
    <li>damaged_target_possessive_opt(recipient_part_damaged0_outside==True)->[recipient_part_damaged0_label] [RECIPIENT_definite]</li>
    <li>deflected_consequence_projectile->но лишь [scraped] [RECIPIENT_possessive] броню</li>
    <li>deflected_consequence_projectile->но лишь [ricochet] от [RECIPIENT_possessive] брони</li>
    <li>deflected_consequence_projectile->но лишь оставляет [scratch] на [RECIPIENT_possessive] броне</li>
    <li>deflected_consequence_projectile_label->но [WEAPON_projectile_label] лишь оставляет [scratch] на [RECIPIENT_possessive] броне</li>
    <li>deflected_consequence_projectile_label->но [WEAPON_projectile_label] лишь [scraped] [RECIPIENT_possessive] броню</li>
    <li>deflected_consequence_projectile_label->но [WEAPON_projectile_label] лишь [ricochet] от [RECIPIENT_possessive] брони</li>
    <li>ricochet->отскакивает</li>
    <li>ricochet->рикошетит</li>
    <li>projectile_missed->пролетает мимо</li>
    <li>projectile_missed->не попадает по</li>
    <li>missed->промахивается по</li>
    <li>missed->мажет мимо</li>
    <li>missed->не попадает по</li>
  </Combat_RangedDeflect.rulePack.rulesStrings>
  
  <!-- EN:
    <li>r_logentry->[INITIATOR_definite] [shotat] [RECIPIENT_definite] with [INITIATOR_possessive] [WEAPON_label].</li>
    <li>r_logentry->[INITIATOR_definite] [shot] [INITIATOR_possessive] [WEAPON_label] at [RECIPIENT_definite].</li>
    <li>r_logentry->[INITIATOR_definite] [shotat] [RECIPIENT_definite].</li>
    <li>r_logentry->[INITIATOR_definite] [shot_a] [WEAPON_projectile_label] [burst] at [RECIPIENT_definite].</li>
    <li>r_logentry(RECIPIENT_missing==True)->[INITIATOR_definite] [shot_a] [WEAPON_projectile_label].</li>
    <li>r_logentry(RECIPIENT_missing==True)->[INITIATOR_definite] [shot] [INITIATOR_possessive] [WEAPON_label].</li>
    <li>shot_a(p=2)->[verb_shot] a</li>
    <li>shot_a->[skillAdv] [verb_shot] a</li>
    <li>shot(p=2)->[verb_shot]</li>
    <li>shot->[skillAdv] [verb_shot]</li>
    <li>shotat->shot [aburst] at</li>
    <li>shotat->[skillAdv] shot [aburst] at</li>
    <li>shotat(p=0.5)->tried to shoot [aburst] at</li>
    <li>shotat(p=0.3)->took a shot at</li>
    <li>shotat(p=0.2)->[skillAdv] took a shot at</li>
    <li>shotat->fired [aburst] at</li>
    <li>shotat->fired [aburst] [skillAdv] at</li>
    <li>shotat(p=0.5)->aimed and fired [aburst] at</li>
    <li>shotat(p=0.5)->[skillAdv] aimed and fired [aburst] at</li>
    <li>shotat(p=0.3)->opened fire at</li>
    <li>aburst-></li>
    <li>aburst(BURST==True,p=3)->a burst</li>
    <li>burst-></li>
    <li>burst(BURST==True,p=3)->burst</li>
    <li>verb_shot->shot</li>
    <li>verb_shot->fired</li>
    <li>verb_shot(p=0.2)->discharged</li>
  -->
  <Combat_RangedFire.rulePack.rulesStrings>
    <!-- Includes: Combat_SkillIncludes -->
    <li>r_logentry->[INITIATOR_definite] [shotat] [RECIPIENT_definite] из [INITIATOR_possessive] [WEAPON_label].</li>
    <li>r_logentry->[INITIATOR_definite] [shot] [INITIATOR_possessive] [WEAPON_label] в [RECIPIENT_definite].</li>
    <li>r_logentry->[INITIATOR_definite] [shotat] [RECIPIENT_definite].</li>
    <li>r_logentry->[INITIATOR_definite] [aburst] [shot_a] [WEAPON_projectile_label] в [RECIPIENT_definite].</li>
    <li>r_logentry(RECIPIENT_missing==True)->[INITIATOR_definite] [shot_a] [WEAPON_projectile_label].</li>
    <li>r_logentry(RECIPIENT_missing==True)->[INITIATOR_definite] [shot] [INITIATOR_possessive] [WEAPON_label].</li>
    <li>shot_a->[skillAdv] [shot_a_verb]</li>
    <li>shot_a(p=2)->[shot_a_verb]</li>
    <li>shot(p=2)->[shot_verb]</li>
    <li>shot->[skillAdv] [shot_verb]</li>
    <li>shotat->стреляет [aburst] в</li>
    <li>shotat->[skillAdv] стреляет [aburst] в</li>
    <li>shotat(p=0.5)->пытается попасть в</li>
    <li>shotat(p=0.3)->производит [skillAdj] выстрел в</li>
    <li>shotat(p=0.2)->[skillAdv] производит выстрел в</li>
    <li>shotat(p=0.5)->целится и стреляет [aburst] в</li>
    <li>shotat(p=0.3)->открывает огонь по</li>
    <li>aburst-></li>
    <li>aburst(burst==True,p=3)->очередью</li>
    <li>shot_a_verb->выстреливает</li>
    <li>shot_a_verb->пускает</li>
    <li>shot_a_verb->выпускает</li>
    <li>shot_verb->спускает</li>
    <li>shot_verb->разряжает</li>
  </Combat_RangedFire.rulePack.rulesStrings>
  
  <!-- EN:
    <li>r_logentry->[INITIATOR_definite] [threw] [INITIATOR_possessive] [WEAPON_projectile_label] at [RECIPIENT_definite].</li>
    <li>r_logentry->[INITIATOR_definite] [threw_a] [WEAPON_projectile_label] at [RECIPIENT_definite].</li>
    <li>r_logentry(RECIPIENT_missing==True)->[INITIATOR_definite] [threw] [INITIATOR_possessive] [WEAPON_projectile_label].</li>
    <li>r_logentry(RECIPIENT_missing==True)->[INITIATOR_definite] [threw_a] [WEAPON_projectile_label].</li>
    <li>threw_a->[adverb_threw] [verb_threw] a</li>
    <li>threw_a(p=2)->[verb_threw] a</li>
    <li>threw(p=2)->[verb_threw]</li>
    <li>threw->[adverb_threw] [verb_threw]</li>
    <li>verb_threw->threw</li>
    <li>verb_threw->flung</li>
    <li>verb_threw->launched</li>
    <li>adverb_threw->carefully</li>
    <li>adverb_threw->quickly</li>
    <li>adverb_threw->precisely</li>
    <li>adverb_threw->deliberately</li>
    <li>adverb_threw(initiator_flesh!=Mechanoid)->gingerly</li>
    <li>adverb_threw->precisely</li>
    <li>adverb_threw(initiator_flesh!=Mechanoid)->warily</li>
    <li>adjective_threw->careful</li>
    <li>adjective_threw->quick</li>
    <li>adjective_threw->deliberate</li>
    <li>adjective_threw->precise</li>
    <li>adjective_threw(initiator_flesh!=Mechanoid)->wary</li>
  -->
  <Combat_RangedFire_Thrown.rulePack.rulesStrings>
    <li>r_logentry->[INITIATOR_definite] [threw] [INITIATOR_possessive] [WEAPON_projectile_label] в [RECIPIENT_definite].</li>
    <li>r_logentry->[INITIATOR_definite] [threw] [WEAPON_projectile_label] в [RECIPIENT_definite].</li>
    <li>r_logentry(RECIPIENT_missing==True)->[INITIATOR_definite] [threw] [INITIATOR_possessive] [WEAPON_projectile_label].</li>
    <li>r_logentry(RECIPIENT_missing==True)->[INITIATOR_definite] [threw] [WEAPON_projectile_label].</li>
    <li>threw(p=2)->[threwverb]</li>
    <li>threw->[threwadverb] [threwverb]</li>
    <li>threw->[skillAdv] [threwverb]</li>
    <li>threwverb->кидает</li>
    <li>threwverb->бросает</li>
    <li>threwverb->швыряет</li>
    <li>threwadverb->аккуратно</li>
    <li>threwadverb->быстро</li>
    <li>threwadverb->метко</li>
    <li>threwadverb->решительно</li>
    <li>threwadverb(initiator_flesh!=Mechanoid)->робко</li>
    <li>threwadverb->точно</li>
    <li>threwadverb(initiator_flesh!=Mechanoid)->с опаской</li>
  </Combat_RangedFire_Thrown.rulePack.rulesStrings>
  
  <!-- EN:
    <li>r_logentry->[INITIATOR_definite]'s [WEAPON_projectile_label] [missed].</li>
    <li>r_logentry->[INITIATOR_definite] missed [ORIGINALTARGET_definite].</li>
    <li>r_logentry->[ORIGINALTARGET_definite] [avoidance], [INITIATOR_definite]'s [WEAPON_projectile_label] [missing].</li>
    <li>missed(p=4)->missed</li>
    <li>missed(p=2)->missed by a small margin</li>
    <li>missed(p=2)->missed by a wide margin</li>
    <li>missed->went wide</li>
    <li>missed->flew into the air</li>
    <li>missed->flew high into the air</li>
    <li>missed->dug into the ground</li>
    <li>missed->skipped off the ground and was lost</li>
    <li>missed->dug a divot out of the ground</li>
    <li>missed(p=0.2)->passed within millimeters of [ORIGINALTARGET_definite]</li>
    <li>missed->passed within centimeters of [ORIGINALTARGET_definite]</li>
    <li>missed->passed within a meter of [ORIGINALTARGET_definite]</li>
    <li>missed->was blown off course</li>
    <li>missing->missing</li>
    <li>missing->missing by a small margin</li>
    <li>missing->missing by a wide margin</li>
    <li>missing->going wide</li>
    <li>missing->flying into the air</li>
    <li>missing->flying high into the air</li>
    <li>missing->digging into the ground</li>
    <li>missing->skipping off the ground and becoming lost</li>
    <li>missing->digging a divot out of the ground</li>
    <li>missing(p=0.2)->passing within millimeters of [ORIGINALTARGET_definite]</li>
    <li>missing->passing within centimeters of [ORIGINALTARGET_definite]</li>
    <li>missing->passing within a meter of [ORIGINALTARGET_definite]</li>
    <li>missing->blowing offcourse</li>
    <li>avoidance(ORIGINALTARGET_mobile==True,p=2)->[moved] aside at the last [moment]</li>
    <li>avoidance(ORIGINALTARGET_mobile==True,p=0.3)->[ducked] behind [COVER_definite]</li>
    <li>moved->moved</li>
    <li>moved->jerked</li>
    <li>moved->jolted</li>
    <li>moved->ducked</li>
    <li>moment->moment</li>
    <li>moment->second</li>
    <li>moment->instant</li>
    <li>ducked->ducked</li>
    <li>ducked->crouched</li>
    <li>ducked->bent down</li>
    <li>ducked->hid</li>
  -->
  <Combat_RangedMiss.rulePack.rulesStrings>
    <li>r_logentry->[WEAPON_projectile_label] [INITIATOR_definite] [missing_projectile].</li>
    <li>r_logentry->[INITIATOR_definite] [missing_initiator].</li>
    <li>r_logentry->[ORIGINALTARGET_definite] [avoidance], [WEAPON_projectile_label] [INITIATOR_definite] [missing_projectile].</li>
    <li>missing_projectile(p=4)->проходит мимо [ORIGINALTARGET_definite]</li>
    <li>missing_projectile(p=2)->почти попадает по [ORIGINALTARGET_definite]</li>
    <li>missing_projectile(p=2)->проходит далеко от [ORIGINALTARGET_definite]</li>
    <li>missing_projectile->не попадает по [ORIGINALTARGET_definite]</li>
    <li>missing_projectile->улетает в молоко</li>
    <li>missing_projectile->улетает высоко в воздух</li>
    <li>missing_projectile->летит в землю</li>
    <li>missing_projectile->рикошетит от укрытия [ORIGINALTARGET_definite]</li>
    <li>missing_projectile->отскакивает от земли и теряется из виду</li>
    <li>missing_projectile->оставляет дырку в земле</li>
    <li>missing_projectile(p=0.2)->проходит в миллиметре от [ORIGINALTARGET_definite]</li>
    <li>missing_projectile->проходит в сантиметре от [ORIGINALTARGET_definite]</li>
    <li>missing_projectile->проходит в метре от [ORIGINALTARGET_definite]</li>
    <li>missing_projectile->отклоняется от нужной траектории</li>
    <li>missing_initiator->промахивается по [ORIGINALTARGET_definite]</li>
    <li>missing_initiator->почти попадает по [ORIGINALTARGET_definite]</li>
    <li>missing_initiator->серьёзно промахивается</li>
    <li>missing_initiator->мажет</li>
    <li>missing_initiator->стреляет в молоко</li>
    <li>missing_initiator->попадает непонятно куда</li>
    <li>missing_initiator->попадает в землю</li>
    <li>missing_initiator->попадает в землю рядом с [ORIGINALTARGET_definite]</li>
    <li>missing_initiator->своим выстрелом делает дырку в земле</li>
    <li>missing_initiator(p=0.2)->попадает в миллиметре от [ORIGINALTARGET_definite]</li>
    <li>missing_initiator->попадает в сантиметре от [ORIGINALTARGET_definite]</li>
    <li>missing_initiator->попадает в метре от [ORIGINALTARGET_definite]</li>
    <li>missing_initiator->сбивается при выстреле</li>
    <li>avoidance(ORIGINALTARGET_mobile==True)->отпрыгивает в последний момент</li>
    <li>avoidance(ORIGINALTARGET_mobile==True)->бросается на землю</li>
    <li>avoidance(ORIGINALTARGET_mobile==True,p=0.3)->присаживается за ближайшим укрытием</li>
    <li>avoidance(ORIGINALTARGET_mobile==True,p=0.3)->отпрыгивает за ближайшее укрытие</li>
  </Combat_RangedMiss.rulePack.rulesStrings>
  
</LanguageData>