﻿<?xml version="1.0" encoding="UTF-8"?>
<LanguageData>
  
  <!-- EN:
    <li>damaged_past(p=2)->blasted</li>
    <li>damaged_past(p=2)->exploded</li>
    <li>damaged_past->injured</li>
    <li>damaged_past->damaged</li>
    <li>damaged_past->wounded</li>
    <li>damaged_past->hurt</li>
    <li>destroyed_past->shattered</li>
    <li>destroyed_past->crushed</li>
    <li>destroyed_past->obliterated</li>
    <li>destroyed_past->annihilated</li>
    <li>destroyed_past->detonated</li>
  -->
  <Damage_Bomb.rulePack.rulesStrings>
    <li>damaged(p=2)->разрывает</li>
    <li>damaged(p=2)->травмирует</li>
    <li>damaged->ранит</li>
    <li>damaged->повреждает</li>
    <li>damaged->поражает</li>
    <li>damaged->наносит взрывную травму</li>
    <li>destroyed->раздробляет</li>
    <li>destroyed->распыляет</li>
    <li>destroyed->уничтожает</li>
    <li>destroyed->разбрызгивает</li>
    <li>destroyed->взрывает</li>
  </Damage_Bomb.rulePack.rulesStrings>
  
  <!-- EN:
    <li>damaged_past->electrified</li>
    <li>damaged_past->shocked</li>
    <li>damaged_past->zapped</li>
    <li>destroyed_past->damaged_past</li>
  -->
  <Damage_EMP.rulePack.rulesStrings>
    <li>damaged->электризует</li>
    <li>damaged->бьёт током</li>
    <li>damaged->«заряжает»</li>
    <li>destroyed->[damaged]</li>
  </Damage_EMP.rulePack.rulesStrings>
  
  <!-- EN:
    <li>damaged_past->extinguished</li>
    <li>damaged_past->swamped</li>
    <li>damaged_past->foamed</li>
    <li>damaged_past->quenched</li>
    <li>destroyed_past->damaged_past</li>
  -->
  <Damage_Extinguish.rulePack.rulesStrings>
    <li>damaged->покрывает пеной</li>
    <li>damaged->запенивает</li>
    <li>damaged->заливает</li>
    <li>damaged->тушит пеной</li>
    <li>destroyed->[damaged]</li>
  </Damage_Extinguish.rulePack.rulesStrings>
  
  <!-- EN:
    <li>damaged_past(p=2)->blasted</li>
    <li>damaged_past(p=2)->scorched</li>
    <li>damaged_past(p=2)->burned</li>
    <li>damaged_past(p=2)->blistered</li>
    <li>damaged_past(p=2)->ignited</li>
    <li>damaged_past(p=2)->seared</li>
    <li>damaged_past->injured</li>
    <li>damaged_past->damaged</li>
    <li>damaged_past->wounded</li>
    <li>damaged_past->hurt</li>
    <li>damaged_present(p=2)->blasting</li>
    <li>damaged_present(p=2)->scorching</li>
    <li>damaged_present(p=2)->burning</li>
    <li>damaged_present(p=2)->blistering</li>
    <li>damaged_present(p=2)->igniting</li>
    <li>damaged_present(p=2)->searing</li>
    <li>damaged_present->injuring</li>
    <li>damaged_present->damaging</li>
    <li>damaged_present->wounding</li>
    <li>damaged_present->hurting</li>
    <li>destroyed_past->cremated</li>
    <li>destroyed_past->incinerated</li>
    <li>destroyed_past->charred</li>
    <li>destroyed_past->obliterated</li>
    <li>destroyed_past->annihilated</li>
    <li>destroyed_past->detonated</li>
    <li>destroyed_present->cremating</li>
    <li>destroyed_present->incinerating</li>
    <li>destroyed_present->charring</li>
    <li>destroyed_present->obliterating</li>
    <li>destroyed_present->annihilating</li>
    <li>destroyed_present->detonating</li>
  -->
  <Damage_Flame.rulePack.rulesStrings>
    <li>damaged(p=2)->жарит</li>
    <li>damaged(p=2)->опаливает</li>
    <li>damaged(p=2)->обжигает</li>
    <li>damaged(p=2)->покрывает ожогами</li>
    <li>damaged(p=2)->поджигает</li>
    <li>damaged(p=2)->жжёт</li>
    <li>damaged->ранит</li>
    <li>damaged->повреждает</li>
    <li>damaged->поражает</li>
    <li>damaged->наносит ожог</li>
    <li>damaged_participle(p=2)->жаря</li>
    <li>damaged_participle(p=2)->опаливая</li>
    <li>damaged_participle(p=2)->обжигая</li>
    <li>damaged_participle(p=2)->покрывая ожогами</li>
    <li>damaged_participle(p=2)->поджигая</li>
    <li>damaged_participle(p=2)->запекая</li>
    <li>damaged_participle->раня</li>
    <li>damaged_participle->повреждая</li>
    <li>damaged_participle->поражая</li>
    <li>damaged_participle->нанося ожог</li>
    <li>destroyed->испепеляет</li>
    <li>destroyed->сжигает</li>
    <li>destroyed->обугливает</li>
    <li>destroyed->уничтожает</li>
    <li>destroyed->превращает в пепел</li>
    <li>destroyed->сжигает дотла</li>
    <li>destroyed_participle->испепеляя</li>
    <li>destroyed_participle->сжигая</li>
    <li>destroyed_participle->обугливая</li>
    <li>destroyed_participle->уничтожая</li>
    <li>destroyed_participle->превращая в пепел</li>
    <li>destroyed_participle->сжигая дотла</li>
  </Damage_Flame.rulePack.rulesStrings>
  
  <!-- EN:
    <li>damaged_past->smoked</li>
    <li>damaged_past->fogged</li>
    <li>damaged_past->clouded</li>
    <li>destroyed_past->damaged_past</li>
  -->
  <Damage_Smoke.rulePack.rulesStrings>
    <li>damaged->задымляет</li>
    <li>damaged->окутывает дымом</li>
    <li>damaged->покрывает дымом</li>
    <li>destroyed->[damaged]</li>
  </Damage_Smoke.rulePack.rulesStrings>
  
  <!-- EN:
    <li>damaged_past->stunned</li>
    <li>damaged_past->confused</li>
    <li>damaged_past->stopped</li>
    <li>damaged_past->dizzied</li>
    <li>destroyed_past->damaged_past</li>
  -->
  <Damage_Stun.rulePack.rulesStrings>
    <li>damaged->останавливает</li>
    <li>damaged->сбивает с толку</li>
    <li>damaged->оглушает</li>
    <li>destroyed->[damaged]</li>
  </Damage_Stun.rulePack.rulesStrings>
  
</LanguageData>