﻿<?xml version="1.0" encoding="UTF-8"?>
<LanguageData>
  
  <!-- EN:
    <li>story->Words/Nouns/Stories</li>
  -->
  <NamerScenario.rulePack.rulesFiles>
    <li>story->Words/Nouns/Stories</li>
  </NamerScenario.rulePack.rulesFiles>
  <!-- EN:
    <li>r_name->[story] [Trans] the [Weapon]</li>
    <li>r_name->[story] [Trans] the [Animal]</li>
    <li>r_name->[story] [Trans] the [TerrainFeature]</li>
    <li>r_name->[story] [Trans] [PersonJob]s</li>
    <li>r_name->[story] [Trans] [ConceptAny]</li>
    <li>r_name->[ConceptAny] [story]</li>
    <li>r_name->[story] [Trans] a [Community]</li>
    <li>r_name->a [AdjectiveAny] [story]</li>
    <li>r_name->[story] [Trans] the [Game]</li>
    <li>r_name->[story] in [Color] and [Color]</li>
    <li>r_name->[Color] [story]</li>
    <li>r_name->[story] [RomanNumeral]</li>
  -->
  <NamerScenario.rulePack.rulesStrings>
    <li>r_name->[story] про [Weapon_acc]</li>
    <li>r_name->[story] про [Animal]</li>
    <li>r_name->[story] про [TerrainFeature]</li>
    <li>r_name->[story] про [Outlander]</li>
    <li>r_name->[story] [ConceptAny]</li>
    <li>r_name->[story] [ConceptAny]</li>
    <li>r_name->[story] про [Community]</li>
    <li>r_name->[AdjectiveAny] [story]</li>
    <li>r_name->[story] про [Game]</li>
    <li>r_name->[story] в [Color] и [Color] цветах</li>
    <li>r_name->[Color] [story]</li>
    <li>r_name->[story] [RomanNumeral]</li>
  </NamerScenario.rulePack.rulesStrings>
  
</LanguageData>