﻿<?xml version="1.0" encoding="UTF-8"?>
<LanguageData>
  
  <!-- EN: arms -->
  <Arms.label>руки</Arms.label>
  
  <!-- EN: beak -->
  <Beak.label>клюв</Beak.label>
  
  <!-- EN: eyes -->
  <Eyes.label>глаза</Eyes.label>
  
  <!-- EN: feet -->
  <Feet.label>стопы</Feet.label>
  
  <!-- EN: front left claws -->
  <FrontLeftClaws.label>левые передние когти</FrontLeftClaws.label>
  <!-- EN: claws -->
  <FrontLeftClaws.labelShort>когти</FrontLeftClaws.labelShort>
  
  <!-- EN: front left leg -->
  <FrontLeftLeg.label>левая передняя нога</FrontLeftLeg.label>
  <!-- EN: leg -->
  <FrontLeftLeg.labelShort>нога</FrontLeftLeg.labelShort>
  
  <!-- EN: front left paw -->
  <FrontLeftPaw.label>левая передняя лапа</FrontLeftPaw.label>
  <!-- EN: paw -->
  <FrontLeftPaw.labelShort>лапа</FrontLeftPaw.labelShort>
  
  <!-- EN: front right claws -->
  <FrontRightClaws.label>правые передние когти</FrontRightClaws.label>
  <!-- EN: claws -->
  <FrontRightClaws.labelShort>когти</FrontRightClaws.labelShort>
  
  <!-- EN: front right leg -->
  <FrontRightLeg.label>правая передняя нога</FrontRightLeg.label>
  <!-- EN: leg -->
  <FrontRightLeg.labelShort>нога</FrontRightLeg.labelShort>
  
  <!-- EN: front right paw -->
  <FrontRightPaw.label>правая передняя лапа</FrontRightPaw.label>
  <!-- EN: paw -->
  <FrontRightPaw.labelShort>лапа</FrontRightPaw.labelShort>
  
  <!-- EN: full head -->
  <FullHead.label>голова</FullHead.label>
  
  <!-- EN: hands -->
  <Hands.label>ладони</Hands.label>
  
  <!-- EN: head -->
  <HeadAttackTool.label>голова</HeadAttackTool.label>
  
  <!-- EN: claw -->
  <HeadClaw.label>клешня</HeadClaw.label>
  
  <!-- EN: horn -->
  <HornAttackTool.label>рог</HornAttackTool.label>
  
  <!-- EN: left blade -->
  <LeftBlade.label>левый клинок</LeftBlade.label>
  <!-- EN: blade -->
  <LeftBlade.labelShort>клинок</LeftBlade.labelShort>
  
  <!-- EN: left fist -->
  <LeftHand.label>левый кулак</LeftHand.label>
  <!-- EN: fist -->
  <LeftHand.labelShort>кулак</LeftHand.labelShort>
  
  <!-- EN: legs -->
  <Legs.label>ноги</Legs.label>
  
  <!-- EN: middle finger -->
  <MiddleFingers.label>средний палец</MiddleFingers.label>
  <!-- EN: finger -->
  <MiddleFingers.labelShort>палец</MiddleFingers.labelShort>
  
  <!-- EN: mouth -->
  <Mouth.label>рот</Mouth.label>
  
  <!-- EN: neck -->
  <Neck.label>шея</Neck.label>
  
  <!-- EN: right blade -->
  <RightBlade.label>правый клинок</RightBlade.label>
  <!-- EN: blade -->
  <RightBlade.labelShort>клинок</RightBlade.labelShort>
  
  <!-- EN: right fist -->
  <RightHand.label>правый кулак</RightHand.label>
  <!-- EN: fist -->
  <RightHand.labelShort>кулак</RightHand.labelShort>
  
  <!-- EN: shoulders -->
  <Shoulders.label>плечи</Shoulders.label>
  
  <!-- EN: teeth -->
  <Teeth.label>зубы</Teeth.label>
  
  <!-- EN: torso -->
  <Torso.label>торс</Torso.label>
  
  <!-- EN: beak -->
  <TurtleBeakAttackTool.label>клюв</TurtleBeakAttackTool.label>
  
  <!-- EN: tusks -->
  <TuskAttackTool.label>бивни</TuskAttackTool.label>
  
  <!-- EN: upper head -->
  <UpperHead.label>верхняя часть головы</UpperHead.label>
  
  <!-- EN: utility slot -->
  <Waist.label>доп. снаряжение</Waist.label>
  
</LanguageData>