﻿<?xml version="1.0" encoding="UTF-8"?>
<LanguageData>
  
  <!-- EN: aurora -->
  <Aurora.label>полярное сияние</Aurora.label>
  <!-- EN: An aurora is lighting up the sky. The breathtaking display will boost the mood of anyone outside to see it. -->
  <Aurora.description>Яркие сполохи полярного сияния озарили небеса. Это потрясающее зрелище пленит взгляд тех, кому посчастливится в этот момент оказаться на улице.</Aurora.description>
  <!-- EN: The aurora is ending. -->
  <Aurora.endMessage>Полярное сияние закончилось.</Aurora.endMessage>
  <!-- EN: A beautiful aurora is lighting up the sky.\n\nThe undulating colors will boost the mood of anyone outside to see them, and make the night brighter. -->
  <Aurora.letterText>Яркие сполохи полярного сияния озарили небеса.\n\nЗавораживающее зрелище вздымающихся разноцветных волн наполнит ночное небо светом и порадует тех, кому посчастливится в этот момент оказаться на улице.</Aurora.letterText>
  
  <!-- EN: climate cycle -->
  <ClimateCycle.label>климатический цикл</ClimateCycle.label>
  <!-- EN: A multi-year climate cycle due to an elliptical orbit. -->
  <ClimateCycle.description>Многолетние регулярные колебания климата из-за эллиптичности орбиты.</ClimateCycle.description>
  
  <!-- EN: cold snap -->
  <ColdSnap.label>резкое похолодание</ColdSnap.label>
  <!-- EN: An unusual cold snap is freezing the region. -->
  <ColdSnap.description>Необычайно резкое похолодание накрывает местность.</ColdSnap.description>
  <!-- EN: a front of cold air will cool the area around [map_definite] for [gameConditionDuration_duration], harming crops and any person or animal without adequate protection -->
  <ColdSnap.descriptionFuture>фронт холодного воздуха будет охлаждать [map_definite] и близлежащие окрестности на протяжении [gameConditionDuration_duration], нанося вред посевам. Подвергнутся опасности жизни людей, одетых не по погоде, и животных вне отапливаемых помещений.</ColdSnap.descriptionFuture>
  <!-- EN: The cold snap is over. -->
  <ColdSnap.endMessage>Заморозки закончились.</ColdSnap.endMessage>
  <!-- EN: An unusual cold snap has set in.\n\nCold snaps can quickly kill by hypothermia. Be sure to build a heated space to survive, wear appropriate apparel, and try to harvest crops before they freeze and die. -->
  <ColdSnap.letterText>Установился необычайный мороз.\n\nОпасайтесь гипотермии у поселенцев и замерзания посевных культур. Убедитесь, что у вас есть отапливаемое помещение, наденьте подходящую одежду и постарайтесь собрать урожай, пока растения не погибли от холода.</ColdSnap.letterText>
  
  <!-- EN: eclipse -->
  <Eclipse.label>затмение</Eclipse.label>
  <!-- EN: An eclipse is shadowing the surface. It will be dark, even during the daytime. -->
  <Eclipse.description>Затмение накрыло поверхность планеты. Будет темно, даже в дневное время.</Eclipse.description>
  <!-- EN: The eclipse is ending. -->
  <Eclipse.endMessage>Затмение прошло.</Eclipse.endMessage>
  <!-- EN: One of the moons of this planet has orbited in front of the sun. An eclipse has begun. -->
  <Eclipse.letterText>Одна из лун оказалась в точке между планетой и солнцем. Началось солнечное затмение.</Eclipse.letterText>
  
  <!-- EN: flashstorm -->
  <Flashstorm.label>грозовой шторм</Flashstorm.label>
  <!-- EN: A freak localized storm is blasting a small area with repeated lightning strikes. -->
  <Flashstorm.description>Необычайное количество молний бьют по небольшой территории.</Flashstorm.description>
  <!-- EN: The flashstorm is over. -->
  <Flashstorm.endMessage>Грозовой шторм прошёл.</Flashstorm.endMessage>
  <!-- EN: A freak localized flashstorm is striking a small area with lightning. This can cause massive fires. -->
  <Flashstorm.letterText>Необычайное количество молний бьют по небольшой территории. Это может стать причиной огромного пожара.</Flashstorm.letterText>
  
  <!-- EN: heat wave -->
  <HeatWave.label>жара</HeatWave.label>
  <!-- EN: An extreme wave of heat is baking the area. -->
  <HeatWave.description>Сильнейшая жара иссушает окрестности.</HeatWave.description>
  <!-- EN: a heat wave will bake the area around [map_definite] for [gameConditionDuration_duration], harming crops and possibly killing people or animals in uncooled areas -->
  <HeatWave.descriptionFuture>жара будет иссушать [map_definite] и близлежащие окрестности на протяжении [gameConditionDuration_duration], нанося вред посевам. А животные и люди, оказавшиеся вне охлаждаемых помещений, могут пострадать от тепловых ударов.</HeatWave.descriptionFuture>
  <!-- EN: The heat wave is over. -->
  <HeatWave.endMessage>Жара прошла.</HeatWave.endMessage>
  <!-- EN: An unusual heat wave has begun.\n\nHeat waves can induce deadly heatstroke. Stay cool by building either a passive or electric cooler, or by getting deep underground where the rocks are naturally cool. -->
  <HeatWave.letterText>Началась необычайно сильная жара.\n\nОпасайтесь тепловых ударов: они очень опасны. Понижайте температуру в помещениях при помощи испарительного охладителя или кондиционера, или скройтесь глубоко под землёй, где горная порода сохраняет естественную прохладу.</HeatWave.letterText>
  
  <!-- EN: planetkiller -->
  <Planetkiller.label>разрушитель планет</Planetkiller.label>
  <!-- EN: An interstellar planetkiller weapon is approaching this planet. It will smash the planet apart like a rifle bullet hitting an egg, annihilating all life. -->
  <Planetkiller.description>Межзвёздное оружие приближается к этой планете. Оно разнесёт её на части, как пуля куриное яйцо.</Planetkiller.description>
  
  <!-- EN: psychic drone -->
  <PsychicDrone.label>гул</PsychicDrone.label>
  <!-- EN: A distant archotech is emitting psychic signals through an orbital amplifier, driving people towards insanity. -->
  <PsychicDrone.description>Далёкий ИИ-архотек излучает психоактивные сигналы. Они достигают планеты посредством орбитального усилителя и сводят людей с ума.</PsychicDrone.description>
  <!-- EN: a [psychicDroneLevel] psychic drone will buzz the area around [map_definite] for [gameConditionDuration_duration], pushing all people of the [psychicDroneGender] gender towards insanity -->
  <PsychicDrone.descriptionFuture>над [map_definite] будет раздаваться [psychicDroneLevel] психоактивный гул. Он будет продолжаться [gameConditionDuration_duration], сводя с ума людей [psychicDroneGender]</PsychicDrone.descriptionFuture>
  <!-- EN: The psychic drone is ending. -->
  <PsychicDrone.endMessage>Гул прекратился.</PsychicDrone.endMessage>
  <!-- EN: Every {0} colonist feels a wave of anxiety and anger!\n\nSome distant engine of hatred is stirring. It is projecting a psychic drone onto this site through an orbital amplifier, tuned to only affect {0}s. For a few days, some people's mood will be quite a bit worse.\n\nThe drone level is {1}. -->
  <PsychicDrone.letterText>Все ^Replace( {0} | 'мужчина'-'мужчины' | 'женщина'-'женщины')^ ощущают прилив тревоги и гнева.\n\nДалёкий генератор ненависти испускает волны психоактивного гула. Сигнал достигает поверхности благодаря орбитальному усилителю, настроенному, чтобы воздействовать только на ^Replace( {0} | 'мужчина'-'мужчин' | 'женщина'-'женщин')^. На несколько дней их настроение немного ухудшится.\n\nУровень гула — {1}.</PsychicDrone.letterText>
  
  <!-- EN: psychic soothe -->
  <PsychicSoothe.label>умиротворение</PsychicSoothe.label>
  <!-- EN: A distant archotech is emitting psychic signals through an orbital amplifier, calming people and stabilizing their minds. -->
  <PsychicSoothe.description>Далёкий ИИ-архотек излучает психоактивные сигналы. Они достигают планеты при помощи орбитального усилителя, успокаивая людей и стабилизируя их эмоциональное состояние..</PsychicSoothe.description>
  <!-- EN: The psychic soothe is ending. -->
  <PsychicSoothe.endMessage>Умиротворение закончилось.</PsychicSoothe.endMessage>
  <!-- EN: Every {0} colonist smiles with contentment!\n\nSome distant engine of happiness is stirring. It is projecting a psychic drone onto this site through an orbital amplifier, tuned to only affect {0}s. For a few days, some people's mood will be quite a bit better. -->
  <PsychicSoothe.letterText>Лица ваших ^Replace( {0} | 'мужчина'-'мужчин' | 'женщина'-'женщин')^ озаряет улыбка!\n\nДалёкий генератор счастья испускает свои сигналы. Психоактивный гул достигает поверхности благодаря орбитальному усилителю, настроенному, чтобы воздействовать только на ^Replace( {0} | 'мужчина'-'мужчин' | 'женщина'-'женщин')^. На несколько дней их настроение немного улучшится.</PsychicSoothe.letterText>
  
  <!-- EN: solar flare -->
  <SolarFlare.label>солнечная вспышка</SolarFlare.label>
  <!-- EN: A solar flare is blasting the planet. The electromagnetic interference will prevent most electrical devices from working. -->
  <SolarFlare.description>Поток заряженных частиц от мощной солнечной вспышки достигает планеты. Возникающее электромагнитное возмущение выведет из строя большинство электрических устройств.</SolarFlare.description>
  <!-- EN: The solar flare is ending. -->
  <SolarFlare.endMessage>Солнечная вспышка прошла.</SolarFlare.endMessage>
  <!-- EN: A solar flare has begun.\n\nThe intense radiation will shut down all electrical devices.\n\nIt should pass in about a day. -->
  <SolarFlare.letterText>Произошла солнечная вспышка.\n\nИз-за возникающих электромагнитных возмущений откажет большинство электрических устройств.\n\nВспышка продлится около суток.</SolarFlare.letterText>
  
  <!-- EN: toxic fallout -->
  <ToxicFallout.label>токсичные осадки</ToxicFallout.label>
  <!-- EN: A plume of toxic dust from some distant source is slowly settling over this entire region. Any living thing not under a roof will be slowly poisoned, and items left outside will corrode. -->
  <ToxicFallout.description>Шлейф далёкого химического выброса медленно распространяется надо всем регионом. Любое живое существо, оказавшееся на открытой местности, будет получать ожоги из-за ядовитой пыли в атмосфере, а предметы подвергнутся коррозии.</ToxicFallout.description>
  <!-- EN: a cloud of toxic fallout will blanket the area around [map_definite] for [gameConditionDuration_duration], killing outdoor plant and animal life -->
  <ToxicFallout.descriptionFuture>облако химического выброса накроет [map_definite] и окрестности на [gameConditionDuration_duration], вредя животным и растениям на открытой местности.</ToxicFallout.descriptionFuture>
  <!-- EN: The worst of the toxic fallout has settled. -->
  <ToxicFallout.endMessage>Выпадение токсичных осадков прекратилось.</ToxicFallout.endMessage>
  <!-- EN: A distant chemical fire has released a plume of poison over this entire region.\n\nAny person or creature not under a roof will be slowly sickened by the toxic dust settling out of the atmosphere.\n\nIt will last for anywhere between a few days to over a quadrum. -->
  <ToxicFallout.letterText>Шлейф далёкого химического выброса накрыл весь регион.\n\nЛюбое живое существо, оказавшееся на открытой местности, будет получать ожоги из-за ядовитой пыли в атмосфере, а предметы — быстро ветшать.\n\nОсадки могут закончиться как через несколько дней, так и через квартал.</ToxicFallout.letterText>
  
  <!-- EN: volcanic winter -->
  <VolcanicWinter.label>вулканическая зима</VolcanicWinter.label>
  <!-- EN: Some distant volcano or fire is choking the atmosphere with ash, significantly reducing the amount of light which reaches the surface. Temperatures will be colder and plants will grow slower. -->
  <VolcanicWinter.description>Произошло извержение далёкого вулкана. Килотонны пепла, попавшие в атмосферу, серьёзно сократили количество света, достигающего поверхности. Температура воздуха понизится, и растения будут расти медленнее.</VolcanicWinter.description>
  <!-- EN: a layer of ash will be desposited in the upper atmosphere, reducing sunlight around [map_definite] for [gameConditionDuration_duration], seriously harming the local ecosystem -->
  <VolcanicWinter.descriptionFuture>большие объёмы вулканического пепла окажутся в верхних слоях атмосферы, [map_definite] погрузится в полумрак на [gameConditionDuration_duration]. Местной экосистеме будет нанесён серьёзный ущерб.</VolcanicWinter.descriptionFuture>
  <!-- EN: Most of the ash has settled. -->
  <VolcanicWinter.endMessage>Большая часть вулканического пепла осела.</VolcanicWinter.endMessage>
  <!-- EN: Some distant volcano or fire has begun spewing massive quantities of ash into the atmosphere.\n\nAsh in the atmosphere will obscure the sun. Temperatures will drop and plants will suffer for lack of sunlight. It could pass in a few weeks, or it might last many quadrums. -->
  <VolcanicWinter.letterText>Из-за далёкого извержения вулкана или лесного пожара в атмосферу попали миллионы кубических километров пепла, затмившие солнце.\n\nОжидается похолодание и недостаток солнечного света для растений. Вулканическая зима может закончиться через пару недель, а может растянуться на долгие кварталы.</VolcanicWinter.letterText>
  
</LanguageData>