﻿<?xml version="1.0" encoding="utf-8" ?>
<Defs>

  <ScenarioDef>
    <defName>OrassanScenario</defName>
    <label>Expansion</label>
    <description>The five of you arrive at a new location to set up a new outpost.</description>
    <scenario>
      <summary>The five of you arrive at a new location to set up a new outpost.</summary>
     <playerFaction>
			<def>PlayerFaction</def>
			<factionDef>OrassanPlayerColony</factionDef>
		</playerFaction>
		<parts>
			<li Class="ScenPart_ConfigPage_ConfigureStartingPawns">
				<def>ConfigPage_ConfigureStartingPawns</def>
				<pawnCount>5</pawnCount>
			</li>
			<li Class="ScenPart_PlayerPawnsArriveMethod">
				<def>PlayerPawnsArriveMethod</def>
				<method>Standing</method>
			</li>
			<li Class="ScenPart_StartingThing_Defined">
				<def>StartingThing_Defined</def>
				<thingDef>Silver</thingDef>
				<count>800</count>
			</li>
			<li Class="ScenPart_StartingThing_Defined">
				<def>StartingThing_Defined</def>
				<thingDef>MealSurvivalPack</thingDef>
				<count>50</count>
			</li>
			<li Class="ScenPart_StartingThing_Defined">
				<def>StartingThing_Defined</def>
				<thingDef>MedicineIndustrial</thingDef>
				<count>50</count>
			</li>
			<li Class="ScenPart_StartingThing_Defined">
				<def>StartingThing_Defined</def>
				<thingDef>ComponentIndustrial</thingDef>
				<count>50</count>
			</li>
			<li Class="ScenPart_StartingAnimal">
				<def>StartingAnimal</def>
				<animalKind>Ori</animalKind>
				<count>2</count>
				<bondToRandomPlayerPawnChance>1</bondToRandomPlayerPawnChance>
			</li>
			<li Class="ScenPart_ScatterThingsNearPlayerStart">
				<def>ScatterThingsNearPlayerStart</def>
				<thingDef>Steel</thingDef>
				<count>600</count>
			</li>
			<li Class="ScenPart_ScatterThingsNearPlayerStart">
				<def>ScatterThingsNearPlayerStart</def>
				<thingDef>WoodLog</thingDef>
				<count>300</count>
			</li>
			<li Class="ScenPart_ScatterThingsAnywhere">
				<def>ScatterThingsAnywhere</def>
				<thingDef>Steel</thingDef>
				<count>720</count>
			</li>
		</parts>
    </scenario>
  </ScenarioDef>
  
</Defs>