﻿<?xml version="1.0" encoding="UTF-8"?>
<LanguageData>
  
  <!-- EN: butchery efficiency -->
  <ButcheryFleshEfficiency.label>эффективность разделки</ButcheryFleshEfficiency.label>
  <!-- EN: The amount of meat produced when butchering flesh creatures.\n\nThe actual amount is also related to the creature's size. -->
  <ButcheryFleshEfficiency.description>Множитель количества мяса, получаемого при разделке туш животных.\n\nФактическое количество мяса зависит также от размеров животного.</ButcheryFleshEfficiency.description>
  
  <!-- EN: butchery speed -->
  <ButcheryFleshSpeed.label>скорость разделки</ButcheryFleshSpeed.label>
  <!-- EN: The speed at which this person butchers flesh creatures. -->
  <ButcheryFleshSpeed.description>Скорость, с которой персонаж разделывает туши животных.</ButcheryFleshSpeed.description>
  
  <!-- EN: mechanoid shredding efficiency -->
  <ButcheryMechanoidEfficiency.label>эффект-ть переработки механоидов</ButcheryMechanoidEfficiency.label>
  <!-- EN: The amount of materials yielded when this person shreds a dead mechanoid for resources.\n\nThe actual amount is also related to the mechanoid's size. -->
  <ButcheryMechanoidEfficiency.description>Множитель количества материалов, получаемых персонажем при переработке сломанного механоида.\n\nРезультат также зависит от размера механоида.</ButcheryMechanoidEfficiency.description>
  
  <!-- EN: mechanoid shredding speed -->
  <ButcheryMechanoidSpeed.label>скорость переработки механоидов</ButcheryMechanoidSpeed.label>
  <!-- EN: The speed at which this person can shred a mechanoid for resources. -->
  <ButcheryMechanoidSpeed.description>Скорость, с которой персонаж перерабатывает механоидов для получения полезных материалов.</ButcheryMechanoidSpeed.description>
  
  <!-- EN: cooking speed -->
  <CookSpeed.label>скорость приготовления пищи</CookSpeed.label>
  <!-- EN: The speed at which this person cooks meals. -->
  <CookSpeed.description>Скорость, с которой персонаж готовит блюда.</CookSpeed.description>
  
  <!-- EN: drug cooking speed -->
  <DrugCookingSpeed.label>скорость готовки наркотиков</DrugCookingSpeed.label>
  <!-- EN: The speed at which this person brews beer and tea, or makes simple drug products like smokeleaf joints. -->
  <DrugCookingSpeed.description>Скорость, с которой персонаж варит пиво, заваривает настои и производит простые наркотические средства, например, косяки дымолиста.</DrugCookingSpeed.description>
  
  <!-- EN: drug synthesis speed -->
  <DrugSynthesisSpeed.label>скорость синтеза препаратов</DrugSynthesisSpeed.label>
  <!-- EN: How fast this character synthesizes complex chemical drugs. -->
  <DrugSynthesisSpeed.description>Скорость, с которой персонаж синтезирует сложные химические препараты.</DrugSynthesisSpeed.description>
  
  <!-- EN: food poison chance -->
  <FoodPoisonChance.label>шанс пищевого отравления</FoodPoisonChance.label>
  <!-- EN: The probability that this character will inadvertently poison a meal they cook.\n\nAnyone who eats a food-poisoned meal will be temporarily debilitated with pain, weakness, and vomiting. -->
  <FoodPoisonChance.description>Вероятность, с которой персонаж может ненароком отравить еду, которую готовит.\n\nЧеловек, съевший это блюдо, будет испытывать боль, слабость и тошноту.</FoodPoisonChance.description>
  <!-- EN: food poison chance (chance to poison a meal) -->
  <FoodPoisonChance.labelForFullStatList>шанс пищевого отравления (шанс отравить блюдо)</FoodPoisonChance.labelForFullStatList>
  
  <!-- EN: general labor speed -->
  <GeneralLaborSpeed.label>скорость общей работы</GeneralLaborSpeed.label>
  <!-- EN: The speed at which this person carries out general labor like making stone blocks, making chemfuel at a refinery, burning items, tailoring clothes, creating art, smithing armor and weapons or smelting slag. This stat applies both to activities that involve no skill, as well as those where the skill affects the quality of the product instead of the speed of production. -->
  <GeneralLaborSpeed.description>Скорость, с которой персонаж выполняет общую работу, такую как обработка камня, работа с перегонным аппаратом, сжигание, пошив одежды, создание предметов искусства, ковка и переплавка. Этот показатель применяется как к занятиям, не требующим специальных навыков, так и к тем, в которых навык влияет на качество конечного продукта вместо скорости работы.</GeneralLaborSpeed.description>
  
  <!-- EN: smelting speed -->
  <SmeltingSpeed.label>скорость переплавки</SmeltingSpeed.label>
  <!-- EN: The speed at which this person smelts things.\n\nSince smelting is dumb labor, smelting speed is not affected by any skill. -->
  <SmeltingSpeed.description>Скорость, с которой персонаж занимается переплавкой.\n\nПоскольку эта работа является чисто механической, скорость её выполнения не зависит ни от каких специальных навыков.</SmeltingSpeed.description>
  
</LanguageData>