﻿<?xml version="1.0" encoding="UTF-8"?>
<LanguageData>
  
  <!-- EN: carrying capacity -->
  <CarryingCapacity.label>грузоподъёмность</CarryingCapacity.label>
  <!-- EN: The amount of stuff this creature can carry in its hands, mouth, or other manipulators.\n\nThis is separate from the ability to carry cargo on long cross-world trips. -->
  <CarryingCapacity.description>Количество предметов, которые может переносить существо в руках, зубах и прочих манипуляторах.\n\nНе влияет на способность переносить груз в долгих путешествиях.</CarryingCapacity.description>
  
  <!-- EN: Maximum comfortable temperature -->
  <ComfyTemperatureMax.label>макс. комфортная температура</ComfyTemperatureMax.label>
  <!-- EN: Above this temperature, characters will be unhappy.\n\nSignificantly above this temperature, they will develop heatstroke and eventually die. -->
  <ComfyTemperatureMax.description>Если температура поднимется выше этого значения, персонаж будет недоволен.\n\nЕсли значительно выше, то он получит тепловой удар, из-за которого впоследствии может быть потерян.</ComfyTemperatureMax.description>
  
  <!-- EN: Minimum comfortable temperature -->
  <ComfyTemperatureMin.label>мин. комфортная температура</ComfyTemperatureMin.label>
  <!-- EN: Below this temperature, characters will be unhappy.\n\nSignificantly below this temperature, they will develop hypothermia and frostbite and eventually die. -->
  <ComfyTemperatureMin.description>Если температура опустится ниже этого значения, персонаж будет недоволен. Если значительно ниже, то он получит гипотермию и обморожение, от которых впоследствии может быть потерян.</ComfyTemperatureMin.description>
  
  <!-- EN: eating speed -->
  <EatingSpeed.label>скорость поглощения пищи</EatingSpeed.label>
  <!-- EN: A multiplier on eating speed. -->
  <EatingSpeed.description>Множитель к скорости поглощения пищи.</EatingSpeed.description>
  
  <!-- EN: foraged food amount -->
  <ForagedNutritionPerDay.label>количество добываемой еды</ForagedNutritionPerDay.label>
  <!-- EN: The amount of nutrition this person will automatically forage per day while traveling by caravan. -->
  <ForagedNutritionPerDay.description>Количество еды, которое существо может добыть за день путешествия.</ForagedNutritionPerDay.description>
  
  <!-- EN: global learning factor -->
  <GlobalLearningFactor.label>эффективность обучения</GlobalLearningFactor.label>
  <!-- EN: A multiplier on the learning rate for all skills. -->
  <GlobalLearningFactor.description>Множитель эффективности обучения любому навыку.</GlobalLearningFactor.description>
  
  <!-- EN: hunger rate multiplier -->
  <HungerRateMultiplier.label>множитель голода</HungerRateMultiplier.label>
  <!-- EN: A multiplier on how quickly a creature becomes hungry. -->
  <HungerRateMultiplier.description>Показатель того, насколько быстро существо становится голодным.</HungerRateMultiplier.description>
  
  <!-- EN: immunity gain speed -->
  <ImmunityGainSpeed.label>скорость выработки иммунитета</ImmunityGainSpeed.label>
  <!-- EN: The speed at which this character gains immunity to diseases.\n\nIf this is too slow, the character will die from a disease before developing immunity. -->
  <ImmunityGainSpeed.description>Скорость, с которой существо вырабатывает иммунитет к болезням.\n\nЕсли это значение слишком низко, вы потеряете существо из-за болезни раньше, чем оно выработает к ней иммунитет.</ImmunityGainSpeed.description>
  
  <!-- EN: leather amount -->
  <LeatherAmount.label>количество шкуры</LeatherAmount.label>
  <!-- EN: The amount of leather yielded when butchering this creature. -->
  <LeatherAmount.description>Получаемое количество шкуры в случае забоя животного.</LeatherAmount.description>
  
  <!-- EN: meat amount -->
  <MeatAmount.label>количество мяса</MeatAmount.label>
  <!-- EN: The amount of meat yielded when butchering this creature. -->
  <MeatAmount.description>Получаемое количество мяса в случае забоя животного.</MeatAmount.description>
  
  <!-- EN: mental break threshold -->
  <MentalBreakThreshold.label>порог нервного срыва</MentalBreakThreshold.label>
  <!-- EN: As long as someone's mood is below this level, they are in danger of having a mental break.\n\nThe severity of the mental break will depend on how far below the threshold they are. -->
  <MentalBreakThreshold.description>Если настроение персонажа окажется ниже данного уровня, он будет находиться в состоянии, близком к нервному срыву.\n\nОт того, насколько настроение персонажа ниже этого порога, зависит серьёзность нервного срыва.</MentalBreakThreshold.description>
  
  <!-- EN: minimum handling skill -->
  <MinimumHandlingSkill.label>требуемый навык Животноводства</MinimumHandlingSkill.label>
  <!-- EN: This creature cannot be tamed, trained, or commanded by anyone with less than this skill in animals. -->
  <MinimumHandlingSkill.description>Животное не может быть приручено, если навык обращения поселенца с животными ниже этого уровня.</MinimumHandlingSkill.description>
  
  <!-- EN: move speed -->
  <MoveSpeed.label>скорость передвижения</MoveSpeed.label>
  <!-- EN: Speed of movement in cells per second. -->
  <MoveSpeed.description>Скорость, с которой существо перемещается по миру, в клетках в секунду.</MoveSpeed.description>
  <!-- EN: {0} c/s -->
  <MoveSpeed.formatString>{0} кл/с</MoveSpeed.formatString>
  
  <!-- EN: pain shock threshold -->
  <PainShockThreshold.label>порог переносимости боли</PainShockThreshold.label>
  <!-- EN: The pain level at which this creature is downed from pain. -->
  <PainShockThreshold.description>Максимальный уровень боли, при котором существо способно стоять на ногах.</PainShockThreshold.description>
  
  <!-- EN: psychic sensitivity -->
  <PsychicSensitivity.label>психочувствительность</PsychicSensitivity.label>
  <!-- EN: More sensitive people suffer more from negative psychic effects, and benefit more from positive ones. Higher psychic sensitivity also increases neural heat limit. -->
  <PsychicSensitivity.description>Чувствительные люди больше других страдают от негативных воздействий и получают радость от позитивных. Более высокая психочувствительность также повышает порог нейроперегрева.</PsychicSensitivity.description>
  
  <!-- EN: rest rate multiplier -->
  <RestRateMultiplier.label>эффективность сна</RestRateMultiplier.label>
  <!-- EN: A multiplier on how quickly a creature rests while sleeping. -->
  <RestRateMultiplier.description>Показатель того, насколько быстро существо восстанавливает силы во время сна.</RestRateMultiplier.description>
  
  <!-- EN: toxic sensitivity -->
  <ToxicSensitivity.label>чувствительность к токсинам</ToxicSensitivity.label>
  <!-- EN: Multiplier on the impact of toxic buildup on this creature. -->
  <ToxicSensitivity.description>Множитель скорости накопления токсинов в организме персонажа.</ToxicSensitivity.description>
  
</LanguageData>