﻿<?xml version="1.0" encoding="UTF-8"?>
<LanguageData>
  
  <!-- EN: beauty -->
  <Beauty.label>привлекательность</Beauty.label>
  <!-- EN: How enjoyable an object is to look at.\n\nBeautiful objects fulfill characters' need for beauty. -->
  <Beauty.description>Насколько приятно смотреть на объект и находиться поблизости.\n\nКрасивое окружение удовлетворяет потребность персонажей в красоте.</Beauty.description>
  
  <!-- EN: cleanliness -->
  <Cleanliness.label>чистота</Cleanliness.label>
  <!-- EN: How much an object contributes to an area's cleanliness score. -->
  <Cleanliness.description>Какое влияние этот объект оказывает на общую чистоту помещения.</Cleanliness.description>
  
  <!-- EN: comfort -->
  <Comfort.label>комфорт</Comfort.label>
  <!-- EN: How comfortable an object is to sit or lay on.\n\nUsing comfortable objects fulfills a character's need for comfort. -->
  <Comfort.description>Насколько удобно сидеть или лежать на этом предмете.\n\nУдобные кресла и кровати лучше удовлетворяют потребность персонажей в комфорте.</Comfort.description>
  
  <!-- EN: deterioration rate -->
  <DeteriorationRate.label>скорость ветшания</DeteriorationRate.label>
  <!-- EN: The rate at which this item deteriorates when left outside, in average hit points of damage per day.\n\nDeterioration rate is also affected by things like weather, roofs, toxic fallout, or being left in shallow water. -->
  <DeteriorationRate.description>Скорость, с которой этот предмет ветшает, если оставлен снаружи.\n\nНа скорость ветшания оказывают влияние такие факторы, как погода, наличие крыши и расположение в воде.</DeteriorationRate.description>
  <!-- EN: {0} / day -->
  <DeteriorationRate.formatString>{0} / д</DeteriorationRate.formatString>
  
  <!-- EN: flammability -->
  <Flammability.label>воспламеняемость</Flammability.label>
  <!-- EN: How easily an object catches fire and how quickly a fire will grow as it burns. -->
  <Flammability.description>Настолько легко объект загорается и как быстро горит.</Flammability.description>
  
  <!-- EN: food poison chance -->
  <FoodPoisonChanceFixedHuman.label>шанс пищевого отравления</FoodPoisonChanceFixedHuman.label>
  <!-- EN: The chance this food will cause food poisoning. -->
  <FoodPoisonChanceFixedHuman.description>Вероятность, с которой употребление этого продукта вызовет пищевое отравление.</FoodPoisonChanceFixedHuman.description>
  <!-- EN: food poison chance (food stat) -->
  <FoodPoisonChanceFixedHuman.labelForFullStatList>шанс пищевого отравления (показатель пищи)</FoodPoisonChanceFixedHuman.labelForFullStatList>
  
  <!-- EN: market value -->
  <MarketValue.label>рыночная стоимость</MarketValue.label>
  <!-- EN: The market value of an object.\n\nThe actual trade price will be adjusted by negotiation skill, relationship status, and other contextual factors. -->
  <MarketValue.description>Базовая цена объекта на рынке.\n\nРеальная стоимость при торговле будет изменена в зависимости от статуса ваших отношений и навыка торговли.</MarketValue.description>
  
  <!-- EN: market value ignoring hitpoints -->
  <MarketValueIgnoreHp.label>рыночная стоимость без учёта состояния</MarketValueIgnoreHp.label>
  
  <!-- EN: mass -->
  <Mass.label>масса</Mass.label>
  <!-- EN: The physical mass of an object. -->
  <Mass.description>Физическая масса объекта.</Mass.description>
  <!-- EN: {0} kg -->
  <Mass.formatString>{0} кг</Mass.formatString>
  
  <!-- EN: max hit points -->
  <MaxHitPoints.label>максимальная прочность</MaxHitPoints.label>
  <!-- EN: The maximum hit points of an object.\n\nThis represents how much damage it can take before being destroyed. -->
  <MaxHitPoints.description>Максимальная прочность объекта.\n\nПоказывает, сколько урона может выдержать объект до уничтожения.</MaxHitPoints.description>
  
  <!-- EN: nutrition -->
  <Nutrition.label>энергоёмкость</Nutrition.label>
  <!-- EN: How nutritious this food is. -->
  <Nutrition.description>Запас энергии в объекте, как правило, изначально полученной от солнца. Может быть превращена в тепловую, электрическую, механическую и в другие виды энергии.</Nutrition.description>
  
  <!-- EN: honor value -->
  <RoyalFavorValue.label>милость короны</RoyalFavorValue.label>
  <!-- EN: The amount of honor your trader will earn for giving this to a tribute collector. -->
  <RoyalFavorValue.description>Количество милости короны, которое получит ваш торговец, отдав это сборщику податей.</RoyalFavorValue.description>
  
  <!-- EN: sell price multiplier -->
  <SellPriceFactor.label>множитель цены продажи</SellPriceFactor.label>
  <!-- EN: A multiplier on the price at which you can sell items. -->
  <SellPriceFactor.description>Множитель цены, по которой вы можете продавать предметы.</SellPriceFactor.description>
  
  <!-- EN: shooting accuracy -->
  <ShootingAccuracyTurret.label>точность стрельбы</ShootingAccuracyTurret.label>
  <!-- EN: Base chance to not miss per cell of shot distance.\n\nChance to hit is also affected by many other factors. A hit chance explanation for any shot can be seen by selecting a shooter and mousing over a target. -->
  <ShootingAccuracyTurret.description>Базовая вероятность не промахнуться на каждую клетку дальности. Фактический успех попадания зависит от многих других факторов. Более подробную информацию для каждого конкретного случая можно узнать, выделив стрелка и наведя курсор мыши на цель.</ShootingAccuracyTurret.description>
  <!-- EN: shooting accuracy (turrets) -->
  <ShootingAccuracyTurret.labelForFullStatList>точность стрельбы (турели)</ShootingAccuracyTurret.labelForFullStatList>
  
  <!-- EN: work to make -->
  <WorkToMake.label>объём работ</WorkToMake.label>
  <!-- EN: The base amount of work it takes to make an item, once all materials are gathered. -->
  <WorkToMake.description>Объём работ, необходимый для создания этого предмета после того, как все материалы и инструменты собраны.</WorkToMake.description>
  
</LanguageData>