﻿<?xml version="1.0" encoding="UTF-8"?>
<LanguageData>

  <!-- EN: A story generator by Tynan Sylvester -->
  <MainPageCredit>Генератор захватывающих историй от Тайнена Сильвестра</MainPageCredit>

  <!-- EN: Developers -->
  <Credits_Developers>Разработчики</Credits_Developers>
  <!-- EN: Direction, design, code, art -->
  <Credit_DirectionVarious>Управление, дизайн, код, арт</Credit_DirectionVarious>
  <!-- EN: Audio -->
  <Credit_MusicAndSound>Музыка и звук</Credit_MusicAndSound>
  <!-- EN: Code -->
  <Credit_Code>Код</Credit_Code>
  <!-- EN: Art -->
  <Credit_GameArt>Дизайн игры</Credit_GameArt>
  <!-- EN: Menu art -->
  <Credit_MenuArt>Дизайн меню</Credit_MenuArt>
  <!-- EN: Additional code -->
  <Credit_AdditionalCode>Доп. программирование</Credit_AdditionalCode>
  
  <!-- EN: Additional development -->
  <Credits_AdditionalDevelopment>Доп. разработка</Credits_AdditionalDevelopment>

  <!-- EN: Special thanks -->
  <Credit_SpecialThanks>Особая благодарность</Credit_SpecialThanks>

  <!-- EN: Community volunteers -->
  <Credits_TitleCommunity>Волонтёры из сообщества</Credits_TitleCommunity>
  <!-- EN: Tester -->
  <Credit_Tester>Тестер</Credit_Tester>
  <!-- EN: Mod donor -->
  <Credit_ModDonation>Даритель мода</Credit_ModDonation>
  <!-- EN: Writing donor -->
  <Credit_WritingDonation>Даритель текста</Credit_WritingDonation>
  <!-- EN: Moderator -->
  <Credit_Moderator>Модератор</Credit_Moderator>
  <!-- EN: Wiki master -->
  <Credit_WikiMaster>Мастер Wiki</Credit_WikiMaster>

  <!-- EN: {0} language -->
  <Credits_TitleLanguage>{0} язык</Credits_TitleLanguage>
  <!-- EN: Writer -->
  <Credit_Writer>Автор</Credit_Writer>
  <!-- EN: Translator -->
  <Credit_Translator>Переводчик</Credit_Translator>
  <!-- EN: Open source libraries -->
  <Credit_OpenSourceLibraries>Библиотеки открытого доступа</Credit_OpenSourceLibraries>
  <!-- EN: Noise generation -->
  <Credit_NoiseGeneration>Генерация шума</Credit_NoiseGeneration>

  <!-- EN: Thanks for playing! -->
  <ThanksForPlaying>Спасибо за игру!</ThanksForPlaying>

</LanguageData>