﻿<?xml version="1.0" encoding="UTF-8"?>
<LanguageData>

  <!-- EN: Time -->
  <ClockTime>Время</ClockTime>
  <!-- EN: Date -->
  <ClockDate>Дата</ClockDate>
  <!-- EN: Year -->
  <ClockYear>Год</ClockYear>
  <!-- EN: Days passed since your arrival: {0}\nCurrent quadrum: {4}\nLocal season: {2}\n\nThe year is divided into 4 quadrums of {3} days each. Quadrums are the same everywhere, while seasons are different in different places.\n\nLocal seasons for each quadrum:\n{5} -->
  <DateReadoutTip>^Number( {0} | 'Прошёл # день' | 'Прошло # дня' | 'Прошло # дней')^ с вашего прибытия\nТекущий квартал — {4}\nТекущий сезон — {2}\n\nГод состоит из 4 кварталов, по {3} дней в каждом. Кварталы везде одни и те же, а сезоны — отличаются.\n\nРаспределение сезонов по кварталам для этого места:\n{5}</DateReadoutTip>

  <!-- EN: {0} of {1}, {2} -->
  <FullDate>{0} ^Replace( {1} | 'Мартомай'-'Мартомая' | 'Июгуст'-'Июгуста' | 'Сентоноябрь'-'Сентоноября' | 'Декавраль'-'Декавраля')^ {2} г</FullDate>
  <!-- EN: {0} {1} {2} -->
  <ShortDate>{0} ^Replace( {1} | 'Мартомай'-'Мартомая' | 'Июгуст'-'Июгуста' | 'Сентоноябрь'-'Сентоноября' | 'Декавраль'-'Декавраля')^ {2}</ShortDate>
  <!-- EN: {0} of {1}, {2} -->
  <DateReadout>{0} ^Replace( {1} | 'Мартомай'-'Мартомая' | 'Июгуст'-'Июгуста' | 'Сентоноябрь'-'Сентоноября' | 'Декавраль'-'Декавраля')^ {2} г</DateReadout>
  <!-- EN: {0} of {1} -->
  <SeasonFullDate>{0} ^Replace( {1} | 'Мартомай'-'Мартомая' | 'Июгуст'-'Июгуста' | 'Сентоноябрь'-'Сентоноября' | 'Декавраль'-'Декавраля')^</SeasonFullDate>
  <!-- EN: Whole year -->
  <WholeYear>Круглый год</WholeYear>
  
</LanguageData>