﻿<?xml version="1.0" encoding="UTF-8"?>
<LanguageData>
  
  <!-- EN: Cancel -->
  <DesignatorCancel>Отменить</DesignatorCancel>
  <!-- EN: Cancel designated building, mining, hauling, harvesting, and all other designations. -->
  <DesignatorCancelDesc>Отменить строительство, добычу, перенос, сбор урожая и другие указания.</DesignatorCancelDesc>

  <!-- EN: Cut plants -->
  <DesignatorCutPlants>Срезать</DesignatorCutPlants>
  <!-- EN: Marks plants to be cut and destroyed. The plant will be completely removed, and any food or resource yield will be harvested. -->
  <DesignatorCutPlantsDesc>Отметить растения для срезания и уничтожения. Растения будут полностью удалены, а любые ресурсы с них — собраны.</DesignatorCutPlantsDesc>

  <!-- EN: Deconstruct -->
  <DesignatorDeconstruct>Разобрать</DesignatorDeconstruct>
  <!-- EN: Deconstruct this and reclaim part of its resources. -->
  <DesignatorDeconstructDesc>Разобрать и вернуть часть ресурсов.</DesignatorDeconstructDesc>

  <!-- EN: Uninstall -->
  <DesignatorUninstall>Убрать</DesignatorUninstall>
  <!-- EN: Uninstall this so it can be moved, sold, or installed somewhere else. -->
  <DesignatorUninstallDesc>Демонтировать, чтобы перенести на склад, установить в другом месте или продать.</DesignatorUninstallDesc>

  <!-- EN: Harvest -->
  <DesignatorHarvest>Собрать</DesignatorHarvest>
  <!-- EN: Marks plants to be harvested for their food or other products. -->
  <DesignatorHarvestDesc>Отметить растения для сбора с них урожая.</DesignatorHarvestDesc>

  <!-- EN: Chop wood -->
  <DesignatorHarvestWood>Срубить</DesignatorHarvestWood>
  <!-- EN: Marks trees to be chopped down for wood. -->
  <DesignatorHarvestWoodDesc>Отметить деревья для вырубки с целью получения древесины.</DesignatorHarvestWoodDesc>

  <!-- EN: Haul things -->
  <DesignatorHaulThings>Перенести</DesignatorHaulThings>
  <!-- EN: Mark rock chunks and other items to be hauled to dumping areas. Not needed for things like food or corpses, which are always haulable. -->
  <DesignatorHaulThingsDesc>Отметить куски породы и другие объекты для переноса на свалку. Не требуется для цельных предметов вроде еды или трупов: они всегда переносимы.</DesignatorHaulThingsDesc>
  <!-- EN: Can only designate haulable but non-always-hauled things (like rock chunks). -->
  <MustHaulHaulables>Для переноски можно отметить только те предметы, которые поселенцы сами не переносят (например, металлолом и каменные обломки).</MustHaulHaulables>

  <!-- EN: Hunt -->
  <DesignatorHunt>Охотиться</DesignatorHunt>
  <!-- EN: Mark animals to be hunted by your hunters. -->
  <DesignatorHuntDesc>Отметить животных для охоты.</DesignatorHuntDesc>

  <!-- EN: Mine -->
  <DesignatorMine>Копать</DesignatorMine>
  <!-- EN: Designate areas of rock to be mined out. -->
  <DesignatorMineDesc>Обозначить скалы для проведения горных работ.</DesignatorMineDesc>

  <!-- EN: Smooth surface -->
  <DesignatorSmoothSurface>Выровнять поверхность</DesignatorSmoothSurface>
  <!-- EN: Designate rough stone terrain and walls to be smoothed. -->
  <DesignatorSmoothSurfaceDesc>Обозначить необработанную каменную поверхность для выравнивания.</DesignatorSmoothSurfaceDesc>

  <!-- EN: Plan -->
  <DesignatorPlan>Планировка</DesignatorPlan>
  <!-- EN: Place planning designations. These don't do anything except help you plan future expansions. -->
  <DesignatorPlanDesc>Разместить обозначения планировки. Они не служат ничему, кроме помощи в планировании ваших дальнейших расширений.</DesignatorPlanDesc>

  <!-- EN: Remove plans -->
  <DesignatorPlanRemove>Удалить планировку</DesignatorPlanRemove>
  <!-- EN: Remove planning designations. -->
  <DesignatorPlanRemoveDesc>Удалить обозначения планировки.</DesignatorPlanRemoveDesc>

  <!-- EN: Forbid -->
  <DesignatorForbid>Запретить</DesignatorForbid>
  <!-- EN: Mark items as forbidden. Colonists will not be able to interact with the designated items. -->
  <DesignatorForbidDesc>Запретить поселенцам взаимодействовать с выбранными объектами.</DesignatorForbidDesc>

  <!-- EN: Allow -->
  <DesignatorUnforbid>Разрешить</DesignatorUnforbid>
  <!-- EN: Mark items as not forbidden. Colonists will be able to interact with the designated items. -->
  <DesignatorUnforbidDesc>Разрешить поселенцам взаимодействовать с выбранными объектами.</DesignatorUnforbidDesc>

  <!-- EN: Expand home area -->
  <DesignatorAreaHomeExpand>Расширить домашнюю область</DesignatorAreaHomeExpand>
  <!-- EN: Colonists will repair buildings, clean floors, and extinguish fires only in the home area. -->
  <DesignatorAreaHomeExpandDesc>Поселенцы будут заниматься уборкой, тушением пожаров и ремонтом только в домашней области.</DesignatorAreaHomeExpandDesc>
  <!-- EN: Clear home area -->
  <DesignatorAreaHomeClear>Уменьшить домашнюю область</DesignatorAreaHomeClear>
  <!-- EN: Removes a home area. Colonists will no longer clean, repair, or extinguish fires here. -->
  <DesignatorAreaHomeClearDesc>Удалить клетки домашней области. Поселенцы больше не будут заниматься здесь уборкой, тушением пожаров и ремонтом.</DesignatorAreaHomeClearDesc>

  <!-- EN: Build roof area -->
  <DesignatorAreaBuildRoofExpand>Строить крышу</DesignatorAreaBuildRoofExpand>
  <!-- EN: Colonists will build roofs in this area. -->
  <DesignatorAreaBuildRoofExpandDesc>Поселенцы будут строить крышу в этой области.</DesignatorAreaBuildRoofExpandDesc>

  <!-- EN: Remove roof area -->
  <DesignatorAreaNoRoofExpand>Убрать крыши</DesignatorAreaNoRoofExpand>
  <!-- EN: Colonists will remove roofs in this area (except overhead mountain, which cannot be removed). -->
  <DesignatorAreaNoRoofExpandDesc>Поселенцы уберут любые существующие здесь крыши. Толстую горную породу, находящуюся над данной областью, убрать нельзя.</DesignatorAreaNoRoofExpandDesc>

  <!-- EN: Ignore roof area -->
  <DesignatorAreaIgnoreRoofExpand>Игнорировать крыши</DesignatorAreaIgnoreRoofExpand>
  <!-- EN: Colonists will ignore roofs in this area. -->
  <DesignatorAreaIgnoreRoofExpandDesc>Поселенцы не будут обращать внимание на наличие или отсутствие крыш в этой области.</DesignatorAreaIgnoreRoofExpandDesc>

  <!-- EN: Expand snow clear area -->
  <DesignatorAreaSnowClearExpand>Расширить область без снега</DesignatorAreaSnowClearExpand>
  <!-- EN: Create a area which colonists will try to keep clear of snow. -->
  <DesignatorAreaSnowClearExpandDesc>Эту область поселенцы будут чистить от снега.</DesignatorAreaSnowClearExpandDesc>
  <!-- EN: Clear snow clear Area -->
  <DesignatorAreaSnowClearClear>Уменьшить область без снега</DesignatorAreaSnowClearClear>
  <!-- EN: Removes a snow clearing area. Colonists will no longer try to keep this area clear of snow. -->
  <DesignatorAreaSnowClearClearDesc>Удалить клетки области чистки снега. Поселенцы больше не будут убирать снег в данной области.</DesignatorAreaSnowClearClearDesc>

  <!-- EN: Expand allowed area -->
  <DesignatorExpandAreaAllowed>Расширить доступную область</DesignatorExpandAreaAllowed>
  <!-- EN: Expand an allowed area.\n\nAllowed areas are defined areas you can assign to colonists. Colonists will not accept work or fulfill their needs outside their allowed area. -->
  <DesignatorExpandAreaAllowedDesc>Добавить клетки к доступной области.\n\nТакие области вы можете назначить по отдельности каждому из поселенцев. Поселенцы не будут ничего делать за пределами назначенных им областей.</DesignatorExpandAreaAllowedDesc>
  <!-- EN: Clear allowed area -->
  <DesignatorClearAreaAllowed>Уменьшить доступную область</DesignatorClearAreaAllowed>
  <!-- EN: Clear cells from an allowed area.\n\nAllowed area are defined areas you can assign to colonists. Colonists will not accept work or fulfill their needs outside their allowed area. -->
  <DesignatorClearAreaAllowedDesc>Удалить клетки доступной области.\n\nТакие области вы можете назначить каждому из поселенцев. Поселенцы не будут ничего делать за пределами назначенных им областей.</DesignatorClearAreaAllowedDesc>
  <!-- EN: Manage areas... -->
  <ManageAreas>Управление областями...</ManageAreas>

  <!-- EN: Create a zone where your colonists will try to grow a certain kind of plant. -->
  <DesignatorGrowingZoneDesc>Создать область, где ваши поселенцы будут выращивать определённый тип растений.</DesignatorGrowingZoneDesc>

  <!-- EN: Create a stockpile where your colonists will store resources.\nThis tool can also expand any existing stockpile. -->
  <DesignatorZoneCreateStorageResourcesDesc>Создать область для хранения различных ресурсов.\nТакже позволяет расширить уже существующий склад.</DesignatorZoneCreateStorageResourcesDesc>

  <!-- EN: Create a stockpile where your colonists will store junk.\nThis tool can also expand any existing stockpile. -->
  <DesignatorZoneCreateStorageDumpingDesc>Создать область для хранения мусора.\nТакже позволяет расширить уже существующую свалку.</DesignatorZoneCreateStorageDumpingDesc>

  <!-- EN: Shrink zones -->
  <DesignatorZoneDelete>Уменьшить области</DesignatorZoneDelete>
  <!-- EN: Shrink zone -->
  <DesignatorZoneDeleteSingular>Уменьшить область</DesignatorZoneDeleteSingular>
  <!-- EN: Remove zones, like stockpile zones or growing zones. -->
  <DesignatorZoneDeleteDesc>Удалить клетки областей, таких как склады или посадки.</DesignatorZoneDeleteDesc>

  <!-- EN: Expand zone -->
  <DesignatorZoneExpand>Расширить область</DesignatorZoneExpand>
  
  <!-- EN: Claim -->
  <DesignatorClaim>Захватить</DesignatorClaim>
  <!-- EN: Claim neutral structures for the colony, including ancient ruins and abandoned siege bases. Claimed structures can be repaired and maintained by your colonists. -->
  <DesignatorClaimDesc>Нейтральные строения, включая древние руины и заброшенные осадные базы, будут присоединены к поселению. Ваши поселенцы смогут ремонтировать и обслуживать захваченные строения.</DesignatorClaimDesc>

  <!-- EN: Remove floor -->
  <DesignatorRemoveFloor>Снять покрытие</DesignatorRemoveFloor>
  <!-- EN: Remove floors to reveal the terrain underneath. -->
  <DesignatorRemoveFloorDesc>Снять покрытие до природного ландшафта.</DesignatorRemoveFloorDesc>

  <!-- EN: Remove bridge -->
  <DesignatorRemoveBridge>Убрать мост</DesignatorRemoveBridge>
  <!-- EN: Remove bridges to reveal the terrain underneath. -->
  <DesignatorRemoveBridgeDesc>Разобрать мосты и оставить природный ландшафт.</DesignatorRemoveBridgeDesc>

  <!-- EN: Strip -->
  <DesignatorStrip>Раздеть</DesignatorStrip>
  <!-- EN: Strip apparel from corpses and the wounded. -->
  <DesignatorStripDesc>Снять одежду с трупов и раненых</DesignatorStripDesc>

  <!-- EN: Open -->
  <DesignatorOpen>Вскрыть</DesignatorOpen>
  <!-- EN: Open containers. -->
  <DesignatorOpenDesc>Вскрыть контейнер или могилу.</DesignatorOpenDesc>
  
  <!-- EN: Slaughter -->
  <DesignatorSlaughter>Забить</DesignatorSlaughter>
  <!-- EN: Slaughter a tame animal. -->
  <DesignatorSlaughterDesc>Забить домашнее животное.</DesignatorSlaughterDesc>

  <!-- EN: Tame -->
  <DesignatorTame>Приручить</DesignatorTame>
  <!-- EN: Tame a wild animal. -->
  <DesignatorTameDesc>Отметить животных для приручения.</DesignatorTameDesc>

  <!-- Failure messages -->
  <!-- EN: Unchosen material -->
  <UnchosenStuff>Материал не выбран</UnchosenStuff>
  <!-- EN: Too close to map edge. -->
  <TooCloseToMapEdge>Слишком близко к краю карты.</TooCloseToMapEdge>
  <!-- EN: Out of bounds. -->
  <OutOfBounds>За пределами карты.</OutOfBounds>
  <!-- EN: Cannot place in undiscovered areas. -->
  <CannotPlaceInUndiscovered>Нельзя разместить в неразведанной зоне.</CannotPlaceInUndiscovered>
  <!-- EN: Interaction spot is blocked by {1_labelShort}. -->
  <InteractionSpotBlocked>Точку взаимодействия блокирует {1_labelShort}.</InteractionSpotBlocked>
  <!-- EN: Interaction spot is out of bounds. -->
  <InteractionSpotOutOfBounds>Точка взаимодействия находится вне границ.</InteractionSpotOutOfBounds>
  <!-- EN: Interaction spot will be blocked by {1_labelShort}. -->
  <InteractionSpotWillBeBlocked>Точку взаимодействия будет блокировать {1_labelShort}.</InteractionSpotWillBeBlocked>
  <!-- EN: {0} would block {1}'s interaction spot. -->
  <WouldBlockInteractionSpot>{0} будет блокировать точку взаимодействия {1}.</WouldBlockInteractionSpot>
  <!-- EN: The terrain here is already {0}. -->
  <TerrainIsAlready>Здесь уже есть {0}.</TerrainIsAlready>
  <!-- EN: The surface is already marked for smoothing. -->
  <SurfaceBeingSmoothed>Поверхность уже отмечена для выравнивания.</SurfaceBeingSmoothed>
  <!-- EN: Identical thing already exists here. -->
  <IdenticalThingExists>Такой объект здесь уже есть.</IdenticalThingExists>
  <!-- EN: Identical blueprint already exists here. -->
  <IdenticalBlueprintExists>Такой проект здесь уже есть.</IdenticalBlueprintExists>
  <!-- EN: {0_label} cannot be built on this terrain. -->
  <TerrainCannotSupport>{0_label} невозможно построить на этой поверхности.</TerrainCannotSupport>
  <!-- EN: {0_label} requires terrain that supports: {1_label} -->
  <TerrainCannotSupport_TerrainAffordance>{0_label} требует поверхность, способную выдерживать {1_label}</TerrainCannotSupport_TerrainAffordance>
  <!-- EN: {0_label} (when made of {2_label}) requires terrain that supports: {1_label} -->
  <TerrainCannotSupport_TerrainAffordanceFromStuff>{0_label} из {2_label} требует поверхность, способную выдерживать {1_label}</TerrainCannotSupport_TerrainAffordanceFromStuff>
  <!-- EN: Space already occupied. -->
  <SpaceAlreadyOccupied>Место уже занято.</SpaceAlreadyOccupied>
  <!-- EN: Space being smoothed. -->
  <SpaceBeingSmoothed>Поверхность выравнивается.</SpaceBeingSmoothed>
  <!-- EN: Must target a removable floor. -->
  <TerrainMustBeRemovable>Здесь нет пола, который можно было бы снять.</TerrainMustBeRemovable>
  <!-- EN: The waterwheel must be on moving water. -->
  <MustBeOnMovingWater>Водяное колесо следует устанавливать на водоём с течением.</MustBeOnMovingWater>
  <!-- EN: Interaction spot will overlap with the interaction spot of {1_labelShort}. -->
  <InteractionSpotWillOverlap>Точка взаимодействия будет перекрывать точку взаимодействия {1_labelShort}</InteractionSpotWillOverlap>
  <!-- EN: Interaction spot overlaps with the interaction spot of {1_labelShort}. -->
  <InteractionSpotOverlaps>Точка взаимодействия перекрывает точку взаимодействия {1_labelShort}.</InteractionSpotOverlaps>
  <!-- EN: Cannot place monument over: {0}. -->
  <CannotPlaceMonumentOver>Монумент нельзя разместить поверх этого объекта: {0}.</CannotPlaceMonumentOver>
  <!-- EN: Cannot build on: {0}. -->
  <CannotPlaceMonumentOnTerrain>Монумент нельзя строить на этом типе местности: {0}.</CannotPlaceMonumentOnTerrain>
  <!-- EN: Cannot place monument over: {0}. -->
  <MonumentOverlapsBuilding>Монумент нельзя разместить поверх этого сооружения: {0}.</MonumentOverlapsBuilding>
  <!-- EN: Monument cannot be placed adjacent to: {0}. -->
  <MonumentAdjacentToBuilding>Монумент нельзя разместить вплотную к этому сооружению: {0}.</MonumentAdjacentToBuilding>
  
  <!-- Mouse attachments -->
  <!-- EN: Expand {0} or\nCreate new {1} -->
  <ExpandOrCreateZone>Расширить {0} или\nСоздать {1}</ExpandOrCreateZone>
  <!-- EN: Create new {0} -->
  <CreateNewZone>Создать {0}</CreateNewZone>
  
  <!-- Desc helpers -->
  <!-- EN: Transmits power -->
  <TransmitsPower>Передаёт энергию</TransmitsPower>
  <!-- EN: Construction needed -->
  <ConstructionNeeded>Требуется навык</ConstructionNeeded>
  <!-- EN: None of your {0} have this skill. -->
  <NoColonistWithSkillTip>Ни один из ваших ^Replace( {0} | 'члены племени'-'членов племени' | 'поселенцы'-'поселенцев')^ {0} не владеет этим навыком.</NoColonistWithSkillTip>
  <!-- EN: {0} needed -->
  <SkillNeededForConstructing>Требуется {0}</SkillNeededForConstructing>
  <!-- EN: None of your {0} have all skills required. -->
  <NoColonistWithAllSkillsForConstructing>Ни один из ваших ^Replace( {0} | 'члены племени'-'членов племени' | 'поселенцы'-'поселенцев')^ не владеет всеми требуемыми навыками.</NoColonistWithAllSkillsForConstructing>
  <!-- EN: All of your {0} who have this skill are not assigned to {1}. -->
  <AllColonistsWithSkillHaveDisabledConstructingTip>Ни один из ваших ^Replace( {0} | 'члены племени'-'членов племени' | 'поселенцы'-'поселенцев')^, владеющих этим навыком, не назначен {1}.</AllColonistsWithSkillHaveDisabledConstructingTip>

</LanguageData>