﻿<?xml version="1.0" encoding="UTF-8"?>
<LanguageData>

  <!-- EN: {0} hurls some epithets into the microphone and disconnects. -->
  <FactionGreetingHostile>{0} выкрикивает в микрофон кое-какие эпитеты и отключается.</FactionGreetingHostile>
  <!-- EN: {0} demands that you make a gesture of goodwill, like bringing gifts to one of {0_possessive} settlements or releasing {0_possessive} faction's prisoners unharmed. Until then, {0_pronoun} is unwilling to talk.\n\nMuttering an insult, {0_pronoun} disconnects. -->
  <FactionGreetingHostileAppreciative>{0} требует от вас сделать жест «доброй воли», например, принести подарок какому-либо их поселению или отпустить невредимым пленного из {0_possessive} фракции. До тех пор {0_pronoun} не желает с вами разговаривать.\n\nНапоследок {0} бурчит в ваш адрес какую-то гадость и отключается.</FactionGreetingHostileAppreciative>
  <!-- EN: {0} greets {NEGOTIATOR_labelShort} and asks what business you want to handle. -->
  <FactionGreetingWary>{0} приветствует {NEGOTIATOR_labelShort} и спрашивает у н{NEGOTIATOR_possessive}, в чем дело.</FactionGreetingWary>
  <!-- EN: {0} greets {NEGOTIATOR_labelShort} warmly and asks what {LEADER_pronoun} can do to help you. -->
  <FactionGreetingWarm>{0} тепло приветствует {NEGOTIATOR_labelShort} и спрашивает, чем {LEADER_pronoun} может помочь.</FactionGreetingWarm>

  <!-- EN: won't do {0} -->
  <WorkTypeDisablesOption>{0} недоступно</WorkTypeDisablesOption>
  <!-- EN: Disconnect -->
  <Disconnect>Отключиться</Disconnect>

  <!-- Gift offer -->
  <!-- EN: Offer gift -->
  <OfferGift>Предложить подарок</OfferGift>
  <!-- EN: must be ally -->
  <MustBeAlly>не являются союзниками</MustBeAlly>
  <!-- EN: need {0} goodwill -->
  <NeedGoodwill>требуется {0} репутации</NeedGoodwill>
  <!-- EN: need {0} silver near trade beacons -->
  <NeedSilverLaunchable>требуется {0}₡ рядом с торговым маяком</NeedSilverLaunchable>
  <!-- EN: not enough silver -->
  <NotEnoughSilver>недостаточно серебра</NotEnoughSilver>
  <!-- EN: {0} silver for {1} goodwill -->
  <SilverForGoodwill>{0}₡ за {1} репутации</SilverForGoodwill>
  <!-- EN: {0} thanks you.\n\n(Goodwill improved by {1}) -->
  <SilverGiftSent>{0} благодарит вас.\n\n(Репутация улучшилась на {1})</SilverGiftSent>

  <!-- Trade caravan request -->
  <!-- EN: Request a trade caravan (cost: {0} goodwill) -->
  <RequestTrader>Запросить торговый караван (цена: {0} репутации)</RequestTrader>
  <!-- EN: {0} asks what kind of trade caravan you want. -->
  <ChooseTraderKind>{0} спрашивает, какой караван вам нужен.</ChooseTraderKind>
  <!-- EN: {0} agrees to send you a trade caravan. It will arrive within a few days. -->
  <TraderSent>{0} соглашается отправить к вам торговый караван. Он прибудет в течение нескольких дней.</TraderSent>
  <!-- EN: wait {0} -->
  <WaitTime>ждите {0}</WaitTime>
  
  <!-- AI core request -->
  <!-- EN: Request the location of a {0} (cost: {1} silver) -->
  <RequestAICoreInformation>Спросить, где находится {0} (цена: {1}₡)</RequestAICoreInformation>
  <!-- EN: {0} sends the requested information and wishes you good luck. -->
  <RequestAICoreInformationResult>{0} отправляет нужную вам информацию и желает вам удачи.</RequestAICoreInformationResult>
  <!-- EN: no more locations known -->
  <NoKnownAICore>больше нет известных мест</NoKnownAICore>  
  
  <!-- Military aid request -->
  <!-- EN: Request immediate military aid (cost: {0} goodwill) -->
  <RequestMilitaryAid>Запросить немедленную военную помощь (цена: {0} репутации).</RequestMilitaryAid>
  <!-- EN: {0} will not help you fight other factions who are not their enemies. This includes some who are currently threatening you, {1}. Do you still want to call for aid? -->
  <MilitaryAidConfirmMutualEnemy>Фракция {0} не поможет вам в войне с теми, кто не является их врагами. Среди таких фракций — {1}. Вы всё ещё хотите запросить помощь?</MilitaryAidConfirmMutualEnemy>
  <!-- EN: Yes, call them anyway. -->
  <CallConfirm>Да, вызвать их в любом случае.</CallConfirm>
  <!-- EN: No, never mind. -->
  <CallCancel>Нет, не стоит.</CallCancel>
  <!-- EN: {0} agrees to send fighters to help you. -->
  <MilitaryAidSent>{0} соглашается отправить бойцов к вам на помощь.</MilitaryAidSent>
  <!-- EN: {0} apologizes and says they won't be able to arrive in time.\n\n(This faction's technology level is too low for transport pods) -->
  <CantSendMilitaryAidInTime>{0} приносит свои извинения и говорит, что они не успеют вовремя прибыть к вам на помощь.\n\n(Уровень технического развития этой фракции ещё не позволяет им строить транспортные капсулы)</CantSendMilitaryAidInTime>
  <!-- EN: hostile visitors present -->
  <HostileVisitorsPresent>в поселении находятся представители враждебной фракции</HostileVisitorsPresent>

</LanguageData>