﻿<?xml version="1.0" encoding="UTF-8"?>
<LanguageData>

  <!-- EN: Confirm -->
  <Confirm>Подтвердить</Confirm>
  <!-- EN: Go back -->
  <GoBack>Вернуться</GoBack>
  <!-- EN: Do you want to continue? -->
  <WantToContinue>Продолжить?</WantToContinue>
  <!-- EN: OK -->
  <OK>OK</OK>
  <!-- EN: Close -->
  <Close>Закрыть</Close>
  <!-- EN: Accept -->
  <Accept>Принять</Accept>
  
  <!-- Game updated to new version -->
  <!-- EN: RimWorld has been updated from version {0} to version {1}. -->
  <GameUpdatedToNewVersionInitial>RimWorld был обновлён с версии {0} до версии {1}.</GameUpdatedToNewVersionInitial>
  <!-- EN: This may cause saved games and mods from the old version to stop working. -->
  <GameUpdatedToNewVersionSavesIncompatible>Из-за этого сохранения и модификации, относящиеся к более старой версии, могут перестать работать.</GameUpdatedToNewVersionSavesIncompatible>
  <!-- EN: Saved games from the old version should be compatible, however some mods may stop working. -->
  <GameUpdatedToNewVersionSavesCompatible>Сохранения, относящиеся к более старой версии, совместимы с новой, но некоторые моды могут перестать работать.</GameUpdatedToNewVersionSavesCompatible>
  <!-- EN: Since this is a DRM-free copy, you can install the game twice in two different folders, to be able to play both old and new versions. -->
  <GameUpdatedToNewVersionNonSteam>Так как это версия игры без DRM, вы можете установить её в две разные папки и играть как в старые, так и в новые версии.</GameUpdatedToNewVersionNonSteam>
  <!-- EN: If you wish to continue with the old version, you can opt in using Steam's "Betas" feature.\n\n  1. In the Steam library, right-click RimWorld.\n  2. Click Properties.\n  3. Click the Betas tab.\n  4. Select the version you want from the drop-down menu. -->
  <GameUpdatedToNewVersionSteam>Если вы желаете продолжить играть в старую версию, вы можете сделать это при помощи возможности Steam «Бета-версии».\n\n  1. В библиотеке игр Steam нажмите правой кнопкой мыши на RimWorld.\n  2. Нажмите «Свойства».\n  3. Выберите вкладку «Бета-версии».\n  4. В выпадающем списке выберите желаемую версию.</GameUpdatedToNewVersionSteam>
  
  <!-- Recovered from errors caused by mods -->
  <!-- EN: Recovered from incompatible or corrupted mods errors -->
  <RecoveredFromErrorsDialogTitle>Восстановлено без ошибок, вызванных несовместимыми или повреждёнными модами</RecoveredFromErrorsDialogTitle>
  <!-- EN: It seems that some of the active mods were causing errors.\n\nThey were incompatible with each other, designed for a different version of RimWorld, or corrupted.\n\nAll mods have been disabled and can be activated again in the mods dialog. -->
  <RecoveredFromErrorsText>Видимо, некоторые из активированных модов вызывали ошибки.\n\nОни были несовместимы друг с другом, предназначены для другой версии RimWorld либо повреждены.\n\nВсе моды были отключены и могут быть активированы повторно в соответствующем разделе меню.</RecoveredFromErrorsText>
  
  <!-- Errors during loading -->
  <!-- EN: Error while loading assets -->
  <ErrorWhileLoadingAssetsTitle>Ошибка при загрузке ассетов</ErrorWhileLoadingAssetsTitle>
  <!-- EN: An error occurred while loading game assets. See error log for more information. -->
  <ErrorWhileLoadingAssets>Произошла ошибка при загрузке ассетов. Для получения подробной информации посмотрите журнал.</ErrorWhileLoadingAssets>
  <!-- EN: The game is currently running with custom mods - they may or may not cause these problems. -->
  <ErrorWhileLoadingAssets_ModsInfo>Игра запущена с выбранными модами. Они могут вызывать, а могут и не вызывать этих проблем.</ErrorWhileLoadingAssets_ModsInfo>
  <!-- EN: Error while generating a map -->
  <ErrorWhileGeneratingMapTitle>Ошибка при генерации карты</ErrorWhileGeneratingMapTitle>
  <!-- EN: An error occurred while generating a new map. See error log for more information. -->
  <ErrorWhileGeneratingMap>Произошла ошибка при генерации новой карты. Для получения подробной информации посмотрите журнал.</ErrorWhileGeneratingMap>
  <!-- EN: Error while loading a map -->
  <ErrorWhileLoadingMapTitle>Ошибка при загрузке карты</ErrorWhileLoadingMapTitle>
  <!-- EN: An error occurred while loading a map. See error log for more information. -->
  <ErrorWhileLoadingMap>Произошла ошибка при загрузке карты. Для получения подробной информации посмотрите журнал.</ErrorWhileLoadingMap>
  
  <!-- Unloaded mod with an assembly -->
  <!-- EN: The mod list has changed. The game will now restart automatically. -->
  <ModsChanged>Список модов изменился. Игра перезапустится автоматически.</ModsChanged>
  <!-- EN: Something went wrong while restarting the game. The game can't fully unload modified code from deactivated mods, so code from deactivated mods may still be active.\n\nIt's recommended that you quit and restart the game now to load all mods cleanly. -->
  <FailedToRestart>Во время перезапуска игры что-то пошло не так. Игра не может полностью выгрузить модифицированный код от деактивированных модов, поэтому их код может продолжить работать.\n\nРекомендуется выйти и перезапустить игру, чтобы произошла «чистая» загрузка модов.</FailedToRestart>
  <!-- EN: Restarting -->
  <Restarting>Игра перезапускается</Restarting>
  
  <!-- Missing Steam -->
  <!-- EN: Could not initialize Steam API. Possible causes:\n\n-Steam is not running.\n-Launched from outside Steam without steam_appid.txt in place.\n-Running with different privileges than Steam client (e.g. "as administrator").\n\nIn most cases, rebooting your computer will fix this problem.\n\nYou can play anyway, but no Steam stats will be recorded and Steam features won't be available. -->
  <SteamClientMissing>Невозможно инициализировать Steam API. Возможные причины:\n\n-Steam не запущен.\n-Игра запущена из Steam при отсутствующем на месте steam_appid.txt.\n-Игра запущена с отличающимися от запуска Steam привилегиями (например, «от имени администратора»).\n\nВ большинстве случаев перезагрузка компьютера решит проблему.\n\nВы можете играть, но функциональность, связанная со Steam, будет недоступна.</SteamClientMissing>
  
  <!-- Long events -->
  <!-- EN: Initializing interface -->
  <InitializingInterface>Инициализация интерфейса</InitializingInterface>
  <!-- EN: Unloading unused assets -->
  <UnloadingUnusedAssets>Выгрузка неиспользуемых ассетов</UnloadingUnusedAssets>
  <!-- EN: Loading all active mods -->
  <LoadingAllActiveMods>Загрузка всех активированных модов</LoadingAllActiveMods>
  <!-- EN: Loading defs -->
  <LoadingDefs>Загрузка определений</LoadingDefs>
  <!-- EN: Loading assets -->
  <LoadingAssets>Загрузка ассетов</LoadingAssets>
  <!-- EN: Initializing -->
  <Initializing>Инициализация</Initializing>
  <!-- EN: Loading world -->
  <LoadingWorld>Загрузка мира</LoadingWorld>
  <!-- EN: Loading map -->
  <LoadingMap>Загрузка карты</LoadingMap>
  <!-- EN: Initializing game -->
  <InitializingGame>Инициализация игры</InitializingGame>
  <!-- EN: Spawning things -->
  <SpawningAllThings>Размещение объектов</SpawningAllThings>
  <!-- EN: Spawning colonists -->
  <SpawningColonists>Размещение поселенцев</SpawningColonists>
  
  <!-- Save/load -->
  <!-- EN: Save -->
  <SaveGameButton>Сохранить</SaveGameButton>
  <!-- EN: Load -->
  <LoadGameButton>Загрузить</LoadGameButton>
  <!-- EN: Overwrite -->
  <OverwriteButton>Перезаписать</OverwriteButton>
  <!-- EN: Really delete {0}? -->
  <ConfirmDelete>Действительно удалить {0}?</ConfirmDelete>
  <!-- EN: Delete this savegame. -->
  <DeleteThisSavegame>Удалить это сохранение.</DeleteThisSavegame>
  <!-- EN: Saved as {0}. -->
  <SavedAs>Сохранено как {0}.</SavedAs>
  <!-- EN: Please enter a name. -->
  <NeedAName>Пожалуйста, введите название.</NeedAName>
  <!-- EN: Loading -->
  <LoadingLongEvent>Загрузка</LoadingLongEvent>
  <!-- EN: Saving -->
  <SavingLongEvent>Сохранение</SavingLongEvent>
  <!-- EN: (Permadeath) -->
  <PermadeathModeSaveSuffix>(«Ответственный» режим)</PermadeathModeSaveSuffix>
  <!-- EN: We are running version {0} but the save data is from {1}, which is a different version entirely.\n\nTrying to load this data will probably not work. -->
  <SaveIsFromDifferentGameVersion>Версия запущенной игры — {0}, данное сохранение относится к {1}, совершенно другой версии игры. \n\n Попытка загрузки данного сохранения скорее всего не увенчается успехом.</SaveIsFromDifferentGameVersion>
  <!-- EN: We are running version {0} but the save data is from {1}, which is a different build.\n\nTrying to load this data should still work. -->
  <SaveIsFromDifferentGameBuild>Версия запущенной игры — {0}, данное сохранение относится к {1}, другой сборке той же версии. \n\n Попытка загрузки данного сохранения может оказаться успешной.</SaveIsFromDifferentGameBuild>
  <!-- EN: Save data was saved with our game version and should work without issue. -->
  <SaveIsFromThisGameBuild>Данные сохранены этой версией игры и должны работать без проблем.</SaveIsFromThisGameBuild>
  <!-- EN: Save data is in an unknown format and almost certainly will not load properly. -->
  <SaveIsUnknownFormat>Данные сохранены в неизвестном формате и скорее всего не загрузятся корректно.</SaveIsUnknownFormat>
  <!-- EN: There was a problem saving the file {0}:\n\n{1}\n\nSee error log for more information. -->
  <ProblemSavingFile>Возникла проблема с сохранением файла {0}:\n\n{1}\n\nДля получения подробной информации посмотрите журнал.</ProblemSavingFile>
  <!-- EN: Load anyway -->
  <LoadAnyway>Загрузить с тек. модами</LoadAnyway>
  <!-- EN: Load mod list from save -->
  <ChangeLoadedMods>Загрузить, как в файле</ChangeLoadedMods>
  <!-- EN: Some mods are unavailable, and need to be installed -->
  <MissingMods>Некоторые моды недоступны и требуют установки</MissingMods>
  <!-- EN: Official content -->
  <OfficialContent>Официальный контент</OfficialContent>
  <!-- EN: Active -->
  <ContentActive>Активен</ContentActive>
  <!-- EN: Installed, but not active -->
  <ContentInstalledButNotActive>Установлен, но не активен</ContentInstalledButNotActive>
  <!-- EN: Not installed -->
  <ContentNotInstalled>Не установлен</ContentNotInstalled>
  
  <!-- Player faction naming -->
  <!-- EN: Since it looks like you'll be here for a while, {0} thinks that you should give your faction a name. What should your faction be called? -->
  <NamePlayerFactionMessage>Похоже, что вы тут надолго. {0} предлагает дать имя вашей фракции. Как её назвать?</NamePlayerFactionMessage>
  <!-- EN: Your faction is now known as {0}. -->
  <PlayerFactionGainsName>Ваша фракция теперь известна как {0}.</PlayerFactionGainsName>
  <!-- EN: That name isn't valid. -->
  <PlayerFactionNameIsInvalid>Это имя недопустимо.</PlayerFactionNameIsInvalid>

  <!-- Player faction base naming -->
  <!-- EN: {0} thinks that you should give this settlement a name. What should the local settlement be called? -->
  <NamePlayerFactionBaseMessage>{0} предлагает дать название этому поселению. Как вы назовёте его?</NamePlayerFactionBaseMessage>
  <!-- EN: This community is now known as {0}. -->
  <PlayerFactionBaseGainsName>Это поселение теперь известно как {0}.</PlayerFactionBaseGainsName>
  <!-- EN: That name isn't valid. -->
  <PlayerFactionBaseNameIsInvalid>Это имя недопустимо.</PlayerFactionBaseNameIsInvalid>
  
  <!-- Player faction and faction base naming -->
  <!-- EN: {0} also thinks that you should give this settlement a name. What should this local settlement be called? -->
  <NamePlayerFactionBaseMessage_NameFactionContinuation>{0} также предлагает дать название этому поселению. Как вы назовёте его?</NamePlayerFactionBaseMessage_NameFactionContinuation>
  <!-- EN: Your faction is now known as {0}, and this community is now known as {1}. -->
  <PlayerFactionAndBaseGainsName>Ваша фракция теперь известна как {0}, а поселение называется {1}.</PlayerFactionAndBaseGainsName>
  
  <!-- Renaming -->
  <!-- EN: Please enter a valid name. -->
  <NameIsInvalid>Пожалуйста, введите корректное имя.</NameIsInvalid>
  <!-- EN: Name is already in use. -->
  <NameIsInUse>Такое название уже используется.</NameIsInUse>
  <!-- EN: The zone is now called {0}. -->
  <ZoneGainsName>Область теперь называется: «{0}».</ZoneGainsName>
  
  <!-- Pawn naming -->
  <!-- EN: This person's nickname is now {0}. {PAWN_possessive} title is {PAWN_title}. -->
  <PawnGainsName>Прозвище поселенца теперь {0}, и {PAWN_pronoun} — {PAWN_title}</PawnGainsName>
  <!-- EN: The animal's name is now {0}. -->
  <AnimalGainsName>Новая кличка животного — {0}.</AnimalGainsName>

  <!-- Save game incompatible warning -->
  <!-- EN: Version mismatch -->
  <VersionMismatch>Несовпадение версий</VersionMismatch>
  <!-- EN: This game was saved with game version {0}\nWe are running game version {1}\n\nLoading this save may cause bugs and crashes. -->
  <SaveGameIncompatibleWarningText>Внимание: Эта игра была сохранена в версии {0}\nСейчас вы используете версию {1}.\n\nЗагрузка этого сохранения может вызвать ошибки и сбои.</SaveGameIncompatibleWarningText>
  <!-- EN: World file was generated with game version {0}\nWe are running game version {1}\n\nLoading this world may cause bugs and crashes. You should probably generate a new world from scratch. -->
  <WorldFileVersionMismatch>Внимание: Этот мир был сгенерирован в версии {0}, сейчас вы используете версию {1}.\n\nЗагрузка этого мира, вероятно, вызовет ошибки и сбои. Возможно, вам стоит сгенерировать новый мир.</WorldFileVersionMismatch>
  <!-- EN: This file was saved with game version {0}\nWe are running game version {1}\n\nLoading this file may cause bugs and crashes. -->
  <FileIncompatibleWarning>Внимание: Этот файл был сохранён в версии {0}, сейчас вы используете версию {1}.\n\nЗагрузка этого файла может вызвать ошибки и сбои.</FileIncompatibleWarning>
  <!-- EN: Mods mismatch -->
  <ModsMismatchWarningTitle>Несоответствие модов</ModsMismatchWarningTitle>
  <!-- EN: This file was saved with a different set of mods active than those we are currently running. This may or may not cause problems, depending on exactly what these mods do.\n\nFile was saved with (in this order):\n\n{0}\n\nWe are running with (in this order):\n\n{1} -->
  <ModsMismatchWarningText>Внимание: Этот файл был сохранён с набором модов, отличным от текущего. Это может вызвать, а может и не вызвать проблемы, в зависимости от содержания модов.\n\nФайл был сохранён с модами, подключёнными в следующем порядке:\n\n{0}\n\nСейчас моды подключены в другом порядке:\n\n{1}</ModsMismatchWarningText>

  <!-- Resolution change dialog -->
  <!-- EN: You've changed your screen settings. Do the new ones work okay?\n\nAuto-reverting in {0}... -->
  <ConfirmResolutionChange>Вы изменили настройки экрана. Сохранить изменения?\n\nАвтоматический возврат через {0}...</ConfirmResolutionChange>
  <!-- EN: Keep -->
  <ResolutionKeep>Сохранить</ResolutionKeep>
  <!-- EN: Revert -->
  <ResolutionRevert>Отменить</ResolutionRevert>

  <!-- Confirm permanently disable dev mode -->
  <!-- EN: Do you really want to permanently disable development mode on this computer?\n\nThis option is for people who want a pure play experience without the temptation to use development tools to gain advantage in normal play.\n\nDevelopment mode can be re-enabled, but doing so requires manually editing configuration files. You'll need to search the Internet to find out how. -->
  <ConfirmPermanentlyDisableDevMode>Вы уверены, что хотите навсегда отключить режим разработчика для этого компьютера?\n\nЭта опция предназначена для тех, кто хочет получить «чистый» игровой опыт, без соблазна использовать отладочные инструменты для того, чтобы получить преимущества по сравнению с «честной» игрой.\n\nРежим разработчика можно будет снова включить, но это потребует ручных изменений в конфигурационных файлах игры. Вам придётся самостоятельно найти в интернете нужную информацию об этом.</ConfirmPermanentlyDisableDevMode>
  
  <!-- Advanced game start options -->
  <!-- EN: Warning: You will be landing in a frozen environment. It may be hard or nearly impossible to survive. If you are not intending to face an extreme challenge, choose a different site or season. -->
  <MapTemperatureDangerWarning>Вы приземлитесь в холодном регионе. На первых этапах развития выжить в таких условиях крайне сложно. Если не хотите столкнуться с экстремальными трудностями, выберите другое место или сезон.</MapTemperatureDangerWarning>
  <!-- EN: The game is designed to play on medium map sizes. These sizes provide plenty of space!\n\nLarge map sizes don't just degrade performance - they actually break the game design. The AI will make stupid decisions, and game balance will be badly affected in various ways. These sizes are included for tradition and testing reasons only, please do not use them without a specific reason. -->
  <MapSizePerformanceWarning>Игра рассчитана на работу с картами средних размеров. На них достаточно места для полноценного развития.\n\nБольшие размеры карты не только снижают производительность, но и «ломают» игру: странно ведёт себя ИИ, нарушается игровой баланс. Эти размеры карты оставлены в игре как дань традиции и для тестовых целей. Не рекомендуется выбирать их без особой причины.</MapSizePerformanceWarning>
  <!-- EN: Map size -->
  <MapSize>Размер карты:</MapSize>
  <!-- EN: {0}x{0} ({1} cells) -->
  <MapSizeDesc>{0}x{0} ({1} клеток)</MapSizeDesc>
  <!-- EN: Small -->
  <MapSizeSmall>Маленький</MapSizeSmall>
  <!-- EN: Medium -->
  <MapSizeMedium>Средний</MapSizeMedium>
  <!-- EN: Large -->
  <MapSizeLarge>Большой</MapSizeLarge>
  <!-- EN: Extreme (test) -->
  <MapSizeExtreme>Огромный</MapSizeExtreme>
  <!-- EN: Starting season -->
  <MapStartSeason>Начальный сезон:</MapStartSeason>
  <!-- EN: Auto -->
  <MapStartSeasonDefault>Автоматический подбор</MapStartSeasonDefault>
  <!-- EN: Notice -->
  <Notice>Советы:</Notice>

  <!-- Bill config -->
  <!-- EN: Suspended -->
  <Suspended>Продолжить</Suspended>
  <!-- EN: Not suspended -->
  <NotSuspended>Приостановить</NotSuspended>
  <!-- EN: SUSPENDED -->
  <SuspendedAllCaps>ПАУЗА</SuspendedAllCaps>
  <!-- EN: Repeat: -->
  <RepeatCount>Повторять:</RepeatCount>
  <!-- EN: Forever -->
  <Forever>Бесконечно</Forever>
  <!-- EN: Details -->
  <Details>Детали</Details>
  <!-- EN: Ingredient radius -->
  <IngredientSearchRadius>Радиус поиска</IngredientSearchRadius>
  <!-- EN: Currently have -->
  <CurrentlyHave>Имеется</CurrentlyHave>
  <!-- EN: Counting -->
  <CountingProducts>Подсчёт</CountingProducts>
  <!-- EN: Infinite -->
  <Infinite>Бесконечно</Infinite>
  <!-- EN: Allowed {0} skill: -->
  <AllowedSkillRange>Уровень навыка {0}</AllowedSkillRange>
  <!-- EN: incompatible -->
  <IncompatibleLower>несовместимо</IncompatibleLower>
  <!-- EN: Any worker -->
  <AnyWorker>Любой мастер</AnyWorker>
  <!-- EN: Unlimited -->
  <Unlimited>Не ограничен</Unlimited>
  
  <!-- EN: (This recipe cannot have a target count because it has multiple or unpredictable products.) -->
  <RecipeCannotHaveTargetCount>(Это задание нельзя повторять, так как конечный продукт может быть не один, либо результат может каждый раз сильно различаться)</RecipeCannotHaveTargetCount>
  <!-- EN: Work amount -->
  <WorkAmount>Объём работ</WorkAmount>
  <!-- EN: Minimum skills: -->
  <MinimumSkills>Минимальные навыки:</MinimumSkills>
  <!-- EN: Requires {0} {1} -->
  <BillRequires>Требуется {0} {1}</BillRequires>
  <!-- EN: Requires {0} nutrition -->
  <BillRequiresNutrition>Требуется {0} питательности</BillRequiresNutrition>
  <!-- EN: Note: Small-volume ingredients like gold require {0}x as much. -->
  <BillRequiresMayVary>Заметка: ингредиентов небольшого размера, например, золота, требуется в {0} раз больше.</BillRequiresMayVary>
  <!-- EN: This is a small-volume ingredient. This means that each 'unit' is only 1/{0} as much as a normal-volume ingredient. So, to fill the same ingredient requirement, you'll need {0}x as much as usual. -->
  <ThisIsSmallVolume>Этот ингредиент имеет небольшой размер. Это значит, что каждый «кусочек» — лишь от 1/{0} размера обычного ингредиента. Чтобы выполнить требования по ингредиентам вам понадобится в {0} раз больше материала.</ThisIsSmallVolume>
  <!-- EN: ingredients -->
  <UsableIngredients>ингредиенты</UsableIngredients>
  <!-- EN: To {0} -->
  <BillRepeatTargetCountShort>До {0}</BillRepeatTargetCountShort>

  <!-- EN: Pause when satisfied -->
  <PauseWhenSatisfied>Пауза по достижении количества</PauseWhenSatisfied>
  <!-- EN: Unpause at -->
  <UnpauseWhenYouHave>Возобновить при наличии</UnpauseWhenYouHave>
  <!-- EN: Paused -->
  <Paused>Пауза</Paused>
  <!-- EN: Unpause -->
  <Unpause>Продолжить</Unpause>

  <!-- EN: Count equipped -->
  <IncludeEquipped>Включая носимое</IncludeEquipped>
  <!-- EN: Count tainted -->
  <IncludeTainted>Включая снятое с мёртвых</IncludeTainted>
  <!-- EN: Only allowed ingredients -->
  <LimitToAllowedStuff>Только из указанных материалов</LimitToAllowedStuff>
  <!-- EN: Look everywhere -->
  <IncludeFromAll>Искать везде</IncludeFromAll>
  <!-- EN: Look in {0} -->
  <IncludeSpecific>Искать в области {0}</IncludeSpecific>
  
  <!-- Info card -->
  <!-- EN: Damage -->
  <Damage>Урон</Damage>
  <!-- EN: Armor penetration -->
  <ArmorPenetration>Бронепробитие</ArmorPenetration>
  <!-- EN: Armor penetration is the amount of armor this weapon will ignore each time it hits the target.\n\nIf armor penetration is greater than the target's armor, it is as though the target is unarmored. Otherwise, the armor penetration is subtracted from the target's armor. -->
  <ArmorPenetrationExplanation>Бронепробитие показывает, насколько прочную броню можно пробить этим оружием при попадании в цель.\n\nЕсли это значение больше, чем показатель бронирования цели, то цель будет поражена, как если бы броня отсутствовала. В противном случае значение бронепробития вычитается из прочности брони.</ArmorPenetrationExplanation>
  <!-- EN: Accuracy -->
  <Accuracy>Точность</Accuracy>
  <!-- EN: Burst shot count -->
  <BurstShotCount>Выстрелов</BurstShotCount>
  <!-- EN: Warmup -->
  <WarmupTime>Изготовка</WarmupTime>
  <!-- EN: Melee warmup -->
  <MeleeWarmupTime>Изготовка</MeleeWarmupTime>
  <!-- EN: Cooldown -->
  <CooldownTime>Перезарядка</CooldownTime>
  <!-- EN: Disarmed -->
  <DisarmedTime>Реактивация</DisarmedTime>
  <!-- EN: Charging -->
  <ChargingTime>Заряжается</ChargingTime>
  <!-- EN: Next recharge (for {1}) in: {0}\nCharge cycle: {2} -->
  <ChargingNext>Следующая перезарядка (на {1}) через: {0}\nЦикл зарядки: {2}</ChargingNext>
  <!-- EN: Shut down -->
  <ShutDown>Отключено</ShutDown>
  <!-- EN: Fire rate -->
  <BurstShotFireRate>Темп стрельбы</BurstShotFireRate>
  <!-- EN: Range -->
  <Range>Дальность</Range>
  <!-- EN: Stopping power -->
  <StoppingPower>Останавливающая способность</StoppingPower>
  <!-- EN: Hits from this weapon will stagger targets, slowing their movement for several seconds.\n\nTargets with a body size larger than the stopping power will be unaffected. -->
  <StoppingPowerExplanation>При попадании из этого оружия по цели, размер которой меньше указанного значения, скорость её передвижения снизится на несколько секунд.\n\nЦели большего размера не подвержены останавливающему воздействию.</StoppingPowerExplanation>
  <!-- EN: Direct hit chance -->
  <DirectHitChance>Шанс прямого попадания</DirectHitChance>
  <!-- EN: Miss radius -->
  <MissRadius>Радиус разброса</MissRadius>
  <!-- EN: Grows wild -->
  <GrowsWild>Дикое</GrowsWild>
  <!-- EN: Harvestable -->
  <Harvestable>Собираемое</Harvestable>
  <!-- EN: Limited lifespan -->
  <LimitedLifespan>Недолговечное</LimitedLifespan>
  <!-- EN: Growing time -->
  <GrowingTime>Время созревания</GrowingTime>
  <!-- EN: Harvest yield -->
  <HarvestYield>Урожайность сбора</HarvestYield>
  <!-- EN: Min growth temperature -->
  <MinGrowthTemperature>Минимальная температура роста</MinGrowthTemperature>
  <!-- EN: Max growth temperature -->
  <MaxGrowthTemperature>Максимальная температура роста</MaxGrowthTemperature>
  <!-- EN: Plants only grow for part of the day, and only when lit.\n\nThis statistic measures the time the plant needs to spend actually growing to reach full size.\nThe actual real growing time will generally be about twice as long.\nLow temperatures also slow plant growth. -->
  <GrowingTimeDesc>Растения растут только в светлую часть суток.\n\nЭтот показатель измеряет время, в течение которого растение должно непрерывно расти, чтобы вырасти полностью.\nРеальное время будет примерно в два раза больше.\nНизкие температуры также замедляют рост.</GrowingTimeDesc>
  <!-- EN: days -->
  <Days>дней</Days>
  <!-- EN: Minimum growing skill to sow -->
  <MinGrowingSkillToSow>Требуемый навык Растениеводства</MinGrowingSkillToSow>
  <!-- EN: Fertility requirement -->
  <FertilityRequirement>Требования к почве</FertilityRequirement>
  <!-- EN: Fertility sensitivity -->
  <FertilitySensitivity>Влияние плодородности почвы</FertilitySensitivity>
  <!-- EN: Light requirement -->
  <LightRequirement>Требования к свету</LightRequirement>
  <!-- EN: Attributes -->
  <Attributes>Атрибуты</Attributes>
  <!-- EN: Lifespan -->
  <LifeSpan>Продолжительность жизни</LifeSpan>
  <!-- EN: Nutrition -->
  <Nutrition>Питательность</Nutrition>
  <!-- EN: Recreation -->
  <Joy>Развлечение</Joy>
  <!-- EN: Food quality -->
  <FoodQuality>Качество еды</FoodQuality>
  <!-- EN: Walk speed -->
  <WalkSpeedProperty>Скорость ходьбы</WalkSpeedProperty>
  <!-- EN: Min. food quality -->
  <MinFoodQuality>Мин. качество еды</MinFoodQuality>
  <!-- EN: Diet -->
  <Diet>Питание</Diet>
  <!-- EN: Nutrition need per day -->
  <NutritationEatenPerDay>Требуется еды в день</NutritationEatenPerDay>
  <!-- EN: Leather type -->
  <LeatherType>Тип кожи</LeatherType>
  <!-- EN: Body size -->
  <BodySize>Размер тела</BodySize>
  <!-- EN: Recruit difficulty -->
  <RecruitDifficulty>Сложность вербовки</RecruitDifficulty>
  <!-- EN: Base price -->
  <MarketValue>Базовая цена</MarketValue>
  <!-- EN: Covers -->
  <Covers>Укрывается</Covers>
  <!-- EN: Created at -->
  <CreatedAt>Изготавливается на</CreatedAt>
  <!-- EN: Layer -->
  <Layer>Слой одежды</Layer>
  <!-- EN: Cover effectiveness -->
  <CoverEffectiveness>Эффективность укрытия</CoverEffectiveness>
  <!-- EN: How effective this is when used as cover in a gunfight.\n\nHigher percentages will block more shots. -->
  <CoverEffectivenessExplanation>Насколько этот объект эффективен в качестве укрытия в перестрелке.\n\nЧем выше процент, тем больше выстрелов будет заблокировано.</CoverEffectivenessExplanation>
  <!-- EN: Experience gain factor -->
  <MedicineXpGainFactor>Множитель прироста опыта</MedicineXpGainFactor>
  <!-- EN: Mood change -->
  <MoodChange>Смена настроения</MoodChange>
  <!-- EN: Wildness -->
  <Wildness>Дикость</Wildness>
  <!-- EN: Wilder creatures are naturally more difficult to tame, train, and handle. -->
  <WildnessExplanation>Диких существ сложнее приручать, тренировать и обращаться с ними.</WildnessExplanation>
  <!-- EN: Training decay interval -->
  <TrainingDecayInterval>Период утраты навыков</TrainingDecayInterval>
  <!-- EN: Tameness will never decay. -->
  <TamenessWillNotDecay>Приручённость не исчезнет.</TamenessWillNotDecay>
  <!-- EN: Animal filth rate -->
  <AnimalFilthRate>Скорость загрязнения поверхности</AnimalFilthRate>
  <!-- EN: Animals produce filth when moving around on constructed floors.\n\nThis is the average amount of such filth produced per {0} cells walked by this creature.\n\nLarger or less pet-like animals produce more filth. -->
  <AnimalFilthRateExplanation>Животные загрязняют полы.\n\nЭто среднее количество грязи, производимой животным на {0} пройденных им клеток.\n\nБолее крупные и более дикие животные производят больше грязи.</AnimalFilthRateExplanation>
  <!-- EN: Time -->
  <TimeRecordsCategory>Время</TimeRecordsCategory>
  <!-- EN: Misc -->
  <MiscRecordsCategory>Прочее</MiscRecordsCategory>
  <!-- EN: Chemical -->
  <Chemical>Вещество</Chemical>
  <!-- EN: High gain per dose -->
  <HighGain>Действие дозы</HighGain>
  <!-- EN: High fall rate -->
  <HighFallRate>Ослабевание действия</HighFallRate>
  <!-- EN: High duration per dose -->
  <HighDuration>Продолжительность действия</HighDuration>
  <!-- EN: Tolerance gain per dose -->
  <ToleranceGain>Прирост толерантности от дозы</ToleranceGain>
  <!-- EN: Tolerance fall rate -->
  <ToleranceFallRate>Снижение толерантности</ToleranceFallRate>
  <!-- EN: New addiction min tolerance -->
  <MinimumToleranceForAddiction>Мин. толерантность для зав-ти</MinimumToleranceForAddiction>
  <!-- EN: Safe dose interval -->
  <SafeDoseInterval>Безопасный интервал приёма</SafeDoseInterval>
  <!-- EN: New addiction chance -->
  <Addictiveness>Шанс формирования зависимости</Addictiveness>
  <!-- EN: Addiction initial severity -->
  <AddictionSeverityInitial>Начальная тяжесть зависимости</AddictionSeverityInitial>
  <!-- EN: Addiction severity per dose -->
  <AddictionSeverityPerDose>Усиление зависимости от дозы</AddictionSeverityPerDose>
  <!-- EN: Addiction need fill per dose -->
  <AddictionNeedOffset>Снижение потребности от дозы</AddictionNeedOffset>
  <!-- EN: Addiction need fall rate -->
  <AddictionNeedFallRate>Рост потребности</AddictionNeedFallRate>
  <!-- EN: Addiction need dose interval -->
  <AddictionNeedDoseInterval>Интервал приёма по потребности</AddictionNeedDoseInterval>
  <!-- EN: Addiction recovery time -->
  <AddictionRecoveryTime>Время восстановления от зав-ти</AddictionRecoveryTime>
  <!-- EN: Addiction cost -->
  <AddictionCost>Стоимость зависимости</AddictionCost>
  <!-- EN: Random overdose chance -->
  <RandomODChance>Шанс случайной передозировки</RandomODChance>
  <!-- EN: Always safe -->
  <AlwaysSafe>Любой</AlwaysSafe>
  <!-- EN: Never safe -->
  <NeverSafe>Отсутствует</NeverSafe>
  <!-- EN: {0} / day -->
  <PerDay>{0} в день</PerDay>
  <!-- EN: Pack animal -->
  <PackAnimal>Вьючное животное</PackAnimal>
  <!-- EN: Whether this animal is appropriate to use to carry items in a caravan over long distances. -->
  <PackAnimalExplanation>Это животное целесообразно использовать в караване для перевозки вещей на большие расстояния.</PackAnimalExplanation>
  <!-- EN: Skill -->
  <Skill>Навык</Skill>
  <!-- EN: Success rate multiplier -->
  <SurgerySuccessChanceFactor>Коэфф-т успеха операции</SurgerySuccessChanceFactor>
  <!-- EN: Death chance on fail -->
  <SurgeryDeathOnFailChance>Шанс смерти при провале</SurgeryDeathOnFailChance>
  <!-- EN: Work speed governed by -->
  <WorkSpeedStat>На скорость работы влияет</WorkSpeedStat>
  <!-- EN: Output quantity governed by -->
  <EfficiencyStat>На выход продукта влияет</EfficiencyStat>
  <!-- EN: {0} skill required -->
  <SkillRequiredToBuild>Требуется навык {0}</SkillRequiredToBuild>
  <!-- EN: Requires this level of {0} in order to build. -->
  <SkillRequiredToBuildExplanation>Для строительства требуется навык уровня {0}</SkillRequiredToBuildExplanation>
  <!-- EN: Nuzzle interval -->
  <NuzzleInterval>Перерыв в ласке</NuzzleInterval>
  <!-- EN: How often an animal will nuzzle friendly colonists, on average.\n\nNuzzling is a behavior shared by many animal species, where the animal presses its nose or muzzle against a friend as a sign of affection.\nMost humans find this cute and it will leave them in a good mood for a period of time. -->
  <NuzzleIntervalExplanation>Как часто это животное будет ласкаться к поселенцам.\n\nМногие виды животных выражают своё расположение к человеку, ласкаясь или обнюхивая его.\nБольшинство людей считают это милым, и их настроение улучшается.</NuzzleIntervalExplanation>
  <!-- EN: Revenge chance on harm -->
  <HarmedRevengeChance>Шанс ответного нападения</HarmedRevengeChance>
  <!-- EN: The chance this creature seeks revenge upon being harmed by an attacker at rifle range.\n\nThis chance increases if the attacker is closer. If attacked at very close range, the chance is three times greater.\nThis chance is applied each time damage is taken, so slower-firing, higher-damage weapons are less likely to trigger it.\nTo minimize the chance of a creature seeking revenge, attack it from rifle range with a slow-firing weapon. -->
  <HarmedRevengeChanceExplanation>Вероятность ответной агрессии животного при попадании в него с расстояния винтовочного выстрела.\n\nЧем атакующий ближе, тем эта вероятность выше. Если атаковать вблизи, то вероятность повышается в три раза.\nПроверка вероятности происходит при каждом получении урона, поэтому для охоты предпочтительнее использовать менее скорострельное и более убойное оружие.\nЧтобы минимизировать риск нападения животного, стреляйте по нему из нескорострельного оружия с расстояния винтовочного выстрела.</HarmedRevengeChanceExplanation>
  <!-- EN: Revenge chance on tame fail -->
  <TameFailedRevengeChance>Шанс напад. при неуд. приручении</TameFailedRevengeChance>
  <!-- EN: Terrain requirement -->
  <TerrainRequirement>Требования к грунту</TerrainRequirement>
  <!-- EN: Supports -->
  <Supports>Выдерживает</Supports>
  <!-- EN: Trap armor penetration -->
  <TrapArmorPenetration>Бронепробитие ловушки</TrapArmorPenetration>
  <!-- EN: Rearm cost -->
  <RearmCost>Стоимость перезарядки</RearmCost>
  <!-- EN: Resources needed to rearm this turret (affected by difficulty). -->
  <RearmCostExplanation>Количество ресурса, требуемое для перезарядки турели (зависит от уровня сложности).</RearmCostExplanation>
  <!-- EN: Shots before rearm -->
  <ShotsBeforeRearm>Выстрелов до перезарядки</ShotsBeforeRearm>
  <!-- EN: How many shots this turret can fire before it has to be rearmed. -->
  <ShotsBeforeRearmExplanation>Количество выстрелов, которое может произвести турель без необходимости перезарядки.</ShotsBeforeRearmExplanation>
  <!-- EN: Power consumption -->
  <PowerConsumption>Потребление энергии</PowerConsumption>
  <!-- EN: Target -->
  <Target>Возможные цели</Target>
  <!-- EN: The types of targets on which this ability can be used. -->
  <AbilityTargetDesc>Виды целей, к которым применима эта способность.</AbilityTargetDesc>
  <!-- EN: human -->
  <TargetHuman>люди</TargetHuman>
  <!-- EN: animal -->
  <TargetAnimal>животные</TargetAnimal>
  <!-- EN: self -->
  <TargetSelf>инициатор</TargetSelf>
  <!-- EN: ground -->
  <TargetGround>земля</TargetGround>
  <!-- EN: Click to learn more. -->
  <ClickToLearnMore>Нажмите, чтобы узнать больше.</ClickToLearnMore>
  <!-- EN: Click to view factions. -->
  <ClickToViewFactions>Нажмите, чтобы просмотреть фракции.</ClickToViewFactions>
  <!-- EN: meditation focus types -->
  <MeditationFocuses>виды медитации</MeditationFocuses>
  <!-- EN: Unlocks meditation focus types -->
  <MeditationFocusesUnlocked>Разблокирует виды медитации</MeditationFocusesUnlocked>
  <!-- EN: The types of meditation focus this person can use. When meditating, a person can focus on an obejct to boost their psyfocus gain - but only if that object offers a focus type they can use. Each person's meditation types are determined by their background, traits, social position, and so on. -->
  <MeditationFocusesPawnDesc>Виды медитации, которые доступны для данного персонажа. Во время медитации персонаж может концентрироваться на определённом предмете, чтобы улучшить свою пси-концентрацию — но только в том случае, если этот предмет предоставляет доступный персонажу вид медитации. Виды медитации в свою очередь определяются биографией персонажа, его характером, социальным статусом и так далее.</MeditationFocusesPawnDesc>
  <!-- EN: The types of meditation focus this object offers. A meditating person can focus on this object to boost their psyfocus gain, but only if they are able to use one of its meditation types. Each person can use different meditation types depending on their background, traits, social position, and so on. -->
  <MeditationFocusesDesc>Виды медитации, которые может предоставить данный предмет. Медитирующий персонаж может концентрироваться на этом объекте, чтобы улучшить свою пси-концентрацию, но только при возможности использовать один из доступных видов медитации. Доступные для персонажа виды медитации определяются биографией, характером, социальным статусом и так далее.</MeditationFocusesDesc>
  <!-- EN: Can use {0} focus type because -->
  <MeditationFocusCanUse>Может использовать тип концентрации {0}, потому что</MeditationFocusCanUse>
  <!-- EN: {0} focus objects -->
  <MeditationFocusObjects>Объекты для концентрации, {0}</MeditationFocusObjects>
  <!-- EN: holds title: {TITLE} ({FACTION_name}). -->
  <MeditationFocusEnabledByTitle>обладает титулом: {TITLE} в ({FACTION_name}).</MeditationFocusEnabledByTitle>
  <!-- EN: has childhood -->
  <MeditationFocusEnabledByChildhood>прожито детство</MeditationFocusEnabledByChildhood>
  <!-- EN: has adulthood -->
  <MeditationFocusEnabledByAdulthood>прожита взрослая жизнь</MeditationFocusEnabledByAdulthood>
  <!-- EN: has trait -->
  <MeditationFocusEnabledByTrait>имеет черту характера</MeditationFocusEnabledByTrait>
  <!-- EN: does not have trait -->
  <MeditationFocusDisabledByTrait>не имеет черты характера</MeditationFocusDisabledByTrait>
  <!-- EN: Enables meditation focus types -->
  <EnablesMeditationFocusType>Делает доступными виды медитации</EnablesMeditationFocusType>
  
  <!-- Trade -->
  <!-- EN: Positive numbers buy.\nNegative numbers sell. -->
  <PositiveBuysNegativeSells>Положительное число — покупка.\nОтрицательное число — продажа.</PositiveBuysNegativeSells>
  <!-- EN: Price you pay to buy this. -->
  <BuyPriceDesc>Цена, по которой можно купить товар.</BuyPriceDesc>
  <!-- EN: Price you receive for selling this. -->
  <SellPriceDesc>Цена, по которой можно продать товар.</SellPriceDesc>
  <!-- EN: For this item, this price is {0}. -->
  <PriceTypeDesc>Цена для этого товара: {0}.</PriceTypeDesc>
  <!-- EN: How many of this item the colony has ready to trade.\n\nYou can only sell items to orbital traders if they are near an orbital trade beacon. -->
  <ColonyCount>Количество товара, которое есть на продажу у поселения.\n\nОрбитальным торговцам можно продать только тот товар, что находится в зоне действия ваших торговых маяков.</ColonyCount>
  <!-- EN: How many of this item the trader has to trade. -->
  <TraderCount>Количество товара, которое есть на продажу у торговца.</TraderCount>
  <!-- EN: Accept -->
  <AcceptButton>Принять</AcceptButton>
  <!-- EN: Load selected -->
  <LoadSelected>Загрузить выбранные</LoadSelected>
  <!-- EN: Reset -->
  <ResetButton>Сбросить</ResetButton>
  <!-- EN: Cancel -->
  <CancelButton>Отменить</CancelButton>
  <!-- EN: Close -->
  <CloseButton>Закрыть</CloseButton>
  <!-- EN: Your tradeable silver: {0} -->
  <YourTradeableSilver>Серебра для торговли: {0}</YourTradeableSilver>
  <!-- EN: You can only trade with silver that is near an orbital trade beacon and not under a roof. -->
  <YourTradeableSilverTip>Вы можете торговать только тем серебром, которое находится рядом с торговым маяком и не под крышей.</YourTradeableSilverTip>
  <!-- EN: Trader has no more. -->
  <TraderHasNoMore>У торговца больше нет товара на продажу.</TraderHasNoMore>
  <!-- EN: No more to sell. -->
  <ColonyHasNoMore>Больше нечего продавать.</ColonyHasNoMore>
  <!-- EN: Trader is not willing to buy this. -->
  <TraderWillNotTrade>Торговца не интересует этот товар</TraderWillNotTrade>
  <!-- EN: Negotiator -->
  <Negotiator>Переговорщик</Negotiator>
  <!-- EN: Negotiator: {0} (+{1}) -->
  <NegotiatorTradeDialogInfo>Переговорщик: {0} (+{1})</NegotiatorTradeDialogInfo>
  <!-- EN: Your negotiator {1_labelShort} cannot talk properly because of poor health. -->
  <NegotiatorTalkingImpaired>Ваш переговорщик, {1_labelShort}, имеет проблемы с речью.</NegotiatorTalkingImpaired>
  <!-- EN: Your negotiator {1_labelShort} cannot hear properly because of poor health. -->
  <NegotiatorHearingImpaired>Ваш переговорщик, {1_labelShort}, имеет проблемы со слухом.</NegotiatorHearingImpaired>
  <!-- EN: This will affect trade prices.\n\nConsider using a healthier negotiator. -->
  <NegotiatorCapacityImpaired>Это отразится на ценах торговли.\n\nПодумайте над назначением более здорового переговорщика.</NegotiatorCapacityImpaired>
  <!-- EN: Trader has insufficient silver to fully cover this transaction.  Proceed anyways? -->
  <ConfirmTraderShortFunds>У торговца недостаточно серебра, чтобы завершить эту сделку. Всё равно продолжить?</ConfirmTraderShortFunds>
  <!-- EN: Sort by -->
  <SortBy>Подбор по</SortBy>
  <!-- EN: trader type -->
  <TraderTypePrice>тип торговца</TraderTypePrice>
  <!-- EN: selling -->
  <Selling>продажа</Selling>
  <!-- EN: buying -->
  <Buying>покупка</Buying>
  <!-- EN: item sell price multiplier -->
  <ItemSellPriceFactor>множитель цены продажи</ItemSellPriceFactor>
  <!-- EN: difficulty level -->
  <DifficultyLevel>уровень сложности</DifficultyLevel>
  <!-- EN: global post-process curve -->
  <PostCurve>интерполяция</PostCurve>
  <!-- EN: Your negotiator bonus -->
  <YourNegotiatorBonus>Бонус переговорщика</YourNegotiatorBonus>
  <!-- EN: Trading with faction base bonus -->
  <TradeWithFactionBaseBonus>Базовый бонус торговли с фракцией</TradeWithFactionBaseBonus>
  <!-- EN: minimum -->
  <minimum>минимум</minimum>
  <!-- EN: Final price -->
  <FinalPrice>Итоговая цена</FinalPrice>
  <!-- EN: Gift mode - offer gifts to {0}. -->
  <GiftModeTip>Режим подарков — предложить подарок фракции {0}.</GiftModeTip>
  <!-- EN: Return to trade mode. -->
  <TradeModeTip>Вернуться в режим торговли</TradeModeTip>
  <!-- EN: {FACTION_name} is not willing to send a caravan because {NEGOTIATOR_nameDef} lacks the required title of {TITLE}. -->
  <TradeCaravanRequestDeniedDueTitle>{FACTION_name} не желает отправлять караван, поскольку {NEGOTIATOR_nameDef} не имеет необходимого титула, {TITLE}.</TradeCaravanRequestDeniedDueTitle>

  <!-- Sellable items -->
  <!-- EN: Things this trader will buy -->
  <SellableItemsTitle>Товар, интересующий торговца</SellableItemsTitle>
  <!-- EN: Never visited - stock unknown -->
  <TraderNotVisitedYet>Не посещено, список товаров неизвестен</TraderNotVisitedYet>
  <!-- EN: Restocked since your last visit -->
  <TraderRestockedSinceLastVisit>Список товаров обновился с последнего посещения</TraderRestockedSinceLastVisit>
  <!-- EN: Next restock: {0} days -->
  <NextTraderRestock>Список обновится через ^Number( {0} | '# день' | '# дня' | '# дней')^</NextTraderRestock>
  <!-- EN: Creatures -->
  <PawnsTabShort>Люди и животные</PawnsTabShort>
  
  <!-- Form caravan -->
  <!-- EN: Form caravan -->
  <FormCaravan>Снарядить караван</FormCaravan>
  <!-- EN: Send -->
  <Send>Отправить</Send>
  <!-- EN: Number available to send with the caravan. -->
  <FormCaravanColonyThingCountTip>Количество единиц ресурса, которое поселение может передать каравану.</FormCaravanColonyThingCountTip>
  <!-- EN: People and animals -->
  <PawnsTab>Люди и животные</PawnsTab>
  <!-- EN: Items -->
  <ItemsTab>Вещи</ItemsTab>
  <!-- EN: Travel supplies -->
  <FoodAndMedicineTab>Припасы</FoodAndMedicineTab>
  <!-- EN: You must assign at least one non-downed colonist. -->
  <CaravanMustHaveAtLeastOneColonist>Нужно назначить хотя бы одного поселенца, способного стоять на ногах.</CaravanMustHaveAtLeastOneColonist>
  <!-- EN: The chosen exit location ({0}) is inaccessible. -->
  <CaravanCouldNotFindExitSpot>Выбранная точка выхода ({0}) вне досягаемости.</CaravanCouldNotFindExitSpot>
  <!-- EN: Could not find any valid packing spot. Make sure that the chosen exit location ({0}) is accessible. -->
  <CaravanCouldNotFindPackingSpot>Невозможно найти подходящее место сбора. Убедитесь, что выбранное место сбора ({0}) находится в пределах досягаемости.</CaravanCouldNotFindPackingSpot>
  <!-- EN: Warning: Some of the assigned colonists are unable to reach the exit location ({0}). -->
  <CaravanCouldNotFindReachableExitSpot>Внимание: некоторые из назначенных поселенцев не могут добраться до точки выхода ({0}).</CaravanCouldNotFindReachableExitSpot>
  <!-- EN: {1_labelShort} is unreachable by any of the assigned colonists. -->
  <CaravanPawnIsUnreachable>{1_labelShort} вне досягаемости для всех назначенных поселенцев.</CaravanPawnIsUnreachable>
  <!-- EN: None of the assigned colonists are able to reach the {0}. -->
  <CaravanItemIsUnreachableSingle>Ни один из поселенцев не может добраться до {0}.</CaravanItemIsUnreachableSingle>
  <!-- EN: None of the assigned colonists are able to reach {0}x {1}. -->
  <CaravanItemIsUnreachableMulti>Ни один из поселенцев не может добраться до {0}x {1}.</CaravanItemIsUnreachableMulti>
  <!-- EN: The caravan can't carry that much. -->
  <TooBigCaravanMassUsage>Караван не сможет нести так много.</TooBigCaravanMassUsage>
  <!-- EN: Includes carried items and equipped items. Carrying less than the maximum gives a speed bonus. -->
  <CaravanMassUsageTooltip>Суммарный вес вещей поселенцев и их груза. Вес меньше максимального даёт преимущество в скорости.</CaravanMassUsageTooltip>
  <!-- EN: Visibility is how easy your caravan is to notice.\n\nIt multiplies the chance that your caravan will be waylaid by enemies.\n\nVisibility does not affect your ability to find things you want.\n\nVisibility is based on the total body size of all people and animals in the caravan. -->
  <CaravanVisibilityTip>Заметность показывает, насколько караван легко обнаружить.\n\nОпределяется совокупными размерами всех участников каравана: людей и животных.\n\nЧем караван заметнее, тем чаще на него будут нападать.</CaravanVisibilityTip>
  <!-- EN: Days of food -->
  <DaysWorthOfFood>Запас еды</DaysWorthOfFood>
  <!-- EN: rot in {0} -->
  <DaysWorthOfFoodInfoRot>до порчи {0}</DaysWorthOfFoodInfoRot>
  <!-- EN: Unlimited -->
  <InfiniteDaysWorthOfFoodInfo>Бесконечно</InfiniteDaysWorthOfFoodInfo>
  <!-- EN: The approximate number of days before at least one person or animal will be out of food. Different species have different diets, so one may run out of food before others. This value is calculated more accurately after the route is chosen.\n\nAffected by:\n  - Current pawn inventory\n  - Carried food type and amount\n  - Caravan members and their diets\n  - Foraging rate\n  - Whether animals can graze\n  - Time until food rots\n  - Hot weather rots food faster -->
  <DaysWorthOfFoodTooltip>Приблизительное количество дней до момента, когда без еды останется хотя бы один человек или животное. Людям и разным видам животных требуется разная пища, поэтому кто-то может остаться без еды раньше остальных. Величина рассчитывается более точно, если определён маршрут путешествия.\n\nВлияющие факторы:\n  - груз текущего участника\n  - имеющиеся виды еды и её количество\n  - рацион участников каравана\n  - количество добываемой еды\n  - возможность выпаса животных\n  - время порчи еды\n  - температура воздуха</DaysWorthOfFoodTooltip>
  <!-- EN: (only the first waypoint is taken into account) -->
  <DaysWorthOfFoodTooltip_OnlyFirstWaypoint>\n(учитывается только первая точка маршрута)</DaysWorthOfFoodTooltip_OnlyFirstWaypoint>
  <!-- EN: Your caravan only has {0} days worth of food and will become hungry quickly. -->
  <DaysWorthOfFoodWarningDialog>Вашему каравану хватит еды только на ^Number( {0} | '# день' | '# дня' | '# дней')^. Люди и животные очень скоро начнут голодать.</DaysWorthOfFoodWarningDialog>
  <!-- EN: Your caravan has no food and will become hungry very quickly. -->
  <DaysWorthOfFoodWarningDialog_NoFood>Без еды люди и животные в караване очень скоро начнут голодать.</DaysWorthOfFoodWarningDialog_NoFood>
  <!-- EN: The average amount of food per day your people will forage. This value will change as you travel across biomes with different forage yield rates. -->
  <ForagedFoodPerDayTip>Среднее количество еды, которое в день могут добыть участники каравана. Эта величина меняется в зависимости от биома, где в данный момент проходит караван.</ForagedFoodPerDayTip>
  <!-- EN: Forage per day -->
  <ForagedFoodPerDay>Добывается еды в день</ForagedFoodPerDay>
  <!-- EN: A large part of the caravan's food will rot soon. -->
  <CaravanFoodWillRotSoonWarningDialog>Значительная часть запасов еды скоро испортится.</CaravanFoodWillRotSoonWarningDialog>
  <!-- EN: You have no caravan members capable of diplomacy or trading. -->
  <CaravanIncapableOfSocial>Ни один из членов каравана не способен к дипломатии и торговле.</CaravanIncapableOfSocial>
  <!-- EN: Are you sure you want to form this caravan? -->
  <CaravanAreYouSure>Вы уверены, что хотите отправить этот караван?</CaravanAreYouSure>
  <!-- EN: You must choose a route for the caravan first. -->
  <MessageMustChooseRouteFirst>Сначала нужно построить маршрут путешествия.</MessageMustChooseRouteFirst>
  <!-- EN: Your caravan is unable to leave the area. Make sure that at least one side is reachable. -->
  <MessageNoValidExitTile>Караван не может покинуть это место. Убедитесь, что доступно хотя бы одно направление выхода.</MessageNoValidExitTile>
  <!-- EN: Weight of this item. -->
  <ItemWeightTip>Вес этого предмета.</ItemWeightTip>
  <!-- EN: Market value -->
  <MarketValueTip>Рыночная цена</MarketValueTip>
  <!-- EN: The number of days until this item starts to rot based on the average temperature in this area. -->
  <DaysUntilRotTip>Число дней до момента, когда этот продукт начнёт портиться, с учётом средней температуры в этой области.</DaysUntilRotTip>
  <!-- EN: How much nutrition this food provides.\n\nFor reference: adult person needs {0} nutrition per day. -->
  <ItemNutritionTip>Насколько питательна эта еда.\n\nДля справки: взрослому человеку требуется {0} единиц в сутки.</ItemNutritionTip>
  <!-- EN: This animal can graze food from the environment instead of eating carried food. Grazing is only possible in some biomes and temperature ranges. -->
  <AnimalCanGrazeTip>Это животное может пастись, питаясь подножным кормом, вместо того, чтобы поедать ваши припасы. Однако это возможно только в некоторых биомах при определённых температурных условиях.</AnimalCanGrazeTip>
  <!-- EN: Nutrition foraged per day. The actual amount foraged is also affected by biome forageability.\n\n{0} -->
  <NutritionForagedPerDayTip>Количество добываемой в день еды. Конечное значение зависит от биома.\n\n{0}</NutritionForagedPerDayTip>
  <!-- EN: Nutrition eaten per day. For reference, simple meals have {0} nutrition. -->
  <NutritionEatenPerDayTip>Количество потребляемой в день еды. Для справки: простое блюдо эквивалентно {0} ед. питательности.</NutritionEatenPerDayTip>
  <!-- EN: Can eat -->
  <CanEat>Может есть</CanEat>
  <!-- EN: Legend -->
  <Legend>Легенда</Legend>
  <!-- EN: Mass carried -->
  <MassCarriedSimple>Переносимый вес</MassCarriedSimple>
  <!-- EN: Mass capacity -->
  <MassCapacity>Грузоподъёмность</MassCapacity>
  <!-- EN: Mass -->
  <Mass>Вес</Mass>
  <!-- EN: Caravan mass -->
  <CaravanMass>Вес каравана</CaravanMass>
  <!-- EN: Equipment and apparel mass -->
  <EquipmentAndApparelMass>Вес одежды и снаряжения</EquipmentAndApparelMass>
  <!-- EN: Inventory mass -->
  <InventoryMass>Вес груза</InventoryMass>
  <!-- EN: Your colonists will now gather the items and leave the area. -->
  <CaravanFormationProcessStarted>Караван отправится в ближайшее время. Поселенцы покинут это место, как только соберут все необходимые вещи.</CaravanFormationProcessStarted>
  <!-- EN: Reform caravan -->
  <ReformCaravan>Продолжить путь</ReformCaravan>
  <!-- EN: Colonists -->
  <ColonistsSection>Поселенцы</ColonistsSection>
  <!-- EN: Prisoners -->
  <PrisonersSection>Пленники</PrisonersSection>
  <!-- EN: Capture -->
  <CaptureSection>Захватить</CaptureSection>
  <!-- EN: Animals -->
  <AnimalsSection>Животные</AnimalsSection>
  <!-- EN: Choose route -->
  <ChooseRouteButton>Построить маршрут</ChooseRouteButton>
  <!-- EN: Change route -->
  <ChangeRouteButton>Изменить маршрут</ChangeRouteButton>
  <!-- EN: Abandon -->
  <AbandonButton>Бросить</AbandonButton>
  <!-- EN: Movement speed -->
  <CaravanMovementSpeed>Скорость передвижения</CaravanMovementSpeed>
  <!-- EN: tiles/day -->
  <TilesPerDay>кл./д</TilesPerDay>
  <!-- EN: Movement speed depends on the average speed of all people and animals, carried mass, and terrain movement difficulty. -->
  <CaravanMovementSpeedTip>Скорость передвижения зависит от средней скорости всех людей и животных, переносимого веса и местности.</CaravanMovementSpeedTip>
  <!-- EN: Animals will be able to graze -->
  <AnimalsWillBeAbleToGraze>Животные смогут пастись</AnimalsWillBeAbleToGraze>
  <!-- EN: Animals can graze -->
  <AnimalsCanGraze>Животные могут пастись</AnimalsCanGraze>
  <!-- EN: (for {0} more days) -->
  <PossibleToGrazeFor>(ещё в течение ^Number( {0} | '# день' | '# дней' | '# дней')^)</PossibleToGrazeFor>
  <!-- EN: (forever) -->
  <PossibleToGrazeForever>(всегда)</PossibleToGrazeForever>
  <!-- EN: ({0}) -->
  <CantGrazeBecauseOfBiome>({0})</CantGrazeBecauseOfBiome>
  <!-- EN: (too cold for {0} more days) -->
  <CantGrazeBecauseOfTemp>(будет слишком холодно ещё ^Number( {0} | '# день' | '# дня' | '# дней')^)</CantGrazeBecauseOfTemp>
  <!-- EN: Total nutrition -->
  <TotalNutrition>Всего еды</TotalNutrition>
  <!-- EN: Not moving -->
  <CaravanNotMoving>Стоит</CaravanNotMoving>
  <!-- EN: Foraged nutrition per day -->
  <ForagedNutritionPerDay>Добывается в день</ForagedNutritionPerDay>
  <!-- EN: Faction type -->
  <FactionType>Тип фракции</FactionType>
  <!-- EN: Total body size -->
  <TotalBodySize>Размеры каравана</TotalBodySize>
  <!-- EN: Automatically select travel supplies -->
  <AutomaticallySelectFoodAndMedicine>Автоматически выбирать припасы</AutomaticallySelectFoodAndMedicine>

  <!-- Split caravan -->
  <!-- EN: Split caravan -->
  <SplitCaravan>Разделить караван</SplitCaravan>
  <!-- EN: You must leave at least one non-downed colonist. -->
  <SourceCaravanMustHaveAtLeastOneColonist>В караване должен остаться хотя бы один человек, способный стоять на ногах.</SourceCaravanMustHaveAtLeastOneColonist>
  <!-- EN: How many of this item the caravan has ready to give to the new caravan. -->
  <SplitCaravanThingCountTip>Как много этого ресурса текущий караван готов передать новому.</SplitCaravanThingCountTip>
  
  <!-- Caravan misc -->
  <!-- EN: Are you sure you want to attack {0}?\n\nThis will make {1} hostile to you, and they will eventually start raiding your colony! -->
  <ConfirmAttackFriendlyFaction>Вы уверены, что хотите напасть на {0}?\n\nФракция {1} станет враждебна по отношению к вам, и они могут начать нападать на ваши поселения.</ConfirmAttackFriendlyFaction>
  
  <!-- Load transporters -->
  <!-- EN: Load {0} -->
  <LoadTransporters>Загрузить ^Replace( {0} | 'транспортная капсула'-'транспортную капсулу')^</LoadTransporters>
  <!-- EN: The assigned people and items are too heavy for the transport pods. -->
  <TooBigTransportersMassUsage>Масса назначенных пассажиров и груза слишком велика для транспортных капсул.</TooBigTransportersMassUsage>
  <!-- EN: The assigned people and items are too heavy for the shuttle. -->
  <TooBigTransporterSingleMassUsage>Масса назначенных пассажиров и груза слишком велика для челнока.</TooBigTransporterSingleMassUsage>
  <!-- EN: You can't send empty transport pods. -->
  <CantSendEmptyTransportPods>Транспортная капсула не должна быть пустой.</CantSendEmptyTransportPods>
  <!-- EN: You can't send empty shuttle. -->
  <CantSendEmptyTransporterSingle>Челнок не должен быть пустым.</CantSendEmptyTransporterSingle>
  <!-- EN: {1_labelShort} can't reach the transport pods. -->
  <PawnCantReachTransporters>{1_labelShort} не может добраться до транспортных капсул.</PawnCantReachTransporters>
  <!-- EN: {1_labelShort} can't reach the shuttle. -->
  <PawnCantReachTransporterSingle>{1_labelShort} не может добраться до челнока.</PawnCantReachTransporterSingle>
  <!-- EN: There is no path between the transport pods and the {0}. -->
  <TransporterItemIsUnreachableSingle>Невозможно найти путь между транспортными капсулами и {0}.</TransporterItemIsUnreachableSingle>
  <!-- EN: There is no path between the shuttle and the {0}. -->
  <TransporterSingleItemIsUnreachableSingle>Невозможно найти путь между челноком и {0}.</TransporterSingleItemIsUnreachableSingle>
  <!-- EN: There is no path between the transport pods and {0}x {1}. -->
  <TransporterItemIsUnreachableMulti>Невозможно найти путь между транспортными капсулами и {0}x {1}.</TransporterItemIsUnreachableMulti>
  <!-- EN: There is no path between the shuttle and {0}x {1}. -->
  <TransporterSingleItemIsUnreachableMulti>Невозможно найти путь между челноком и {0}x {1}.</TransporterSingleItemIsUnreachableMulti>
  <!-- EN: Only {0} colonists maximum allowed. -->
  <TransporterSingleTooManyColonists>Максимально допустимое число поселенцев: {0}.</TransporterSingleTooManyColonists>
  
  <!-- Comms -->
  <!-- EN: Social skill: {0} -->
  <SocialSkillIs>Социальный навык: {0}</SocialSkillIs>
  
  <!--Research-->
  <!-- EN: Research finished: {0} -->
  <ResearchFinished>Исследование завершено: {0}</ResearchFinished>
  <!-- EN: Research Screen -->
  <ResearchScreen>Экран исследований</ResearchScreen>
  
  <!--HistoryUpload-->
  <!-- EN: Do you want to upload your gameplay data records to RimWorld server in order to help developers balance the game? If you agree, your data will be uploaded every {0} days (and in some other rare cases like the end of the game). Privacy preferences can be changed later in the options menu. -->
  <HistoryUploadMessage>Хотите загрузить записи своей игры на сервер RimWorld, чтобы помочь разработчикам в настройке баланса? Если вы согласны, ваши записи будут загружаться каждые {0} дней, а также в некоторых редких случаях, например, в конце игры. Параметры приватности можно изменить позже в меню настроек.</HistoryUploadMessage>
  <!-- EN: Even though history is sent anonymously, you can attach your name. -->
  <HistoryUploadMessagePlayerName>Несмотря на то, что записи анонимны, вы можете оставить своё имя.</HistoryUploadMessagePlayerName>
  <!-- EN: Allow uploading gameplay data -->
  <HistoryUploadYes>Разрешить загрузку игровых данных</HistoryUploadYes>
  <!-- EN: Do not allow uploading gameplay data -->
  <HistoryUploadNo>Запретить загрузку игровых данных</HistoryUploadNo>
  <!-- EN: Upload only this time -->
  <HistoryUploadYesOnce>Загрузить только в этот раз</HistoryUploadYesOnce>
  <!-- EN: Do not upload this time, ask me later -->
  <HistoryUploadNoOnce>В этот раз не загружать, спросить позже</HistoryUploadNoOnce>
  
  <!-- Outfit management -->
  <!-- EN: Outfit -->
  <Outfit>Одежда</Outfit>
  <!-- EN: Select outfit... -->
  <SelectOutfit>Выбрать набор...</SelectOutfit>
  <!-- EN: New outfit -->
  <NewOutfit>Новый набор</NewOutfit>
  <!-- EN: Delete outfit... -->
  <DeleteOutfit>Удалить набор...</DeleteOutfit>
  <!-- EN: Outfit is in use by {0}. -->
  <OutfitInUse>Этот набор одежды носит {0}.</OutfitInUse>
  <!-- EN: No outfit selected -->
  <NoOutfitSelected>Набор одежды не выбран</NoOutfitSelected>
  
  <!-- Drug policy management -->
  <!-- EN: Drug policy -->
  <DrugPolicy>Политика приёма препаратов</DrugPolicy>
  <!-- EN: Select policy... -->
  <SelectDrugPolicy>Выбрать политику...</SelectDrugPolicy>
  <!-- EN: New policy -->
  <NewDrugPolicy>Новая политика</NewDrugPolicy>
  <!-- EN: Delete policy... -->
  <DeleteDrugPolicy>Удалить политику...</DeleteDrugPolicy>
  <!-- EN: Drugs policy is in use by {0}. -->
  <DrugPolicyInUse>Этой политики придерживается {0}.</DrugPolicyInUse>
  <!-- EN: Food restriction is in use by {0}. -->
  <FoodRestrictionInUse>Этой диеты придерживается {0}.</FoodRestrictionInUse>
  <!-- EN: Social drugs -->
  <SocialDrugs>Для расслабления</SocialDrugs>
  <!-- EN: No drugs -->
  <NoDrugs>Никаких наркотиков</NoDrugs>
  <!-- EN: One drink per day -->
  <OneDrinkPerDay>Один приём в день</OneDrinkPerDay>
  <!-- EN: Unrestricted -->
  <Unrestricted>Неограниченно</Unrestricted>
  <!-- EN: No drug policy selected -->
  <NoDrugPolicySelected>Политика не выбрана</NoDrugPolicySelected>
  <!-- EN: Add drug... -->
  <AddDrug>Добавить препарат...</AddDrug>
  <!-- EN: Drug -->
  <DrugColumnLabel>Препарат</DrugColumnLabel>
  <!-- EN: Usage -->
  <DrugUsageColumnLabel>Приём</DrugUsageColumnLabel>
  <!-- EN: Frequency -->
  <FrequencyColumnLabel>Частота</FrequencyColumnLabel>
  <!-- EN: Only if mood below -->
  <MoodThresholdColumnLabel>Только если настроение ниже</MoodThresholdColumnLabel>
  <!-- EN: Only if recreation below -->
  <JoyThresholdColumnLabel>Только если удовлетворён- ность ниже</JoyThresholdColumnLabel>
  <!-- EN: Keep in inventory -->
  <TakeToInventoryColumnLabel>Иметь при себе</TakeToInventoryColumnLabel>
  <!-- EN: (no drugs) -->
  <NoDrugsBrackets>(нет наркотиков)</NoDrugsBrackets>
  <!-- EN: Every day -->
  <EveryDay>Каждый день</EveryDay>
  <!-- EN: {0} times per day -->
  <TimesPerDay>^Number( {0} | '# раз' | '# раза' | '# раз')^ в день</TimesPerDay>
  <!-- EN: Every {0} days -->
  <EveryDays>Каждые ^Number( {0} | '# день' | '# дня' | '# дней')^</EveryDays>
  <!-- EN: Any -->
  <NoDrugUseRequirement>Любой</NoDrugUseRequirement>
  <!-- EN: Delete this drug. -->
  <DeleteDrugTooltip>Удалить этот препарат.</DeleteDrugTooltip>
  <!-- EN: The name of a drug. -->
  <DrugNameColumnDesc>Название препарата.</DrugNameColumnDesc>
  <!-- EN: How the drug is allowed to be used. -->
  <DrugUsageColumnDesc>Как позволено принимать препарат.</DrugUsageColumnDesc>
  <!-- EN: How often the colonists should try to take this drug. -->
  <FrequencyColumnDesc>Как часто поселенцы могут принимать этот препарат.</FrequencyColumnDesc>
  <!-- EN: The colonists will take this drug only if their mood level is below this threshold. -->
  <MoodThresholdColumnDesc>Поселенцы будут принимать этот препарат, только если их настроение будет ниже этой величины.</MoodThresholdColumnDesc>
  <!-- EN: The colonists will take this drug only if their recreation level is below this threshold. -->
  <JoyThresholdColumnDesc>Поселенцы будут принимать этот препарат, только если показатель их чувства удовлетворённости будет ниже этой величины.</JoyThresholdColumnDesc>
  <!-- EN: An amount of the drug to pick up extra when gathering it for consumption, in order to avoid having to visit the drug stockpile every time. -->
  <TakeToInventoryColumnDesc>Количество препарата, которое поселенцу нужно будет взять с собой сверх величины приёма, чтобы в следующий раз ему не нужно было ходить на склад.</TakeToInventoryColumnDesc>
  <!-- EN: For addictions\n\nUse this drug to feed already-established addiction needs.\n\nEven if disabled, some characters with specific traits, or on mental breaks, may use the drug anyway. -->
  <DrugUsageTipForAddiction>Для удовлетворения зависимости\n\nПринимать этот препарат для того, чтобы удовлетворить потребности зависимостей.\n\nНесмотря на запреты, поселенцы с определёнными чертами или во время нервных срывов всё равно могут принимать наркотики.</DrugUsageTipForAddiction>
  <!-- EN: For recreation\n\nUse this drug for recreation and social purposes.\n\nEven if disabled, some characters with specific traits, or on mental breaks, may use the drug anyway. -->
  <DrugUsageTipForJoy>Для развлечения\n\nПринимать этот препарат для развлечения и более лёгкого общения.\n\nНесмотря на запреты, поселенцы с определёнными чертами или во время нервных срывов всё равно могут принимать наркотики.</DrugUsageTipForJoy>
  <!-- EN: Scheduled\n\nUse this drug on a defined schedule, when specific conditions are met. -->
  <DrugUsageTipScheduled>По расписанию\n\nПринимать этот препарат по назначенному расписанию при соблюдении указанных условий.</DrugUsageTipScheduled>

  <!-- Food restriction management -->
  <!-- EN: Food restriction -->
  <FoodRestriction>Диета</FoodRestriction>
  <!-- EN: Lavish -->
  <FoodRestrictionLavish>Шикарная</FoodRestrictionLavish>
  <!-- EN: Fine -->
  <FoodRestrictionFine>Вкусная</FoodRestrictionFine>
  <!-- EN: Simple -->
  <FoodRestrictionSimple>Простая</FoodRestrictionSimple>
  <!-- EN: Paste -->
  <FoodRestrictionPaste>Паста</FoodRestrictionPaste>
  <!-- EN: Raw -->
  <FoodRestrictionRaw>Сырая</FoodRestrictionRaw>
  <!-- EN: Nothing -->
  <FoodRestrictionNothing>Голодная</FoodRestrictionNothing>
  <!-- EN: Select food restriction -->
  <SelectFoodRestriction>Выбрать диету</SelectFoodRestriction>
  <!-- EN: New food restriction -->
  <NewFoodRestriction>Новая диета</NewFoodRestriction>
  <!-- EN: Delete food restriction -->
  <DeleteFoodRestriction>Удалить диету</DeleteFoodRestriction>
  <!-- EN: No food restriction selected -->
  <NoFoodRestrictionSelected>Диета не выбрана</NoFoodRestrictionSelected>

  <!-- Medical settings -->
  <!-- EN: Defaults -->
  <MedGroupDefaults>Умолчания</MedGroupDefaults>
  <!-- EN: Colonist -->
  <MedGroupColonist>Поселенец</MedGroupColonist>
  <!-- EN: Imprisoned colonist -->
  <MedGroupImprisonedColonist>Пленник</MedGroupImprisonedColonist>
  <!-- EN: Colony animal -->
  <MedGroupColonyAnimal>Животное поселения</MedGroupColonyAnimal>
  <!-- EN: Neutral animal -->
  <MedGroupNeutralAnimal>Нейтральное животное</MedGroupNeutralAnimal>
  <!-- EN: Neutral faction -->
  <MedGroupNeutralFaction>Нейтральная фракция</MedGroupNeutralFaction>
  <!-- EN: Hostile faction -->
  <MedGroupHostileFaction>Враждебная фракция</MedGroupHostileFaction>
  
  <!-- Growing -->
  <!-- EN: {0} requires {1} skill in Growing to sow.\n\nNone of your non-downed growers have this skill, so this plant will not be sown. -->
  <NoGrowerCanPlant>{0} для посадки требует навык Растениеводства уровня {1}.\n\nНикто из ваших находящихся в сознании фермеров не обладает достаточным навыком, поэтому данное растение не будет высаживаться.</NoGrowerCanPlant>

  <!-- Abandon home -->
  <!-- EN: Some of your colonists or animals are in this area. Are you sure you want to abandon it?\n\nThe following people and animals will be left behind:\n\n{0} -->
  <ConfirmAbandonHomeWithColonyPawns>Часть поселенцев или животных остались в поселении. Вы уверены, что хотите бросить их?\n\nОстанутся эти люди и животные:\n\n{0}</ConfirmAbandonHomeWithColonyPawns>
  <!-- EN: Abandoning {0} will cause the following people to get the following thoughts: -->
  <ConfirmAbandonHomeNegativeThoughts>Если вы бросите {0}, эти люди будут расстроены следующими мыслями:</ConfirmAbandonHomeNegativeThoughts>
  <!-- EN: Everyone: -->
  <ConfirmAbandonHomeNegativeThoughts_Everyone>Все:</ConfirmAbandonHomeNegativeThoughts_Everyone>
  
  <!-- Move caravan and leave prisoners and animals behind -->
  <!-- EN: Some animals or prisoners are trying to join this caravan. If you move it, they won't be able to anymore.\n\nAnimals, prisoners, and downed colonists left behind in a map without any non-downed colonists are considered abandoned and can be captured by the enemies.\n\nAre you sure you want to move your caravan? -->
  <ConfirmMoveAutoJoinableCaravan>Некоторые животные или пленники хотели бы присоединиться к вашему каравану. Если вы двинетесь в путь, они окажутся в безвыходном положении.\n\nЖивотные, пленники и неспособные ходить поселенцы будут считаться оставленными на произвол судьбы, и их могут взять в плен враги.\n\nВы уверены, что хотите двинуться в путь?</ConfirmMoveAutoJoinableCaravan>
  
  <!-- Abandon pawn -->
  <!-- EN: Do you really want to banish {1_label}? -->
  <ConfirmBanishPawnDialog>Вы действительно хотите изгнать {1_label}?</ConfirmBanishPawnDialog>
  <!-- EN: {1_labelShort} will most likely die. -->
  <ConfirmBanishPawnDialog_LeftToDie>{1_labelShort} скорее всего погибнет.</ConfirmBanishPawnDialog_LeftToDie>
  <!-- EN: {1_labelShort} will take the following items with {1_objective}: -->
  <ConfirmBanishPawnDialog_Items>{1_labelShort} возьмёт себе следующие вещи:</ConfirmBanishPawnDialog_Items>
  <!-- EN: All colonists will get the following thoughts: -->
  <ConfirmBanishPawnDialog_AllColonistsThoughts>Все поселенцы будет расстроены следующими мыслями:</ConfirmBanishPawnDialog_AllColonistsThoughts>
  <!-- EN: Banishing {1_labelShort} will cause the following people to get the following thoughts: -->
  <ConfirmBanishPawnDialog_IndividualThoughts>Изгнание {1_labelShort} отразится на настроении этих людей:</ConfirmBanishPawnDialog_IndividualThoughts>

  <!-- Send transport pods which are not completely loaded -->
  <!-- EN: Pod group isn't completely loaded. {1_labelShort} is missing. Launch anyway? -->
  <ConfirmSendNotCompletelyLoadedPods>Группа капсул загружена не до конца. {1_labelShort} отсутствует. Всё равно запустить?</ConfirmSendNotCompletelyLoadedPods>

  <!-- Settle near a faction base -->
  <!-- EN: Since this location is within {0} tiles of another faction base, they will feel you are encroaching on their land and relations with those factions will worsen every {1} days.\n\nSettle here anyways? -->
  <ConfirmSettleNearFactionBase>Это место отстоит от поселений других фракций всего на {0} или менее клеток, и они будут считать, что вы посягаете на их территорию. Отношения с ними будут ухудшаться каждые ^Number( {1} | '# день' | '# дня' | '# дней')^.\n\nВсё равно высадиться здесь?</ConfirmSettleNearFactionBase>
  
  <!-- Cleanup translation files -->
  <!-- EN: Are you sure you want to cleanup all translation files for language {0}?\n\nThis will:\n  - Add placeholders for missing keyed translations, def-injected translations, and backstories\n  - Add or update comments containing the original, untranslated text\n  - Move all keyed and def-injected translations to the appropriate XML files\n  - Apply automatic formatting to all XML files\n  - Update back-compatible def names\n  - Remove all existing XML comments (except in full-list injections)\n\nNon-XML files will not be removed or modified.\n\nRemember to restart the game after modifying the language files before running this tool in order to reload all data.\n\nMake sure to back up all translation files before using this tool. -->
  <ConfirmCleanupTranslationFiles>Вы уверены, что хотите произвести форматирование файлов локализации для этого языка: {0}?\n\nЭтот инструмент:\n    - Добавляет «заглушки» для отсутствующих keyed- и def-injected-значений, а также биографий персонажей.\n    - Добавляет оригинальные непереведённые тексты в виде XML-комментариев\n    - Размещает все keyed- и def-injected-строки по нужным папкам.\n    - Применяет автоматическое форматирование ко всем файлам XML.\n    - Обновляет обратно-совместимые названия определений.\n    - Удаляет все комментарии (кроме списковых значений).\n\nНе-XML файлы не будут удаляться и изменяться.\n\nПосле каждого изменения данных локализации не забывайте перезапускать игру, чтобы изменения вступили в силу.\n\nПеред использованием этого инструмента убедитесь, что сделали резервную копию.</ConfirmCleanupTranslationFiles>
  <!-- EN: Yes, I have a backup -->
  <ConfirmCleanupTranslationFiles_Confirm>У меня есть резервная копия</ConfirmCleanupTranslationFiles_Confirm>

  <!-- Load transporters -->
  <!-- EN: The caravan will be immobile if you launch to an empty tile. Continue anyway? -->
  <TransportersCaravanWillBeImmobile>Если вы полетите в пустую клетку, караван не сможет двигаться. Всё равно продолжить?</TransportersCaravanWillBeImmobile>

  <!-- Confirm cancel monument marker -->
  <!-- EN: Do you really want to remove this monument marker? -->
  <ConfirmCancelMonumentMarker>Вы уверены, что хотите удалить метку монумента?</ConfirmCancelMonumentMarker>

  <!-- Abilities -->
  <!-- EN: Line of sight required -->
  <AbilityRequiresLOS>Требуется прямая видимость</AbilityRequiresLOS>
  <!-- EN: Neural heat gain -->
  <AbilityEntropyGain>Прирост нейроперегрева</AbilityEntropyGain>
  <!-- EN: Psyfocus cost -->
  <AbilityPsyfocusCost>Стоимость пси-концентрации</AbilityPsyfocusCost>
  <!-- EN: Effect duration -->
  <AbilityDuration>Длительность действия</AbilityDuration>
  <!-- EN: Effect radius -->
  <AbilityEffectRadius>Радиус действия</AbilityEffectRadius>
  <!-- EN: Casting time -->
  <AbilityCastingTime>Время для подготовки</AbilityCastingTime>
  <!-- EN: No line of sight to target. -->
  <AbilityCannotHitTarget>Цель вне прямой видимости.</AbilityCannotHitTarget>
  <!-- EN: Can't reach the target. -->
  <AbilityCannotReachTarget>Цель вне досягаемости.</AbilityCannotReachTarget>
  <!-- EN: Not enough free space. -->
  <AbilityNotEnoughFreeSpace>Недостаточно свободного места.</AbilityNotEnoughFreeSpace>
  <!-- EN: {0} must target an empty area. -->
  <AbilityOccupiedCells>Следует указать свободную область.</AbilityOccupiedCells>
  <!-- EN: {0} must target a walkable area. -->
  <AbilityUnwalkable>Следует указать проходимую область.</AbilityUnwalkable>
  <!-- EN: {0} must target an unroofed area. -->
  <AbilityRoofed>Следует указать область без крыши.</AbilityRoofed>
  <!-- EN: {0_labelShort} is mentally broken. -->
  <AbilityCantApplyToMentallyBroken>{0} в состоянии нервного срыва.</AbilityCantApplyToMentallyBroken>
  <!-- EN: {0_labelShort} is not mentally broken. -->
  <AbilityCanOnlyApplyToMentallyBroken>{0} не в состоянии нервного срыва.</AbilityCanOnlyApplyToMentallyBroken>
  <!-- EN: {0} doesn't work on the '{1}' mental state. -->
  <AbilityDoesntWorkOnMentalState>{0} не работает на людей в состоянии «{1}».</AbilityDoesntWorkOnMentalState>
  <!-- EN: {0_labelShort} has zero resistance. -->
  <AbilityCantApplyNoResistance>У {0_labelShort} отсутствует сопротивление.</AbilityCantApplyNoResistance>
  <!-- EN: Cannot use: {0} is asexual. -->
  <AbilityCantApplyOnAsexual>Невозможно использовать: {0} — асексуал.</AbilityCantApplyOnAsexual>
  <!-- EN: {1_labelShort} is the wrong gender for {0_labelShort}. -->
  <AbilityCantApplyWrongAttractionGender>Пол {1_labelShort} не подходит для {0_labelShort}.</AbilityCantApplyWrongAttractionGender>
  <!-- EN: Psyfocus cost per mental break intensity -->
  <PsyfocusCostPerMentalBreakIntensity>Стоимость пси-концентрации за каждую степень нервного срыва</PsyfocusCostPerMentalBreakIntensity>
  <!-- EN: {0_labelShort} is already inspired. -->
  <AbilityAlreadyInspired>{0_labelShort} уже под вдохновением.</AbilityAlreadyInspired>
  <!-- EN: {0_labelShort} can't get an inspiration right now. -->
  <AbilityCantGetInspiredNow>{0_labelShort} не может получить воодушевление в данный момент.</AbilityCantGetInspiredNow>
  <!-- EN: {0_labelShort} is unconscious. -->
  <AbilityCantApplyUnconscious>{0_labelShort} без сознания.</AbilityCantApplyUnconscious>
  <!-- EN: {0_labelShort} is asleep. -->
  <AbilityCantApplyAsleep>{0_labelShort} спит.</AbilityCantApplyAsleep>
  <!-- EN: This tile is impassable. -->
  <AbilityWorldTileImpassable>Эта клетка непроходима.</AbilityWorldTileImpassable>
  <!-- EN: Skip to random ally -->
  <AbilitySkipToRandomAlly>Совершить прыжок к случайному союзнику</AbilitySkipToRandomAlly>
  <!-- EN: Skip to join caravan -->
  <AbilitySkipToJoinCaravan>Совершить прыжок, чтобы присоединиться к каравану</AbilitySkipToJoinCaravan>
  <!-- EN: Need ally at target for navigation -->
  <AbilityNeedAllyToSkip>Необходим союзник в точке назначения для навигации</AbilityNeedAllyToSkip>
  <!-- EN: No chunks to skip. -->
  <AbilityNoChunkToSkip>Нет обломков для телепортации</AbilityNoChunkToSkip>
  <!-- EN: Induce psychic love in -->
  <PsychicLoveInduceIn>Вызвать пси-любовь</PsychicLoveInduceIn>
  <!-- EN: Psychic love for -->
  <PsychicLoveFor>Пси-любовь к</PsychicLoveFor>
  <!-- EN: If you skip {PAWN_labelShort} to another map or a caravan, the associated quest will fail and {PAWN_pronoun} will leave immediately.\n\nDo you really want to farskip {PAWN_labelShort}? -->
  <FarskipConfirmTeleportingLodger>Если вы телепортируете {PAWN_labelShort} за пределы карты или к каравану, связанное с {PAWN_gender ? ним : ней} задание будет считаться проваленным, а {PAWN_gender ? сам : сама} {PAWN_pronoun} незамедлительно покинет вас.\n\nВы точно хотите продолжить?</FarskipConfirmTeleportingLodger>
  
  <!-- EN: minor -->
  <MentalBreakIntensityMinor>лёгкий</MentalBreakIntensityMinor>
  <!-- EN: major -->
  <MentalBreakIntensityMajor>тяжёлый</MentalBreakIntensityMajor>
  <!-- EN: extreme -->
  <MentalBreakIntensityExtreme>очень тяжёлый</MentalBreakIntensityExtreme>
  
</LanguageData>