﻿<?xml version="1.0" encoding="UTF-8"?>
<LanguageData>

  <!-- Glow -->
  <!-- EN: Dark -->
  <Dark>Темно</Dark>
  <!-- EN: Lit -->
  <Lit>Светло</Lit>
  <!-- EN: Brightly lit -->
  <LitBrightly>Очень светло</LitBrightly>

  <!-- Price types -->
  <!-- EN: very cheap -->
  <PriceTypeVeryCheap>очень дешёвая</PriceTypeVeryCheap>
  <!-- EN: cheap -->
  <PriceTypeCheap>дешёвая</PriceTypeCheap>
  <!-- EN: normal -->
  <PriceTypeNormal>нормальная</PriceTypeNormal>
  <!-- EN: expensive -->
  <PriceTypeExpensive>высокая</PriceTypeExpensive>
  <!-- EN: exorbitant -->
  <PriceTypeExorbitant>непомерная</PriceTypeExorbitant>

  <!-- Storage priority labels -->
  <!-- EN: unstored -->
  <StoragePriorityUnstored>не использовать</StoragePriorityUnstored>
  <!-- EN: low -->
  <StoragePriorityLow>низкий</StoragePriorityLow>
  <!-- EN: normal -->
  <StoragePriorityNormal>обычный</StoragePriorityNormal>
  <!-- EN: preferred -->
  <StoragePriorityPreferred>повышенный</StoragePriorityPreferred>
  <!-- EN: important -->
  <StoragePriorityImportant>высокий</StoragePriorityImportant>
  <!-- EN: critical -->
  <StoragePriorityCritical>максимальный</StoragePriorityCritical>

  <!-- Food type flags -->
  <!-- EN: vegetables -->
  <FoodTypeFlags_VegetableOrFruit>овощи/фрукты</FoodTypeFlags_VegetableOrFruit>
  <!-- EN: raw meat -->
  <FoodTypeFlags_Meat>сырое мясо</FoodTypeFlags_Meat>
  <!-- EN: corpses -->
  <FoodTypeFlags_Corpse>тела</FoodTypeFlags_Corpse>
  <!-- EN: seeds -->
  <FoodTypeFlags_Seed>семена</FoodTypeFlags_Seed>
  <!-- EN: animal products -->
  <FoodTypeFlags_AnimalProduct>животные продукты</FoodTypeFlags_AnimalProduct>
  <!-- EN: live plants -->
  <FoodTypeFlags_Plant>живые растения</FoodTypeFlags_Plant>
  <!-- EN: live trees -->
  <FoodTypeFlags_Tree>живые деревья</FoodTypeFlags_Tree>
  <!-- EN: meals -->
  <FoodTypeFlags_Meal>блюда</FoodTypeFlags_Meal>
  <!-- EN: processed foods -->
  <FoodTypeFlags_Processed>обработанная пища</FoodTypeFlags_Processed>
  <!-- EN: liquor -->
  <FoodTypeFlags_Liquor>спиртное</FoodTypeFlags_Liquor>
  <!-- EN: kibble -->
  <FoodTypeFlags_Kibble>комбикорм</FoodTypeFlags_Kibble>

  <!-- Quality category -->
  <!-- EN: awful -->
  <QualityCategory_Awful>ужасно</QualityCategory_Awful>
  <!-- EN: poor -->
  <QualityCategory_Poor>плохо</QualityCategory_Poor>
  <!-- EN: normal -->
  <QualityCategory_Normal>нормально</QualityCategory_Normal>
  <!-- EN: good -->
  <QualityCategory_Good>хорошо</QualityCategory_Good>
  <!-- EN: excellent -->
  <QualityCategory_Excellent>отлично</QualityCategory_Excellent>
  <!-- EN: masterwork -->
  <QualityCategory_Masterwork>шедевр</QualityCategory_Masterwork>
  <!-- EN: legendary -->
  <QualityCategory_Legendary>легенда</QualityCategory_Legendary>
  <!-- EN: awfl -->
  <QualityCategoryShort_Awful>ужасно</QualityCategoryShort_Awful>
  <!-- EN: poor -->
  <QualityCategoryShort_Poor>плохо</QualityCategoryShort_Poor>
  <!-- EN: norm -->
  <QualityCategoryShort_Normal>норм</QualityCategoryShort_Normal>
  <!-- EN: good -->
  <QualityCategoryShort_Good>хор</QualityCategoryShort_Good>
  <!-- EN: exc -->
  <QualityCategoryShort_Excellent>отл</QualityCategoryShort_Excellent>
  <!-- EN: mast -->
  <QualityCategoryShort_Masterwork>шедевр</QualityCategoryShort_Masterwork>
  <!-- EN: legd -->
  <QualityCategoryShort_Legendary>легенда</QualityCategoryShort_Legendary>
  
  <!-- Hunger -->
  <!-- EN: Starving -->
  <HungerLevel_Starving>Голодает</HungerLevel_Starving>
  <!-- EN: Urgently hungry -->
  <HungerLevel_UrgentlyHungry>Недоедает</HungerLevel_UrgentlyHungry>
  <!-- EN: Hungry -->
  <HungerLevel_Hungry>Хочет есть</HungerLevel_Hungry>
  <!-- EN: Fed -->
  <HungerLevel_Fed>Сыт(а)</HungerLevel_Fed>

  <!-- -Fatigue -->
  <!-- EN: Exhausted -->
  <HungerLevel_Exhausted>Обессилел(а)</HungerLevel_Exhausted>
  <!-- EN: Very tired -->
  <HungerLevel_VeryTired>Очень устал(а)</HungerLevel_VeryTired>
  <!-- EN: Tired -->
  <HungerLevel_Tired>Устал(а)</HungerLevel_Tired>
  <!-- EN: Rested -->
  <HungerLevel_Rested>Отдохнул(а)</HungerLevel_Rested>

  <!-- Hilliness -->
  <!-- EN: flat -->
  <Hilliness_Flat>равнина</Hilliness_Flat>
  <!-- EN: small hills -->
  <Hilliness_SmallHills>возвышенности</Hilliness_SmallHills>
  <!-- EN: large hills -->
  <Hilliness_LargeHills>большие холмы</Hilliness_LargeHills>
  <!-- EN: mountainous -->
  <Hilliness_Mountainous>горы</Hilliness_Mountainous>
  <!-- EN: impassable -->
  <Hilliness_Impassable>непроходимые горы</Hilliness_Impassable>
  
  <!-- Steam workshop interaction -->
  <!-- EN: Creating -->
  <WorkshopInteractStage_CreatingItem>Создание</WorkshopInteractStage_CreatingItem>
  <!-- EN: Submitting -->
  <WorkshopInteractStage_SubmittingItem>Отправка</WorkshopInteractStage_SubmittingItem>
  <!-- EN: Invalid -->
  <EItemUpdateStatus_k_EItemUpdateStatusInvalid>Недоступно</EItemUpdateStatus_k_EItemUpdateStatusInvalid>
  <!-- EN: Preparing config data -->
  <EItemUpdateStatus_k_EItemUpdateStatusPreparingConfig>Подготовка конфигурации</EItemUpdateStatus_k_EItemUpdateStatusPreparingConfig>
  <!-- EN: Preparing content files -->
  <EItemUpdateStatus_k_EItemUpdateStatusPreparingContent>Подготовка файлов содержимого</EItemUpdateStatus_k_EItemUpdateStatusPreparingContent>
  <!-- EN: Uploading content -->
  <EItemUpdateStatus_k_EItemUpdateStatusUploadingContent>Загрузка содержимого</EItemUpdateStatus_k_EItemUpdateStatusUploadingContent>
  <!-- EN: Uploading preview file -->
  <EItemUpdateStatus_k_EItemUpdateStatusUploadingPreviewFile>Загрузка файла предварительного просмотра</EItemUpdateStatus_k_EItemUpdateStatusUploadingPreviewFile>
  <!-- EN: Committing changes -->
  <EItemUpdateStatus_k_EItemUpdateStatusCommittingChanges>Фиксация изменений</EItemUpdateStatus_k_EItemUpdateStatusCommittingChanges>

  <!-- Mod sources -->
  <!-- EN: official content -->
  <ContentSource_OfficialModsFolder>официальный контент</ContentSource_OfficialModsFolder>
  <!-- EN: local folder -->
  <ContentSource_ModsFolder>локальная директория</ContentSource_ModsFolder>
  <!-- EN: Steam Workshop -->
  <ContentSource_SteamWorkshop>мастерская Steam</ContentSource_SteamWorkshop>
  
  <!-- Medical care category -->
  <!-- EN: No medical care -->
  <MedicalCareCategory_NoCare>Без медицинской помощи</MedicalCareCategory_NoCare>
  <!-- EN: Doctor care, but no medicine -->
  <MedicalCareCategory_NoMeds>Врачебный уход без лекарств</MedicalCareCategory_NoMeds>
  <!-- EN: Herbal medicine or worse -->
  <MedicalCareCategory_HerbalOrWorse>Лечение лекарственными травами</MedicalCareCategory_HerbalOrWorse>
  <!-- EN: Industrial-tech medicine or worse -->
  <MedicalCareCategory_NormalOrWorse>Лечение медикаментами индустриальной эры</MedicalCareCategory_NormalOrWorse>
  <!-- EN: Best quality medicine -->
  <MedicalCareCategory_Best>Лечение передовыми медикаментами</MedicalCareCategory_Best>

  <!-- Hostility response mode -->
  <!-- EN: Ignore -->
  <HostilityResponseMode_Ignore>Игнорировать</HostilityResponseMode_Ignore>
  <!-- EN: Attack -->
  <HostilityResponseMode_Attack>Атаковать</HostilityResponseMode_Attack>
  <!-- EN: Flee -->
  <HostilityResponseMode_Flee>Убегать</HostilityResponseMode_Flee>
  
  <!-- HediffGrowthMode -->
  <!-- EN: growing -->
  <HediffGrowthMode_Growing>растёт</HediffGrowthMode_Growing>
  <!-- EN: stable -->
  <HediffGrowthMode_Stable>стабильна</HediffGrowthMode_Stable>
  <!-- EN: remission -->
  <HediffGrowthMode_Remission>ремиссия</HediffGrowthMode_Remission>

  <!-- TechLevel -->
  <!-- EN: animal -->
  <TechLevel_Animal>животные</TechLevel_Animal>
  <!-- EN: neolithic -->
  <TechLevel_Neolithic>неолит</TechLevel_Neolithic>
  <!-- EN: medieval -->
  <TechLevel_Medieval>средневековый</TechLevel_Medieval>
  <!-- EN: industrial -->
  <TechLevel_Industrial>индустриальный</TechLevel_Industrial>
  <!-- EN: spacer -->
  <TechLevel_Spacer>космический</TechLevel_Spacer>
  <!-- EN: ultra -->
  <TechLevel_Ultra>утопический</TechLevel_Ultra>
  <!-- EN: archotech -->
  <TechLevel_Archotech>архотек</TechLevel_Archotech>

  <!-- Player pawns arrive method -->
  <!-- EN: Standing -->
  <PlayerPawnsArriveMethod_Standing>Стоя</PlayerPawnsArriveMethod_Standing>
  <!-- EN: Drop pods -->
  <PlayerPawnsArriveMethod_DropPods>В капсулах</PlayerPawnsArriveMethod_DropPods>

  <!-- Pawn generation context -->
  <!-- EN: all characters -->
  <PawnGenerationContext_All>все персонажи</PawnGenerationContext_All>
  <!-- EN: player starting characters -->
  <PawnGenerationContext_PlayerStarter>персонажи игрока</PawnGenerationContext_PlayerStarter>
  <!-- EN: non-player characters -->
  <PawnGenerationContext_NonPlayer>неигровые персонажи</PawnGenerationContext_NonPlayer>
  
  <!-- Animal name display mode -->
  <!-- EN: Show animal names -->
  <ShowAnimalNames>Названия животных</ShowAnimalNames>
  <!-- EN: Tame (named only) -->
  <AnimalNameDisplayMode_TameNamed>Приручённые (только имена)</AnimalNameDisplayMode_TameNamed>
  <!-- EN: Tame (all) -->
  <AnimalNameDisplayMode_TameAll>Приручённые (все)</AnimalNameDisplayMode_TameAll>
  
  <!-- Temperature -->
  <!-- EN: Celsius -->
  <Celsius>По Цельсию</Celsius>
  <!-- EN: Fahrenheit -->
  <Fahrenheit>По Фаренгейту</Fahrenheit>
  <!-- EN: Kelvin -->
  <Kelvin>По Кельвину</Kelvin>
  
  <!-- Direction8Way -->
  <!-- EN: N -->
  <Direction8Way_North_Short>С</Direction8Way_North_Short>
  <!-- EN: NE -->
  <Direction8Way_NorthEast_Short>СВ</Direction8Way_NorthEast_Short>
  <!-- EN: E -->
  <Direction8Way_East_Short>В</Direction8Way_East_Short>
  <!-- EN: SE -->
  <Direction8Way_SouthEast_Short>ЮВ</Direction8Way_SouthEast_Short>
  <!-- EN: S -->
  <Direction8Way_South_Short>Ю</Direction8Way_South_Short>
  <!-- EN: SW -->
  <Direction8Way_SouthWest_Short>ЮЗ</Direction8Way_SouthWest_Short>
  <!-- EN: W -->
  <Direction8Way_West_Short>З</Direction8Way_West_Short>
  <!-- EN: NW -->
  <Direction8Way_NorthWest_Short>СЗ</Direction8Way_NorthWest_Short>
  
  <!-- Diet category -->
  <!-- EN: Never eats -->
  <DietCategory_NeverEats>Не нуждается в пище</DietCategory_NeverEats>
  <!-- EN: Herbivorous -->
  <DietCategory_Herbivorous>Травоядное</DietCategory_Herbivorous>
  <!-- EN: Dendrovorous -->
  <DietCategory_Dendrovorous>Древоядное</DietCategory_Dendrovorous>
  <!-- EN: Ovivorous -->
  <DietCategory_Ovivorous>Яйцеядное</DietCategory_Ovivorous>
  <!-- EN: Omnivorous -->
  <DietCategory_Omnivorous>Всеядное</DietCategory_Omnivorous>
  <!-- EN: Carnivorous -->
  <DietCategory_Carnivorous>Хищное</DietCategory_Carnivorous>
  <!-- EN: - -->
  <DietCategory_NeverEats_Short>-</DietCategory_NeverEats_Short>
  <!-- EN: H -->
  <DietCategory_Herbivorous_Short>Т</DietCategory_Herbivorous_Short>
  <!-- EN: D -->
  <DietCategory_Dendrovorous_Short>Д</DietCategory_Dendrovorous_Short>
  <!-- EN: Ov -->
  <DietCategory_Ovivorous_Short>Я</DietCategory_Ovivorous_Short>
  <!-- EN: O -->
  <DietCategory_Omnivorous_Short>В</DietCategory_Omnivorous_Short>
  <!-- EN: C -->
  <DietCategory_Carnivorous_Short>Х</DietCategory_Carnivorous_Short>

  <!-- Food poison cause -->
  <!-- EN: incompetent cook -->
  <FoodPoisonCause_IncompetentCook>неопытный повар</FoodPoisonCause_IncompetentCook>
  <!-- EN: dirty cooking area -->
  <FoodPoisonCause_FilthyKitchen>грязь на кухне</FoodPoisonCause_FilthyKitchen>
  <!-- EN: rotten food -->
  <FoodPoisonCause_Rotten>испорченная еда</FoodPoisonCause_Rotten>
  <!-- EN: dangerous food type -->
  <FoodPoisonCause_DangerousFoodType>опасная пища</FoodPoisonCause_DangerousFoodType>

  <!-- Psychic drone level -->
  <!-- EN: none -->
  <PsychicDroneLevel_None>нет</PsychicDroneLevel_None>
  <!-- EN: medium -->
  <PsychicDroneLevel_GoodMedium>средний</PsychicDroneLevel_GoodMedium>
  <!-- EN: low -->
  <PsychicDroneLevel_BadLow>слабый</PsychicDroneLevel_BadLow>
  <!-- EN: medium -->
  <PsychicDroneLevel_BadMedium>средний</PsychicDroneLevel_BadMedium>
  <!-- EN: high -->
  <PsychicDroneLevel_BadHigh>сильный</PsychicDroneLevel_BadHigh>
  <!-- EN: extreme -->
  <PsychicDroneLevel_BadExtreme>экстремальный</PsychicDroneLevel_BadExtreme>
  
  <!-- Automatic pause mode -->
  <!-- EN: Never -->
  <AutomaticPauseMode_Never>Никогда</AutomaticPauseMode_Never>
  <!-- EN: Major threats -->
  <AutomaticPauseMode_MajorThreat>Серьёзные угрозы</AutomaticPauseMode_MajorThreat>
  <!-- EN: Any threat -->
  <AutomaticPauseMode_AnyThreat>Любые угрозы</AutomaticPauseMode_AnyThreat>
  <!-- EN: Any letter -->
  <AutomaticPauseMode_AnyLetter>Любые события</AutomaticPauseMode_AnyLetter>

  <!-- Pain category -->
  <!-- EN: itchy -->
  <PainCategory_LowPain>зудит</PainCategory_LowPain>
  <!-- EN: aching -->
  <PainCategory_MediumPain>болит</PainCategory_MediumPain>
  <!-- EN: painful -->
  <PainCategory_HighPain>сильно болит</PainCategory_HighPain>
  
  <!-- ExtraFactionType -->
  <!-- EN: home faction -->
  <ExtraFactionType_HomeFaction>домашняя фракция</ExtraFactionType_HomeFaction>
  <!-- EN: remote host faction -->
  <ExtraFactionType_HostFaction>принимающая фракция</ExtraFactionType_HostFaction>
  <!-- EN: group -->
  <ExtraFactionType_MiniFaction>группа</ExtraFactionType_MiniFaction>
</LanguageData>