﻿<?xml version="1.0" encoding="UTF-8"?>
<LanguageData>

  <!-- EN: Call {0} -->
  <CallOnRadio>Связаться с {0}</CallOnRadio>
  <!-- EN: Cannot use: {0} -->
  <CannotUseReason>Невозможно использовать: {0}</CannotUseReason>
  <!-- EN: Cannot use: EMP -->
  <CannotUseSolarFlare>Невозможно использовать: ЭМИ</CannotUseSolarFlare>
  <!-- EN: Cannot use: No power -->
  <CannotUseNoPower>Невозможно использовать: нет энергии</CannotUseNoPower>
  <!-- EN: Cannot use: No path -->
  <CannotUseNoPath>Невозможно использовать: нельзя пройти</CannotUseNoPath>
  <!-- EN: Cannot use: Reserved -->
  <CannotUseReserved>Невозможно использовать: занято</CannotUseReserved>
  <!-- EN: Cannot use: full -->
  <CannotUseFull>Невозможно использовать: заполнено</CannotUseFull>
  <!-- EN: leader {1_labelShort} is unavailable -->
  <LeaderUnavailable>лидер, {1_labelShort}, недоступен</LeaderUnavailable>
  <!-- EN: leader is unavailable -->
  <LeaderUnavailableNoLeader>лидер недоступен</LeaderUnavailableNoLeader>
  <!-- EN: Not allowed -->
  <NotAllowed>Запрещено</NotAllowed>
  
  <!-- EN: Fire at {1_label} -->
  <FireAt>Стрелять в {1_label}</FireAt>

  <!-- EN: out of range -->
  <OutOfRange>вне зоны поражения</OutOfRange>
  <!-- EN: too close -->
  <TooClose>слишком близко</TooClose>
  <!-- EN: Cannot hit target -->
  <CannotHitTarget>Невозможно попасть в цель</CannotHitTarget>
  <!-- EN: {1_labelShort} is incapable of violence -->
  <IsIncapableOfViolenceLower>{1_labelShort} не может причинять насилие</IsIncapableOfViolenceLower>
  <!-- EN: incapable of violence -->
  <IncapableOfViolenceLower>не может причинять насилие</IncapableOfViolenceLower>
  <!-- EN: {1_labelShort} is not drafted -->
  <IsNotDraftedLower>{1_labelShort} не в режиме призыва</IsNotDraftedLower>
  <!-- EN: cannot order characters you do not control -->
  <CannotOrderNonControlledLower>нельзя отдавать приказы неподконтрольным персонажам</CannotOrderNonControlledLower>
  <!-- EN: cannot attack self -->
  <CannotAttackSelf>нельзя атаковать себя</CannotAttackSelf>
  <!-- EN: cannot attack faction ally -->
  <CannotAttackSameFactionMember>нельзя атаковать члена дружественной фракции</CannotAttackSameFactionMember>

  <!-- EN: Man {1_labelShort} -->
  <OrderManThing>Занять {1_labelShort}</OrderManThing>
  
  <!-- EN: Melee attack {1_label} -->
  <MeleeAttack>Ближний бой с {1_label}</MeleeAttack>
  <!-- EN: Melee attack {1_label} to death -->
  <MeleeAttackToDeath>Добить {1_label} врукопашную</MeleeAttackToDeath>
  <!-- EN: no path -->
  <NoPath>нет прохода</NoPath>
  <!-- EN: burying -->
  <Burying>хоронить</Burying>

  <!-- EN: forbidden -->
  <ForbiddenLower>запрещено</ForbiddenLower>
  <!-- EN: outside allowed area -->
  <ForbiddenOutsideAllowedAreaLower>вне разрешённой области</ForbiddenOutsideAllowedAreaLower>
  <!-- EN: not in home area -->
  <NotInHomeArea>вне домашней области</NotInHomeArea>
  <!-- EN: burning -->
  <BurningLower>горит</BurningLower>
  <!-- EN: no empty, accessible spot configured to store it -->
  <NoEmptyPlaceLower>нет свободного места, настроенного для хранения этого</NoEmptyPlaceLower>
  <!-- EN: no stack available to merge into -->
  <NoMergeTarget>не с чем объединять</NoMergeTarget>
  <!-- EN: already filled enough -->
  <AlreadyFilledLower>уже заполнен</AlreadyFilledLower>
  <!-- EN: need material -->
  <MissingMaterials>нужны материалы</MissingMaterials>
  <!-- EN: under required skill {0} -->
  <UnderRequiredSkill>навык ниже требуемых {0}</UnderRequiredSkill>
  <!-- EN: under allowed skill {0} -->
  <UnderAllowedSkill>навык ниже допустимых {0}</UnderAllowedSkill>
  <!-- EN: above allowed skill {0} -->
  <AboveAllowedSkill>навык выше допустимых {0}</AboveAllowedSkill>
  <!-- EN: missing required skill level -->
  <MissingRequiredSkillLevel>отсутствует требуемый уровень навыка</MissingRequiredSkillLevel>
  <!-- EN: animal interacted too recently -->
  <AnimalInteractedTooRecently>животное обучалось совсем недавно</AnimalInteractedTooRecently>
  <!-- EN: no usable food -->
  <NoUsableFood>нет подходящей еды</NoUsableFood>
  <!-- EN: no food -->
  <NoFood>нет еды</NoFood>
  <!-- EN: below requirements of {0} -->
  <FoodBelowTitleRequirements>не отвечает требованиям {0}</FoodBelowTitleRequirements>
  <!-- EN: animals skill too low - need {0} -->
  <AnimalsSkillTooLow>низкий навык Животноводства, требуется {0}</AnimalsSkillTooLow>
  <!-- EN: animal downed -->
  <CantInteractAnimalDowned>животное сражено</CantInteractAnimalDowned>
  <!-- EN: animal sleeping -->
  <CantInteractAnimalAsleep>животное спит</CantInteractAnimalAsleep>
  <!-- EN: animal busy -->
  <CantInteractAnimalBusy>животное занято</CantInteractAnimalBusy>
  <!-- EN: {0} skill too low -->
  <SkillTooLowForConstruction>низкий навык {0}</SkillTooLowForConstruction>
  <!-- EN: need components -->
  <NoComponentsToRepair>нужны компоненты</NoComponentsToRepair>
  <!-- EN: need {0} -->
  <NoFuelToRefuel>нужно {0}</NoFuelToRefuel>
  <!-- EN: need wort -->
  <NoWort>нужно сусло</NoWort>
  <!-- EN: available food is in storage of higher priority -->
  <TheOnlyAvailableFoodIsInStorageOfHigherPriority>доступная еда — на складе с более высоким приоритетом</TheOnlyAvailableFoodIsInStorageOfHigherPriority>
  <!-- EN: no suitable food -->
  <NoFoodToFillHopper>нет подходящей еды</NoFoodToFillHopper>
  <!-- EN: self-tend disabled -->
  <SelfTendDisabled>самолечение недоступно</SelfTendDisabled>
  <!-- EN: reserved for prisoners -->
  <ReservedForPrisoners>выделено для пленников</ReservedForPrisoners>
  <!-- EN: cannot reach -->
  <CannotReach>нельзя добраться</CannotReach>
  <!-- EN: not ready for surgery -->
  <NotSurgeryReady>пациент не готов к операции</NotSurgeryReady>
  <!-- EN: skill incapable -->
  <SkillDisabled>навык недоступен</SkillDisabled>
  <!-- EN: too bright -->
  <CantSowCavePlantBecauseOfLight>слишком ярко</CantSowCavePlantBecauseOfLight>
  <!-- EN: unroofed -->
  <CantSowCavePlantBecauseUnroofed>не под крышей</CantSowCavePlantBecauseUnroofed>
  <!-- EN: incapable of deconstruction -->
  <IncapableOfDeconstruction>не может разбирать</IncapableOfDeconstruction>
  <!-- EN: incapable of mining -->
  <IncapableOfMining>не может добывать</IncapableOfMining>
  <!-- EN: angers faction -->
  <AngersFaction>разозлит фракцию</AngersFaction>
  <!-- EN: no body part -->
  <InstallImplantNoBodyPart>нет части тела</InstallImplantNoBodyPart>
  <!-- EN: not a colonist -->
  <InstallImplantNotAllowedForNonColonists>не является поселенцем</InstallImplantNotAllowedForNonColonists>
  <!-- EN: already installed -->
  <InstallImplantAlreadyInstalled>уже установлено</InstallImplantAlreadyInstalled>
  <!-- EN: max level -->
  <InstallImplantAlreadyMaxLevel>уже максимальный уровень</InstallImplantAlreadyMaxLevel>
  <!-- EN: Upgrade {0} to level {1} -->
  <UpgradeImplant>Улучшить {0} до уровня {1}</UpgradeImplant>
  <!-- EN: violation of faction ally -->
  <SurgeryViolationFellowFactionMember>надругательство над членом дружественной фракции</SurgeryViolationFellowFactionMember>
  
  <!-- EN: Consume {1_labelShort} -->
  <ConsumeThing>Съесть {1_labelShort}</ConsumeThing>
  
  <!-- EN: Cannot go here: no path -->
  <CannotGoNoPath>Невозможно пройти сюда: нет прохода</CannotGoNoPath>
  <!-- EN: Go here -->
  <GoHere>Идти сюда</GoHere>
  
  <!-- EN: Arrest {0} -->
  <Arrest>Арестовать {0}</Arrest>
  <!-- EN: Try to arrest {1_label} ({2} chance) -->
  <TryToArrest>Попытаться арестовать {1_label} (вероятность {2})</TryToArrest>
  <!-- EN: Cannot arrest -->
  <CannotArrest>Невозможно арестовать</CannotArrest>

  <!-- EN: Capture {1_label} -->
  <Capture>Захватить {1_label}</Capture>
  <!-- EN: Cannot capture -->
  <CannotCapture>Невозможно захватить</CannotCapture>

  <!-- EN: Rescue {1_label} -->
  <Rescue>Спасти {1_label}</Rescue>
  <!-- EN: Cannot rescue -->
  <CannotRescue>Невозможно спасти</CannotRescue>

  <!-- EN: Carry {1_label} to cryptosleep casket -->
  <CarryToCryptosleepCasket>Перенести {1_label} в саркофаг криптосна</CarryToCryptosleepCasket>
  <!-- EN: Cannot carry to cryptosleep casket -->
  <CannotCarryToCryptosleepCasket>Невозможно перенести в саркофаг криптосна</CannotCarryToCryptosleepCasket>

  <!-- EN: Carry {0_label} to shuttle -->
  <CarryToShuttle>Перенести {0_label} в челнок</CarryToShuttle>

  <!-- EN: No available cryptosleep casket. -->
  <NoCryptosleepCasket>Нет доступных саркофагов криптосна.</NoCryptosleepCasket>
  <!-- EN: Temporary faction members not allowed. -->
  <CryptosleepCasketGuestsNotAllowed>Запрещено для временных членов фракции.</CryptosleepCasketGuestsNotAllowed>
  <!-- EN: Hosted prisoners not allowed. -->
  <CryptosleepCasketGuestPrisonersNotAllowed>Запрещено для пленников.</CryptosleepCasketGuestPrisonersNotAllowed>
  <!-- EN: No reachable, un-reserved, enclosed prisoner-marked bed in safe temperature. -->
  <NoPrisonerBed>Нет доступных свободных кроватей для пленников в закрытом помещении с безопасной температурой.</NoPrisonerBed>
  <!-- EN: No reachable, un-reserved non-prisoner bed in safe temperature. -->
  <NoNonPrisonerBed>Нет доступных свободных кроватей для поселенцев в местах с безопасной температурой.</NoNonPrisonerBed>
  <!-- EN: No reachable, un-reserved animal bed in safe temperature. -->
  <NoAnimalBed>Нет доступных свободных кроватей для животных в местах с безопасной температурой.</NoAnimalBed>
  <!-- EN: Reserved by someone else. -->
  <Reserved>Занято кем-то другим.</Reserved>
  <!-- EN: Reserved by {1_labelShort} -->
  <ReservedBy>Занято {1_labelShort}</ReservedBy>
  <!-- EN: {0} is reserved by {1}. -->
  <IsReservedBy>{0} уже использует {1}.</IsReservedBy>
  <!-- EN: Too heavy -->
  <TooHeavy>Слишком тяжело</TooHeavy>
  <!-- EN: {0_labelShort} is in the same faction. -->
  <SameFaction>{0_labelShort} находится в той же фракции.</SameFaction>

  <!-- EN: incapable -->
  <Incapable>неспособен</Incapable>
  <!-- EN: incapable of {0} -->
  <IncapableOfCapacity>неспособен {0}</IncapableOfCapacity>

  <!-- EN: min skill -->
  <MinSkill>мин. уровень навыка</MinSkill>
  
  <!-- EN: Equip {0} -->
  <Equip>Взять оружие: {0}</Equip>
  <!-- EN: (brawler will be unhappy) -->
  <EquipWarningBrawler>(драчун будет недоволен)</EquipWarningBrawler>
  <!-- EN: Cannot equip {0} -->
  <CannotEquip>Невозможно взять оружие: {0}</CannotEquip>
  <!-- EN: Cannot man {1_labelShort} -->
  <CannotManThing>Невозможно занять {1_labelShort}</CannotManThing>
  
  <!-- EN: Force wear {1_labelShort} -->
  <ForceWear>Надеть {1_labelShort}</ForceWear>
  <!-- EN: Cannot wear {1_label} -->
  <CannotWear>Невозможно надеть {1_labelShort}</CannotWear>
  <!-- EN: Force equip {1_labelShort} -->
  <ForceEquipApparel>Надеть {1_labelShort}</ForceEquipApparel>
  <!-- EN: Cannot equip {1_label} -->
  <CannotEquipApparel>Невозможно надеть {1_label}</CannotEquipApparel>
  <!-- EN: missing body parts -->
  <CannotWearBecauseOfMissingBodyParts>отсутствуют части тела</CannotWearBecauseOfMissingBodyParts>
  
  <!-- EN: Reload {GEAR_labelShort} with {AMMO_label} -->
  <Reload>Зарядить {AMMO_label} в {GEAR_labelShort}</Reload>
  <!-- EN: Full -->
  <ReloadFull>Полностью заряжено</ReloadFull>
  <!-- EN: Too few -->
  <ReloadNotEnough>Недостаточно для перезарядки</ReloadNotEnough>
  
  <!-- EN: Cannot pick up {1_label} -->
  <CannotPickUp>Невозможно взять {1_label}</CannotPickUp>
  <!-- EN: Cannot pick up {1_label} (all) -->
  <CannotPickUpAll>Невозможно взять {1_label} (всё)</CannotPickUpAll>
  <!-- EN: Pick up {1_label} -->
  <PickUp>Взять {1_label}</PickUp>
  <!-- EN: Pick up {1_label} (all) -->
  <PickUpAll>Взять {1_label} (всё)</PickUpAll>
  <!-- EN: Pick up {1_labelShort}... -->
  <PickUpSome>Взять {1_label}...</PickUpSome>
  <!-- EN: Pick up {1_labelShort} x{{0}} -->
  <PickUpCount>Взять {1_label} ({{0}} шт)</PickUpCount>
  
  <!-- EN: Cannot load {1_label} onto pack animal -->
  <CannotGiveToPackAnimal>Невозможно положить {1_label} во вьюк</CannotGiveToPackAnimal>
  <!-- EN: Cannot load {1_label} (all) onto pack animal -->
  <CannotGiveToPackAnimalAll>Невозможно положить {1_label} (всё) во вьюк</CannotGiveToPackAnimalAll>
  <!-- EN: Load {1_label} onto pack animal -->
  <GiveToPackAnimal>Положить {1_label} во вьюк</GiveToPackAnimal>
  <!-- EN: Load {1_label} (all) onto pack animal -->
  <GiveToPackAnimalAll>Положить {1_label} (всё) во вьюк</GiveToPackAnimalAll>
  <!-- EN: Load {1_labelShort} onto pack animal... -->
  <GiveToPackAnimalSome>Положить {1_label} во вьюк...</GiveToPackAnimalSome>
  <!-- EN: Load {1_labelShort} x{{0}} onto pack animal -->
  <GiveToPackAnimalCount>Положить {1_label} ({{0}} шт) во вьюк</GiveToPackAnimalCount>
  
  <!-- EN: Cannot load {1_label} into caravan -->
  <CannotLoadIntoCaravan>Невозможно взять {1_label} в дорогу</CannotLoadIntoCaravan>
  <!-- EN: Cannot load {1_label} (all) into caravan -->
  <CannotLoadIntoCaravanAll>Невозможно взять {1_label} (всё) в дорогу</CannotLoadIntoCaravanAll>
  <!-- EN: Load {1_label} into caravan -->
  <LoadIntoCaravan>Взять {1_label} в дорогу</LoadIntoCaravan>
  <!-- EN: Load {1_label} (all) into caravan -->
  <LoadIntoCaravanAll>Взять {1_label} (всё) в дорогу</LoadIntoCaravanAll>
  <!-- EN: Load {1_labelShort} into caravan... -->
  <LoadIntoCaravanSome>Взять {1_label} в дорогу...</LoadIntoCaravanSome>
  <!-- EN: Load {1_labelShort} x{{0}} -->
  <LoadIntoCaravanCount>Взять {1_label} ({{0}} шт) в дорогу</LoadIntoCaravanCount>
  <!-- EN: overweight -->
  <OverweightLower>слишком тяжело</OverweightLower>

  <!-- EN: Cannot carry {1_label} and leave the area -->
  <CannotCarryToExit>Невозможно уйти, неся {1_label}</CannotCarryToExit>
  <!-- EN: Carry {1_label} and leave the area -->
  <CarryToExit>Взять {1_label} и уйти</CarryToExit>
  <!-- EN: Capture {1_label} and leave the area -->
  <CarryToExitAndCapture>Захватить {1_label} и уйти</CarryToExitAndCapture>
  
  <!-- EN: Strip {1_label} -->
  <Strip>Раздеть {1_label}</Strip>
  <!-- EN: Cannot strip {1_label} -->
  <CannotStrip>Невозможно раздеть {1_label}</CannotStrip>
  <!-- EN: Cannot drop {1_label} -->
  <CannotDrop>Невозможно бросить {1_label}</CannotDrop>
  <!-- EN: temporary faction member -->
  <QuestRelated>временный член фракции</QuestRelated>
  <!-- EN: Cannot change outfits on temporary faction members -->
  <QuestRelated_Outfit>Невозможно менять одежду на временных членах фракции</QuestRelated_Outfit>
  <!-- EN: would replace locked apparel -->
  <WouldReplaceLockedApparel>нельзя заменять одежду</WouldReplaceLockedApparel>

  <!-- EN: Self-destruct here -->
  <SelfDestructHere>Самоуничтожиться здесь</SelfDestructHere>
  
  <!-- EN: Drop {1_label} -->
  <Drop>Бросить {1_label}</Drop>

  <!-- EN: Rest until healed -->
  <UseMedicalBed>Отдыхать до выздоровления</UseMedicalBed>
  <!-- EN: not injured -->
  <NotInjured>не ранен</NotInjured>
  <!-- EN: occupied by {0} -->
  <SomeoneElseSleeping>{0} уже спит здесь</SomeoneElseSleeping>
  
  <!-- EN: Trade with {0} -->
  <TradeWith>Торговать с {0}</TradeWith>
  <!-- EN: Cannot trade -->
  <CannotTrade>Не может торговать</CannotTrade>

  <!-- EN: Open {0_label} -->
  <Open>Открыть {0_label}</Open>
  <!-- EN: Cannot open {0_label} -->
  <CannotOpen>Невозможно открыть {0_label}</CannotOpen>
  
  <!-- EN: Enter {0} -->
  <EnterMap>Посетить место: {0}</EnterMap>
  <!-- EN: Visit {0} -->
  <VisitSettlement>Посетить {0}</VisitSettlement>
  <!-- EN: Visit {0} -->
  <VisitPeaceTalks>Посетить {0}</VisitPeaceTalks>
  <!-- EN: Visit {0} -->
  <VisitEscapeShip>Посетить {0}</VisitEscapeShip>
  <!-- EN: Attack {0} -->
  <AttackSettlement>Напасть на {0}</AttackSettlement>
  <!-- EN: Approach {0} -->
  <ApproachSite>Подойти к {0}</ApproachSite>
  <!-- EN: Approaching {0} -->
  <ApproachingSite>Идёт к {0}</ApproachingSite>
  <!-- EN: Offer gifts -->
  <OfferGifts>Вручить подарок</OfferGifts>
  <!-- EN: Trade with {0} -->
  <TradeWithSettlement>Торговать с {0}</TradeWithSettlement>

  <!-- Specific thing interactions -->
  <!-- EN: Enter cryptosleep casket -->
  <EnterCryptosleepCasket>Лечь в саркофаг криптосна</EnterCryptosleepCasket>
  <!-- EN: Open cryptosleep casket -->
  <OpenCryptosleepCasket>Открыть саркофаг криптосна</OpenCryptosleepCasket>
  <!-- EN: Get in shuttle -->
  <EnterShuttle>Сесть в челнок</EnterShuttle>

  <!-- e.g. Cannot VERB OBJECT, Cannot repair wall, Cannot haul metal, etc. -->
  <!-- EN: Cannot {0} {1} -->
  <CannotGenericWork>Невозможно {0} {1}</CannotGenericWork>
  <!-- EN: Cannot {0} -->
  <CannotGenericWorkCustom>Невозможно {0}</CannotGenericWorkCustom>

  <!-- EN: Cannot prioritize: incapable of {0} -->
  <CannotMissingHealthActivities>Невозможно выполнить: поселенец не может {0} из-за проблем со здоровьем</CannotMissingHealthActivities>

  <!-- e.g. Already GERUND OBJECT, Already repairing wall, already hauling metal, etc -->
  <!-- EN: Already {0} {2_labelShort} -->
  <CannotGenericAlreadyAm>Поселенец уже начал {0}: {2_labelShort}</CannotGenericAlreadyAm>
  <!-- EN: Already {0} -->
  <CannotGenericAlreadyAmCustom>Поселенец уже начал {0}</CannotGenericAlreadyAmCustom>

  <!-- EN: Cannot prioritize: will never do {0} -->
  <CannotPrioritizeWorkTypeDisabled>Невозможно выполнить: поселенец никогда не будет {0}</CannotPrioritizeWorkTypeDisabled>
  <!-- EN: Cannot trade: lacking necessary title -->
  <CannotTradeMissingTitleAbility>Торговля невозможна: нет необходимого титула</CannotTradeMissingTitleAbility>

  <!-- EN: Cannot prioritize: will never {0} -->
  <CannotPrioritizeWorkGiverDisabled>Невозможно выполнить: поселенец никогда не будет {0}</CannotPrioritizeWorkGiverDisabled>
  <!-- EN: will never {0} -->
  <WillNever>никогда не будет {0}</WillNever>

  <!-- EN: Cannot prioritize: not assigned to {0} -->
  <CannotPrioritizeNotAssignedToWorkType>Невозможно выполнить: поселенец не назначен {0}</CannotPrioritizeNotAssignedToWorkType>
  <!-- EN: not assigned -->
  <NotAssigned>не назначен</NotAssigned>

  <!-- EN: Cannot prioritize: research is a long-term task -->
  <CannotPrioritizeResearch>Выполнение исследования задаётся приоритетом работ</CannotPrioritizeResearch>

  <!-- EN: Cannot prioritize: {1_label} is forbidden -->
  <CannotPrioritizeForbidden>Невозможно выполнить: {1_label} запрещено</CannotPrioritizeForbidden>
  <!-- EN: Cannot prioritize: forbidden -->
  <CannotPrioritizeCellForbidden>Невозможно выполнить: запрещено</CannotPrioritizeCellForbidden>
  <!-- EN: Outside allowed area -->
  <CannotPrioritizeForbiddenOutsideAllowedArea>Вне разрешённой области</CannotPrioritizeForbiddenOutsideAllowedArea>

  <!-- e.g. Prioritize GERUND OBJECT, Prioritize repairing wall, prioritize hauling metal, etc -->
  <!-- EN: Prioritize {0} {1} -->
  <PrioritizeGeneric>{0} {1}</PrioritizeGeneric>
  
  <!-- EN: Drop at edge -->
  <DropAtEdge>Сбросить с краю</DropAtEdge>
  <!-- EN: Drop in center -->
  <DropInCenter>Сбросить в центр</DropInCenter>
  <!-- EN: Attack {0} -->
  <AttackShuttle>Напасть на {0}</AttackShuttle>
  <!-- EN: Attack {0}: Drop at edge -->
  <AttackAndDropAtEdge>Напасть на {0}: высадиться с краю</AttackAndDropAtEdge>
  <!-- EN: Attack {0}: Drop in center -->
  <AttackAndDropInCenter>Напасть на {0}: Высадиться в центр</AttackAndDropInCenter>
  
  <!-- EN: vomiting -->
  <VomitingLower>блюёт</VomitingLower>
  <!-- EN: not interruptible -->
  <NotInterruptibleLower>нельзя прервать</NotInterruptibleLower>
  
  <!-- EN: Add a new waypoint here -->
  <AddWaypoint>Добавить точку маршрута</AddWaypoint>
  <!-- EN: Remove this waypoint -->
  <RemoveWaypoint>Удалить точку маршрута</RemoveWaypoint>

  <!-- EN: Cancel all designations -->
  <RemoveAllDesignations>Отменить все назначения</RemoveAllDesignations>
  <!-- EN: Designate all -->
  <DesignateAll>Назначить всё</DesignateAll>
  <!-- EN: {0} affected -->
  <CountToDesignate>{0} выделено</CountToDesignate>
  <!-- EN: Forbid all items -->
  <ForbidAllItems>Запретить всё</ForbidAllItems>
  <!-- EN: Unforbid all items -->
  <UnforbidAllItems>Разрешить всё</UnforbidAllItems>

  <!-- Transport pods -->
  <!-- EN: Zoom in and choose a landing spot in {0} -->
  <LandInExistingMap>Увеличить масштаб и указать место посадки</LandInExistingMap>
  <!-- EN: The contents will be lost -->
  <TransportPodsContentsWillBeLost>Груз будет безвозвратно потерян</TransportPodsContentsWillBeLost>
  <!-- EN: Form caravan here -->
  <FormCaravanHere>Снарядить караван сюда</FormCaravanHere>
  <!-- EN: Give to {0} -->
  <GiveToCaravan>Передать каравану {0}</GiveToCaravan>
  <!-- EN: Give as a gift to {0} ({1}) -->
  <GiveGiftViaTransportPods>Вручить как подарок фракции {0} ({1})</GiveGiftViaTransportPods>

  <!-- Rescue quest -->
  <!-- EN: Free prisoner -->
  <FreePrisoner>Освободить пленника</FreePrisoner>
  <!-- EN: Offer help -->
  <OfferHelp>Предложить помощь</OfferHelp>

  <!-- EN: apply {0} -->
  <ApplyTechprint>применить {0}</ApplyTechprint>

  <!-- EN: Too dangerous -->
  <EnterCooldownBlocksEntering>Слишком опасно</EnterCooldownBlocksEntering>
  
</LanguageData>