﻿<?xml version="1.0" encoding="UTF-8"?>
<LanguageData>

  <!-- Forbid -->
  <!-- EN: Forbid -->
  <CommandForbid>Запретить</CommandForbid>
  <!-- EN: Allow -->
  <CommandAllow>Разрешить</CommandAllow>
  <!-- EN: Forbidden: Your colonists are not allowed to interact with this. Click to allow. -->
  <CommandForbiddenDesc>Запрещено: поселенцы не будут это использовать. Нажмите, чтобы разрешить.</CommandForbiddenDesc>
  <!-- EN: Allowed: Your colonists are allowed to interact with this. Click to forbid. -->
  <CommandNotForbiddenDesc>Разрешено: поселенцы могут это использовать. Нажмите, чтобы запретить.</CommandNotForbiddenDesc>

  <!-- Power -->
  <!-- EN: Toggle power -->
  <CommandTogglePowerLabel>Вкл./выкл.</CommandTogglePowerLabel>
  <!-- EN: Toggle power. -->
  <CommandTogglePowerDesc>Включить или отключить питание.</CommandTogglePowerDesc>
  
  <!-- EN: Designate toggle power -->
  <CommandDesignateTogglePowerLabel>Вкл./выкл.</CommandDesignateTogglePowerLabel>
  <!-- EN: Designate this thing to have power toggled. A colonist will come soon to flick the switch. -->
  <CommandDesignateTogglePowerDesc>Дать команду включения или отключения питания. Вскоре поселенец подойдёт и переключит выключатель.</CommandDesignateTogglePowerDesc>
  
  <!-- EN: Reconnect -->
  <CommandTryReconnectLabel>Переподключить</CommandTryReconnectLabel>
  <!-- EN: Try to connect to a different power net within my connection radius. This is useful if I'm connected to an unpowered net but there is a powered net nearby. -->
  <CommandTryReconnectDesc>Подключить устройство к другому источнику энергии в радиусе подключения. Это удобно для отключения от сети без энергии, если рядом есть сеть с энергией.</CommandTryReconnectDesc>

  <!-- EN: Gather spot -->
  <CommandGatherSpotToggleLabel>Место сбора</CommandGatherSpotToggleLabel>
  <!-- EN: Active - colonists will gather around this object. -->
  <CommandGatherSpotToggleDescActive>Активно: поселенцы будут собираться поблизости.</CommandGatherSpotToggleDescActive>
  <!-- EN: Inactive - colonists will not gather around this object. -->
  <CommandGatherSpotToggleDescInactive>Неактивно: поселенцы не будут собираться поблизости.</CommandGatherSpotToggleDescInactive>
  
  <!-- Drafting -->
  <!-- EN: Draft -->
  <CommandDraftLabel>К бою!</CommandDraftLabel>
  <!-- EN: Undraft -->
  <CommandUndraftLabel>Роспуск</CommandUndraftLabel>
  <!-- EN: Toggle military draft.\n\nDrafted people take orders and fight. They will not work, eat, or rest. -->
  <CommandToggleDraftDesc>Переключить в боевой режим.\n\nВ этом режиме поселенцы получают приказы и сражаются. Они не будут работать, есть или отдыхать.</CommandToggleDraftDesc>
  <!-- EN: {1_labelShort} cannot walk. -->
  <IsIncapped>{1_labelShort} не может ходить.</IsIncapped>

  <!-- EN: Fire at will -->
  <CommandFireAtWillLabel>Стрелять по усмотрению</CommandFireAtWillLabel>
  <!-- EN: Toggle fire at will.\n\nWhen disabled, this character will not automatically shoot at ranged targets. Does not affect melee combat. -->
  <CommandFireAtWillDesc>Разрешить или запретить стрельбу по усмотрению персонажа.\n\nЕсли стрельба запрещена, то персонаж не будет вести огонь по удалённым целям без команды. Не влияет на рукопашный бой.</CommandFireAtWillDesc>
  
  <!-- EN: Clear prioritized work -->
  <CommandClearPrioritizedWork>Очистить назначенные действия</CommandClearPrioritizedWork>
  <!-- EN: Clear any prioritized work you assigned. The character will go back to their usual self-directed activities. -->
  <CommandClearPrioritizedWorkDesc>Сбросить любые назначенные вами действия. Поселенец продолжит работать согласно своим приоритетам.</CommandClearPrioritizedWorkDesc>
  
  <!-- EN: Cancel -->
  <CommandCancelConstructionLabel>Отменить</CommandCancelConstructionLabel>
  <!-- EN: Cancel this construction. -->
  <CommandCancelConstructionDesc>Отменить строительство.</CommandCancelConstructionDesc>

  <!-- EN: Get out of bed -->
  <CommandGetOutOfBedLabel>Освободить кровать</CommandGetOutOfBedLabel>
  <!-- EN: Get out of current bed. -->
  <CommandGetOutOfBedDesc>Освободить занятую кровать.</CommandGetOutOfBedDesc>

  <!-- EN: Set owner -->
  <CommandThingSetOwnerLabel>Назначить владельца</CommandThingSetOwnerLabel>
  <!-- EN: Assign this bed to be owned by a specific colonist. -->
  <CommandBedSetOwnerDesc>Назначить кровать конкретному поселенцу.</CommandBedSetOwnerDesc>
  <!-- EN: Assign this throne to be owned by a specific colonist. -->
  <CommandThroneSetOwnerDesc>Назначить на трон конкретного поселенца.</CommandThroneSetOwnerDesc>
  <!-- EN: Assign this meditation spot to be owned by a specific colonist. -->
  <CommandMeditationSpotSetOwnerDesc>Назначить это место медитации конкретному поселенцу.</CommandMeditationSpotSetOwnerDesc>
  <!-- EN: Assign colonist -->
  <CommandGraveAssignColonistLabel>Назначить поселенцу</CommandGraveAssignColonistLabel>
  <!-- EN: Assign this grave to be owned by a specific colonist. -->
  <CommandGraveAssignColonistDesc>Назначить это место захоронения конкретному поселенцу.</CommandGraveAssignColonistDesc>
  <!-- EN: Assign -->
  <BuildingAssign>Назначить</BuildingAssign>
  <!-- EN: Reassign -->
  <BuildingReassign>Переназначить</BuildingReassign>
  <!-- EN: Unassign -->
  <BuildingUnassign>Снять назначение</BuildingUnassign>
  <!-- EN: For prisoners -->
  <CommandBedSetForPrisonersLabel>Для пленников</CommandBedSetForPrisonersLabel>
  <!-- EN: Whether beds in this room should be used by prisoners. -->
  <CommandBedSetForPrisonersDesc>Должны ли кровати в этой комнате использоваться пленниками или нет.</CommandBedSetForPrisonersDesc>
  <!-- EN: Only beds in enclosed spaces can be set for prisoners. -->
  <CommandBedSetForPrisonersFailOutdoors>Для пленников следует выделять только кровати в закрытых помещениях.</CommandBedSetForPrisonersFailOutdoors>
  <!-- EN: Medical -->
  <CommandBedSetAsMedicalLabel>Мед. кровать</CommandBedSetAsMedicalLabel>
  <!-- EN: Whether this bed is for medical use. -->
  <CommandBedSetAsMedicalDesc>Должна ли эта кровать использоваться в медицинских целях или нет.</CommandBedSetAsMedicalDesc>
  <!-- EN: Turning on prisoner mode affects the whole room (since prisoners and colonists cannot sleep in the same room).\n\nThese people will lose ownership of their beds: -->
  <TurningOnPrisonerBedWarning>Включение режима для пленников повлияет на всю комнату (поселенцы и пленники не могут спать в одной комнате).\n\nСледующие поселенцы потеряют права на свои кровати:</TurningOnPrisonerBedWarning>
  <!-- EN: Turning off prisoner mode affects the whole room (since prisoners and colonists cannot sleep in the same room).\n\nThese people will lose ownership of their beds: -->
  <TurningOffPrisonerBedWarning>Выключение режима для пленников повлияет на всю комнату (поселенцы и пленники не могут спать в одной комнате).\n\nСледующие пленники потеряют права на свои кровати:</TurningOffPrisonerBedWarning>
  <!-- EN: Are you sure you want to do this? -->
  <AreYouSure>Вы уверены?</AreYouSure>

  <!-- EN: Detonate -->
  <CommandDetonateLabel>Взорвать</CommandDetonateLabel>
  <!-- EN: Start the countdown to detonation. -->
  <CommandDetonateDesc>Начать обратный отсчёт.</CommandDetonateDesc>

  <!-- EN: Rename -->
  <CommandRenameZoneLabel>Сменить название</CommandRenameZoneLabel>
  <!-- EN: Rename this zone. -->
  <CommandRenameZoneDesc>Переименовать область.</CommandRenameZoneDesc>

  <!-- EN: Hide -->
  <CommandHideZoneLabel>Скрыть</CommandHideZoneLabel>
  <!-- EN: Unhide -->
  <CommandUnhideZoneLabel>Показать</CommandUnhideZoneLabel>
  <!-- EN: Hide/unhide this zone. -->
  <CommandHideZoneDesc>Скрыть/показать область.</CommandHideZoneDesc>

  <!-- EN: Delete -->
  <CommandDeleteZoneLabel>Удалить</CommandDeleteZoneLabel>
  <!-- EN: Delete this zone. -->
  <CommandDeleteZoneDesc>Удалить область.</CommandDeleteZoneDesc>

  <!-- EN: Copy settings -->
  <CommandCopyZoneSettingsLabel>Копировать настройки</CommandCopyZoneSettingsLabel>
  <!-- EN: Copy this zone's settings to the clipboard so you can paste them onto another zone. -->
  <CommandCopyZoneSettingsDesc>Копировать настройки этой области для последующего применения к другим областям.</CommandCopyZoneSettingsDesc>

  <!-- EN: Paste settings -->
  <CommandPasteZoneSettingsLabel>Установить настройки</CommandPasteZoneSettingsLabel>
  <!-- EN: Overwrite this zone's settings with those previously copied to the clipboard. -->
  <CommandPasteZoneSettingsDesc>Установить ранее скопированные настройки к данной области.</CommandPasteZoneSettingsDesc>

  <!-- EN: Allow sowing -->
  <CommandAllowSow>Разрешить сеять</CommandAllowSow>
  <!-- EN: When disabled, colonists will never sow plants in this zone. They will still harvest. -->
  <CommandAllowSowDesc>Отключив этот параметр, вы запретите поселенцам сеять, однако они продолжат собирать урожай.</CommandAllowSowDesc>

  <!-- Artillery -->
  <!-- EN: Set forced target -->
  <CommandSetForceAttackTarget>Выбрать цель обстрела</CommandSetForceAttackTarget>
  <!-- EN: Sets a target that this turret must attack continuously as long as it can. -->
  <CommandSetForceAttackTargetDesc>Установить цель, которую эта турель будет атаковать непрерывно, пока это будет возможно.</CommandSetForceAttackTargetDesc>
  <!-- EN: Stop forced attack -->
  <CommandStopForceAttack>Отменить обстрел</CommandStopForceAttack>
  <!-- EN: Stops force-attacking and allows the turret to fire as it wishes. -->
  <CommandStopForceAttackDesc>Прекратить обстрел указанной цели и перевести турель в режим самонаведения.</CommandStopForceAttackDesc>
  <!-- EN: Not currently force-attacking. -->
  <CommandStopAttackFailNotForceAttacking>Сейчас невозможно остановить обстрел.</CommandStopAttackFailNotForceAttacking>
  <!-- EN: Extract shell -->
  <CommandExtractShell>Извлечь снаряд</CommandExtractShell>
  <!-- EN: Unloads the current shell so it can be replaced with different ammunition. -->
  <CommandExtractShellDesc>Разрядить орудие, чтобы иметь возможность сменить тип снаряда.</CommandExtractShellDesc>
  <!-- EN: Target beyond maximum range. -->
  <MessageTargetBeyondMaximumRange>Слишком далеко.</MessageTargetBeyondMaximumRange>
  <!-- EN: Target below minimum range. -->
  <MessageTargetBelowMinimumRange>Слишком близко.</MessageTargetBelowMinimumRange>
  <!-- EN: Warning: The mortar won't fire because it's set to "Hold fire". -->
  <MessageTurretWontFireBecauseHoldFire>Внимание: стрельба запрещена. Для возобновления отключите режим «Остановить огонь».</MessageTurretWontFireBecauseHoldFire>
  
  <!-- Ship computer core -->
  <!-- EN: Launch ship -->
  <CommandShipLaunch>Запустить корабль</CommandShipLaunch>
  <!-- EN: Start the ship launch sequence with the current configuration. -->
  <CommandShipLaunchDesc>Запустить корабль в текущей конфигурации.</CommandShipLaunchDesc>
  <!-- EN: Show launch report -->
  <CommandShipLaunchReport>Показать стартовый отчёт</CommandShipLaunchReport>
  <!-- EN: Show a readiness report about the ship's launch capability. -->
  <CommandShipLaunchReportDesc>Показать отчёт о готовности корабля к запуску.</CommandShipLaunchReportDesc>
  <!-- EN: Start ship -->
  <CommandShipStartup>Активировать корабль</CommandShipStartup>
  <!-- EN: Wake up hibernating ship components. -->
  <CommandShipStartupDesc>Активировать компоненты корабля.</CommandShipStartupDesc>

  <!-- Pod -->
  <!-- EN: Eject sleeper -->
  <CommandPodEject>Извлечь спящего</CommandPodEject>
  <!-- EN: Wake up the cryptosleeper and eject them. -->
  <CommandPodEjectDesc>Разбудить находящегося в криптосне и вытащить его.</CommandPodEjectDesc>
  <!-- EN: Contains nobody. -->
  <CommandPodEjectFailEmpty>Внутри никого нет.</CommandPodEjectFailEmpty>

  <!-- Door -->
  <!-- EN: Passage forbidden -->
  <CommandToggleDoorForbid>Переключить блокировку</CommandToggleDoorForbid>
  <!-- EN: When a door is forbidden, colonists and allies will not go through it. This doesn't affect how enemies or animals interact with the door. -->
  <CommandToggleDoorForbidDesc>Заблокировать либо разблокировать дверь. Поселенцы и союзники не смогут проходить через эту дверь, однако на поведение врагов и животных эта команда не окажет влияния.</CommandToggleDoorForbidDesc>
  <!-- EN: Hold open -->
  <CommandToggleDoorHoldOpen>Держать открытой</CommandToggleDoorHoldOpen>
  <!-- EN: When active, your colonists will not close the door after passing through. -->
  <CommandToggleDoorHoldOpenDesc>Если эта команда активна, поселенцы не будут закрывать эту дверь за собой. В противном случае — будут.</CommandToggleDoorHoldOpenDesc>

  <!-- Temperature control -->
  <!-- EN: Reset -->
  <CommandResetTemp>Сброс</CommandResetTemp>
  <!-- EN: Reset the target temperature to room temperature. -->
  <CommandResetTempDesc>Сбросить целевую температуру до температуры комнаты.</CommandResetTempDesc>
  <!-- EN: Raise the target temperature. -->
  <CommandRaiseTempDesc>Повысить целевую температуру.</CommandRaiseTempDesc>
  <!-- EN: Lower the target temperature. -->
  <CommandLowerTempDesc>Понизить целевую температуру.</CommandLowerTempDesc>

  <!-- Install/reinstall -->
  <!-- EN: Install -->
  <CommandInstall>Установить</CommandInstall>
  <!-- EN: This item is currently packaged up for storage and transport. Use this command to install this item in a final location. -->
  <CommandInstallDesc>Этот предмет упакован для хранения и транспортировки. Используйте эту команду для установки предмета, чтобы его могли видеть или использовать.</CommandInstallDesc>
  <!-- EN: Reinstall at... -->
  <CommandReinstall>Переставить</CommandReinstall>
  <!-- EN: Designate this item to be uninstalled and reinstalled somewhere else. -->
  <CommandReinstallDesc>Назначить этот предмет для демонтажа и установки в другом месте.</CommandReinstallDesc>
  
  <!-- Trade beacon -->
  <!-- EN: Create a stockpile around this building exactly matching the shape of the beacon's launch radius. -->
  <CommandMakeBeaconStockpileDesc>Создать вокруг маяка склад, соответствующий радиусу его работы.</CommandMakeBeaconStockpileDesc>
  <!-- EN: Create stockpile -->
  <CommandMakeBeaconStockpileLabel>Создать склад</CommandMakeBeaconStockpileLabel>

  <!-- Sun lamp -->
  <!-- EN: Create a growing zone around this building exactly matching the shape of the lamp's light radius. -->
  <CommandSunLampMakeGrowingZoneDesc>Создать вокруг солнечной лампы область для выращивания, соответствующую радиусу её действия.</CommandSunLampMakeGrowingZoneDesc>
  <!-- EN: Create growing zone -->
  <CommandSunLampMakeGrowingZoneLabel>Создать область выращивания.</CommandSunLampMakeGrowingZoneLabel>

  <!-- Trap -->
  <!-- EN: Auto Rearm -->
  <CommandAutoRearm>Автозамена</CommandAutoRearm>
  <!-- EN: If this is on, this trap will automatically be replaced after it springs. -->
  <CommandAutoRearmDesc>Если активно, то после срабатывания ловушка будет автоматически назначаться для замены.</CommandAutoRearmDesc>
  
  <!-- Animal control -->
  <!-- EN: Release animals -->
  <CommandReleaseAnimalsLabel>Натравить</CommandReleaseAnimalsLabel>
  <!-- EN: While this is on, mastered animals are sent forth to attack distant targets. While it is off, they remain near and guard the master. -->
  <CommandReleaseAnimalsDesc>Отправить приручённых животных в атаку. Если не включено, животные остаются вблизи и охраняют хозяина.</CommandReleaseAnimalsDesc>
  <!-- EN: No animals available. -->
  <CommandReleaseAnimalsFail_NoAnimals>Нет подходящих животных.</CommandReleaseAnimalsFail_NoAnimals>
  
  <!-- Squad attack -->
  <!-- EN: Attack -->
  <CommandSquadAttack>Атаковать</CommandSquadAttack>
  <!-- EN: Order selected colonists to attack designated target. -->
  <CommandSquadAttackDesc>Приказать выбранным поселенцам вместе атаковать заданную цель.</CommandSquadAttackDesc>
  
  <!-- Melee attack -->
  <!-- EN: Melee attack -->
  <CommandMeleeAttack>Атаковать врукопашную</CommandMeleeAttack>
  <!-- EN: Order selected colonists to attack designated target using only fists and melee weapons. -->
  <CommandMeleeAttackDesc>Приказать выбранным поселенцам атаковать заданную цель, используя только кулаки и оружие ближнего боя.</CommandMeleeAttackDesc>

  <!-- Hold fire -->
  <!-- EN: Hold fire -->
  <CommandHoldFire>Остановить огонь</CommandHoldFire>
  <!-- EN: End any ongoing attacks. -->
  <CommandHoldFireDesc>Прекратить все текущие атаки.</CommandHoldFireDesc>
  
  <!-- reload -->
  <!-- EN: No {CHARGENOUN_plural} left. -->
  <CommandReload_NoCharges>{CHARGENOUN_plural} закончились</CommandReload_NoCharges>
  <!-- EN: Needs to be reloaded with {COUNT} {AMMO_label}. -->
  <CommandReload_NoAmmo>Для перезарядки необходимо {COUNT} {AMMO_label}</CommandReload_NoAmmo>
  
  <!-- Select plant to grow -->
  <!-- EN: Select plant to grow -->
  <CommandSelectPlantToGrowMulti>Выберите растение для высадки</CommandSelectPlantToGrowMulti>
  <!-- EN: Plant: {0} -->
  <CommandSelectPlantToGrow>Растение: {0}</CommandSelectPlantToGrow>
  <!-- EN: Determine which plant should be sown here. -->
  <CommandSelectPlantToGrowDesc>Указать, какое растение следует выращивать здесь.</CommandSelectPlantToGrowDesc>
  
  <!-- Select mineral to scan for (long-range mineral scanner) -->
  <!-- EN: Tuned to -->
  <CommandSelectMineralToScanFor>Ищется</CommandSelectMineralToScanFor>

  <!-- Build copy -->
  <!-- EN: Build copy -->
  <CommandBuildCopy>Построить копию</CommandBuildCopy>
  <!-- EN: Build a copy of this building. -->
  <CommandBuildCopyDesc>Создать копию этой постройки.</CommandBuildCopyDesc>

  <!-- Form caravan -->
  <!-- EN: Form caravan -->
  <CommandFormCaravan>Снарядить караван</CommandFormCaravan>
  <!-- EN: Form a group of colonists able to travel to new areas. The colonists will gather all the assigned supplies and accompanying animals, leave their current area, and await further orders. -->
  <CommandFormCaravanDesc>Отправить группу поселенцев в путешествие. Поселенцы соберут все подготовленные для пути вещи и возьмут с собой животных, а затем покинут это место и будут ждать ваших указаний.</CommandFormCaravanDesc>
  
  <!-- Reform caravan -->
  <!-- EN: Reform caravan -->
  <CommandReformCaravan>Продолжить путь</CommandReformCaravan>
  <!-- EN: Reform a group of colonists. The colonists will leave their current area and await further orders. -->
  <CommandReformCaravanDesc>Продолжить путь. Путешественники покинут место, в котором находятся, и будут ждать дальнейших указаний.</CommandReformCaravanDesc>
  <!-- EN: There are still some enemies in this area. -->
  <CommandReformCaravanFailHostilePawns>Неподалёку ещё есть противники.</CommandReformCaravanFailHostilePawns>
  
  <!-- Split caravan -->
  <!-- EN: Split -->
  <CommandSplitCaravan>Разделиться</CommandSplitCaravan>
  <!-- EN: Split this caravan into two. The caravans can be later merged back into one as long as they are close to each other. -->
  <CommandSplitCaravanDesc>Разделить караван на две группы. В дальнейшем получившиеся караваны можно будет вновь объединить в один, если они будут неподалёку друг от друга.</CommandSplitCaravanDesc>
  
  <!-- Merge caravan -->
  <!-- EN: Merge -->
  <CommandMergeCaravans>Объединиться</CommandMergeCaravans>
  <!-- EN: Merge selected caravans. -->
  <CommandMergeCaravansDesc>Объединить выбранные караваны в один.</CommandMergeCaravansDesc>
  <!-- EN: Select all caravans which should be merged. The caravans must be close to each other. -->
  <CommandMergeCaravansFailCaravansNotSelected>Выберите караваны, которые хотите объединить. Они должны находиться неподалёку друг от друга.</CommandMergeCaravansFailCaravansNotSelected>
  <!-- EN: Join -->
  <CommandJoinCaravan>Присоединиться</CommandJoinCaravan>
  
  <!-- Settle -->
  <!-- EN: Settle -->
  <CommandSettle>Основать поселение</CommandSettle>
  <!-- EN: Settle in this area. Your colonists will enter this area and you will be able to start building a new home. -->
  <CommandSettleDesc>Основать поселение в этом месте. Ваши путешественники смогут начать строить здесь свой новый дом.</CommandSettleDesc>
  <!-- EN: Your faction can only have one base. -->
  <CommandSettleFailAlreadyHaveBase>У вашей фракции может быть только одно поселение.</CommandSettleFailAlreadyHaveBase>
  <!-- EN: Reached maximum number of colonies. -->
  <CommandSettleFailReachedMaximumNumberOfBases>Достигнуто предельное число поселений. Этот параметр можно изменить в настройках игры.</CommandSettleFailReachedMaximumNumberOfBases>
  <!-- EN: There isn't anybody there to claim the area. -->
  <CommandSettleFailNoColonists>Здесь нет никого, кто мог бы основать поселение.</CommandSettleFailNoColonists>
  <!-- EN: There are enemies in this area. -->
  <CommandSettleFailEnemies>Рядом враги.</CommandSettleFailEnemies>
  
  <!-- Abandon home -->
  <!-- EN: Abandon -->
  <CommandAbandonHome>Бросить поселение</CommandAbandonHome>
  <!-- EN: Abandon this area. The area will become inaccessible and you will not be able to return here ever again. After abandoning your home, you will be able to order one of your caravans to settle in a new area. -->
  <CommandAbandonHomeDesc>Покинуть это место. Это поселение станет недоступно, и вы больше никогда не сможете сюда вернуться. После того, как вы покинете свой дом, вы сможете основать поселение в другом месте.</CommandAbandonHomeDesc>
  <!-- EN: All of your colonists are there. -->
  <CommandAbandonHomeFailAllColonistsThere>Невозможно покинуть это место, пока все поселенцы находятся здесь.</CommandAbandonHomeFailAllColonistsThere>
  
  <!-- Cancel forming caravan -->
  <!-- EN: Cancel forming caravan -->
  <CommandCancelFormingCaravan>Отменить отправку каравана</CommandCancelFormingCaravan>
  <!-- EN: Terminate the caravan formation process. -->
  <CommandCancelFormingCaravanDesc>Остановить подготовку каравана к пути.</CommandCancelFormingCaravanDesc>

  <!-- Remove from caravan -->
  <!-- EN: Remove from caravan -->
  <CommandRemoveFromCaravan>Исключить из каравана</CommandRemoveFromCaravan>
  <!-- EN: Remove this person or animal from the caravan. -->
  <CommandRemoveFromCaravanDesc>Исключить этого человека или животное из каравана.</CommandRemoveFromCaravanDesc>
  
  <!-- Add to caravan -->
  <!-- EN: Add to caravan -->
  <CommandAddToCaravan>Добавить к каравану</CommandAddToCaravan>
  <!-- EN: Add this person or animal to the forming caravan. -->
  <CommandAddToCaravanDesc>Добавить этого человека или животное к снаряжаемому каравану.</CommandAddToCaravanDesc>
  
  <!-- Show map -->
  <!-- EN: Zoom in -->
  <CommandShowMap>Увеличить масштаб</CommandShowMap>
  <!-- EN: Zoom in on this area. -->
  <CommandShowMapDesc>Увеличить масштаб в этой точке карты.</CommandShowMapDesc>
  
  <!-- Trade -->
  <!-- EN: Trade -->
  <CommandTrade>Торговать</CommandTrade>
  <!-- EN: Trade with this faction. -->
  <CommandTradeDesc>Торговать с этой фракцией.</CommandTradeDesc>
  <!-- EN: There isn't any conscious and capable negotiator. -->
  <CommandTradeFailNoNegotiator>Нет ни одного человека, способного вести переговоры и торговать, не сломленного и в сознании.</CommandTradeFailNoNegotiator>
  <!-- EN: None of your people have the required faction permission: {0} -->
  <CommandTradeFailNeedPermit>Никто из ваших людей не имеет нужной привилегии: {0}</CommandTradeFailNeedPermit>

  <!-- Offer gifts -->
  <!-- EN: Offer gifts -->
  <CommandOfferGifts>Предложить подарок</CommandOfferGifts>
  <!-- EN: Offer gifts to this faction. -->
  <CommandOfferGiftsDesc>Предложить фракции подарок.</CommandOfferGiftsDesc>

  <!-- Fulfill request -->
  <!-- EN: Fulfill trade offer -->
  <CommandFulfillTradeOffer>Заключить сделку</CommandFulfillTradeOffer>
  <!-- EN: Fulfill the settlement's request for goods and claim your reward. -->
  <CommandFulfillTradeOfferDesc>Передать запрошенный товар поселению и потребовать обещанную плату.</CommandFulfillTradeOfferDesc>
  <!-- EN: Your caravan must have {0} to fulfill this trade offer. -->
  <CommandFulfillTradeOfferFailInsufficient>У вашего каравана должно быть {0}, чтобы заключить сделку.</CommandFulfillTradeOfferFailInsufficient>
  <!-- EN: Give {0}? -->
  <CommandFulfillTradeOfferConfirm>Дать {0}?</CommandFulfillTradeOfferConfirm>
  
  <!-- Take off -->
  <!-- EN: Take off -->
  <CommandTakeOff>Взлететь</CommandTakeOff>
  <!-- EN: Get on board the ship and escape the planet. -->
  <CommandTakeOffDesc>Подняться на борт корабля и покинуть планету.</CommandTakeOffDesc>
  <!-- EN: Are you sure you want to launch the ship?\n\nEveryone in this area will escape the planet. Everyone else will be left behind. -->
  <CommandTakeOffConfirmation>Вы уверены, что хотите запустить корабль?\n\nВсе, кто находится в этом месте, покинут планету. Остальные — останутся.</CommandTakeOffConfirmation>

  <!-- Set target fuel level -->
  <!-- EN: Set target fuel level -->
  <CommandSetTargetFuelLevel>Задать уровень топлива</CommandSetTargetFuelLevel>
  <!-- EN: Set the target fuel level. Colonists will attempt to fill this up to the target fuel level. -->
  <CommandSetTargetFuelLevelDesc>Поселенцы будут заправлять этот агрегат не выше указанного уровня.</CommandSetTargetFuelLevelDesc>

  <!-- Refueling -->
  <!-- EN: Toggle automatic refuel -->
  <CommandToggleAllowAutoRefuel>Заправлять автоматически</CommandToggleAllowAutoRefuel>
  <!-- EN: Sets whether or not automatic refueling is allowed. -->
  <CommandToggleAllowAutoRefuelDesc>Разрешить или запретить поселенцам самостоятельную заправку.</CommandToggleAllowAutoRefuelDesc>
  
  <!-- Cancel load -->
  <!-- EN: Cancel load -->
  <CommandCancelLoad>Отменить погрузку</CommandCancelLoad>
  <!-- EN: Cancel loading this with people or items and eject everything already loaded. -->
  <CommandCancelLoadDesc>Отменить погрузку вещей и посадку пассажиров и выгрузить то, что уже погружено.</CommandCancelLoadDesc>
  
  <!-- Launch group -->
  <!-- EN: Launch -->
  <CommandLaunchGroup>Запустить</CommandLaunchGroup>
  <!-- EN: Take off and fly to a destination. -->
  <CommandLaunchGroupDesc>Отправиться в полёт к указанной точке.</CommandLaunchGroupDesc>
  <!-- EN: Some transport pods in this loading group are not connected to a fueling port. -->
  <CommandLaunchGroupFailNotConnectedToFuelingPort>Как минимум одна капсула не подключена к топливному порту.</CommandLaunchGroupFailNotConnectedToFuelingPort>
  <!-- EN: Some pod launchers in this group have no fuel. -->
  <CommandLaunchGroupFailNoFuel>Как минимум одна капсула стоит без топлива.</CommandLaunchGroupFailNoFuel>
  <!-- EN: Some pod launchers are under a roof. -->
  <CommandLaunchGroupFailUnderRoof>Как минимум одна капсула находится под крышей.</CommandLaunchGroupFailUnderRoof>
  
  <!-- Load transporter -->
  <!-- EN: Load launch group of {0} -->
  <CommandLoadTransporter>Начать погрузку в группу из {0}</CommandLoadTransporter>
  <!-- EN: Defines the selected transporter(s) as a launch group. Opens the loading dialog so you can decide who and what should be loaded inside. -->
  <CommandLoadTransporterDesc>Объединить выбранные транспортные капсулы в запускаемую группу, назначить пассажиров и выбрать, что погрузить на борт.</CommandLoadTransporterDesc>
  <!-- EN: The transport pod is not connected to a fueling port. -->
  <CommandLoadTransporterFailNotConnectedToFuelingPort>Транспортная капсула не подключена к топливному порту.</CommandLoadTransporterFailNotConnectedToFuelingPort>
  <!-- EN: The pod launcher has no fuel. -->
  <CommandLoadTransporterFailNoFuel>Транспортная капсула не заправлена топливом.</CommandLoadTransporterFailNoFuel>
  
  <!-- Load transporter (single) -->
  <!-- EN: Load -->
  <CommandLoadTransporterSingle>Загрузить</CommandLoadTransporterSingle>
  <!-- EN: Opens the loading dialog so you can decide who and what should be loaded inside. -->
  <CommandLoadTransporterSingleDesc>Назначить пассажиров и выбрать, что погрузить на борт.</CommandLoadTransporterSingleDesc>
  
  <!-- Transporters set to load -->
  <!-- EN: Set to load -->
  <CommandSetToLoadTransporter>Назначить для загрузки</CommandSetToLoadTransporter>
  <!-- EN: Opens the loading dialog so you can decide who and what should be loaded inside. -->
  <CommandSetToLoadTransporterDesc>Назначить пассажиров и выбрать, что погрузить на борт.</CommandSetToLoadTransporterDesc>
  
  <!-- Autoload transporters -->
  <!-- EN: Autoload -->
  <CommandAutoloadTransporters>Загружать автоматически</CommandAutoloadTransporters>
  <!-- EN: Toggle loading all required cargo automatically as soon as they become available. -->
  <CommandAutoloadTransportersDesc>Разрешить или запретить поселенцам самостоятельно осуществлять погрузку, как только у них будет возможность.</CommandAutoloadTransportersDesc>
  
  <!-- Select previous transporter -->
  <!-- EN: Select previous in launch group -->
  <CommandSelectPreviousTransporter>Следующая капсула</CommandSelectPreviousTransporter>
  <!-- EN: Select previous transport pod in this launch group. -->
  <CommandSelectPreviousTransporterDesc>Выделить следующую капсулу в этой запускаемой группе.</CommandSelectPreviousTransporterDesc>
  
  <!-- Select all transporters -->
  <!-- EN: Select launch group -->
  <CommandSelectAllTransporters>Вся группа</CommandSelectAllTransporters>
  <!-- EN: Select all transport pods in this launch group. -->
  <CommandSelectAllTransportersDesc>Выделить все капсулы в этой запускаемой группе.</CommandSelectAllTransportersDesc>
  
  <!-- Select next transporter -->
  <!-- EN: Select next in launch group -->
  <CommandSelectNextTransporter>Предыдущая капсула</CommandSelectNextTransporter>
  <!-- EN: Select next transport pod in this launch group. -->
  <CommandSelectNextTransporterDesc>Выделить предыдущую капсулу в этой запускаемой группе.</CommandSelectNextTransporterDesc>
  
  <!-- Vent -->
  <!-- EN: Designate open/close -->
  <CommandDesignateOpenCloseVentLabel>Откр./закр.</CommandDesignateOpenCloseVentLabel>
  <!-- EN: Designate this vent to be opened or closed. A colonist will come soon to perform the task. -->
  <CommandDesignateOpenCloseVentDesc>Дать команду на открытие или закрытие вентиляции. Вскоре поселенец подойдёт и переключит режим циркуляции воздуха.</CommandDesignateOpenCloseVentDesc>
  
  <!-- Remove waypoint -->
  <!-- EN: Remove -->
  <CommandRemoveWaypointLabel>Удалить</CommandRemoveWaypointLabel>
  <!-- EN: Remove this waypoint. -->
  <CommandRemoveWaypointDesc>Удалить точку маршрута.</CommandRemoveWaypointDesc>

  <!-- Pause caravan -->
  <!-- EN: Rest -->
  <CommandPauseCaravan>Привал</CommandPauseCaravan>
  <!-- EN: Start resting. This has the following benefits:\n\n  - People can interact socially\n  - Forage for food {0} times faster\n  - Visibility multiplied by {1} -->
  <CommandToggleCaravanPauseDesc>Приостановить движение каравана. Это даст следующие преимущества:\n\n  - люди смогут общаться друг с другом\n  - добыча еды ускорится в ^Number( {0} | '# раз' | '# раза' | '# раз')^\n  - заметность станет {1} от обычной</CommandToggleCaravanPauseDesc>
  
  <!-- Show sellable items -->
  <!-- EN: Show what will buy -->
  <CommandShowSellableItems>Показать товар для продажи</CommandShowSellableItems>
  <!-- EN: Show everything this trader wants to buy. -->
  <CommandShowSellableItemsDesc>Показать товары, интересующие торговца.</CommandShowSellableItemsDesc>

  <!-- Attack settlement -->
  <!-- EN: Attack -->
  <CommandAttackSettlement>Напасть</CommandAttackSettlement>
  <!-- EN: Attack this settlement. -->
  <CommandAttackSettlementDesc>Напасть на это поселение.</CommandAttackSettlementDesc>

  <!-- Send shuttle -->
  <!-- EN: Send -->
  <CommandSendShuttle>Отправить</CommandSendShuttle>
  <!-- EN: Initiate takeoff and have the shuttle fly to its destination. -->
  <CommandSendShuttleDesc>Начать процедуру взлёта и отправить челнок к месту назначения.</CommandSendShuttleDesc>
  <!-- EN: The shuttle is under a roof. -->
  <CommandSendShuttleFailUnderRoof>Челнок под крышей</CommandSendShuttleFailUnderRoof>
  <!-- EN: Some of the required items or people are missing. -->
  <CommandSendShuttleFailMissingRequiredThing>Отсутствуют необходимые пассажиры или груз.</CommandSendShuttleFailMissingRequiredThing>
  
  <!-- Dismiss shuttle -->
  <!-- EN: Dismiss -->
  <CommandShuttleDismiss>Отозвать</CommandShuttleDismiss>
  <!-- EN: Unload all contents and send the shuttle away. -->
  <CommandShuttleDismissDesc>Выгрузить предметы, высадить пассажиров и отправить челнок обратно.</CommandShuttleDismissDesc>

  <!-- Place blueprints -->
  <!-- EN: Place blueprints -->
  <CommandPlaceBlueprints>Разместить проект</CommandPlaceBlueprints>
  <!-- EN: Place all required blueprints where possible. -->
  <CommandPlaceBlueprintsDesc>Разместить проект там, где это возможно.</CommandPlaceBlueprintsDesc>
  <!-- EN: Place {0} blueprints -->
  <CommandPlaceBlueprintsSpecific>Разместить проект «{0}»</CommandPlaceBlueprintsSpecific>
  <!-- EN: Place all {0} blueprints where possible. -->
  <CommandPlaceBlueprintsSpecificDesc>Разместить проект «{0}» там, где это возможно.</CommandPlaceBlueprintsSpecificDesc>

  <!-- Cancel monument marker -->
  <!-- EN: Cancel -->
  <CommandCancelMonumentMarker>Отменить</CommandCancelMonumentMarker>
  <!-- EN: Permanently remove this monument marker. -->
  <CommandCancelMonumentMarkerDesc>Навсегда убрать метку монумента.</CommandCancelMonumentMarkerDesc>

  <!-- View quest -->
  <!-- EN: View quest: {0} -->
  <CommandViewQuest>Открыть задание: {0}</CommandViewQuest>
  <!-- EN: View this quest in quests tab. -->
  <CommandViewQuestDesc>Открыть это задание во вкладке заданий.</CommandViewQuestDesc>
  <!-- EN: Open linked quest -->
  <CommandOpenLinkedQuest>Открыть связанное задание</CommandOpenLinkedQuest>
  <!-- EN: Open linked quest in the quests tab. -->
  <CommandOpenLinkedQuestDesc>Открыть связанное задание во вкладке заданий.</CommandOpenLinkedQuestDesc>
  
  <!-- Take a drug -->
  <!-- EN: Take drug... -->
  <TakeDrug>Принять наркотик</TakeDrug>
  <!-- EN: Choose a drug from inventory to ingest immediately. -->
  <TakeDrugDesc>Выбрать наркотик из тех, что персонаж имеет при себе, и немедленно принять.</TakeDrugDesc>
  
</LanguageData>