﻿<?xml version="1.0" encoding="UTF-8"?>
<LanguageData>

  <!-- EN: a -->
  <IndefiniteArticle />
  <!-- EN: the -->
  <DefiniteArticle />
  <!-- EN: a {0} -->
  <IndefiniteForm>{0}</IndefiniteForm>
  <!-- EN: the {0} -->
  <DefiniteForm>{0}</DefiniteForm>

  <!-- EN: its -->
  <Proits>его</Proits>
  <!-- EN: his -->
  <Prohis>его</Prohis>
  <!-- EN: her -->
  <Proher>её</Proher>
  <!-- EN: Its -->
  <ProitsCap>Его</ProitsCap>
  <!-- EN: His -->
  <ProhisCap>Его</ProhisCap>
  <!-- EN: Her -->
  <ProherCap>Её</ProherCap>

  <!-- EN: it -->
  <ProitObj>ему</ProitObj>
  <!-- EN: him -->
  <ProhimObj>ему</ProhimObj>
  <!-- EN: her -->
  <ProherObj>ей</ProherObj>
  <!-- EN: It -->
  <ProitObjCap>Ему</ProitObjCap>
  <!-- EN: Him -->
  <ProhimObjCap>Ему</ProhimObjCap>
  <!-- EN: Her -->
  <ProherObjCap>Ей</ProherObjCap>

  <!-- EN: he -->
  <Prohe>он</Prohe>
  <!-- EN: she -->
  <Proshe>она</Proshe>
  <!-- EN: it -->
  <Proit>оно</Proit>
  <!-- EN: He -->
  <ProheCap>Он</ProheCap>
  <!-- EN: She -->
  <ProsheCap>Она</ProsheCap>
  <!-- EN: It -->
  <ProitCap>Оно</ProitCap>

  <!-- EN: {0} and {1}. -->
  <ClauseSequence2>{0} и {1}.</ClauseSequence2>
  <!-- EN: {0}. Also, {1} and {2}. -->
  <ClauseSequence3>{0}, {1} и {2}.</ClauseSequence3>
  <!-- EN: {0} and {1}. In addition {2} and {3}. -->
  <ClauseSequence4>{0} и {1}, а также {2} и {3}.</ClauseSequence4>
  <!-- EN: {0} and {1}. Additionally, {2} and {3}. Finally, {4}. -->
  <ClauseSequence5>{0}, {1} и {2}, и ещё {3} и {4}.</ClauseSequence5>
  <!-- EN: {0}. {1} and {2}. Also, {3} and {4}. Finally, {5}. -->
  <ClauseSequence6>и {0}, и {1}, и {2}, и ещё {3}, {4} и {5}.</ClauseSequence6>
  <!-- EN: {0} and {1}. {2} and {3}. Also, {4} and {5}. Finally, {6}. -->
  <ClauseSequence7>и {0}, и {1}, и {2}, и кроме того, {3}, {4} и {5} и, наконец, {6}.</ClauseSequence7>
  <!-- EN: {0} and {1}. Also, {2} and {3}. {4} and {5}. Finally, {6} and {7}. -->
  <ClauseSequence8>и {0}, и {1}, и {2}, а ещё {3}, {4} и {5} и, наконец, {6} и {7}.</ClauseSequence8>

  <!-- EN: {0} or {1} -->
  <XorY>{0} или {1}</XorY>

</LanguageData>