﻿<?xml version="1.0" encoding="UTF-8"?>
<LanguageData>

  <!-- EN: Mad {ANIMAL_labelShort} -->
  <LetterLabelAnimalInsanitySingle>{ANIMAL_labelShort} сходит с ума</LetterLabelAnimalInsanitySingle>
  <!-- EN: A local {ANIMAL_label} has gone mad. It will attack everyone it sees. -->
  <AnimalInsanitySingle>{ANIMAL_label} выглядит крайне агрессивно и будет атаковать любого, кого увидит.</AnimalInsanitySingle>
  <!-- EN: Mad {0} -->
  <LetterLabelAnimalInsanityMultiple>{0} сходят с ума</LetterLabelAnimalInsanityMultiple>
  <!-- EN: Some sort of psychic wave has swept over the landscape. Your colonists are okay, but...\n\nIt seems many of the {0} in the area have been driven insane. -->
  <AnimalInsanityMultiple>Некое подобие психоактивной волны прошло по земле. Ваши поселенцы в порядке, но...\n\nПохоже, многие {0} сошли с ума.</AnimalInsanityMultiple>

  <!-- EN: Blight: {PLANTDEF_labelPlural} -->
  <LetterLabelCropBlight>Болезнь растений: {PLANTDEF_labelPlural}</LetterLabelCropBlight>
  <!-- EN: Blight has been discovered on the {PLANTDEF_labelPlural}!
\nYou should cut or burn the affected plants before the blight spreads. -->
  <LetterCropBlight>Ваши {PLANTDEF_labelPlural} поражены болезнью!\n\nВам следует срезать или сжечь заражённые растения, пока болезнь не распространилась дальше.</LetterCropBlight>

  <!-- EN: Miracle -->
  <LetterLabelMiracleHeal>Чудо</LetterLabelMiracleHeal>
  <!-- EN: {0} has experienced a miraculous recovery! -->
  <MiracleHeal>{0} исцеляется чудесным образом!</MiracleHeal>

  <!-- Enemy raids -->
  <!-- EN: One of the {LEADER_factionPawnsPlural} - {LEADER_labelShort}, is the leader of the faction. -->
  <EnemyRaidLeaderPresent>Среди них {LEADER_labelShort}, лидер фракции.</EnemyRaidLeaderPresent>

  <!-- Friendly raids -->
  <!-- EN: One of the {LEADER_factionPawnsPlural} - {LEADER_labelShort}, is the leader of the faction. -->
  <FriendlyRaidLeaderPresent>Среди них {LEADER_labelShort}, лидер фракции.</FriendlyRaidLeaderPresent>

  <!-- EN: Transport pod crash -->
  <LetterLabelRefugeePodCrash>Крушение капсулы</LetterLabelRefugeePodCrash>
  <!-- EN: {PAWN_titleIndef} named {PAWN_nameDef} is crashing in a transport pod nearby. If {PAWN_pronoun} survives the impact, {PAWN_pronoun} will be badly wounded. -->
  <RefugeePodCrash>{PAWN_titleIndef} по имени {PAWN_nameDef} падает в транспортной капсуле. Если {PAWN_pronoun} и переживёт последствия удара, то наверняка с тяжёлыми ранениями.</RefugeePodCrash>
  <!-- EN: {PAWN_nameDef} is not affiliated with any faction. You can rescue {PAWN_objective} and hope {PAWN_pronoun} joins freely, or capture {PAWN_objective} for recruitment or slavery purposes. -->
  <RefugeePodCrash_Factionless>{PAWN_nameDef} не принадлежит никакой фракции. Вы можете спасти {PAWN_possessive} и надеяться, что {PAWN_pronoun} присоединится к вам добровольно, а можете захватить для последующей вербовки или продажи в рабство.</RefugeePodCrash_Factionless>
  <!-- EN: {PAWN_nameDef} is from your enemy {PAWN_factionName}. You can capture {PAWN_objective} for recruitment or slavery purposes. -->
  <RefugeePodCrash_Hostile>{PAWN_nameDef} принадлежит враждебной фракции {PAWN_factionName}. Вы можете захватить {PAWN_possessive} для вербовки или продажи в рабство.</RefugeePodCrash_Hostile>
  <!-- EN: {PAWN_nameDef} is from {PAWN_factionName}. If you rescue {PAWN_objective}, {PAWN_pronoun} may join freely. Otherwise, {PAWN_pronoun} will return home and spread goodwill between your factions.\n\nYou can also capture {PAWN_objective} for recruitment or slavery purposes, but this will anger {PAWN_possessive} faction. -->
  <RefugeePodCrash_NonHostile>{PAWN_nameDef} — из фракции {PAWN_factionName}. Если вы спасёте {PAWN_possessive}, {PAWN_pronoun} может присоединиться к вам добровольно, или же вернуться домой и улучшить отношения между вашими фракциями, рассказав о вашем милосердии.\n\nВы также можете захватить {PAWN_possessive} для последующей вербовки или продажи в рабство, но это настроит против вас всю {PAWN_possessive} фракцию.</RefugeePodCrash_NonHostile>

  <!-- EN: Cargo pods -->
  <LetterLabelCargoPodCrash>Грузовые контейнеры</LetterLabelCargoPodCrash>
  <!-- EN: You have detected a cluster of cargo pods crashing nearby.\n\nPerhaps you'll find something useful in the wreckage. -->
  <CargoPodCrash>Вы засекли несколько грузовых контейнеров, упавших поблизости.\n\nВозможно, вы найдёте что-то полезное в обломках.</CargoPodCrash>

  <!-- EN: an electrical conduit -->
  <AnElectricalConduit>электропроводке</AnElectricalConduit>
  <!-- EN: A fault in {0} has caused a short circuit. -->
  <ShortCircuit>Неисправность в {0} вызвала короткое замыкание.</ShortCircuit>
  <!-- EN: A fault in {0} has caused a short circuit which started a fire. -->
  <ShortCircuitStartedFire>Неисправность в {0} вызвала короткое замыкание с возгоранием.</ShortCircuitStartedFire>
  <!-- EN: All {0} Wd of energy in the connected batteries has been discharged in an electrical explosion. -->
  <ShortCircuitDischargedEnergy>Все {0} Вт*дней энергии в подключённых аккумуляторах потеряны.</ShortCircuitDischargedEnergy>
  <!-- EN: This large amount of power has created an explosion of considerable size. -->
  <ShortCircuitWasLarge>Из-за высокой мощности короткое замыкание вызвало вспышку, громкий хлопок и последующее возгорание.</ShortCircuitWasLarge>
  <!-- EN: That really is a huge explosion. Wow. -->
  <ShortCircuitWasHuge>Вот это фейерверк! Ничего себе!</ShortCircuitWasHuge>

  <!-- EN: A trade ship is passing nearby.\n\nThey are known as {0}. They are a {1}.\n\n{2} -->
  <TraderArrival>Торговый корабль {0} пролетает рядом.\n\nЭто {1}.\n\n{2}</TraderArrival>
  <!-- EN: They're affiliated with {FACTION_name}. -->
  <TraderArrivalFromFaction>Они связаны с фракцией {FACTION_name}.</TraderArrivalFromFaction>
  <!-- EN: They are not affiliated with any faction. -->
  <TraderArrivalNoFaction>Они не связаны ни с какой фракцией.</TraderArrivalNoFaction>

  <!-- EN: A {PAWN_title} from {1} is passing by. {PAWN_pronoun} is named {PAWN_nameFull}. -->
  <SingleTravelerPassing>{0} из фракции {1} проходит мимо. {PAWN_possessive} зовут {2}.</SingleTravelerPassing>
  <!-- EN: A group of travelers from {0} are passing by. -->
  <GroupTravelersPassing>Группа путешественников из фракции {0} проходят мимо.</GroupTravelersPassing>

  <!-- EN: Visitor -->
  <LetterLabelSingleVisitorArrives>Гость</LetterLabelSingleVisitorArrives>
  <!-- EN: {PAWN_titleIndef} from {1} is visiting the colony.\n\n{PAWN_pronoun} is named {PAWN_nameFull}.{3}{4} -->
  <SingleVisitorArrives>{PAWN_titleIndef} из фракции {1} посещает поселение.\n\n{PAWN_possessive} зовут {PAWN_nameFull}.{3}{4}</SingleVisitorArrives>
  <!-- EN: {PAWN_pronoun} seems to have a few items to trade. -->
  <SingleVisitorArrivesTraderInfo>\n\nКажется, у н{PAWN_possessive} есть какие-то предметы для обмена.</SingleVisitorArrivesTraderInfo>
  <!-- EN: {PAWN_pronoun} is the leader of the faction. -->
  <SingleVisitorArrivesLeaderInfo>\n\n{PAWN_pronoun} лидер фракции.</SingleVisitorArrivesLeaderInfo>
  <!-- EN: Visitors -->
  <LetterLabelGroupVisitorsArrive>Гости</LetterLabelGroupVisitorsArrive>
  <!-- EN: A group from {0} are visiting the colony.{1}{2} -->
  <GroupVisitorsArrive>Группа из фракции {0} посещает ваше поселение.{1}{2}</GroupVisitorsArrive>
  <!-- EN: They seem to have a few items to trade. -->
  <GroupVisitorsArriveTraderInfo>\n\nКажется, у них есть какие-то предметы для обмена.</GroupVisitorsArriveTraderInfo>
  <!-- EN: One of the visitors - {1_labelShort}, is the leader of the faction. -->
  <GroupVisitorsArriveLeaderInfo>\n\nОдин из гостей, {1_labelShort}, — лидер фракции.</GroupVisitorsArriveLeaderInfo>
  <!-- EN: Visitors from {0} are leaving. -->
  <VisitorsLeaving>Гости из фракции {0} уходят.</VisitorsLeaving>

  <!-- EN: Manhunter pack -->
  <LetterLabelManhunterPackArrived>Агрессивные животные</LetterLabelManhunterPackArrived>
  <!-- EN: A pack of man-hunting {0} have entered the area! Driven insane by the disease known as scaria, they will roam the region, hunting for humanoid flesh.\n\nThey won't attack doors unless they see someone go through the door. Hide inside and you'll be safe. They also won't attack powered-off turrets, so turn your turrets off to save them.\n\nThe {0} will leave the area in one or two days. You can hide and wait them out, or fight them. -->
  <ManhunterPackArrived>На вашу территорию забрели агрессивные {0}. Поражённые заболеванием, известным как агриоз, они будут рыскать по окрестностям в поисках человеческой крови.\n\nЭти животные не будут пробиваться через закрытые двери, если, конечно, не увидят, как в них забегают ваши поселенцы. Спрячьтесь заранее — и вы будете в безопасности. Они также не нападут на турели, если вы отключите их.\n\nПодождите один-два дня, и {0} уйдут. Вы также можете напасть на них сами.</ManhunterPackArrived>
  
  <!-- Crashed ship part-->
  <!-- EN: The {SOURCE_label} has emitted a psychic pulse that has driven nearby animals mad. -->
  <MessageAnimalInsanityPulse>{SOURCE_label} испускает психоактивный импульс, который вызывает ярость у ближайших животных.</MessageAnimalInsanityPulse>
  <!-- EN: The crashed ship part has emitted a focused psychic pulse that has driven colonist {0} insane. -->
  <LetterShipPartDroveColonistInsane>Часть разбившегося корабля испустила направленный психоактивный импульс, и ваш поселенец {0} сошёл с ума.</LetterShipPartDroveColonistInsane>
  <!-- EN: Awoke {0} days ago -->
  <AwokeDaysAgo>Активен последние ^Number( {0} | '# день' | '# дня' | '# дней')^</AwokeDaysAgo>
  <!-- EN: Activated {0} days ago -->
  <ActivatedDaysAgo>Активировано ^Number( {0} | '# день' | '# дня' | '# дней')^ назад</ActivatedDaysAgo>
  <!-- EN: Opened {0} days ago -->
  <OpenedDaysAgo>Открыто ^Number( {0} | '# день' | '# дня' | '# дней')^ назад</OpenedDaysAgo>
  <!-- EN: Psychic drone level: {0} -->
  <PsychicDroneLevel>Уровень гула: {0}</PsychicDroneLevel>
  <!-- EN: Drone intensifies -->
  <LetterLabelPsychicDroneLevelIncreased>Гул усилился</LetterLabelPsychicDroneLevelIncreased>
  <!-- EN: The crashed ship part is now emanating a more powerful kind of psychic drone. Every {0} humanlike in the area now feels more disturbed, terrified, and paranoid. -->
  <LetterPsychicDroneLevelIncreased>От части разбившегося корабля теперь исходит более мощный вид психоактивного гула. Все ^Replace( {0} | 'мужчина'-'мужчины' | 'женщина'-'женщины')^ в этой местности теперь ещё более обеспокоены, напуганы и мнителны.</LetterPsychicDroneLevelIncreased>
  
  <!-- Agent revealed -->
  <!-- EN: Agent -->
  <LetterLabelAgentRevealed>Шпион</LetterLabelAgentRevealed>
  <!-- EN: {0} has been revealed as an agent of your enemy {1}.\n\nThey are attempting to escape now. -->
  <LetterAgentRevealed>Вражеский шпион {0} из фракции {1} раскрыт.\n\nСейчас {PAWN_pronoun} пытается бежать из поселения.</LetterAgentRevealed>

  <!-- Beavers -->
  <!-- EN: Beavers! -->
  <LetterLabelBeaversArrived>Бобры!</LetterLabelBeaversArrived>
  <!-- EN: A group of hungry alphabeavers has just arrived.\n\nTry to eliminate them before they decimate every last source of wood in the region. -->
  <BeaversArrived>Только что была замечена группа голодных альфабобров.\n\nПостарайтесь избавиться от них прежде, чем они уничтожат последний источник древесины в округе.</BeaversArrived>
  
  <!-- Self-tame -->
  <!-- EN: {1_kind} self-tamed -->
  <LetterLabelAnimalSelfTame>{1_kind} прибивается к поселению</LetterLabelAnimalSelfTame>
  <!-- EN: {0} has become tame. -->
  <LetterAnimalSelfTame>{0} становится ручным животным поселения.</LetterAnimalSelfTame>
  <!-- EN: {0} has become tame. It is now designated {ANIMAL_nameFull}. -->
  <LetterAnimalSelfTameAndNameNumerical>Это животное, {0}, — теперь питомец поселения. Чтобы не путаться, его называют просто: {ANIMAL_nameFull}.</LetterAnimalSelfTameAndNameNumerical>
  <!-- EN: {0} has become tame. Colonists have decided to name it {ANIMAL_nameFull}. -->
  <LetterAnimalSelfTameAndName>Животное, {0}, становится ручным. Поселенцы дают ему кличку: {ANIMAL_nameFull}.</LetterAnimalSelfTameAndName>

  <!-- Farm animals wander in -->
  <!-- EN: {0} join -->
  <LetterLabelFarmAnimalsWanderIn>{0} прибиваются к поселению</LetterLabelFarmAnimalsWanderIn>
  <!-- EN: A group of {0}, abandoned or lost, have wandered into the area.\n\nThey seem accustomed to human contact and are joining the colony. -->
  <LetterFarmAnimalsWanderIn>К вам забрели брошенные или потерянные {0}.\n\nОни, видимо, привычны к людям, и потому прибиваются к вашему поселению.</LetterFarmAnimalsWanderIn>
  
  <!-- Thrumbo passes -->
  <!-- EN: Rare thrumbos -->
  <LetterLabelThrumboPasses>Редкие трумбо</LetterLabelThrumboPasses>
  <!-- EN: A small herd of thrumbos have wandered into the area.\n\nPeaceful by nature, these rare creatures are extremely dangerous when confronted. Some traders are willing to pay a lot of money for their precious leather and horn.\n\nThrumbos will leave the area in a few days. -->
  <LetterThrumboPasses>Небольшое стадо трумбо забрело в этот район.\n\nЭти редкие и миролюбивые по своей природе существа тем не менее чрезвычайно опасны при столкновении. Отчасти поэтому некоторые торговцы готовы заплатить огромные деньги за их драгоценные рога и кожу.\n\nТрумбо покинут эту зону в течение нескольких дней.</LetterThrumboPasses>
  
  <!-- Trader caravan -->
  <!-- EN: {1} from {0} -->
  <LetterLabelTraderCaravanArrival>{1} из фракции {0}</LetterLabelTraderCaravanArrival>
  <!-- EN: A caravan from {0} is approaching. They are a {1}. -->
  <LetterTraderCaravanArrival>Приближается караван из фракции {0}. Среди них есть {1}.</LetterTraderCaravanArrival>
  <!-- EN: They will hang around the colony for some time before leaving. You can attack them - but this will anger their faction! -->
  <LetterCaravanArrivalCommonWarning>Они пробудут в поселении какое-то время, прежде чем двинуться дальше. Вы можете атаковать их, но это разозлит всю их фракцию!</LetterCaravanArrivalCommonWarning>
    
  <!-- Ransom demand -->
  <!-- EN: Ransom demand at {0} -->
  <RansomDemandTitle>Требование выкупа у поселения {0}</RansomDemandTitle>
  <!-- EN: {1} contacts you on radio. They are holding former colonist {PAWN_labelShort} for ransom.\n\nThey're willing to release {PAWN_objective} back to you in exchange for {2} silver. -->
  <RansomDemand>Фракция {1} связывается с вами по радио. У них в заложниках — {PAWN_labelShort}, {PAWN_gender ? ваш : ваша} {PAWN_gender ? бывший : бывшая } {PAWN_gender ? житель : жительница}.\n\nОни могут отпустить {PAWN_possessive} обратно к вам за {2} серебра.</RansomDemand>
  <!-- EN: Accept -->
  <RansomDemand_Accept>Согласиться</RansomDemand_Accept>
  <!-- EN: Reject -->
  <RansomDemand_Reject>Отказаться</RansomDemand_Reject>
  
  <!-- Journey-related -->
  <!-- EN: Ship found -->
  <EscapeShipFoundLabel>Корабль найден</EscapeShipFoundLabel>
  <!-- EN: You've reached the coordinates sent by (*Name)Charlon Whitestone(/Name) and discovered the hidden starship.\n\nThe ship's reactor is still in deep hibernation mode, so it can't fly yet. You can start it up by interacting with the computer core.\n\n(*Name)Charlon Whitestone(/Name) warns you that the startup process will take about 15 days, and the energy signature will be detectable from a long distance away. This sort of energy signature indicates interstellar flight capability, and will attract gangs of desperate raiders and swarms of deadly mechanoids.\n\nYou will be assaulted with an intensity you've never seen. Make sure your defenses are prepared first. -->
  <EscapeShipFound>Вы достигли места, координаты которого вам отправил (*Name)Шарлон Вайтстоун(/Name) и обнаружили замаскированный космический корабль.\n\nБеглый осмотр выявил, что на текущий момент взлёт невозможен, поскольку реактор корабля в неактивном состоянии. Вы можете запустить его, отправив команду с компьютерного ядра.\n\nОднако (*Name)Шарлон Вайтстоун(/Name) предупреждает, что процесс запуска займёт около 15 дней, а сопутствующие всплески энергии будут заметны с большого расстояния и демаскируют расположение корабля. Эти всплески характерны для подготовки к межзвёздному перелёту, и привлекут к себе внимание банд отчаянных налётчиков и орд смертельно опасных механоидов.\n\nНа вас будут нападать с яростью, которой вы можете не ожидать. Перед запуском стоит как следует подготовиться к обороне.</EscapeShipFound>
  <!-- EN: You've reached the coordinates sent by (*Name)Charlon Whitestone(/Name) and discovered the hidden starship.\n\nThe ship's reactor is still in deep hibernation mode, so it can't fly yet. You can start it up by interacting with the computer core.\n\n(*Name)Charlon Whitestone(/Name) warns you that the startup process will take about 15 days. -->
  <EscapeShipFoundPeaceful>Вы достигли места, координаты которого вам отправил (*Name)Шарлон Вайтстоун(/Name) и обнаружили замаскированный космический корабль.\n\nБеглый осмотр выявил, что на текущий момент взлёт невозможен, поскольку реактор корабля в неактивном состоянии. Вы можете запустить его, отправив команду с компьютерного ядра.\n\nОднако (*Name)Шарлон Вайтстоун(/Name) предупреждает, что процесс запуска займёт около 15 дней.</EscapeShipFoundPeaceful>
  <!-- EN: Ship destroyed -->
  <EscapeShipLostLabel>Корабль уничтожен</EscapeShipLostLabel>
  <!-- EN: (*Name)Charlon Whitestone(/Name) sends you a message.\n\nHe sees that you've lost control of the landed ship. To stop it falling into the wrong hands, he's been forced to trigger the ship's self-destruct mechanism. The ship is now a crater.\n\nYou'll need to find another way off this planet. -->
  <EscapeShipLost>(*Name)Шарлон Вайтстоун(/Name) отправляет сообщение.\n\nОн видит, что вы потеряли контроль над кораблём. Чтобы корабль не попал в чужие руки, ему пришлось запустить механизм самоуничтожения. От корабля остался лишь кратер.\n\nВам придётся найти другой способ покинуть планету.</EscapeShipLost>

  <!-- Caravan meeting -->
  <!-- EN: Caravan meeting by {0} -->
  <CaravanMeetingTitle>{0} встретил другой караван</CaravanMeetingTitle>
  <!-- EN: {0} has met peacefully with a caravan from {1}. The other caravan is composed of:\n\n{2} -->
  <CaravanMeeting>{0} встретил караван фракции {1}. В их караване:\n\n{2}</CaravanMeeting>
  <!-- EN: Trade -->
  <CaravanMeeting_Trade>Торговать</CaravanMeeting_Trade>
  <!-- EN: Attack -->
  <CaravanMeeting_Attack>Напасть</CaravanMeeting_Attack>
  <!-- EN: Move on -->
  <CaravanMeeting_MoveOn>Идти дальше</CaravanMeeting_MoveOn>
  <!-- EN: no caravan members capable of trading -->
  <CaravanMeeting_TradeIncapable>ни один из членов каравана не способен к торговле</CaravanMeeting_TradeIncapable>
  <!-- EN: need a trader with the title of {0} from {1_name} -->
  <CaravanMeeting_NoPermit>нужен торговец с титулом {0} от фракции {1_name}</CaravanMeeting_NoPermit>
  
  <!-- Caravan request -->
  <!-- EN: Caravan request -->
  <LetterLabelCaravanRequest>Запрос торгового каравана</LetterLabelCaravanRequest>
  <!-- EN: A nearby settlement, {0}, contacts you with a special trade request. They would like to purchase:\n\n  {1} (worth {2})\n\nIn return, they offer:\n\n  {3} (worth {4})\n\nThis request expires after: {5}\n\nIf you want to make the trade, send a caravan with the requested supplies. The estimated travel time is {6}. You can review this offer by selecting {0} on the world map. -->
  <LetterCaravanRequest>Одно из соседних поселений, {0}, связывается с вами с предложением об обмене. Они хотели бы получить:\n\n  {1} (общей стоимостью {2})\n\nВзамен они могут дать:\n\n  {3} (общей стоимостью {4})\n\nПредложение актуально ближайшие {5}\n\nЕсли вы хотите заключить эту сделку, отправьте караван с указанным товаром. Расчётное время в пути — {6}. Вы можете ещё раз просмотреть это предложение, выбрав {0} на карте мира.</LetterCaravanRequest>
  <!-- EN: Requesting: {0} ({2}) ({1} left) -->
  <CaravanRequestInfo>Хотят: {0} ({2})\nОсталось {1}</CaravanRequestInfo>
  <!-- EN: normal quality or better -->
  <NormalQualityOrBetter>качеством от нормального и выше</NormalQualityOrBetter>
  <!-- EN: not tainted -->
  <NotTainted>не с трупа</NotTainted>

  <!-- Caravan demand -->
  <!-- EN: Caravan demand by {0} -->
  <CaravanDemandTitle>Засада разбойников из фракции {0}</CaravanDemandTitle>
  <!-- EN: {0} has been ambushed by a group of {2} {4} from {1}. They will attack unless you give them:\n\n{3} -->
  <CaravanDemand>{0} поджидали в засаде {4} из фракции {1}! Их ^Number( {2} | '# человек' | '# человека' | '# человек')^. Они вас атакуют, если вы не отдадите им:\n\n{3}</CaravanDemand>
  <!-- EN: Give and pass -->
  <CaravanDemand_Give>Отдать и продолжить путь</CaravanDemand_Give>
  <!-- EN: Refuse and fight -->
  <CaravanDemand_Fight>Отказаться и приготовиться к бою</CaravanDemand_Fight>

  <!-- Site no longer hostile -->
  <!-- EN: Quest no longer available -->
  <LetterLabelSiteNoLongerHostile>Задание больше не доступно</LetterLabelSiteNoLongerHostile>
  <!-- EN: Quests no longer available -->
  <LetterLabelSiteNoLongerHostileMulti>Задания больше не доступны</LetterLabelSiteNoLongerHostileMulti>
  <!-- EN: Because you are no longer hostile with {0}, the {1} site is no longer available. -->
  <LetterSiteNoLongerHostile>Поскольку фракция {0} более не является вашим врагом, вы не сможете посетить {1}.</LetterSiteNoLongerHostile>
  <!-- EN: Because you are no longer hostile with {0}, the following sites are no longer available -->
  <LetterSiteNoLongerHostileMulti>Поскольку фракция {0} более не является вашим врагом, вы не сможете посетить эти места</LetterSiteNoLongerHostileMulti>

  <!-- Quest asker faction hostile -->
  <!-- EN: Quest failed -->
  <LetterLabelQuestAskerFactionHostile>Задание провалено</LetterLabelQuestAskerFactionHostile>
  <!-- EN: The quest is now incompletable because {FACTION_name} is hostile. -->
  <LetterQuestAskerFactionHostile>Задание невозможно завершить, поскольку фракция {FACTION_name} теперь враждебна по отношению к вам.</LetterQuestAskerFactionHostile>

  <!-- Quest asker captured -->
  <!-- EN: Quest failed -->
  <LetterLabelQuestAskerCaptured>Задание провалено</LetterLabelQuestAskerCaptured>
  <!-- EN: The quest is now incompletable because {SUBJECT_definite} has been captured. -->
  <LetterQuestAskerCaptured>Задание невозможно завершить, поскольку {SUBJECT_definite} {SUBJECT_gender ? был : была} {SUBJECT_gender ? захвачен : захвачена} в плен.</LetterQuestAskerCaptured>

  <!-- Quest asker died -->
  <!-- EN: Quest failed -->
  <LetterLabelQuestAskerDied>Задание провалено</LetterLabelQuestAskerDied>
  <!-- EN: The quest is now incompletable because {SUBJECT_definite} has died. -->
  <LetterQuestAskerDied>Задание невозможно завершить, поскольку {SUBJECT_definite} {SUBJECT_gender ? погиб : погибла}.</LetterQuestAskerDied>

</LanguageData>