﻿<?xml version="1.0" encoding="UTF-8"?>
<LanguageData>

  <!-- Misc -->
  <!-- EN: Jump to location -->
  <JumpToLocation>Перейти к месту</JumpToLocation>
  <!-- EN: Postpone -->
  <PostponeLetter>Отложить</PostponeLetter>
  <!-- EN: Reject -->
  <RejectLetter>Отклонить</RejectLetter>
  <!-- EN: Read more -->
  <ReadMore>Узнать больше</ReadMore>

  <!-- EN: Summer -->
  <LetterLabelFirstSummerWarning>Лето</LetterLabelFirstSummerWarning>
  <!-- EN: Summer has begun! But winter is coming.\n\nYour food crops won't grow in the winter cold. Be sure to store enough food to survive. You can build a walk-in refrigerator to prevent food from spoiling.\n\nBuy, steal, or make some parkas, or you'll freeze when you step outside. -->
  <FirstSummerWarning>Началось лето! Но зима всё ближе.\n\nИмейте в виду: ваши посевы не будут расти в холод, а потому убедитесь, что запасов продовольствия хватит на всю зиму. Чтобы еда не портилась, можно построить для неё помещение с охлаждением.\n\nИ постарайтесь купить, украсть или сделать несколько пуховиков, иначе с наступлением зимы вы замёрзнете, едва высунувшись наружу.</FirstSummerWarning>

  <!-- EN: Relations with {0} have broken down completely. They are now hostile to you. -->
  <LetterRelationsChange_Hostile>Отношения с фракцией {0} прекращены. Теперь они враждебны по отношению к вам.</LetterRelationsChange_Hostile>  
  <!-- EN: They will conduct periodic raids on your colony and caravans, and refuse to trade with you. If you want to improve relations, you can still offer them gifts using caravans or transport pods.\n\nThis happened because goodwill ({0}) has fallen below {1}. In order to restore neutral relations, goodwill must reach {2} again. -->
  <LetterRelationsChange_HostileGoodwillDescription>Они не будут торговать с вами. Более того, периодически они будут нападать на ваши поселения и караваны. Если вы желаете улучшить ваши отношения, то всё ещё можно отправить им подарок с караваном или транспортной капсулой.\n\nЭто произошло, поскольку ваша репутация в их глазах упала до {1} или ниже, и равняется {0}. Для улучшения отношений нужно вновь заслужить репутацию как минимум до {2} единиц.</LetterRelationsChange_HostileGoodwillDescription>  

  <!-- EN: Relations with {0} have warmed. They now consider you neutral and will no longer attack you. -->
  <LetterRelationsChange_NeutralFromHostile>Отношения с фракцией {0} улучшились. Они более не враждебны по отношению к вам.</LetterRelationsChange_NeutralFromHostile>
  <!-- EN: This happened because goodwill ({1}) has risen past {2}. If goodwill falls below {3}, {0} will become hostile again. If goodwill rises above {4}, they will become your ally and fight for you. -->
  <LetterRelationsChange_NeutralFromHostileGoodwillDescription>Это произошло, поскольку ваша репутация выросла до {2} единиц или выше. Сейчас она равняется {1}. Если она упадёт до {3}, фракция {0} снова станет вашим врагом. Если вы заслужите репутацию {4} или выше, они станут вашими союзниками и будут сражаться на вашей стороне.</LetterRelationsChange_NeutralFromHostileGoodwillDescription>
  
  <!-- EN: Relations with {0} have cooled. They now consider you neutral instead of allied. -->
  <LetterRelationsChange_NeutralFromAlly>Отношения с фракцией {0} охладели. Теперь они относятся к вам нейтрально.</LetterRelationsChange_NeutralFromAlly>
  <!-- EN: While they will still interact peacefully with you, they will no longer send fighters to help you when you are under threat.\n\nThis happened because goodwill ({1}) has fallen below {2}. If goodwill falls below {3}, {0} will become hostile. If goodwill rises above {4}, they will become allied once again. -->
  <LetterRelationsChange_NeutralFromAllyGoodwillDescription>Они не будут нападать на вас, но и не пришлют подмогу в случае опасности. Это произошло, поскольку ваша репутация в их глазах опустилась до {2} или ниже. Сейчас она равняется {1}. Если она упадёт до {3}, фракция {0} станет враждебной по отношению к вам. Если вы сумеете заслужить репутацию хотя бы до значения {4}, они снова станут вашими союзниками.</LetterRelationsChange_NeutralFromAllyGoodwillDescription>
  
  <!-- EN: Relations with {0} have become very close. They now consider you an ally. -->
  <LetterRelationsChange_Ally>Отношения с фракцией {0} стали очень тёплыми. Теперь они считают вас своими союзниками.\n\n</LetterRelationsChange_Ally>
  <!-- EN: Allies will sometimes arrive to help fight your enemies when you are under attack. You can also call them for help at any time, at a cost of goodwill.\n\nYou've become allies because your goodwill ({0}) has risen past {1}. If goodwill falls below {2}, relations will return to neutral. -->
  <LetterRelationsChange_AllyGoodwillDescription>Если на вас нападут враги, то они иногда будут присылать вам подмогу. Вы и сами можете их вызвать, но в ущерб репутации.\n\nВы стали союзниками, поскольку ваша фракция смогла заслужить репутацию {1} или выше. Сейчас она равняется {0}. Если репутация опустится до {2}, отношения снова станут нейтральными.</LetterRelationsChange_AllyGoodwillDescription>

  <!-- EN: goodwill -->
  <goodwill>репутация</goodwill>
  <!-- EN: Neutral -->
  <Neutral>Нейтралы</Neutral>
  <!-- EN: Death -->
  <Death>Смерть</Death>

  <!-- EN: A {1_label} has short-circuited in the rain and started a fire. -->
  <ShortCircuitRain>Из-за того, что {1_label} находится под дождём, возникает короткое замыкание, и начинается пожар.</ShortCircuitRain>

  <!-- EN: Area revealed -->
  <LetterLabelAreaRevealed>Открыта область</LetterLabelAreaRevealed>
  <!-- EN: A new area has been revealed. -->
  <AreaRevealed>Открыта новая область.</AreaRevealed>
  <!-- EN: A new area has been revealed. It contains ancient, hostile mechanoids. -->
  <AreaRevealedWithMechanoids>Открыта новая область. Она содержит древних враждебных механоидов.</AreaRevealedWithMechanoids>

  <!-- EN: A roof has collapsed because it was too far from any support. -->
  <RoofCollapsed>Из-за отсутствия опор рухнула крыша.</RoofCollapsed>
  <!-- EN: These things were crushed: -->
  <TheseThingsCrushed>Под завалом:</TheseThingsCrushed>
  <!-- EN: Nothing was crushed. -->
  <NothingCrushed>К счастью, всё уцелело.</NothingCrushed>
  <!-- EN: Roof collapse -->
  <LetterLabelRoofCollapsed>Обрушение крыши</LetterLabelRoofCollapsed>

  <!-- EN: {0} successfully recruited {1} ({2} chance). -->
  <RecruitSuccess>{0} успешно вербует {1} (вероятность успеха — {2}).</RecruitSuccess>
  <!-- EN: {0} failed to recruit {1} ({2} chance). -->
  <RecruitFail>У {0} не получается завербовать {1} (вероятность успеха — {2}).</RecruitFail>

  <!-- EN: {PAWN_nameDef} is {RELATIVE_labelShort}'s {1}. If {PAWN_nameDef} dies, {RELATIVE_labelShort} will suffer from long-lasting grief. However, if you manage to rescue {PAWN_nameDef}, {RELATIVE_labelShort} will be very happy for a long time. -->
  <RelatedPawnInvolvedInQuest>{PAWN_nameDef} — {1} {RELATIVE_labelShort}. Если {PAWN_nameDef} умрёт, {RELATIVE_labelShort} будет долго пребывать в боли и скорби. Однако если {PAWN_possessive} получится спасти, {RELATIVE_labelShort} будет очень этому {RELATIVE_gender ? рад : рада}.</RelatedPawnInvolvedInQuest>

  <!-- EN: Birthday -->
  <LetterLabelBirthday>День рождения</LetterLabelBirthday>
  <!-- EN: It's {0}'s chronological birthday today! Biologically, {1} is {3} years old.\n\nChronologically, {1} just turned {2}.\n\nNote that since people don't age while in cryptosleep, chronological birthday is separate from biological birthday. -->
  <BirthdayChronological>У {0} сегодня хронологический день рождения! Биологический возраст {0} — {3}.\n\nХронологический возраст — {2}.\n\nИз-за того, что в состоянии криптосна люди не стареют, их хронологический возраст отличается от биологического.</BirthdayChronological>
  <!-- EN: {0_nameFull} has reached the biological age of {1}.\n\nUnfortunately, {0_nameFull} has gained the following diseases due to aging:\n{2} -->
  <BirthdayBiologicalAgeInjuries>{0_nameFull} {0_gender ? достиг : достигла} биологического возраста {1} лет.\n\nК сожалению, при этом у н{0_possessive} проявились следующие возрастные заболевания:\n{2}</BirthdayBiologicalAgeInjuries>

  <!-- EN: Disease -->
  <LetterLabelNewDisease>Инфекция</LetterLabelNewDisease>
  <!-- EN: {PAWN} has gotten sick from {1}.\n\nEnsure you have a medical bed and a doctor. Make sure that {PAWN_definite} gets proper treatment and spends as much time in bed as possible. -->
  <NewDisease>У {PAWN} {1}.\n\nУбедитесь, что у вас есть медицинская кровать и доктор. {PAWN_definite} нуждается в надлежащем лечении и постельном режиме.</NewDisease>
  <!-- EN: {PAWN} has gotten sick from {3}. The infection is in {PAWN_possessive} {1}.\n\nEnsure you have a medical bed and a doctor. Make sure that {PAWN_definite} gets proper treatment and spends as much time in bed as possible. -->
  <NewPartDisease>У {PAWN} {3}. Место обнаружения инфекции — {PAWN_possessive} {1}.\n\nУбедитесь, что у вас есть медицинская кровать и доктор. {PAWN_definite} нуждается в надлежащем лечении и постельном режиме.</NewPartDisease>
  <!-- EN: {PAWN_labelShort} has developed an illness: {1} -->
  <NewDiseaseAnimal>У {PAWN_labelShort} {1}.</NewDiseaseAnimal>
  <!-- EN: {PAWN_labelShort} has developed an illness: {3} in {PAWN_possessive} {1} -->
  <NewPartDiseaseAnimal>У {PAWN_labelShort} {3}. Место обнаружения инфекции — {PAWN_possessive} {1}</NewPartDiseaseAnimal>

  <!-- EN: {0} was formerly part of your faction. -->
  <PawnWasFormerlyColonist>{0} — {0_gender ? ваш : ваша} {0_gender ? бывший : бывшая } {0_gender ? поселенец : поселенка}.</PawnWasFormerlyColonist>
  <!-- EN: You previously hosted {0}. -->
  <PawnWasFormerlyLodger>{0} ранее {0_gender ? был : была} вашем гостем.</PawnWasFormerlyLodger>
  <!-- EN: {1_labelShort} has these relationships with your colonists: -->
  <PawnHasTheseRelationshipsWithColonists>{1_labelShort} имеет следующие отношения с вашими поселенцами:</PawnHasTheseRelationshipsWithColonists>

  <!-- EN: Ancient danger -->
  <LetterLabelAncientShrineWarning>Древняя опасность</LetterLabelAncientShrineWarning>
  <!-- EN: As {PAWN_nameDef} draws near the ancient wall, a sense of foreboding overcomes {PAWN_objective}. {PAWN_pronoun} isn't sure why, but {PAWN_pronoun} feels that this dusty structure may contain great danger. -->
  <AncientShrineWarning>Когда {PAWN_nameDef} проходит мимо древней стены, {PAWN_possessive} одолевает недоброе предчувствие. Непонятно как, но {PAWN_pronoun} ощущает внутри этой покрытой пылью постройки большую опасность.</AncientShrineWarning>

  <!-- EN: We have struck {0}! -->
  <StruckMineable>Мы обнаружили {0}!</StruckMineable>

  <!-- EN: {0} revenge -->
  <LetterLabelAnimalManhunterRevenge>{0} мстит</LetterLabelAnimalManhunterRevenge>
  <!-- EN: {1_indefinite} is attacking after being harmed!\n\nIt will hunt any humanoid it can reach. It will calm down when it goes to sleep. -->
  <AnimalManhunterFromDamage>Из-за нанесённого вами ранения {PAWN_indefinite} впадает в ярость!\n\nЭто животное будет нападать на любого человека, которого встретит, и успокоится, только когда заснёт.</AnimalManhunterFromDamage>
  <!-- EN: {1_indefinite} is attacking due to a botched taming attempt! -->
  <AnimalManhunterFromTaming>После неудачной попытки приручения {PAWN_indefinite} нападает!</AnimalManhunterFromTaming>
  <!-- EN: Other {1_kindBasePlural} nearby have also become enraged! -->
  <AnimalManhunterOthers>Другие {1_kindBasePlural} тоже впали в ярость!</AnimalManhunterOthers>

  <!-- EN: {1_labelShort} hit trap -->
  <LetterFriendlyTrapSprungLabel>{1_labelShort} попадает в ловушку</LetterFriendlyTrapSprungLabel>
  <!-- EN: {1_labelShort} has accidentally sprung a trap and taken damage from it. -->
  <LetterFriendlyTrapSprung>{1_labelShort} получает ранение, случайно попав в ловушку.</LetterFriendlyTrapSprung>

  <!-- EN: {PAWN_labelShort} has developed a health condition:\n\n  {1}\n\nThis was caused by:\n\n  {2} -->
  <LetterHealthComplications>У {PAWN_labelShort} развивается {1}.\n\nПричиной этому:\n\n  {2}</LetterHealthComplications>
  <!-- EN: {PAWN_labelShort}: {1} -->
  <LetterHealthComplicationsLabel>{PAWN_labelShort}: {1}</LetterHealthComplicationsLabel>
  
  <!-- EN: {PAWN_labelShort} has developed a health condition: {1}. -->
  <LetterHediffFromRandomHediffGiver>У {PAWN_labelShort} развивается {1}.</LetterHediffFromRandomHediffGiver>
  <!-- EN: {PAWN_labelShort}: {1} -->
  <LetterHediffFromRandomHediffGiverLabel>{PAWN_labelShort}: {1}</LetterHediffFromRandomHediffGiverLabel>

  <!-- EN: {1} died: {0} -->
  <LetterLeadersDeathLabel>{1} фракции {0} умер</LetterLeadersDeathLabel>
  <!-- EN: {OLDLEADER_nameFull}, {1} of {0}, has died. -->
  <LetterLeadersDeath>Умер {1} фракции {0}, {OLDLEADER_nameFull}.</LetterLeadersDeath>

  <!-- EN: New {1}: {0} -->
  <LetterLeaderChangedLabel>Новый {1} фракции {0}</LetterLeaderChangedLabel>
  <!-- EN: {OLDLEADER_nameFull} is no longer {1} of {0}. -->
  <LetterLeaderChanged>{OLDLEADER_nameFull} более не {1} фракции {0}.</LetterLeaderChanged>

  <!-- EN: The new {0} is {NEWLEADER_nameFull}. -->
  <LetterNewLeader>{NEWLEADER_nameFull} отныне новый {0}.</LetterNewLeader>

  <!-- EN: The final straw was: {0} -->
  <FinalStraw>Последней каплей было: {0}.</FinalStraw>
  <!-- EN: This happened because of poor mood. -->
  <MentalStateReason_Mood>Это произошло из-за плохого настроения.</MentalStateReason_Mood>
  <!-- EN: This happened because of the trait: {0}. -->
  <MentalStateReason_Trait>Это произошло из-за черты: {0}.</MentalStateReason_Trait>
  <!-- EN: This happened because of: {0}. -->
  <MentalStateReason_Hediff>Это произошло из-за: {0}.</MentalStateReason_Hediff>
  <!-- EN: This happened because of {0_definite}'s death. -->
  <MentalStateReason_BondedHumanDeath>Это произошло из-за смерти {0_definite}.</MentalStateReason_BondedHumanDeath>
  <!-- EN: The last event was -->
  <LastFactionRelationsEvent>Последним событием было</LastFactionRelationsEvent>

  <!-- EN: View related quest -->
  <ViewRelatedQuest>Открыть связанное задание</ViewRelatedQuest>
  <!-- EN: View quest -->
  <ViewQuest>Открыть задание</ViewQuest>
  <!-- EN: The last events in {PAWN_definite}'s life -->
  <LastEventsInLife>Последние события в жизни {PAWN_definite}</LastEventsInLife>

  <!-- EN: Thanks to high mood, [PAWN_nameIndef] has experienced an inspiration! -->
  <LetterInspirationBeginThanksToHighMoodPart>Благодаря хорошему настроению {PAWN_nameIndef} испытывает воодушевление!</LetterInspirationBeginThanksToHighMoodPart>

  <!-- Related pawns -->
  <!-- EN: Relationship -->
  <LetterLabelNoticedRelatedPawns>Знакомые</LetterLabelNoticedRelatedPawns>
  <!-- EN: There are people who have relationships with your {0} or prisoners in the arriving group of {1}.\n\nKeep in mind that even though they are related, they will still attack each other because of their bad factions relations.\n\nThese people are: -->
  <LetterRelatedPawnsRaidEnemy>В приближающейся враждебной группе есть {1}, которых знают ваши {0} или пленники.\n\nПомните, что несмотря на это они всё равно будут атаковать друг друга их-за плохих отношений их фракций.\n\nЭти люди:</LetterRelatedPawnsRaidEnemy>
  <!-- EN: There are people who have relationships with your {0} or prisoners in the arriving group of friendly {1}: -->
  <LetterRelatedPawnsRaidFriendly>В приближающейся дружественной группе есть {1}, которых знают ваши {0} или пленники:</LetterRelatedPawnsRaidFriendly>
  <!-- EN: There are people who have relationships with your {0} or prisoners in the arriving group: -->
  <LetterRelatedPawnsNeutralGroup>В приближающейся группе есть люди, которых знают ваши {0} или пленники:</LetterRelatedPawnsNeutralGroup>
  <!-- EN: The orbital trader is selling people who have relationships with your {0} or prisoners: -->
  <LetterRelatedPawnsTradeShip>Орбитальный торговец продаёт людей, которых знают ваши {0} или пленники:</LetterRelatedPawnsTradeShip>
  <!-- EN: The settlement is selling people who have relationships with your {0} or prisoners: -->
  <LetterRelatedPawnsTradingWithSettlement>Это поселение продаёт людей, которых знают ваши {0} или пленники:</LetterRelatedPawnsTradingWithSettlement>
  <!-- EN: The caravan is selling people who have relationships with your {0} or prisoners: -->
  <LetterRelatedPawnsTradingWithOtherCaravan>Этот караван продаёт людей, которых знают ваши {0} или пленники:</LetterRelatedPawnsTradingWithOtherCaravan>
  <!-- EN: There are people who have relationships with your {0} or prisoners in the group: -->
  <LetterRelatedPawnsGroupGeneric>В этой группе есть люди, которых знают ваши {0} или пленники:</LetterRelatedPawnsGroupGeneric>
  <!-- EN: There are people who have relationships with your {0} or prisoners in the area where your {0} have landed. -->
  <LetterRelatedPawnsInMapWherePlayerLanded>В месте, куда вы приземлились, есть люди, которых знают ваши {0} или пленники:</LetterRelatedPawnsInMapWherePlayerLanded>
  <!-- EN: There are people who have relationships with your {0} or prisoners in this settlement: -->
  <LetterRelatedPawnsSettlement>В этом поселении живут люди, которых знают ваши {0} или пленники:</LetterRelatedPawnsSettlement>
  <!-- EN: There are people who have relationships with your {0} or prisoners in this area: -->
  <LetterRelatedPawnsSite>В этом месте есть люди, которых знают ваши {0} или пленники:</LetterRelatedPawnsSite>

  <!-- EN: relationship -->
  <RelationshipAppendedLetterSuffix>знакомые</RelationshipAppendedLetterSuffix>
  <!-- EN: {PAWN_nameDef} has a relationship with a colonist. {PAWN_pronoun} is {RELATIVE_labelShort}'s {1}. -->
  <RelationshipAppendedLetterTextColonist>{PAWN_nameDef} знает одного из ваших поселенцев. {PAWN_pronoun} — {1} {RELATIVE_labelShort}.</RelationshipAppendedLetterTextColonist>
  <!-- EN: {PAWN_nameDef} has a relationship with one of your prisoners. {PAWN_pronoun} is {RELATIVE_labelShort}'s {1}. -->
  <RelationshipAppendedLetterTextPrisoner>{PAWN_nameDef} знает одного из ваших пленников. {PAWN_pronoun} — {1} {RELATIVE_labelShort}.</RelationshipAppendedLetterTextPrisoner>

  <!-- Attempt romance / propose interaction -->
  <!-- EN: Affair -->
  <LetterLabelAffair>Интрижка</LetterLabelAffair>
  <!-- EN: {PAWN1_labelShort}, married to {SPOUSE_labelShort}, has begun an affair with {PAWN2_labelShort}. -->
  <LetterAffair>{PAWN1_labelShort}, будучи в браке с {SPOUSE_labelShort}, завязывает роман с {PAWN2_labelShort}.</LetterAffair>
  <!-- EN: New lovers -->
  <LetterLabelNewLovers>Новая пара</LetterLabelNewLovers>
  <!-- EN: {PAWN1_labelShort} and {PAWN2_labelShort} now want to sleep together. Consider assigning them a double bed. -->
  <LetterNewLovers>{PAWN1_labelShort} и {PAWN2_labelShort} теперь хотят спать вместе. Подумайте над тем, чтобы выделить для них двуспальную кровать.</LetterNewLovers>
  <!-- EN: {PAWN1_labelShort} and {PAWN2_labelShort} are no longer in a relationship. -->
  <LetterNoLongerLovers>{PAWN1_labelShort} и {PAWN2_labelShort} более не состоят в отношениях.</LetterNoLongerLovers>
  <!-- EN: {PAWN_labelShort} will change {PAWN_possessive} last name back to {PAWN_possessive} birth name. -->
  <LetterNoLongerLovers_BackToBirthName>{PAWN_label} вернёт себе свою старую фамилию.</LetterNoLongerLovers_BackToBirthName>
  <!-- EN: Breakup -->
  <LetterLabelBreakup>Разрыв</LetterLabelBreakup>
  <!-- EN: Marriage is on! -->
  <LetterLabelAcceptedProposal>Скоро свадьба!</LetterLabelAcceptedProposal>
  <!-- EN: Rejected proposal -->
  <LetterLabelRejectedProposal>Предложение отклонено</LetterLabelRejectedProposal>
  <!-- EN: At some point in the coming days or quadrums, they will have their marriage ceremony and invite all the colonists. Consider placing a marriage spot if you want to control where the ceremony occurs. -->
  <LetterAcceptedProposal>Через нескольких дней или кварталов они сыграют свадьбу и пригласят на неё всех поселенцев. При желании вы можете назначить специальное место для проведения свадебных церемоний.</LetterAcceptedProposal>
  <!-- EN: {PAWN_label} will change {PAWN_possessive} last name to {1}. -->
  <LetterAcceptedProposal_NameChange>{PAWN_label} сменит свою фамилию на {1}.</LetterAcceptedProposal_NameChange>
  <!-- EN: {INITIATOR_nameFull} is going to be unhappy about this. -->
  <LetterRejectedProposal>{INITIATOR_nameFull} точно не обрадуется этому.</LetterRejectedProposal>

  <!-- Generalized letter labels -->
  <!-- EN: Hostile: {0} -->
  <LetterLabelRelationsChange_Hostile>Враги: {0}</LetterLabelRelationsChange_Hostile>
  <!-- EN: Allied: {0} -->
  <LetterLabelRelationsChange_Ally>Союзники: {0}</LetterLabelRelationsChange_Ally>
  <!-- EN: Enemy now neutral: {0} -->
  <LetterLabelRelationsChange_NeutralFromHostile>Враги стали нейтральны: {0}</LetterLabelRelationsChange_NeutralFromHostile>
  <!-- EN: Ally now neutral: {0} -->
  <LetterLabelRelationsChange_NeutralFromAlly>Союзники стали нейтральны: {0}</LetterLabelRelationsChange_NeutralFromAlly>
  <!-- EN: Zzztt... -->
  <LetterLabelShortCircuit>Бзззт...</LetterLabelShortCircuit>

  <!-- Bonded animals -->
  <!-- EN: bonded -->
  <LetterLabelSuffixBondedAnimalDied>питомца</LetterLabelSuffixBondedAnimalDied>
  <!-- EN: {ANIMAL_definite} was bonded to {HUMAN_labelShort}. It will affect {HUMAN_labelShort}'s mood. -->
  <LetterPartBondedAnimalDied>Питомец {HUMAN_labelShort}, {ANIMAL_definite}, умирает. {HUMAN_labelShort} будет переживать по этому поводу.</LetterPartBondedAnimalDied>
  <!-- EN: It will affect mood of the following people:\n\n{0} -->
  <LetterPartBondedAnimalDiedMulti>Это повлияет на настроение следующих людей:\n\n{0}</LetterPartBondedAnimalDiedMulti>

  <!-- Prison break -->
  <!-- EN: Prison break -->
  <LetterLabelPrisonBreak>Побег</LetterLabelPrisonBreak>
  <!-- EN: Prisoners have staged a breakout! They've somehow defeated the door locks and are making their way out. They may seek weapons, fight, or try to escape. These prisoners are involved:\n\n{0}\n\nPrisoners are more likely to attempt breakout when they are numerous and healthy. -->
  <LetterPrisonBreak>Пленники организовали побег! Каким-то образом они сломали замок и выбрались наружу. Они могут начать искать оружие, затеять драку или попытаться убежать. Беглецы:\n\n{0}\n\nПленники вероятнее всего будут пытаться устроить побег, если они здоровы и когда их много.</LetterPrisonBreak>

  <!-- Newly addicted -->
  <!-- EN: {0} addiction -->
  <LetterLabelNewlyAddicted>Зависимость ({0})</LetterLabelNewlyAddicted>
  <!-- EN: {PAWN_labelShort} has developed an addiction to {1}.\n\n{PAWN_pronoun} now has a need for {1}, visible on {PAWN_possessive} Needs tab. {PAWN_pronoun} will automatically consume the drug to fulfil {PAWN_possessive} need. If {PAWN_pronoun} cannot get any {1}, {PAWN_pronoun} will go into withdrawal. -->
  <LetterNewlyAddicted>У {PAWN_labelShort} развилась зависимость от вещества: {1}.\n\n{PAWN_possessive} потребность в этом веществе отображается во вкладке Нужды. {PAWN_labelShort} будет самостоятельно употреблять наркотик, чтобы удовлетворить свою потребность. Если {PAWN_pronoun} не сможет достать {1}, у н{PAWN_possessive} начнётся синдром отмены.</LetterNewlyAddicted>

  <!-- Drug binge -->
  <!-- EN: {0} binge -->
  <LetterLabelDrugBinge>Злоупотребление ({0})</LetterLabelDrugBinge>
  <!-- EN: {2_label} is binging on {1}. -->
  <LetterDrugBinge>{2_label} злоупотребляет наркотиком: {1}.</LetterDrugBinge>

  <!-- Caravan destroyed -->
  <!-- EN: Caravan destroyed -->
  <LetterLabelAllCaravanColonistsDied>Караван уничтожен</LetterLabelAllCaravanColonistsDied>
  <!-- EN: All members of {0} have died. -->
  <LetterAllCaravanColonistsDied>{0} уничтожен. Все его участники мертвы.</LetterAllCaravanColonistsDied>

  <!-- Caravan entered map -->
  <!-- EN: Caravan arrived at {0_label} -->
  <LetterLabelCaravanEnteredMap>Караван прибыл к {0_label}</LetterLabelCaravanEnteredMap>
  <!-- EN: {0} has arrived at {1_definite}. -->
  <LetterCaravanEnteredMap>{0} прибыл к месту назначения: {1_definite}.</LetterCaravanEnteredMap>

  <!-- Caravan entered enemy base -->
  <!-- EN: Attack begun -->
  <LetterLabelCaravanEnteredEnemyBase>Атака началась</LetterLabelCaravanEnteredEnemyBase>
  <!-- EN: {0} has arrived at {1} and is ready to begin the attack. -->
  <LetterCaravanEnteredEnemyBase>{0} прибыл в {1} и готов к атаке.</LetterCaravanEnteredEnemyBase>

  <!-- Transport pods landed in enemy base -->
  <!-- EN: Attack begun -->
  <LetterLabelTransportPodsLandedInEnemyBase>Атака началась</LetterLabelTransportPodsLandedInEnemyBase>
  <!-- EN: Your transport pods have arrived at {0}. -->
  <LetterTransportPodsLandedInEnemyBase>Ваши транспортные капсулы прибыли в {0}.</LetterTransportPodsLandedInEnemyBase>
  <!-- EN: The shuttle has arrived at {0}. -->
  <LetterShuttleLandedInEnemyBase>Челнок прибыл в {0}.</LetterShuttleLandedInEnemyBase>

  <!-- Faction base defeated -->
  <!-- EN: Base destroyed -->
  <LetterLabelFactionBaseDefeated>Поселение разбито</LetterLabelFactionBaseDefeated>
  <!-- EN: The enemy settlement {0} has been destroyed.\n\nIn {1}, your caravan will be attacked by enemies. They will begin sending forces to attack the caravan, unless it reforms and leaves. -->
  <LetterFactionBaseDefeated>{0}, поселение противника, разгромлено.\n\nУ вас есть {1}, чтобы собрать ресурсы, после чего караван будет атакован противниками. Подкрепления противников будут прибывать до тех пор, пока вы не продолжите путь. Вы можете сделать это прямо сейчас, перейдя на карту мира, выбрав разбитое поселение и нажав кнопку «Продолжить путь».</LetterFactionBaseDefeated>
  <!-- EN: Since this was their last settlement, {0} has been defeated. -->
  <LetterFactionBaseDefeated_FactionDestroyed>Так как это поселение было последней базой фракции {0}, она прекращает своё существование.</LetterFactionBaseDefeated_FactionDestroyed>

  <!-- Quest completed -->
  <!-- EN: Quest completed -->
  <LetterLabelDefeatAllEnemiesQuestCompleted>Задание выполнено</LetterLabelDefeatAllEnemiesQuestCompleted>
  <!-- EN: You have defeated the enemy outpost!\n\nThe payment from {0} has arrived, and faction relations have improved by {1}. -->
  <LetterDefeatAllEnemiesQuestCompleted>Лагерь противника разгромлен!\n\nВы получаете награду от фракции {0}, а отношения с ними улучшаются на {1}.</LetterDefeatAllEnemiesQuestCompleted>

  <!-- Long-range mineral scanner -->
  <!-- EN: Distant resource scanned -->
  <LetterLabelFoundPreciousLump>Найдены далёкие залежи</LetterLabelFoundPreciousLump>
  <!-- EN: Using your long-range mineral scanner, {WORKER_labelShort} has found a lump of {0} some distance away.\n\nUnfortunately, it won't last - others will mine it first in {1} days if we don't.\n\n{2}. -->
  <LetterFoundPreciousLump>При помощи сканера дальнего действия {WORKER_labelShort} {WORKER_gender ? обнаружил : обнаружила} {0}.\n\nК сожалению, этот ценный ресурс вряд ли надолго останется нетронутым: через ^Number( {1} | '# день' | '# дня' | '# дней')^ его наверняка выкопают другие.\n\n{2}.</LetterFoundPreciousLump>

  <!-- Ground penetrating scanner -->
  <!-- EN: Scanned underground -->
  <LetterLabelDeepScannerFoundLump>Найдены подземные залежи</LetterLabelDeepScannerFoundLump>
  <!-- EN: {FINDER_nameDef} has found a lump of buried {0} using the ground-penetrating scanner! -->
  <LetterDeepScannerFoundLump>{FINDER_nameDef} при помощи глубинного сканера {FINDER_gender ? нашёл : нашла} под землёй {0}!</LetterDeepScannerFoundLump>

  <!-- Ambush -->
  <!-- EN: Ambush -->
  <LetterLabelAmbushInExistingMap>Засада</LetterLabelAmbushInExistingMap>
  <!-- EN: Your {0} have been ambushed! -->
  <LetterAmbushInExistingMap>Ваши {0} попали в засаду!</LetterAmbushInExistingMap>

  <!-- Peace talks -->
  <!-- EN: Peace talks disaster -->
  <LetterLabelPeaceTalks_Disaster>Переговоры провалились</LetterLabelPeaceTalks_Disaster>
  <!-- EN: The talks were a disaster. The delegates barely got past their initial greetings before the discussion broke down into insults and recriminations.\n\nAfter your caravan departed early, {0} from {1} caught up with it and attacked!\n\nRelations with {1}: {2}. -->
  <LetterPeaceTalks_Disaster>Мирные переговоры закончились катастрофическим провалом! Стоило делегатам закончить с формальными приветствиями, как дискуссия переросла во взаимные оскорбления и обвинения.\n\nВам пришлось уйти раньше намеченного времени, но {0} из фракции {1} догнали и напали на вас!\n\nОтношения с фракцией {1}: {2}.</LetterPeaceTalks_Disaster>
  <!-- EN: Peace talks backfire -->
  <LetterLabelPeaceTalks_Backfire>Переговоры прошли неудачно</LetterLabelPeaceTalks_Backfire>
  <!-- EN: The talks have backfired. Despite trading some pleasantries, the delegates made no progress on substantive issues, and multiple statements were interpreted as insults.\n\nRelations with {0}: {1}. -->
  <LetterPeaceTalks_Backfire>Мирные переговоры постигла неудача. Несмотря на начальный обмен любезностями, у делегатов не получилось ни о чём договориться по существу, а многие формулировки были вообще восприняты как оскорбления.\n\nОтношения с фракцией {0}: {1}.</LetterPeaceTalks_Backfire>
  <!-- EN: Peace talks flounder -->
  <LetterLabelPeaceTalks_TalksFlounder>Переговоры зашли в тупик</LetterLabelPeaceTalks_TalksFlounder>
  <!-- EN: The talks floundered. Delegates managed to communicate clearly and with basic respect, but were not able to make progress on any genuine issues.\n\nRelations with {0} remain unchanged. -->
  <LetterPeaceTalks_TalksFlounder>Мирные переговоры закончились ничем. Делегаты, проявляя достаточное взаимоуважение, чётко обозначили свои позиции, однако ни по одному из важных вопросов найти точки соприкосновения так и не удалось.\n\nОтношения с фракцией {0} не поменялись.</LetterPeaceTalks_TalksFlounder>
  <!-- EN: Peace talks success -->
  <LetterLabelPeaceTalks_Success>Переговоры прошли успешно</LetterLabelPeaceTalks_Success>
  <!-- EN: The talks were a success. The delegates reached new mutual understanding on several substantial issues.\n\nRelations with {0} have improved by {1}. -->
  <LetterPeaceTalks_Success>Мирные переговоры завершились успешно. Делегаты достигли должного уровня взаимопонимания по нескольким важным вопросам.\n\nОтношения с фракцией {0} улучшились на {1}.</LetterPeaceTalks_Success>
  <!-- EN: Peace talks triumph -->
  <LetterLabelPeaceTalks_Triumph>Переговоры завершились триумфом</LetterLabelPeaceTalks_Triumph>
  <!-- EN: The talks were a great triumph! Delegates connected quickly on a personal level and came to truly see each others' perspective on the most difficult issues of the day.\n\nRelations with {0} have improved by {1}.\n\nAs your caravan departed, {0} offered you a gift:\n\n{2} -->
  <LetterPeaceTalks_Triumph>Это был настоящий триумф! Делегаты быстро нашли общий язык. Им удалось рассмотреть имеющие место проблемы с разных точек зрения. Даже по самым тяжёлым вопросам повестки дня было найдено решение, устраивающее обе стороны.\n\nОтношения с фракцией {0} улучшились на {1}.\n\nКогда ваш караван готовился к пути, представитель фракции {0} вручил вам подарок:\n\n{2}</LetterPeaceTalks_Triumph>
  <!-- EN: {PAWN_labelShort}, your negotiator, has gained {1} social experience. -->
  <PeaceTalksSocialXPGain>{PAWN_labelShort}, ваш переговорщик, {PAWN_gender ? повысил : повысила} свой социальный опыт на {1}.</PeaceTalksSocialXPGain>

  <!-- Run wild mental break -->
  <!-- EN: {0} is fed up with civilization.\n\n{PAWN_pronoun} realized that wild creatures are always free. So, {PAWN_pronoun} has decided to leave your faction and live with the animals.\n\nYou can attempt to tame or arrest {PAWN_objective} to get {PAWN_objective} back. -->
  <LetterRunWildMentalBreak>{PAWN} заявляет, что с н{PAWN_possessive} хватит жизни среди цивилизации. {PAWN_pronoun} хочет свободы!\n\n{PAWN_pronoun} решает покинуть вашу фракцию и уйти жить среди диких зверей на лоне природы.\n\nВы можете попытаться {PAWN_possessive} приручить или арестовать, чтобы вернуть к нормальной жизни.</LetterRunWildMentalBreak>

  <!-- Catatonic mental break -->
  <!-- EN: {0} has suffered a total mental breakdown and entered a catatonic state. {PAWN_pronoun} will recover in several days. -->
  <LetterCatatonicMentalBreak>{PAWN} получает сильный нервный срыв и впадает в ступор. {PAWN_pronoun} придёт в себя лишь через несколько дней.</LetterCatatonicMentalBreak>

  <!-- EN: Persona Core Offer -->
  <LetterLabelAICoreOffer>Координаты ядра ИИ</LetterLabelAICoreOffer>
  <!-- EN: {PAWN_definite} of {1} contacts you with an offer of information: the location of a persona core, which you'll need in order to build a spaceship. They inform you that this item is quite rare and usually its owners have it under heavy guard.\n\nCall them with your comms console if you're interested. -->
  <LetterAICoreOffer>{PAWN_definite} фракции {1} связывается с вами и сообщает, что им известно местоположение ядра ИИ, которое вам потребуется для строительства корабля. Этот предмет — большая редкость, и его обладатели обычно держат его под надёжной охраной.\n\nЕсли вас интересует эта информация, свяжитесь с фракцией {1} через консоль.</LetterAICoreOffer>

  <!-- Crafting letters -->
  <!-- EN: Legendary Work -->
  <LetterCraftedLegendaryLabel>Легендарное Творение</LetterCraftedLegendaryLabel>
  <!-- EN: {WORKER_labelShort} has created a {CRAFTED_labelShort}.\n\nNews of this valuable artifact will spread across the world. -->
  <LetterCraftedLegendaryMessage>{WORKER_labelShort} {WORKER_gender ? создал : создала} {CRAFTED_labelShort}.\n\nВесть об артефакте такой ценности скоро охватит весь мир.</LetterCraftedLegendaryMessage>
  <!-- EN: {WORKER_labelShort} has created a {CRAFTED_labelShort}.\n\n{0}\n\nNews of this valuable artifact will spread across the world. -->
  <LetterCraftedLegendaryMessageArt>{WORKER_labelShort} {WORKER_gender ? создал : создала} {CRAFTED_labelShort}.\n\n{0}\n\nВесть об артефакте такой ценности скоро охватит весь мир.</LetterCraftedLegendaryMessageArt>

  <!-- EN: Masterwork -->
  <LetterCraftedMasterworkLabel>Шедевр</LetterCraftedMasterworkLabel>
  <!-- EN: {WORKER_labelShort} has created a {CRAFTED_labelShort}. -->
  <LetterCraftedMasterworkMessage>{WORKER_labelShort} {WORKER_gender ? создал : создала} {CRAFTED_labelShort}.</LetterCraftedMasterworkMessage>
  <!-- EN: {WORKER_labelShort} has created a {CRAFTED_labelShort}.\n\n{0} -->
  <LetterCraftedMasterworkMessageArt>{WORKER_labelShort} {WORKER_gender ? создал : создала} {CRAFTED_labelShort}.\n\n{0}</LetterCraftedMasterworkMessageArt>

  <!-- Pawns lost because map closed -->
  <!-- EN: Caravan lost -->
  <LetterLabelPawnsLostBecauseMapClosed_Caravan>Караван потерян</LetterLabelPawnsLostBecauseMapClosed_Caravan>
  <!-- EN: Your caravan has been lost. The following people and animals have been lost with it -->
  <LetterPawnsLostBecauseMapClosed_Caravan>Ваш караван потерян. Эти люди и животные потеряны вместе с ним</LetterPawnsLostBecauseMapClosed_Caravan>
  <!-- EN: Inhabitants abandoned -->
  <LetterLabelPawnsLostBecauseMapClosed_Home>Поселенцы брошены</LetterLabelPawnsLostBecauseMapClosed_Home>
  <!-- EN: The following people and animals have been abandoned -->
  <LetterPawnsLostBecauseMapClosed_Home>Эти люди и животные оставлены на произвол судьбы</LetterPawnsLostBecauseMapClosed_Home>

  <!-- Hibernate complete -->
  <!-- EN: Reactor ready -->
  <LetterLabelHibernateComplete>Реактор запущен</LetterLabelHibernateComplete>
  <!-- EN: (*Name)Charlon Whitestone(/Name) has finished the reactor's hibernation recovery sequence. The reactor is now ready to power a liftoff. -->
  <LetterHibernateComplete>(*Name)Шарлон Вайтстоун(/Name) завершил процедуру запуска реактора. Теперь он сможет обеспечить взлёт корабля.</LetterHibernateComplete>
  <!-- EN: The reactor's power up sequence is complete. It is now ready to power a liftoff. -->
  <LetterHibernateCompleteStandalone>Процедура запуска реактора завершена. Теперь он сможет обеспечить взлёт корабля.</LetterHibernateCompleteStandalone>

  <!-- Visitors gave gift -->
  <!-- EN: Gift from {0} -->
  <LetterLabelVisitorsGaveGift>Подарок от фракции {0}</LetterLabelVisitorsGaveGift>
  <!-- EN: {0} from {PAWN_factionName} have left a gift:\n\n{1} -->
  <LetterVisitorsGaveGift>{0} из фракции {PAWN_factionName} оставили нам подарок:\n\n{1}</LetterVisitorsGaveGift>

  <!-- Faction base proximity -->
  <!-- EN: Faction base proximity -->
  <LetterLabelFactionBaseProximity>Близость к чужому поселению</LetterLabelFactionBaseProximity>
  <!-- EN: Because you are so close to other factions, they feel you're encroaching on their territory.\n\nFor the last quadrum, faction relations have been reduced by: -->
  <LetterFactionBaseProximity>Вы находитесь слишком близко к поселениям других фракций. Они считают это посягательством на свою территорию.\n\nИз-за этого за последний квартал у вас ухудшились отношения:</LetterFactionBaseProximity>

  <!-- Caravans battlefield victory -->
  <!-- EN: Caravan battle won -->
  <LetterLabelCaravansBattlefieldVictory>Победа!</LetterLabelCaravansBattlefieldVictory>
  <!-- EN: Your caravan has won the battle.\n\nYou can reform the caravan now in the World screen by selecting the battlefield and choosing the "Reform caravan" option.\n\nThere's no need to collect items manually, the reform caravan tool can do it instantly.\n\nIn {0}, your caravan will be attacked by enemies. They will begin sending forces to attack the caravan, unless it reforms and leaves. -->
  <LetterCaravansBattlefieldVictory>Ваш караван одержал победу.\n\nВы можете продолжить путь, перейдя на карту мира, выбрав место боя и нажав кнопку «Продолжить путь».\n\nНет необходимости собирать ресурсы вручную: при отправке каравана это можно будет сделать моментально.\n\nЧерез {0} на ваш караван нападут. Атаки будут продолжаться до тех пор, пока вы не покинете это место.</LetterCaravansBattlefieldVictory>

  <!-- Rescue quest -->
  <!-- EN: Rescuee joins -->
  <LetterLabelRescueQuestFinished>Спасённый присоединяется</LetterLabelRescueQuestFinished>
  <!-- EN: You have rescued {PAWN_nameDef} and {PAWN_pronoun} has joined your group.\n\nYou can take {PAWN_objective} with you by reforming the caravan in the World screen by selecting this area and choosing the "Reform caravan" option. -->
  <LetterRescueQuestFinished>Вы спасли {PAWN_nameDef}, и {PAWN_pronoun} решает присоединиться к вашей группе.\n\nЧтобы взять {PAWN_possessive} с собой, перейдите на карту мира, выделите ваше текущее местоположение и нажмите кнопку «Продолжить путь».</LetterRescueQuestFinished>

  <!-- Predator hunting colonist -->
  <!-- EN: {PREDATOR_labelShort} hunting {PREY_definite} -->
  <LetterLabelPredatorHuntingColonist>{PREDATOR_labelShort} охотится на {PREY_definite}</LetterLabelPredatorHuntingColonist>
  <!-- EN: {PREDATOR} is hunting {PREY_definite} for food! -->
  <LetterPredatorHuntingColonist>{PREDATOR} охотится на {PREY_definite} ради пропитания.</LetterPredatorHuntingColonist>

  <!-- Disease -->
  <!-- EN: {0} blocked {1} on: {2}. -->
  <LetterDisease_Blocked>У этих людей {0} блокирует развитие болезни: {2}.</LetterDisease_Blocked>
  <!-- EN: Disease: {0} -->
  <LetterLabelTraitDisease>Болезнь: {0}</LetterLabelTraitDisease>
  <!-- EN: {PAWN_label} has gotten sick from {1}.\n\nEnsure you have a medical bed and a doctor. Make sure that {PAWN_pronoun} gets proper treatment and spends as much time in bed as possible. -->
  <LetterTraitDisease>У {PAWN_label} {1}.\n\nУбедитесь, что у вас есть медицинская кровать и доктор. {PAWN_labelShort} нуждается в надлежащем лечении и постельном режиме.</LetterTraitDisease>

  <!-- Surgery -->
  <!-- EN: Surgery failed on {PATIENT_labelShort} -->
  <LetterLabelSurgeryFailed>Операция над {PATIENT_labelShort} провалилась.</LetterLabelSurgeryFailed>
  <!-- EN: {SURGEON_labelShort} has failed in a minor way while operating on {PATIENT_labelShort} ({RECIPE_label}). -->
  <MessageMedicalOperationFailureMinor>{SURGEON_labelShort} {SURGEON_gender ? совершил : совершила} ошибку во время операции ({RECIPE_label}) над {PATIENT_labelShort}.</MessageMedicalOperationFailureMinor> <!-- NewTemp rename to LetterTextOperationFailureMinor globally-->
  <!-- EN: {SURGEON_labelShort} has failed catastrophically while operating on {PATIENT_labelShort} ({RECIPE_label}). -->
  <MessageMedicalOperationFailureCatastrophic>{SURGEON_labelShort} {SURGEON_gender ? совершил : совершила} серьёзную ошибку во время операции ({RECIPE_label}) над {PATIENT_labelShort}.</MessageMedicalOperationFailureCatastrophic> <!-- NewTemp rename to LetterTextOperationFailureCatastrophic globally-->
  <!-- EN: {SURGEON_labelShort} has failed in a ridiculous way while operating on {PATIENT_labelShort} ({RECIPE_label}). -->
  <MessageMedicalOperationFailureRidiculous>{SURGEON_labelShort} {SURGEON_gender ? совершил : совершила} нелепую ошибку во время операции ({RECIPE_label}) над {PATIENT_labelShort}.</MessageMedicalOperationFailureRidiculous> <!-- NewTemp rename to LetterTextOperationFailureRidiculous globally-->
  <!-- EN: {SURGEON_labelShort} has committed a fatal error while operating on {PATIENT_labelShort} because of the special challenges of: {2}. -->
  <MessageMedicalOperationFailureFatal>{SURGEON_labelShort} {SURGEON_gender ? совершил : совершила} фатальную ошибку во время оперирования {PATIENT_labelShort} из-за особой сложности операции: {2}</MessageMedicalOperationFailureFatal> <!-- NewTemp rename to LetterTextOperationFailureFatal globally-->

  <!-- Quests -->
  <!-- EN: A new quest has become available. It is called '{0}'. -->
  <LetterQuestBecameAvailable>Доступно новое задание: «{0}»</LetterQuestBecameAvailable>
  <!-- EN: If you don't accept the quest within {0}, it will expire. -->
  <LetterQuestRequiresAcceptance>Если вы не примете задание в течение {0}, оно станет недоступным.</LetterQuestRequiresAcceptance>
  <!-- EN: A new quest has become active. It is called '{0}'. -->
  <LetterQuestBecameActive>Активно новое задание: «{0}»</LetterQuestBecameActive>
  <!-- EN: Quest active: {0} -->
  <LetterQuestAutomaticallyAcceptedTitle>Активное задание: «{0}»</LetterQuestAutomaticallyAcceptedTitle>
  <!-- EN: It will expire in {0}. -->
  <LetterQuestActiveNowTime>Срок истекает через {0}.</LetterQuestActiveNowTime>

  <!-- Quest drop pods arrived -->
  <!-- EN: Pods arrived -->
  <LetterLabelQuestDropPodsArrived>Капсулы прибыли</LetterLabelQuestDropPodsArrived>
  <!-- EN: Transport pods with the following contents have arrived:\n\n{0} -->
  <LetterQuestDropPodsArrived>Прибыли транспортные капсулы со следующим содержимым:\n\n{0}</LetterQuestDropPodsArrived>

  <!-- Refugee joins -->
  <!-- EN: {PAWN_nameDef} joins -->
  <LetterLabelRefugeeJoins>{PAWN_nameDef} присоединяется</LetterLabelRefugeeJoins>
  <!-- EN: A {PAWN_title} named {PAWN_nameDef} has arrived and is joining the colony. -->
  <LetterRefugeeJoins>{PAWN_title} по имени {PAWN_nameDef} {PAWN_gender ? прибыл : прибыла} и присоединяется к поселению.</LetterRefugeeJoins>
  
  <!-- Rescuee joins -->
  <!-- EN: {PAWN_nameDef} joins -->
  <LetterLabelRescueeJoins>{PAWN_nameDef} присоединяется</LetterLabelRescueeJoins>
  <!-- EN: {PAWN_nameDef} is thankful that you rescued {PAWN_objective}. {PAWN_pronoun} has decided that {PAWN_pronoun} would rather stay than leave, and is joining your colony. -->
  <LetterRescueeJoins>{PAWN_nameDef} благодарит вас за спасение {PAWN_possessive} жизни. {PAWN_pronoun} решает остаться с вами и присоединяется к поселению.</LetterRescueeJoins>

  <!-- Pawns arrive and join -->
  <!-- EN: People join -->
  <LetterLabelPawnsArriveAndJoin>Люди присоединяются</LetterLabelPawnsArriveAndJoin>
  <!-- EN: The following people have arrived and joined the colony:\n\n{0} -->
  <LetterPawnsArriveAndJoin>Эти люди прибыли и присоединяются к поселению:\n\n{0}</LetterPawnsArriveAndJoin>

  <!-- Pawns arrive -->
  <!-- EN: People arrived -->
  <LetterLabelPawnsArrive>Люди прибыли</LetterLabelPawnsArrive>
  <!-- EN: The following people have arrived:\n\n{0} -->
  <LetterPawnsArrive>Эти люди прибыли в поселение:\n\n{0}</LetterPawnsArrive>

  <!-- Pawn leaving -->
  <!-- EN: {0} leaving -->
  <LetterLabelPawnLeaving>{0} уходит</LetterLabelPawnLeaving>
  <!-- EN: {0} is leaving. -->
  <LetterPawnLeaving>{0} уходит.</LetterPawnLeaving>

  <!-- Pawns leaving -->
  <!-- EN: {0} leaving -->
  <LetterLabelPawnsLeaving>{0} уходят</LetterLabelPawnsLeaving>
  <!-- EN: {0} are leaving. -->
  <LetterPawnsLeaving>{0} уходят.</LetterPawnsLeaving>
  
  <!-- Colonist kidnapped -->
  <!-- EN: {PAWN_nameDef} kidnapped -->
  <LetterLabelPawnsKidnapped>{PAWN_nameDef} {PAWN_gender ? похищен : похищена}</LetterLabelPawnsKidnapped>
  <!-- EN: {PAWN_nameDef} has been kidnapped by {FACTION_name}!
\nHowever, {PAWN_pronoun} is not lost forever. An opportunity to rescue {PAWN_objective} may present itself in the coming days or years. -->
  <LetterPawnsKidnapped>{PAWN_nameDef} {PAWN_gender ? похищен : похищена} фракцией {FACTION_name}!\nОднако это не значит, что вы потеряли {PAWN_possessive} навсегда. В течение следующих дней или лет вам может представиться возможность спасти {PAWN_possessive}.</LetterPawnsKidnapped>
  
  <!-- Techprints -->
  <!-- EN: Techprint applied: {PROJECT_label} -->
  <LetterTechprintAppliedLabel>Применён чертёж: {PROJECT_label}</LetterTechprintAppliedLabel>
  <!-- EN: A techprint has been applied to the research project: {PROJECT_label}. -->
  <LetterTechprintAppliedPartIntro>Чертёж применён к технологии «{PROJECT_label}».</LetterTechprintAppliedPartIntro>
  <!-- EN: You've completed the project's techprint requirements! Your researchers can now begin researching how to actually use the technology at your research benches. -->
  <LetterTechprintAppliedPartJustUnlocked>Вы собрали все требуемые чертежи для этой технологии! Теперь ваши исследователи могут изучить её области применения за исследовательскими столами.</LetterTechprintAppliedPartJustUnlocked>
  <!-- EN: This project's techprint requirements are not yet satisfied. {0} techprints have been applied so far. The project requires {1} in total. -->
  <LetterTechprintAppliedPartNotUnlockedYet>Вы не собрали все требуемые чертежи для этой технологии. На данный момент применено {0} чертежей. Для исследования технологии требуется {1}.</LetterTechprintAppliedPartNotUnlockedYet>
  <!-- EN: This project's techprint requirements were already satisfied. The extra techprint advanced your research efforts on {PROJECT_label}. Half the remaining research work, {0} points, has been completed. -->
  <LetterTechprintAppliedPartAlreadyUnlocked>Вы уже собрали все требуемые чертежи для этой технологии. Дополнительный чертёж помогает вам продвинуться в исследованиях технологии «{PROJECT_label}». Половина оставшейся работы, ^Number( {0} | '# очко' | '# очка' | '# очков')^ исследования, завершена.</LetterTechprintAppliedPartAlreadyUnlocked>
  <!-- EN: This project is already fully researched, so the techprint didn't advance your knowledge at all. -->
  <LetterTechprintAppliedPartAlreadyResearched>Технология уже полностью исследована. Из нового чертежа вы не узнаёте ничего нового.</LetterTechprintAppliedPartAlreadyResearched>
  <!-- EN: By applying the techprint, {PAWN_labelShort} gained {0} experience in the {1} skill. -->
  <LetterTechprintAppliedPartExpAwarded>Применив чертёж, {PAWN_labelShort} получает {0} единиц опыта к навыку {1}.</LetterTechprintAppliedPartExpAwarded>
  
  <!-- Quest Completed -->
  <!-- EN: Quest completed -->
  <LetterQuestCompletedLabel>Задание выполнено</LetterQuestCompletedLabel>
  <!-- EN: Quest failed -->
  <LetterQuestFailedLabel>Задание провалено</LetterQuestFailedLabel>
  <!-- EN: Quest concluded -->
  <LetterQuestConcludedLabel>Задание завершено</LetterQuestConcludedLabel>
  <!-- EN: You have successfully completed the quest '{0}'! -->
  <LetterQuestCompletedSuccess>Вы успешно выполнили задание «{0}»!</LetterQuestCompletedSuccess>
  <!-- EN: You have failed the quest '{0}'. -->
  <LetterQuestCompletedFail>Вы провалили задание «{0}»</LetterQuestCompletedFail>
  <!-- EN: You have concluded the quest '{0}'. -->
  <LetterQuestCompletedConcluded>Вы закончили выполнение задания «{0}»</LetterQuestCompletedConcluded>

  <!-- Bladelink -->
  <!-- EN: Persona bond: {PAWN_labelShort} -->
  <LetterBladelinkWeaponBondedLabel>Сформирована синхрони́ть с {PAWN_labelShort}</LetterBladelinkWeaponBondedLabel>
  <!-- EN: {PAWN_labelShort} has established a bond with the persona of {WEAPON_labelShort}.
\nFrom now on, {WEAPON_labelShort} will refuse to be wielded by anyone except {PAWN_labelShort}. -->
  <LetterBladelinkWeaponBonded>{PAWN_labelShort} {PAWN_gender ? синхронизировался : синхронизировалась} с ИИ-личностью {WEAPON_labelShort}\nОтныне {WEAPON_labelShort} будет отказываться работать со всеми, кроме этого человека.</LetterBladelinkWeaponBonded>
  
  <!-- Mech cluster -->
  <!-- EN: Mechanoids arrived -->
  <LetterLabelMechClusterArrived>Механоиды прибыли</LetterLabelMechClusterArrived>
  <!-- EN: Mechanoids have arrived. -->
  <LetterMechClusterArrived>Механоиды прибыли.</LetterMechClusterArrived>

  <!-- EN: Caravan detected -->
  <LetterLabelSiteCountdownStarted>Караван замечен</LetterLabelSiteCountdownStarted>
  <!-- EN: Your caravan has been detected. In {0}, reinforcing {1} from {2} will begin arriving in the area.\n\nReform your caravan and begin moving to avoid the {1}. A timer counting down to their arrival is now visible. -->
  <LetterTextSiteCountdownStarted>Ваш караван был замечен. Через {0} в это место придут {1} из фракции {2}.\n\nЧтобы избежать столкновения с ними, прикажите каравану продолжить путь. Время до прибытия противника указано на таймере.</LetterTextSiteCountdownStarted>

</LanguageData>