﻿<?xml version="1.0" encoding="UTF-8"?>
<LanguageData>

  <!-- Audiovisuals -->
  <!-- EN: Audiovisuals -->
  <Audiovisuals>Аудио и видео</Audiovisuals>
  <!-- EN: Game volume -->
  <GameVolume>Общая громкость</GameVolume>
  <!-- EN: Music volume -->
  <MusicVolume>Громкость музыки</MusicVolume>
  <!-- EN: Ambient volume -->
  <AmbientVolume>Громкость окружения</AmbientVolume>
  <!-- EN: Anti-aliasing -->
  <Antialiasing>Сглаживание</Antialiasing>

  <!-- Gameplay -->
  <!-- EN: Screen-edge mouse scroll -->
  <EdgeScreenScroll>Прокрутка курсором краёв экрана</EdgeScreenScroll>
  <!-- EN: Pause on load -->
  <PauseOnLoad>Пауза после загрузки</PauseOnLoad>
  <!-- EN: Pause on urgent letter -->
  <PauseOnUrgentLetter>Пауза при срочном сообщении</PauseOnUrgentLetter>
  <!-- EN: Pause on -->
  <AutomaticPauseModeSetting>Пауза при</AutomaticPauseModeSetting>
  <!-- EN: Custom cursor -->
  <CustomCursor>Изменённый курсор</CustomCursor>
  <!-- EN: Hats shown only on game map -->
  <HatsShownOnlyOnMap>Показ. гол. уборы только на карте</HatsShownOnlyOnMap>
  <!-- EN: UI scale -->
  <UIScale>Масштаб UI</UIScale>
  <!-- EN: Keyboard configuration -->
  <KeyboardConfig>Настройки клавиатуры</KeyboardConfig>
  <!-- EN: Choose language -->
  <ChooseLanguage>Выбор языка</ChooseLanguage>
  <!-- EN: Reset learning helper -->
  <ResetAdaptiveTutor>Сбросить обучение</ResetAdaptiveTutor>
  <!-- EN: Tutor is reset. You will be now be re-taught all lessons from scratch. -->
  <AdaptiveTutorIsReset>Обучение сброшено. Все уроки будут даны заново.</AdaptiveTutorIsReset>
  <!-- EN: Run in background -->
  <RunInBackground>Работать в фоновом режиме</RunInBackground>
  <!-- EN: Development mode -->
  <DevelopmentMode>Режим разработчика</DevelopmentMode>
  <!-- EN: Auto-reset mods config on crash -->
  <ResetModsConfigOnCrash>Сброс конф. модов при ошибке</ResetModsConfigOnCrash>
  <!-- EN: Simulate not owning Royalty -->
  <SimulateNotOwningRoyalty>Симулировать отсутствие Royalty</SimulateNotOwningRoyalty>
  <!-- EN: Verbose logging -->
  <LogVerbose>Подробный журнал</LogVerbose>
  <!-- EN: Open save data folder -->
  <OpenSaveGameDataFolder>Открыть папку с сохранениями</OpenSaveGameDataFolder>
  <!-- EN: Show save data location -->
  <ShowSaveGameDataLocation>Показать расположение сохранений</ShowSaveGameDataLocation>
  <!-- EN: Open log file folder -->
  <OpenLogFileFolder>Открыть папку с журналом</OpenLogFileFolder>
  <!-- EN: Show log file location -->
  <ShowLogFileLocation>Показать расположение журнала</ShowLogFileLocation>
  <!-- EN: Preferred player-created characters. These characters will be more likely to randomly appear during play: -->
  <NamesYouWantToSee>Имена персонажей, которых вы хотели бы увидеть в игре:</NamesYouWantToSee>
  <!-- EN: Add name -->
  <AddName>Добавить имя</AddName>
  <!-- EN: Type the first name, nickname, or last name. -->
  <TypeFirstNickOrLastName>Введите имя, прозвище или фамилию.</TypeFirstNickOrLastName>
  <!-- EN: This name is already on the preferred list. -->
  <MessageAlreadyPreferredName>Это имя уже есть в списке.</MessageAlreadyPreferredName>
  <!-- EN: Storyteller settings -->
  <ChangeStoryteller>Настройки рассказчика</ChangeStoryteller>
  <!-- EN: Autosave interval -->
  <AutosaveInterval>Период автосохр.</AutosaveInterval>
  <!-- EN: Temperature mode -->
  <TemperatureMode>Ед. температуры</TemperatureMode>
  <!-- EN: Show realtime clock -->
  <ShowRealtimeClock>Показывать реальное время</ShowRealtimeClock>
  <!-- EN: Maximum number of colonies: {0} -->
  <MaxNumberOfPlayerSettlements>Максимальное число поселений: {0}</MaxNumberOfPlayerSettlements>
  <!-- EN: Map mouse drag sensitivity -->
  <MapDragSensitivity>Чувств-ть мыши при прокрутке</MapDragSensitivity>
  <!-- EN: Plant wind sway -->
  <PlantWindSway>Покачивание растений на ветру</PlantWindSway>
  <!-- EN: Enable test map sizes -->
  <EnableTestMapSizes>Задействовать тестовые размеры карт</EnableTestMapSizes>
  <!-- EN: Maximum autosave interval in permadeath mode is {0} day. -->
  <MaxPermadeathAutosaveIntervalInfo>Максимальный интервал автосохранения в «ответственном» режиме — ^Number( {0} | '# день' | '# дня' | '# дней')^.</MaxPermadeathAutosaveIntervalInfo>
  <!-- EN: Mod Settings -->
  <ModSettings>Настройки модов</ModSettings>
  <!-- EN: Permanently disable development mode -->
  <PermanentlyDisableDevMode>Навсегда отключить режим разработчика</PermanentlyDisableDevMode>

  <!-- Resolution -->
  <!-- EN: Resolution -->
  <Resolution>Разрешение экрана</Resolution>
  <!-- EN: Fullscreen -->
  <Fullscreen>Во весь экран</Fullscreen>

  <!-- Mods -->
  <!-- EN: Select mod... -->
  <SelectMod>Выбор мода...</SelectMod>
  <!-- EN: No configurable mods loaded. -->
  <NoConfigurableMods>Нет настраиваемых модов.</NoConfigurableMods>
  
  <!-- Options reset -->
  <!-- EN: Restore to default settings -->
  <RestoreToDefaultSettings>Восстановить по умолчанию</RestoreToDefaultSettings>
  <!-- EN: Your options have been reset. The game will now restart automatically. -->
  <ResetAndRestart>Были восстановлены настройки по умолчанию. Игра перезапустится автоматически.</ResetAndRestart>
  <!-- EN: All your settings will be reset to the default and the game will be restarted. All unsaved progress will be lost!\n\nContinue? -->
  <ResetAndRestartConfirmationDialog>Все ваши настройки будут сброшены, а игра перезапустится. Весь несохранённый прогресс будет потерян!\n\nПродолжить?</ResetAndRestartConfirmationDialog>
  
</LanguageData>