﻿<?xml version="1.0" encoding="UTF-8"?>
<LanguageData>

  <!-- EN: Save -->
  <SaveButton>Сохранить</SaveButton>
  <!-- EN: Clear -->
  <ClearBinding>Очистить</ClearBinding>
  <!-- EN: Reset to default -->
  <ResetBinding>По умолчанию</ResetBinding>
  <!-- EN: Left-click to bind this key or right-click for options -->
  <BindingButtonToolTip>Нажмите левую кнопку мыши, затем нажмите клавишу, на которую вы хотите назначить данное действие. Для выбора опций нажмите правую кнопку мыши.</BindingButtonToolTip>
  <!-- EN: Press any key or Esc to cancel... -->
  <PressAnyKeyOrEsc>Нажмите любую кнопку или ESC для отмены...</PressAnyKeyOrEsc>
  <!-- EN: Key binding overwritten: {0} -->
  <KeyBindingOverwritten>Перезаписана клавиша, привязанная к действию: {0}</KeyBindingOverwritten>
  
</LanguageData>