﻿<?xml version="1.0" encoding="UTF-8"?>
<LanguageData>

  <!-- EN: Sieging {0} from {1} are assaulting the colony. -->
  <MessageSiegersAssaulting>{0} из фракции {1}, осаждающие поселение, начали штурм.</MessageSiegersAssaulting>

  <!-- EN: {0} from {1} are beginning their assault. -->
  <MessageRaidersBeginningAssault>{0} из фракции {1} идут на штурм.</MessageRaidersBeginningAssault>
  <!-- EN: {0} from {1} have detected you and begun their assault early. -->
  <MessageRaidersDetectedEarlyAssault>{0} из фракции {1} обнаружили вас и решили начать штурм раньше.</MessageRaidersDetectedEarlyAssault>
  <!-- EN: {0} from {1} have decided to kidnap who they can and leave. -->
  <MessageRaidersKidnapping>{0} из фракции {1} решили похитить, кого смогут, и уйти.</MessageRaidersKidnapping>
  <!-- EN: {0} from {1} have decided to steal what they can and leave. -->
  <MessageRaidersStealing>{0} из фракции {1} решили украсть, что смогут, и уйти.</MessageRaidersStealing>

  <!-- EN: {0} from {1} have arrived in the area of your caravan and are attacking. More are on the way and will arrive in {2}. -->
  <MessageCaravanDetectedRaidArrived>{0} из фракции {1} нападают на ваш караван. Через {2} прибудут их новые подкрепления.</MessageCaravanDetectedRaidArrived>

  <!-- EN: {0} from {1} are leaving. -->
  <MessageRaidersLeaving>{0} из фракции {1} отступают.</MessageRaidersLeaving>
  <!-- EN: {0} from {1} have given up and are leaving. -->
  <MessageRaidersGivenUpLeaving>{0} из фракции {1} сдались и уходят.</MessageRaidersGivenUpLeaving>
  <!-- EN: {0} from {1} are satisfied with the damage done and are leaving. -->
  <MessageRaidersSatisfiedLeaving>{0} из фракции {1} довольны разгромом и уходят.</MessageRaidersSatisfiedLeaving>

  <!-- EN: {0} from {1} are fleeing. -->
  <MessageFightersFleeing>{0} из фракции {1} спасаются бегством.</MessageFightersFleeing>
  <!-- EN: Friendly {0} from {1} are leaving. -->
  <MessageFriendlyFightersLeaving>Дружественные {0} из фракции {1} уходят.</MessageFriendlyFightersLeaving>

  <!-- EN: {0} from {1} are taking a wounded guest. -->
  <MessageVisitorsTakingWounded>{0} из фракции {1} забирают с собой раненого гостя.</MessageVisitorsTakingWounded>
  <!-- EN: {0} from {1} have been trapped and are digging out to escape. -->
  <MessageVisitorsTrappedLeaving>{0} из фракции {1} попали в ловушку и пытаются выбраться на свободу.</MessageVisitorsTrappedLeaving>
  <!-- EN: {0} from {1} are leaving the map because of dangerous temperature. -->
  <MessageVisitorsDangerousTemperature>{0} из фракции {1} уходят из-за опасных температурных условий.</MessageVisitorsDangerousTemperature>

  <!-- EN: {0} worn by {1_nameFull} deteriorated away to nothing. -->
  <MessageWornApparelDeterioratedAway>{0}, {0_gender ? который : которую : которое} {1_gender ? носил : носила} {1_nameFull}, {0_gender ? износился : износилась : износилось} окончательно и {0_gender ? рассыпался : рассыпалась : рассыпалось} в прах.</MessageWornApparelDeterioratedAway>
  <!-- EN: {0} has deteriorated away in storage. -->
  <MessageDeterioratedAway>{0} {0_gender ? пришёл : пришла : пришло} в негодность на складе.</MessageDeterioratedAway>

  <!-- EN: {0} has begun. -->
  <MessageSeasonBegun>{0_gender ? начался : началась : началось} {0}.</MessageSeasonBegun>

  <!-- EN: {0} has left comms range. -->
  <MessageShipHasLeftCommsRange>Корабль {0} покинул зону связи.</MessageShipHasLeftCommsRange>

  <!-- EN: You need a powered orbital trade beacon to trade with a ship. -->
  <MessageNeedBeaconToTradeWithShip>Для торговли с кораблём вам нужен работающий торговый маяк.</MessageNeedBeaconToTradeWithShip>
  <!-- EN: Caller must have the title of {0_label} or higher. -->
  <MessageNeedRoyalTitleToCallWithShip>Вызывающй должен обладать титулом {0_label} или выше.</MessageNeedRoyalTitleToCallWithShip>

  <!-- EN: {0} has been destroyed. -->
  <MessageConditionCauserDespawned>{0} уничтожен.</MessageConditionCauserDespawned>
  
  <!-- EN: Bill complete: {0}. -->
  <MessageBillComplete>Задача завершена: {0}.</MessageBillComplete>

  <!-- EN: {1_label} is fully healed. -->
  <MessageFullyHealed>{1_label} полностью {1_gender ? здоров : здорова}.</MessageFullyHealed>

  <!-- EN: Prisoner {1_labelShort} is escaping. -->
  <MessagePrisonerIsEscaping>{1_gender ? Пленник : Пленница} {1_labelShort} устраивает побег!</MessagePrisonerIsEscaping>

  <!-- EN: {PAWN_labelShort} found no nearby unreserved shells for {GUN_label}. -->
  <MessageOutOfNearbyShellsFor>{PAWN_labelShort} не может найти снарядов для {GUN_label}.</MessageOutOfNearbyShellsFor>

  <!-- EN: Warning: {ANIMAL_kindBasePlural} have a {1} base chance to attack when harmed. Chance depends on range and hunter stealth stat. -->
  <MessageAnimalsGoPsychoHunted>Внимание: при попадании с расстояния винтовочного выстрела {ANIMAL_kindBasePlural} нападают с базовой вероятностью {1}. На это влияют как расстояние до цели, так и скрытность охотника.</MessageAnimalsGoPsychoHunted>
  <!-- EN: Warning: {ANIMAL_kindBasePlural} may attack upon failed taming attempts ({1} chance). -->
  <MessageAnimalManhuntsOnTameFailed>Внимание: при неудачной попытке приручения {ANIMAL_kindBasePlural} нападают с вероятностью {1}.</MessageAnimalManhuntsOnTameFailed>
  
  <!-- EN: New recruit -->
  <LetterLabelMessageRecruitSuccess>Новый рекрут</LetterLabelMessageRecruitSuccess>
  <!-- EN: {RECRUITER_nameFull} successfully recruited {RECRUITEE_nameFull} ({2} chance). -->
  <MessageRecruitSuccess>{RECRUITER_nameFull} успешно {RECRUITER_gender ? завербовал : завербовала} {RECRUITEE_nameFull} с вероятностью {2}.</MessageRecruitSuccess>
  <!-- EN: {RECRUITER_labelShort} successfully tamed {1} ({2} chance). -->
  <MessageTameSuccess>{RECRUITER_labelShort} успешно {RECRUITER_gender ? приручил : приручила} {1} с вероятностью {2}.</MessageTameSuccess>
  <!-- EN: {RECRUITER_labelShort} successfully tamed {1} ({2} chance). It is now called {RECRUITEE_nameFull}. -->
  <MessageTameAndNameSuccess>{RECRUITER_labelShort} успешно {RECRUITER_gender ? приручил : приручила} {1} с вероятностью {2} и {RECRUITER_gender ? назвал : назвала} {RECRUITEE_possessive} {RECRUITEE_nameFull}.</MessageTameAndNameSuccess>
  <!-- EN: {RECRUITEE} has joined your colony. -->
  <MessageRecruitJoinOfferAccepted>{RECRUITEE} присоединяется к вашему поселению.</MessageRecruitJoinOfferAccepted>

  <!-- EN: The colony cannot afford this deal. -->
  <MessageColonyCannotAfford>Поселение не может позволить себе эту сделку.</MessageColonyCannotAfford>
  <!-- EN: You do not have enough silver ready to trade. -->
  <MessageColonyNotEnoughSilver>Вам не хватает серебра.</MessageColonyNotEnoughSilver>

  <!-- EN: Critical alert: {0} -->
  <MessageCriticalAlert>ВНИМАНИЕ: {0}</MessageCriticalAlert>

  <!-- EN: Must designate harvestable sufficiently-grown plants. -->
  <MessageMustDesignateHarvestable>Нужно указать созревшие собираемые растения.</MessageMustDesignateHarvestable>
  <!-- EN: Must designate wood-yielding, sufficiently-grown plants. -->
  <MessageMustDesignateHarvestableWood>Нужно указать достаточно выросшие растения.</MessageMustDesignateHarvestableWood>
  <!-- EN: Must designate plants. -->
  <MessageMustDesignatePlants>Нужно указать растения.</MessageMustDesignatePlants>
  <!-- EN: Must designate haulable items. Some items are always haulable and can't be designated. -->
  <MessageMustDesignateHaulable>Нужно указать предметы, которые можно переносить. Некоторые предметы можно переносить всегда, их нельзя отметить для переноски.</MessageMustDesignateHaulable>
  <!-- EN: Must designate impassable mineable rocks. -->
  <MessageMustDesignateMineable>Нужно указать непроходимую добываемую породу.</MessageMustDesignateMineable>
  <!-- EN: Must designate huntable animals. -->
  <MessageMustDesignateHuntable>Нужно указать животных, на которых можно охотиться.</MessageMustDesignateHuntable>
  <!-- EN: Must designate tameable animals. -->
  <MessageMustDesignateTameable>Нужно указать приручаемых животных.</MessageMustDesignateTameable>
  <!-- EN: Must designate abandoned artificial structures. -->
  <MessageMustDesignateClaimable>Нужно указать древние заброшенные сооружения.</MessageMustDesignateClaimable>
  <!-- EN: You must defeat a mech cluster before you can deconstruct it. -->
  <MessageMustDesignateDeconstructibleMechCluster>Вам нужно разгромить кластер механоидов прежде чем разбирать его.</MessageMustDesignateDeconstructibleMechCluster>
  <!-- EN: Must designate rough stone surfaces. -->
  <MessageMustDesignateSmoothableSurface>Нужно указать неровную каменную поверхность.</MessageMustDesignateSmoothableSurface>
  <!-- EN: Nothing can remove thick roofs. -->
  <MessageNothingCanRemoveThickRoofs>Потолок в виде толстой горной породы удалить невозможно.</MessageNothingCanRemoveThickRoofs>
  <!-- EN: This is already in storage and will be moved to high-priority storage as necessary. -->
  <MessageAlreadyInStorage>Этот объект уже находится на складе и будет перенесён на более приоритетный склад по мере необходимости.</MessageAlreadyInStorage>
  <!-- EN: Must designate corpse or downed character with strippable apparel. -->
  <MessageMustDesignateStrippable>Нужно указать мёртвых или лежащих на земле людей, в одежде, которую можно снять.</MessageMustDesignateStrippable>
  <!-- EN: Must designate tame animal that belongs to the colony. -->
  <MessageMustDesignateSlaughterable>Нужно указать приручённое животное, принадлежащее поселению.</MessageMustDesignateSlaughterable>
  <!-- EN: Must designate full graves or containers. -->
  <MessageMustDesignateOpenable>Нужно указать непустые могилы или саркофаги.</MessageMustDesignateOpenable>
  <!-- EN: Must designate unforbidden items. -->
  <MessageMustDesignateForbiddable>Следует указать предметы, разрешённые для использования.</MessageMustDesignateForbiddable>
  <!-- EN: Must designate forbidden items. -->
  <MessageMustDesignateUnforbiddable>Следует указать предметы, запрещённые для использования.</MessageMustDesignateUnforbiddable>

  <!-- EN: {1_labelShort} has refused to be arrested! -->
  <MessageRefusedArrest>{1_labelShort} сопротивляется аресту!</MessageRefusedArrest>
  
  <!-- EN: There are no medical beds available. -->
  <MessageNoMedicalBeds>Нет доступных медицинских кроватей.</MessageNoMedicalBeds>
  <!-- EN: There are no animal beds available. -->
  <MessageNoAnimalBeds>Нет доступных спальных мест для животных.</MessageNoAnimalBeds>
  <!-- EN: Operation requires {0} or better, but {PAWN_labelShort}'s current medical care mode is "{2}". -->
  <MessageTooLowMedCare>Для операции требуются хотя бы {0}, а текущий режим, в котором {PAWN_labelShort} получает медицинскую помощь — «{2}».</MessageTooLowMedCare>
  
  <!-- EN: {PAWN_labelShort} has died. Cause: {1}. -->
  <PawnDiedBecauseOf>{PAWN_labelShort} {PAWN_gender ? умер : умерла}. Причина: {1}.</PawnDiedBecauseOf>
  <!-- EN: {1_labelShort} has died. -->
  <PawnDied>{PAWN_labelShort} {PAWN_gender ? умер : умерла}.</PawnDied>

  <!-- EN: {1_label} is no longer incapable of walking. -->
  <MessageNoLongerDowned>{1_label} снова может ходить.</MessageNoLongerDowned>

  <!-- EN: {1_labelShort} has collapsed due to extreme exhaustion. -->
  <MessageInvoluntarySleep>{1_labelShort} падает в обморок от переутомления.</MessageInvoluntarySleep>

  <!-- EN: This operation will anger {0}. -->
  <MessageMedicalOperationWillAngerFaction>Эта операция возмутит {0}.</MessageMedicalOperationWillAngerFaction>

  <!-- EN: {0} has miscarried due to starvation. -->
  <MessageMiscarriedStarvation>У {0} из-за голода произошёл выкидыш.</MessageMiscarriedStarvation>
  <!-- EN: {0} has miscarried due to poor health. -->
  <MessageMiscarriedPoorHealth>У {0} из-за плохого здоровья произошёл выкидыш.</MessageMiscarriedPoorHealth>
  <!-- EN: {0} has given birth. -->
  <MessageGaveBirth>{0} родила.</MessageGaveBirth>
  
  <!-- EN: {PAWN_labelShort} won't be able to use the psylink while {PAWN_pronoun} has zero psychic sensitivity. -->
  <MessagePsylinkNoSensitivity>{PAWN_labelShort} не сможет пользоваться пси-связью, поскольку имеет нулевую психочувствительность.</MessagePsylinkNoSensitivity>
  <!-- EN: {PAWN_labelShort} has lost a {1} implant level due to {2}. -->
  <MessageLostImplantLevelFromHediff>{PAWN_labelShort} {PAWN_gender ? потерял : потеряла} уровень импланта {1} из-за: {2}. </MessageLostImplantLevelFromHediff>
  <!-- EN: {PAWN_labelShort} has suffered {1} points of brain damage due to {2}. -->
  <MessageReceivedBrainDamageFromHediff>{PAWN_labelShort} {PAWN_gender ? получил : получила} повреждение мозга на ^Number( {1} | '# единицу' | '# единицы' | '# единиц')^ из-за: {2}.</MessageReceivedBrainDamageFromHediff>
  <!-- EN: {PAWN_labelShort} has exceeded the normal limit of neural heat. -->
  <MessageWentOverPsychicEntropyLimit>{PAWN_labelShort} {PAWN_gender ? превысил : превысила} безопасный порог нейроперегрева.</MessageWentOverPsychicEntropyLimit>

  <!-- EN: {NAMER_nameFull} has named {1} {NAMEE_nameFull} after being nuzzled. -->
  <MessageNuzzledPawnGaveNameTo>{1} ласкается к {NAMER_nameFull}. {NAMER_labelShort} решает дать питомцу имя {NAMEE_nameFull}.</MessageNuzzledPawnGaveNameTo>

  <!-- EN: No handler can tame {ANIMAL_kindBase} (requires level {1} in {2}, best handler {HANDLER_labelShort} has {4}). -->
  <MessageNoHandlerSkilledEnough>Никто не сможет приручить {ANIMAL_kindBase}. Требуется {2} уровня {1}. Лучший животновод, {HANDLER_labelShort}, имеет уровень {4}.</MessageNoHandlerSkilledEnough>
  
  <!-- EN: {EATEN_labelShort} has been eaten by {PREDATOR}. -->
  <MessageEatenByPredator>{PREDATOR} {PREDATOR_gender ? съел : съела} {EATEN_labelShort}</MessageEatenByPredator>
  <!-- EN: {PREY_labelShort} is being attacked by {PREDATOR}! -->
  <MessageAttackedByPredator>На {PREY_labelShort} {PREDATOR_gender ? напал : напала} {PREDATOR}!</MessageAttackedByPredator>
  
  <!-- EN: A bug hive has reproduced itself. -->
  <MessageHiveReproduced>Улей насекомых расплодился.</MessageHiveReproduced>
  
  <!-- EN: The trade caravan from {0} is leaving. -->
  <MessageTraderCaravanLeaving>Торговый караван из фракции {0} уходит.</MessageTraderCaravanLeaving>
  
  <!-- EN: {1_labelShort} is dead. -->
  <MessageCantSelectDeadPawn>{1_labelShort} {1_gender ? мёртв : мертва}.</MessageCantSelectDeadPawn>
  <!-- EN: {1_labelShort} is off the map. -->
  <MessageCantSelectOffMapPawn>{1_labelShort} за пределами карты.</MessageCantSelectOffMapPawn>
  
  <!-- EN: {PAWN1_labelShort} started a social fight with {PAWN2_labelShort}. -->
  <MessageSocialFight>{PAWN1_labelShort} и {PAWN2_labelShort} повздорили.</MessageSocialFight>
  
  <!-- EN: Colonists are gathering to celebrate {PAWN1_labelShort} and {PAWN2_labelShort}'s marriage. -->
  <MessageNewMarriageCeremony>{PAWN1_labelShort} и {PAWN2_labelShort} женятся! Поселенцы собираются, чтобы отпраздновать их свадьбу.</MessageNewMarriageCeremony>
  <!-- EN: {PAWN1_labelShort} and {PAWN2_labelShort} are beginning their marriage ceremony! -->
  <MessageMarriageCeremonyStarts>{PAWN1_labelShort} и {PAWN2_labelShort} начинают свою свадебную церемонию!</MessageMarriageCeremonyStarts>
  <!-- EN: The marriage ceremony for {PAWN1_labelShort} and {PAWN2_labelShort} has been called off. -->
  <MessageMarriageCeremonyCalledOff>Свадебная церемония {PAWN1_labelShort} и {PAWN2_labelShort} была отменена.</MessageMarriageCeremonyCalledOff>
  <!-- EN: {PAWN1_labelShort} and {PAWN2_labelShort} have married. Colonists are now celebrating the occasion. -->
  <MessageNewlyMarried>{PAWN1_labelShort} и {PAWN2_labelShort} поженились. Поселенцы празднуют в честь этого события.</MessageNewlyMarried>
  <!-- EN: The marriage ceremony for {PAWN1_labelShort} and {PAWN2_labelShort} has finished. -->
  <MessageMarriageCeremonyAfterPartyFinished>Свадебная церемония {PAWN1_labelShort} и {PAWN2_labelShort} завершилась.</MessageMarriageCeremonyAfterPartyFinished>
  
  <!-- EN: {HUMAN_labelShort} and {ANIMAL_labelShort} have formed a bond. -->
  <MessageNewBondRelation>{HUMAN_labelShort} и {ANIMAL_labelShort} привязались друг к другу.</MessageNewBondRelation>
  <!-- EN: {HUMAN_labelShort} and {1} have formed a bond. {HUMAN_labelShort} has named {ANIMAL_objective} {ANIMAL_nameFull}. -->
  <MessageNewBondRelationNewName>{HUMAN_labelShort} и {1} привязались друг к другу. {HUMAN_labelShort} называет {ANIMAL_possessive} {ANIMAL_nameFull}.</MessageNewBondRelationNewName>
  
  <!-- EN: {ANIMAL} has had a mental break because of {HUMAN_labelShort}'s death. -->
  <MessageBondedAnimalMentalBreak>{ANIMAL} {ANIMAL_gender ? получил : получила} нервный срыв из-за того, что {HUMAN_gender ? умер : умерла} {HUMAN_labelShort}.</MessageBondedAnimalMentalBreak>
  <!-- EN: {ANIMAL_kindIndef} named {ANIMAL_label} has had a mental break because of {HUMAN_labelShort}'s death. -->
  <MessageNamedBondedAnimalMentalBreak>{ANIMAL_kindIndef} по имени {ANIMAL_label} {ANIMAL_gender ? получил : получила} нервный срыв из-за того, что {HUMAN_gender ? умер : умерла} {HUMAN_labelShort}.</MessageNamedBondedAnimalMentalBreak>
  <!-- EN: {0} animals have a mental break because of {HUMAN_labelShort}'s death. -->
  <MessageBondedAnimalsMentalBreak>{0} животных получили нервный срыв из-за того, что {HUMAN_gender ? умер : умерла} {HUMAN_labelShort}.</MessageBondedAnimalsMentalBreak>
  
  <!-- EN: {SURGEON_labelShort} has successfully removed {PATIENT_labelShort}'s {HEDIFF}. -->
  <MessageSuccessfullyRemovedHediff>{SURGEON_labelShort} успешно {SURGEON_gender ? устранил : устранила} {HEDIFF} у {PATIENT_labelShort}.</MessageSuccessfullyRemovedHediff>
  
  <!-- EN: Chunks of a spacecraft have impacted nearby. You can deconstruct them to yield resources. -->
  <MessageShipChunkDrop>Несколько обломков космического корабля упали с неба неподалёку. Их можно разобрать для получения ценных ресурсов.</MessageShipChunkDrop>

  <!-- EN: Some items cannot be traded because of:  -->
  <MessageCannotSellItemsReason>Некоторые предметы невозможно продать, т.к. рядом </MessageCannotSellItemsReason>

  <!-- EN: {WORKER_labelShort} failed while constructing a {0}. Some resources have been wasted. -->
  <MessageConstructionFailed>{WORKER_labelShort} {WORKER_gender ? совершил : совершила} ошибку, строя {0}. Часть ресурсов пропала впустую.</MessageConstructionFailed>

  <!-- EN: Screenshot saved as: {0} -->
  <MessageScreenshotSavedAs>Снимок экрана сохранён как: {0}</MessageScreenshotSavedAs>
  
  <!-- EN: {PAWN1_labelShort} and {PAWN2_labelShort} are no longer social fighting. -->
  <MessageNoLongerSocialFighting>{PAWN1_labelShort} и {PAWN2_labelShort} прекратили драку.</MessageNoLongerSocialFighting>
  
  <!-- EN: {2_labelShort} is no longer binging on {1}. -->
  <MessageNoLongerBingingOnDrug>{2_labelShort} {2_gender ? прекратил : прекратила} бесконтрольно употреблять {1}.</MessageNoLongerBingingOnDrug>

  <!-- EN: {PAWN_labelShort} is no longer on an insulting spree against {TARGET_label}. -->
  <MessageNoLongerOnTargetedInsultingSpree>{PAWN_labelShort} больше не оскорбляет {TARGET_label}.</MessageNoLongerOnTargetedInsultingSpree>

  <!-- EN: {1_label} has rotted away in storage. -->
  <MessageRottedAwayInStorage>{1_label} {1_gender ? сгнил : сгнила : сгнило} на складе.</MessageRottedAwayInStorage>
  
  <!-- EN: {PAWN_labelShort} has gotten food poisoning from: {FOOD_labelShort}. Cause: {2}. -->
  <MessageFoodPoisoning>Съев {FOOD_labelShort}, {PAWN_labelShort} получает пищевое отравление. Причина — {2}.</MessageFoodPoisoning>
  
  <!-- EN: {0} has been removed from the caravan. -->
  <MessagePawnLostWhileFormingCaravan>{0} {0_gender ? исключён : исключена} из каравана.</MessagePawnLostWhileFormingCaravan>
  <!-- EN: The caravan formation process has been terminated. -->
  <MessagePawnLostWhileFormingCaravan_AllLost>Подготовка каравана отменена.</MessagePawnLostWhileFormingCaravan_AllLost>
  <!-- EN: The caravan formation process will continue when everyone recovers from their mental break. -->
  <MessageCaravanFormationPaused>Подготовка каравана продолжится, как только все оправятся после нервного срыва.</MessageCaravanFormationPaused>
  <!-- EN: Your colonists will now continue forming a caravan. -->
  <MessageCaravanFormationUnpaused>Поселенцы продолжили подготовку каравана к пути.</MessageCaravanFormationUnpaused>
  
  <!-- EN: One of the caravan members has had a mental break. -->
  <MessageCaravanMemberHasExtremeMentalBreak>У кого-то из вашего каравана произошёл нервный срыв.</MessageCaravanMemberHasExtremeMentalBreak>
  
  <!-- EN: Warning: It can take a very long time to generate an entire planet. -->
  <MessageMaxPlanetCoveragePerformanceWarning>Внимание: генерация целой планеты может занять много времени.</MessageMaxPlanetCoveragePerformanceWarning>

  <!-- EN: {0} has died because of cold. -->
  <MessagePlantDiedOfCold>{0} {0_gender ? погиб : погибла : погибло} от холода.</MessagePlantDiedOfCold>
  <!-- EN: {0} has died from rotting due to being left unharvested. -->
  <MessagePlantDiedOfRot_LeftUnharvested>{0} {0_gender ? погиб : погибла : погибло} от старости.</MessagePlantDiedOfRot_LeftUnharvested>
  <!-- EN: {0} has died due to being exposed to light. -->
  <MessagePlantDiedOfRot_ExposedToLight>{0} {0_gender ? погиб : погибла : погибло}, так как слишком много времени {0_gender ? провёл : провела : провело} на свету.</MessagePlantDiedOfRot_ExposedToLight>
  <!-- EN: {0} has died from rotting. -->
  <MessagePlantDiedOfRot>{0} {0_gender ? погиб : погибла : погибло}.</MessagePlantDiedOfRot>
  <!-- EN: {0} has died because of poison. -->
  <MessagePlantDiedOfPoison>{0} {0_gender ? погиб : погибла : погибло} из-за отравления.</MessagePlantDiedOfPoison>
  <!-- EN: {1_label} has died because of blight. -->
  <MessagePlantDiedOfBlight>{0} {0_gender ? погиб : погибла : погибло} из-за болезни.</MessagePlantDiedOfBlight>

  <!-- EN: {1_labelShort} is being burned by superheated air! -->
  <MessagePawnBeingBurned>{1_labelShort} получает ожоги от перегретого воздуха!</MessagePawnBeingBurned>

  <!-- EN: {INGESTER} has accidentally overdosed while consuming {DRUG_labelShort}! -->
  <MessageAccidentalOverdose>{INGESTER} {INGESTER_gender ? получил : получила} передозировку {DRUG_labelShort}!</MessageAccidentalOverdose>
  
  <!-- EN: {0} has arrived at its destination. -->
  <MessageCaravanArrivedAtDestination>{0} прибыл к месту назначения.</MessageCaravanArrivedAtDestination>
  
  <!-- EN: {1_labelShort} has left the area and formed a caravan. -->
  <MessagePawnLeftMapAndCreatedCaravan>{1_labelShort} покинул это место и сформировал караван.</MessagePawnLeftMapAndCreatedCaravan>
  <!-- EN: Your animals are moving to join it. -->
  <MessagePawnLeftMapAndCreatedCaravan_AnimalsWantToJoin>Ваши животные присоединяются к нему.</MessagePawnLeftMapAndCreatedCaravan_AnimalsWantToJoin>
  
  <!-- EN: You have successfully settled in a new area. -->
  <MessageSettledInExistingMap>Вы успешно поселились в этом месте.</MessageSettledInExistingMap>
  
  <!-- EN: {PAWN_labelShort}'s {2} has healed. Cause: {0} -->
  <MessagePermanentWoundHealed>У {PAWN_labelShort} проходит {2}. Причина: {0}</MessagePermanentWoundHealed>
  
  <!-- EN: [PAWN_nameDef] has recovered and decided to leave. -->
  <MessageRescueeDidntJoin>Восстановив своё здоровье, [PAWN_nameDef] решает уйти.</MessageRescueeDidntJoin>
  
  <!-- EN: Some transport pods are unreachable. -->
  <MessageTransporterUnreachable>Как минимум одна транспортная капсула недоступна.</MessageTransporterUnreachable>
  <!-- EN: All pod launchers connected to the selected transport pods must be adjacent. -->
  <MessageTransportersNotAdjacent>Все стартовые площадки, относящиеся к выбранным капсулам, должны находиться вплотную друг к другу.</MessageTransportersNotAdjacent>
  
  <!-- EN: The loading process has been canceled because one of the transport pods has been destroyed. -->
  <MessageTransportersLoadCanceled_TransporterDestroyed>Погрузка отменена, поскольку одна из капсул уничтожена.</MessageTransportersLoadCanceled_TransporterDestroyed>
  <!-- EN: The loading process has been canceled because the shuttle has been destroyed. -->
  <MessageTransporterSingleLoadCanceled_TransporterDestroyed>Погрузка отменена, поскольку челнок уничтожен.</MessageTransporterSingleLoadCanceled_TransporterDestroyed>
  <!-- EN: The loading process has been canceled because one of the pod launchers has been destroyed. -->
  <MessageTransportersLoadCanceled_FuelingPortGiverDeSpawned>Погрузка отменена, поскольку одна из пусковых установок уничтожена.</MessageTransportersLoadCanceled_FuelingPortGiverDeSpawned>
  
  <!-- EN: Assigned items and people will now be loaded into the transport pods. -->
  <MessageTransportersLoadingProcessStarted>Погрузка указанных вещей и пассажиров в капсулы начата.</MessageTransportersLoadingProcessStarted>
  <!-- EN: Assigned items and people will now be loaded into the shuttle. -->
  <MessageTransporterSingleLoadingProcessStarted>Погрузка указанных вещей и пассажиров в челнок начата.</MessageTransporterSingleLoadingProcessStarted>
  
  <!-- EN: Your transport pods have arrived. -->
  <MessageTransportPodsArrived>Ваши транспортные капсулы прибыли к месту назначения.</MessageTransportPodsArrived>
  <!-- EN: Your transport pods have arrived, but since there were no colonists inside, the contents are lost. -->
  <MessageTransportPodsArrivedAndLost>Ваши транспортные капсулы прибыли к месту назначения, но поскольку рядом не было ни одного вашего поселенца, их груз потерян безвозвратно.</MessageTransportPodsArrivedAndLost>
  <!-- EN: Your transport pods have arrived. The contents have been added to {0}. -->
  <MessageTransportPodsArrivedAndAddedToCaravan>Ваши транспортные капсулы прибыли к месту назначения. Пассажиров и груз подобрал {0}.</MessageTransportPodsArrivedAndAddedToCaravan>
  
  <!-- EN: Transport pod loading complete. Launch when ready. -->
  <MessageFinishedLoadingTransporters>Загрузка транспортных капсул завершена.</MessageFinishedLoadingTransporters>
  <!-- EN: Shuttle is loaded with required cargo and can launch when ready. -->
  <MessageFinishedLoadingTransporterSingle>Загрузка челнока завершена.</MessageFinishedLoadingTransporterSingle>

  <!-- EN: Your {1} can't finish loading the transport pods because some items or people became unavailable ({2_labelShort}). -->
  <MessageCantLoadMoreIntoTransporters>Ваши {1} не могут завершить погрузку из-за отсутствия доступа к некоторым людям или вещам: {2_labelShort}.</MessageCantLoadMoreIntoTransporters>
  
  <!-- EN: Selected destination is invalid. -->
  <MessageTransportPodsDestinationIsInvalid>Выбрано неподходящее место назначения.</MessageTransportPodsDestinationIsInvalid>
  <!-- EN: Each pod launcher would need at least {0}x chemfuel to send transport pods that far. -->
  <MessageTransportPodsDestinationIsTooFar>Каждая капсула должна иметь в баках хотя бы {0} единиц топлива, чтобы долететь сюда.</MessageTransportPodsDestinationIsTooFar>
  
  <!-- EN: The caravan has been reformed. -->
  <MessageReformedCaravan>Караван готов к пути.</MessageReformedCaravan>
  
  <!-- EN: You can't banish the last colonist. -->
  <MessageCantBanishLastColonist>Вы не можете изгнать последнего поселенца.</MessageCantBanishLastColonist>

  <!-- EN: Cannot equip: {0}. -->
  <MessageCantEquipCustom>Невозможно взять оружие: {0}</MessageCantEquipCustom>
  <!-- EN: Cannot equip: {1_labelShort} is incapable of violence. -->
  <MessageCantEquipIncapableOfViolence>Невозможно взять оружие: {1_labelShort} {1_gender ? неспособен : неспособна} к насилию.</MessageCantEquipIncapableOfViolence>
  <!-- EN: Cannot equip: Incapable. -->
  <MessageCantEquipIncapableOfManipulation>Поселенец не в состоянии взять это оружие.</MessageCantEquipIncapableOfManipulation>
  <!-- EN: Cannot wear: {1_labelShort} is missing required body parts. -->
  <MessageCantWearApparelMissingBodyParts>Невозможно надеть: у {1_labelShort}: отсутствуют нужные части тела.</MessageCantWearApparelMissingBodyParts>
  <!-- EN: This person refuses to remove this. -->
  <MessageCantUnequipLockedApparel>Этот человек отказывается снимать эту одежду. </MessageCantUnequipLockedApparel>
  <!-- EN: Cannot wear: This would replace apparel {1_labelShort} refues to remove. -->
  <MessageWouldReplaceLockedApparel>Невозможно надеть: {1_labelShort} отказывается снимать свою одежду.</MessageWouldReplaceLockedApparel>
  
  <!-- EN: Because they are bonded, slaughtering {DESIGNATED_labelShort} will make {BONDED_labelShort} unhappy. -->
  <MessageSlaughteringBondedAnimal>Если вы убьёте {DESIGNATED_labelShort}, {BONDED_labelShort} расстроится из-за своей привязанности к этому животному.</MessageSlaughteringBondedAnimal>
  
  <!-- EN: {0} has run out of food ({PAWN_label}). -->
  <MessageCaravanRanOutOfFood>{0} остался без еды. {PAWN_label} {PAWN_gender ? голоден : голодна}.</MessageCaravanRanOutOfFood>
  <!-- EN: {PAWN_definite}'s corpse has been picked up by the caravan. It is heavy and may immobilize the caravan, but can be left behind in the caravan items tab. -->
  <MessageCaravanDeathCorpseAddedToInventory>Караван подобрал тело {PAWN_definite}. Оно тяжёлое и замедляет движение, но его можно оставить во вкладке «Груз».</MessageCaravanDeathCorpseAddedToInventory>

  <!-- EN: To form a caravan, select your own colony or a site where you have people. -->
  <MessageSelectOwnBaseToFormCaravan>Чтобы снарядить караван, выберите своё поселение или любое место, где есть ваши поселенцы.</MessageSelectOwnBaseToFormCaravan>

  <!-- EN: At this resolution and UI scale, the game interface would not fit on-screen. Please reduce UI scale or increase resolution. -->
  <MessageScreenResTooSmallForUIScale>При таком разрешении и таком масштабе интерфейса он не будет помещаться на экране. Пожалуйста, уменьшите масштаб интерфейса или выберите другое разрешение.</MessageScreenResTooSmallForUIScale>
  
  <!-- EN: You have to reform the caravan now. Everyone left behind will be abandoned. -->
  <MessageYouHaveToReformCaravanNow>Нужно отправляться прямо сейчас! Все, кто останется, будут брошены на произвол судьбы.</MessageYouHaveToReformCaravanNow>
  
  <!-- EN: {0} from {1} are attacking your {2}. -->
  <MessageDefendersAttacking>{0} из фракции {1} нападают на вас.</MessageDefendersAttacking>
  <!-- EN: Mechanoids have been assembled and will defend their cluster. -->
  <MessageMechanoidsAssembled>Сборка механоидов завершена, и они будут защищать свой кластер.</MessageMechanoidsAssembled>
  <!-- EN: Remaining mechanoids to assemble -->
  <MessageMechanoidsLeftToAssemble>Оставшиеся механоиды для сборки</MessageMechanoidsLeftToAssemble>
  <!-- EN: Mech drop beacon has summoned reinforcements in drop pods nearby. -->
  <MessageMechanoidsReinforcementsDrop>Маяк механоидов вызвал подкрепление. Оно прибыло в капсулах.</MessageMechanoidsReinforcementsDrop>

  <!-- EN: To self-tend, {1_labelShort} must also be assigned to Doctor work. -->
  <MessageSelfTendUnsatisfied>Чтобы выполнять самолечение, {1_labelShort} {1_gender ? должен : должна} быть {1_gender ? назначен : назначена} Врачом.</MessageSelfTendUnsatisfied>
  <!-- EN: {1_labelShort} is incapable of doing Doctor work, and so cannot ever self-tend. -->
  <MessageCannotSelfTendEver>{1_labelShort} не в состоянии выполнять работу Врача, включая самолечение.</MessageCannotSelfTendEver>
  
  <!-- EN: This tile is impassable. -->
  <MessageCantAddWaypointBecauseImpassable>Эта область непроходима.</MessageCantAddWaypointBecauseImpassable>
  <!-- EN: It's not possible to reach this tile from the last waypoint. -->
  <MessageCantAddWaypointBecauseUnreachable>К этому месту невозможно пройти из последней точки маршрута.</MessageCantAddWaypointBecauseUnreachable>
  <!-- EN: You can't add more than {0} waypoints. -->
  <MessageCantAddWaypointBecauseLimit>Невозможно создать более {0} точек маршрута.</MessageCantAddWaypointBecauseLimit>
  <!-- EN: You can't remove this waypoint. -->
  <MessageCantRemoveWaypointBecauseFirst>Эту точку маршрута невозможно удалить.</MessageCantRemoveWaypointBecauseFirst>
  
  <!-- EN: None of your wardens is capable of violence. The execution won't be performed. -->
  <MessageCantDoExecutionBecauseNoWardenCapableOfViolence>Казнь невозможно осуществить: ни один из надзирателей не способен к насилию.</MessageCantDoExecutionBecauseNoWardenCapableOfViolence>
  
  <!-- EN: You have defeated all enemies. In {0}, the caravan will automatically be reformed. -->
  <MessageSiteCountdownBecauseNoMoreEnemies>Вы победили всех противников. Через {0} караван продолжит свой путь.</MessageSiteCountdownBecauseNoMoreEnemies>
  <!-- EN: In {0}, the caravan will automatically be reformed. You can reform the caravan now in the World screen. -->
  <MessageSiteCountdownBecauseNoEnemiesInitially>Через {0} караван продолжит путь. Вы можете досрочно отправить караван, перейдя на карту мира.</MessageSiteCountdownBecauseNoEnemiesInitially>

  <!-- EN: Cannot banish {1_labelShort} since {1_pronoun} cannot walk. -->
  <MessageCantBanishDownedPawn>Невозможно изгнать {PAWN_labelShort}, так как {PAWN_pronoun} не может ходить.</MessageCantBanishDownedPawn>

  <!-- EN: {0} have woken up. -->
  <MessageSleepingPawnsWokenUp>{0} пробудились.</MessageSleepingPawnsWokenUp>
  <!-- EN: Mech cluster buildings have been defeated. -->
  <MessageMechClusterDefeated>Кластер механоидов уничтожен.</MessageMechClusterDefeated>

  <!-- EN: Item produced: {0}. -->
  <MessageCompSpawnerSpawnedItem>Воспроизводит: {0}.</MessageCompSpawnerSpawnedItem>

  <!-- EN: Health condition healed: {0}. -->
  <MessageHediffCuredByItem>Излечена болезнь: {0}.</MessageHediffCuredByItem>
  <!-- EN: Body part restored: {0}. -->
  <MessageBodyPartCuredByItem>Восстановлена часть тела: {0}.</MessageBodyPartCuredByItem>
  <!-- EN: Technology given: {0}. -->
  <MessageResearchProjectFinishedByItem>Получена технология: {0}.</MessageResearchProjectFinishedByItem>

  <!-- EN: {0} has been brought back to life! -->
  <MessagePawnResurrected>Вы воскресили {0}!</MessagePawnResurrected>

  <!-- EN: You have failed to rescue {PAWN_labelShort}. This will make {RELATIVE_labelShort} sad. -->
  <MessageFailedToRescueRelative>Вам не удалось спасти {PAWN_labelShort}. {RELATIVE_labelShort} будет горевать.</MessageFailedToRescueRelative>
  <!-- EN: You have rescued {PAWN_labelShort}. This will make {RELATIVE_labelShort} happy. -->
  <MessageRescuedRelative>Вы спасли {PAWN_labelShort}. {RELATIVE_labelShort} обрадуется этому.</MessageRescuedRelative>

  <!-- EN: The tornado has left the map. -->
  <MessageTornadoLeftMap>Смерч покинул местность.</MessageTornadoLeftMap>
  <!-- EN: The tornado has dissipated. -->
  <MessageTornadoDissipated>Смерч рассеялся.</MessageTornadoDissipated>

  <!-- EN: No conscious, capable diplomat. -->
  <MessagePeaceTalksNoDiplomat>Нет подходящего дипломата, или он без сознания.</MessagePeaceTalksNoDiplomat>

  <!-- EN: Warning: {0} cannot live when exposed to light. -->
  <MessageWarningCavePlantsExposedToLight>Внимание: {0} не выживет на свету.</MessageWarningCavePlantsExposedToLight>

  <!-- EN: {PAWN_labelShort} couldn't reach {OLDTARGET_label} so {PAWN_pronoun} decided to redirect {PAWN_possessive} anger at {TARGET_label}. -->
  <MessageTargetedTantrumChangedTarget>{PAWN_labelShort} не может добраться до {OLDTARGET_label} и направляет свою ярость на {TARGET_label}.</MessageTargetedTantrumChangedTarget>

  <!-- EN: {PAWN_labelShort} couldn't reach {OLDTARGET_label} so {PAWN_pronoun} decided to redirect {PAWN_possessive} anger at {TARGET_label}. -->
  <MessageTargetedInsultingSpreeChangedTarget>{PAWN_labelShort} не может добраться до {OLDTARGET_label} и направляет свою ярость на {TARGET_label}.</MessageTargetedInsultingSpreeChangedTarget>

  <!-- EN: {PAWN_labelShort} has decided to redirect {PAWN_possessive} anger at {TARGET_label}. -->
  <MessageMurderousRageChangedTarget>{PAWN_labelShort} направляет свою ярость на {TARGET_label}.</MessageMurderousRageChangedTarget>

  <!-- EN: {0} cannot grow underneath a roof. -->
  <MessagePlantIncompatibleWithRoof>{0} не растёт под крышей.</MessagePlantIncompatibleWithRoof>
  <!-- EN: Cannot build a roof over {0}. -->
  <MessageRoofIncompatibleWithPlant>Нельзя построить крышу над этим растением: {0}.</MessageRoofIncompatibleWithPlant>

  <!-- EN: To leave the area, use the 'reform caravan' button in the world view. -->
  <MessagePlayerTriedToLeaveMapViaExitGrid_CanReform>Чтобы покинуть это место, нажмите кнопку «Продолжить путь» во вкладке «Мир».</MessagePlayerTriedToLeaveMapViaExitGrid_CanReform>
  <!-- EN: You can't leave the map now. -->
  <MessagePlayerTriedToLeaveMapViaExitGrid_CantReform>Вы не можете покинуть это место сейчас.</MessagePlayerTriedToLeaveMapViaExitGrid_CantReform>

  <!-- EN: Relations with {0} have changed from {1} to {2}. -->
  <MessageGoodwillChanged>Отношения с фракцией {0} изменились с {1} до {2}.</MessageGoodwillChanged>
  <!-- EN: Relations with {0} have changed from {1} to {2} ({3}). -->
  <MessageGoodwillChangedWithReason>Отношения с фракцией {0} изменились с {1} до {2} ({3}).</MessageGoodwillChangedWithReason>
  <!-- EN: attacked {1_labelShort} -->
  <GoodwillChangedReason_AttackedPawn>{1_labelShort} {1_gender ? атакован : атакована}</GoodwillChangedReason_AttackedPawn>
  <!-- EN: used {ITEM_labelShort} on {TARGET_labelShort} -->
  <GoodwillChangedReason_UsedItem>на {TARGET_labelShort} использовали {ITEM_labelShort}</GoodwillChangedReason_UsedItem>
  <!-- EN: used {0} on {1} -->
  <GoodwillChangedReason_UsedAbility>к {1} применили {0}</GoodwillChangedReason_UsedAbility>
  <!-- EN: harvested {0} -->
  <GoodwillChangedReason_RemovedBodyPart>{0_gender ? изъят : изъята : изъято} {0}</GoodwillChangedReason_RemovedBodyPart>
  <!-- EN: removed {0} -->
  <GoodwillChangedReason_RemovedImplant>удалён {0}</GoodwillChangedReason_RemovedImplant>
  <!-- EN: downgraded {0} -->
  <GoodwillChangedReason_DowngradedImplant>понижен уровень импланта {0}</GoodwillChangedReason_DowngradedImplant>
  <!-- EN: needlessly installed {0} -->
  <GoodwillChangedReason_NeedlesslyInstalledWorseBodyPart>без нужды {0_gender ? установлен : установлена : установлено} {0}</GoodwillChangedReason_NeedlesslyInstalledWorseBodyPart>
  <!-- EN: captured {1_labelShort} -->
  <GoodwillChangedReason_CapturedPawn>{1_labelShort} {1_gender ? захвачен : захвачена} в плен</GoodwillChangedReason_CapturedPawn>
  <!-- EN: {1_labelShort} crushed -->
  <GoodwillChangedReason_PawnCrushed>{1_labelShort} {1_gender ? попал : попала} под обрушение потолка</GoodwillChangedReason_PawnCrushed>
  <!-- EN: {1_labelShort} died -->
  <GoodwillChangedReason_PawnDied>{1_labelShort} {1_gender ? погиб : погибла}</GoodwillChangedReason_PawnDied>
  <!-- EN: {0_labelShort} stripped -->
  <GoodwillChangedReason_PawnStripped>{0_labelShort} {0_gender ? раздет : раздета}</GoodwillChangedReason_PawnStripped>
  <!-- EN: traded -->
  <GoodwillChangedReason_Traded>заключена крупная сделка</GoodwillChangedReason_Traded>
  <!-- EN: attacked a caravan -->
  <GoodwillChangedReason_AttackedCaravan>атакован караван</GoodwillChangedReason_AttackedCaravan>
  <!-- EN: natural tendency to reach {0} over time -->
  <GoodwillChangedReason_NaturallyOverTime>репутация стремится к {0} естественным образом</GoodwillChangedReason_NaturallyOverTime>
  <!-- EN: {1_labelShort} exited the map healthy -->
  <GoodwillChangedReason_ExitedMapHealthy>{1_labelShort} {1_gender ? ушёл : ушла} в здравии</GoodwillChangedReason_ExitedMapHealthy>
  <!-- EN: tended to {1_labelShort} -->
  <GoodwillChangedReason_Tended>{1_labelShort} {1_gender ? получил : получила} уход</GoodwillChangedReason_Tended>
  <!-- EN: received a gift -->
  <GoodwillChangedReason_ReceivedGift>получен подарок</GoodwillChangedReason_ReceivedGift>
  <!-- EN: fulfilled a trade offer -->
  <GoodwillChangedReason_FulfilledTradeRequest>исполнен торговый запрос</GoodwillChangedReason_FulfilledTradeRequest>
  <!-- EN: finished a quest -->
  <GoodwillChangedReason_FinishedQuest>выполнено задание</GoodwillChangedReason_FinishedQuest>
  <!-- EN: {PAWN_labelShort} used {CULPRIT} -->
  <GoodwillChangedReason_UsedForbiddenThing>{PAWN_labelShort} {PAWN_gender ? использовал : использовала} {CULPRIT}</GoodwillChangedReason_UsedForbiddenThing>
  <!-- EN: sold {0_labelShort} -->
  <GoodwillChangedReason_SoldPawn>{0_gender ? продан : продана} {0_labelShort}</GoodwillChangedReason_SoldPawn>
  <!-- EN: euthanized {PAWN_labelShort} -->
  <GoodwillChangedReason_EuthanizedPawn>{PAWN_labelShort} {PAWN_gender ? подвергнут : подвергнута} эвтаназии</GoodwillChangedReason_EuthanizedPawn>
  <!-- EN: requested military aid -->
  <GoodwillChangedReason_RequestedMilitaryAid>запрошена военная помощь</GoodwillChangedReason_RequestedMilitaryAid>
  <!-- EN: requested trader caravan -->
  <GoodwillChangedReason_RequestedTrader>запрошен торговый караван</GoodwillChangedReason_RequestedTrader>
  <!-- EN: caused neuroquake echo -->
  <GoodwillChangedReason_CausedNeuroquakeEcho>вызван нейрошторм</GoodwillChangedReason_CausedNeuroquakeEcho>
  <!-- EN: caused berserk on {PAWN_labelShort} -->
  <GoodwillChangedReason_CausedBerserk>{PAWN_labelShort} {PAWN_gender ? введён : введена} в состояние берсерка</GoodwillChangedReason_CausedBerserk>
  <!-- EN: attacked {0_name} -->
  <GoodwillChangeReason_AttackedFaction>фракция {0_name} атакована</GoodwillChangeReason_AttackedFaction>
  <!-- EN: shuttle destroyed -->
  <GoodwillChangeReason_ShuttleDestroyed>челнок уничтожен</GoodwillChangeReason_ShuttleDestroyed>
  <!-- EN: civilians lost -->
  <GoodwillChangeReason_CiviliansLost>погибли гражданские</GoodwillChangeReason_CiviliansLost>
  <!-- EN: commander lost -->
  <GoodwillChangeReason_CommanderLost>погиб командир</GoodwillChangeReason_CommanderLost>

  <!-- EN: {0} accept your gift but they don't appreciate it. -->
  <MessageGiftGivenButNotAppreciated>Во фракции {0} принимают ваш подарок, но не придают ему значения.</MessageGiftGivenButNotAppreciated>

  <!-- EN: The caravan is already encumbered and can't carry anything else. -->
  <MessageCantGiveGiftBecauseCantCarryEncumbered>Караван уже достаточно загружен и не может взять больше ничего.</MessageCantGiveGiftBecauseCantCarryEncumbered>
  <!-- EN: The caravan can't carry that much. The gifts weigh {0} but the caravan can only carry {1} more. -->
  <MessageCantGiveGiftBecauseCantCarry>Караван не может переносить так много. Подарки весят {0}, а караван может взять только на {1} больше.</MessageCantGiveGiftBecauseCantCarry>

  <!-- EN: {0} has formed and is now traveling on the world map. -->
  <MessageFormedCaravan>{0} сформирован и начинает своё путешествие.</MessageFormedCaravan>
  <!-- EN: Orders -->
  <MessageFormedCaravan_Orders>Цель</MessageFormedCaravan_Orders>

  <!-- EN: {1}'s "{0}" can no longer deliver to deleted stockpile {2}. -->
  <MessageBillValidationStoreZoneDeleted>Невозможно отнести результат выполнения задачи «{0}» к области {2}, поскольку она была удалена.</MessageBillValidationStoreZoneDeleted>
  <!-- EN: {1}'s "{0}" can no longer deliver to unavailable stockpile {2}. -->
  <MessageBillValidationStoreZoneUnavailable>Невозможно отнести результат выполнения задачи «{0}» к области {2}, поскольку она вне досягаемости.</MessageBillValidationStoreZoneUnavailable>
  <!-- EN: {0} can no longer work on "{1}" at {2}. The restriction has been removed. -->
  <MessageBillValidationPawnUnavailable>{0} больше не может работать над задачей «{1}». Ограничение снято.</MessageBillValidationPawnUnavailable>
  <!-- EN: {1}'s "{0}" can no longer count items in deleted stockpile {2}. -->
  <MessageBillValidationIncludeZoneDeleted>Невозможно посчитать число предметов, указанное для задачи «{0}», поскольку область {2} была удалена.</MessageBillValidationIncludeZoneDeleted>
  <!-- EN: {1}'s "{0}" can no longer count items in unavailable stockpile {2}. -->
  <MessageBillValidationIncludeZoneUnavailable>Невозможно посчитать число предметов, указанное для задачи «{0}», поскольку {2} вне досягаемости.</MessageBillValidationIncludeZoneUnavailable>
  <!-- EN: {1}'s "{0}" can no longer deliver all products to stockpile {2}. -->
  <MessageBillValidationStoreZoneInsufficient>Невозможно отнести все результаты выполнения задачи «{0}» к области {2}.</MessageBillValidationStoreZoneInsufficient>

  <!-- EN: Because of a lack of taming maintenance, {1_labelShort} has returned to the wild. -->
  <MessageAnimalReturnedWild>Из-за долгого отсутствия попыток приручения {1_labelShort} вновь {1_gender ? одичал : одичала}.</MessageAnimalReturnedWild>
  <!-- EN: Due to a lack of maintenance training, {ANIMAL_labelShort} has lost a skill: {1} -->
  <MessageAnimalLostSkill>Из-за долгого отсутствия тренировок {ANIMAL_labelShort} {ANIMAL_gender ? потерял : потеряла} навык: {1}</MessageAnimalLostSkill>

  <!-- EN: Translation report written to {0} -->
  <MessageTranslationReportSaved>Отчёт о переводе записан в файл {0}</MessageTranslationReportSaved>

  <!-- EN: {0} couldn't reach its destination. -->
  <MessageCaravanArrivalActionNoLongerValid>{0} не может достичь места назначения.</MessageCaravanArrivalActionNoLongerValid>

  <!-- EN: Too dangerous to re-enter for {0}. -->
  <MessageEnterCooldownBlocksEntering>Это место посещать слишком слишком опасно ещё ^Number( {0} | '# день' | '# дня' | '# дней')^.</MessageEnterCooldownBlocksEntering>

  <!-- EN: {0_labelShort} can now freely use "{1}". -->
  <MessagePermitCooldownFinished>{0_labelShort} теперь может свободно пользоваться привилегией «{1}»</MessagePermitCooldownFinished>

  <!-- EN: {PREDATOR} is hunting {PREY_definite} ({PREY_kindBase}) for food! -->
  <MessagePredatorHuntingPlayerAnimal>{PREDATOR} охотится на {PREY_definite} ({PREY_kindBase})!</MessagePredatorHuntingPlayerAnimal>

  <!-- EN: Prisoner {PRISONER_labelShort}'s resistance has been broken by {WARDEN_labelShort}. -->
  <MessagePrisonerResistanceBroken>{WARDEN_labelShort} успешно преодолевает психологическое сопротивление {PRISONER_gender ? пленника : пленницы} по имени {PRISONER_labelShort}.</MessagePrisonerResistanceBroken>
  <!-- EN: Recruitment attempts will begin. -->
  <MessagePrisonerResistanceBroken_RecruitAttempsWillBegin>С этого момента можно начинать вербовку.</MessagePrisonerResistanceBroken_RecruitAttempsWillBegin>

  <!-- EN: Another mod with the package ID {0} is already active. Deactivate {1} before trying to activate this. -->
  <MessageModWithPackageIdAlreadyEnabled>Другой мод с ID {0} уже активен. Сначала деактивируйте {1}.</MessageModWithPackageIdAlreadyEnabled>
  <!-- EN: Disable all mods before using this tool. -->
  <MessageDisableModsBeforeCleaningTranslationFiles>Перед использованием этого инструмента требуется отключить все моды.</MessageDisableModsBeforeCleaningTranslationFiles>
  <!-- EN: Unpack and then delete all compressed translation files for this language before using this tool. -->
  <MessageUnpackBeforeCleaningTranslationFiles>Перед использованием этого инструмента распакуйте и удалите сжатые файлы с переводом на этот язык.</MessageUnpackBeforeCleaningTranslationFiles>
  <!-- EN: Done. Affected folders: {0} -->
  <MessageTranslationFilesCleanupDone>Готово. Изменены папки: {0}</MessageTranslationFilesCleanupDone>

  <!-- EN: One of the translation files ({0}) couldn't be loaded. All XML parsing errors must be resolved first. -->
  <MessageCantCleanupTranslationFilesBeucaseOfXmlError>Невозможно загрузить один из файлов локализации: {0}. Устраните ошибки, связанные с неверным форматом XML.</MessageCantCleanupTranslationFilesBeucaseOfXmlError>

  <!-- EN: Warning: Capturing {PAWN_nameDef} will anger {PAWN_possessive} faction {PAWN_factionName}. -->
  <MessageCapturingWillAngerFaction>Внимание: захват {PAWN_nameDef} испортит отношения с фракцией {PAWN_factionName}.</MessageCapturingWillAngerFaction>

  <!-- EN: Warning: Stripping {PAWN_nameDef} will anger {PAWN_factionName}. -->
  <MessageStrippingWillAngerFaction>Внимание: если вы разденете {PAWN_nameDef}, это испортит отношения с фракцией {PAWN_factionName}.</MessageStrippingWillAngerFaction>

  <!-- EN: Cannot shoot in melee. -->
  <MessageCantShootInMelee>В рукопашном бою невозможно стрелять.</MessageCantShootInMelee>

  <!-- EN: None of your {0} can accept this quest now. -->
  <MessageNoColonistCanAcceptQuest>Ни один из ваших ^Replace( {0} | 'члены племени'-'членов племени' | 'поселенцы'-'поселенцев')^ {0} не может принять это задание.</MessageNoColonistCanAcceptQuest>
  <!-- EN: Cannot accept this quest. -->
  <MessageCannotAcceptQuest>Невозможно принять задание.</MessageCannotAcceptQuest>
  <!-- EN: {0_definite} has accepted a quest: {1} -->
  <MessageQuestAccepted>{0_definite} {0_gender ? принял : приняла} задание «{1}»</MessageQuestAccepted>
  <!-- EN: {0} is leaving. -->
  <MessagePawnLeaving>{0} уходит.</MessagePawnLeaving>
  <!-- EN: {0} are leaving. -->
  <MessagePawnsLeaving>{0} уходят.</MessagePawnsLeaving>

  <!-- EN: The monument has been destroyed because you've built a disallowed building inside. -->
  <MessageMonumentDestroyedBecauseOfDisallowedBuilding>Монумент уничтожен, поскольку вы построили внутри него недопустимое сооружение.</MessageMonumentDestroyedBecauseOfDisallowedBuilding>

  <!-- EN: Cannot apply: No reachable, un-reserved research bench available. -->
  <MessageNoResearchBenchForTechprint>Невозможно применить чертёж: нет незанятого стола для исследований в зоне досягаемости.</MessageNoResearchBenchForTechprint>

  <!-- EN: No valid destination found for {0} -->
  <NoValidDestinationFound>Не найдено точки назначения для способности {0}</NoValidDestinationFound>
  
  <!-- Research -->
  <!-- EN: Warning: Research will not begin until you build a research bench. -->
  <MessageResearchMenuWithoutBench>Внимание: исследование не начнётся, пока вы не построите стол для исследований.</MessageResearchMenuWithoutBench>

  <!-- EN: {0_indefinite} has triggered a proximity activator. -->
  <MessageActivatorProximityTriggered>{0_indefinite} {0_gender ? активировал : активировала} датчик движения.</MessageActivatorProximityTriggered>

  <!-- EN: {0_label} is currently hidden. -->
  <MessageCannotSelectInvisibleStat>Показатель «{0_label}» в данный момент скрыт.</MessageCannotSelectInvisibleStat>

  <!-- EN: {PAWN_nameDef} is a prisoner -->
  <MessagePrisonerCannotEquipWeapon>{PAWN_nameDef} — {PAWN_gender ? пленник : пленница}.</MessagePrisonerCannotEquipWeapon>

</LanguageData>