﻿<?xml version="1.0" encoding="UTF-8"?>
<LanguageData>

  <!-- Various -->
  <!-- EN: hit points -->
  <HitPointsBasic>Прочность</HitPointsBasic>
  <!-- EN: Work left -->
  <WorkLeft>Работы осталось</WorkLeft>
  <!-- EN: Contents -->
  <Contents>Содержит</Contents>
  <!-- EN: Contained resources -->
  <ContainedResources>Содержащиеся ресурсы</ContainedResources>
  <!-- EN: For prisoner use -->
  <ForPrisonerUse>Для пленников</ForPrisonerUse>
  <!-- EN: In prison cell: For prisoner use -->
  <InPrisonCell>В тюремной камере — для пленников</InPrisonCell>
  <!-- EN: For colonist use -->
  <ForColonistUse>Для поселенцев</ForColonistUse>
  <!-- EN: Medical -->
  <MedicalBed>Медицинская</MedicalBed>
  <!-- EN: Owner -->
  <Owner>Владелец</Owner>
  <!-- EN: Owners -->
  <Owners>Владельцы</Owners>
  <!-- EN: Assigned colonist -->
  <AssignedColonist>Назначенный поселенец</AssignedColonist>
  <!-- EN: Died on the {0} -->
  <DiedOn>Дата смерти: {0}</DiedOn>
  <!-- EN: Nobody -->
  <Nobody>Никто</Nobody>
  <!-- EN: Unowned -->
  <Unowned>Ничья</Unowned>
  <!-- EN: Dead for {0} -->
  <DeadTime>Труп ({0})</DeadTime>
  <!-- EN: walk speed {0} -->
  <WalkSpeed>скорость передвижения {0}</WalkSpeed>
  <!-- EN: fert. -->
  <FertShort>плодородность</FertShort>
  <!-- EN: dying -->
  <DyingLower>умирает</DyingLower>
  <!-- EN: Filth on feet: -->
  <FilthOnFeet>Грязь на ногах:</FilthOnFeet>
  <!-- EN: not enough stored -->
  <NotEnoughStoredLower>недостаточно на складе</NotEnoughStoredLower>
  <!-- EN: nothing -->
  <NothingLower>ничего</NothingLower>
  <!-- EN: Nothing -->
  <Nothing>Ничего</Nothing>
  <!-- EN: Adapted -->
  <Adapted>Устойчивость</Adapted>
  <!-- EN: fresh -->
  <FreshMissingBodyPart>недавно</FreshMissingBodyPart>
  <!-- EN: developed immunity -->
  <DevelopedImmunityLower>выработан иммунитет</DevelopedImmunityLower>
  <!-- EN: Needs tending now -->
  <NeedsTendingNow>Требуется лечение</NeedsTendingNow>
  <!-- EN: Can tend now -->
  <CanTendNow>Можно лечить</CanTendNow>
  <!-- EN: Tending expires in {0} -->
  <TreatmentExpiresIn>Срок лечения истекает через {0}</TreatmentExpiresIn>
  <!-- EN: Can be tended in {0} -->
  <NextTendIn>Повторное лечение через {0}</NextTendIn>
  <!-- EN: Tend quality -->
  <TendQuality>Качество лечения</TendQuality>
  <!-- EN: no {0} -->
  <MissingMedicalBillIngredient>нет {0}</MissingMedicalBillIngredient>
  <!-- EN: Immunity -->
  <Immunity>Иммунитет выработан</Immunity>
  <!-- EN: {0} days to recover -->
  <DaysToRecover>^Number( {0} | '# день' | '# дня' | '# дней')^ до восстановления</DaysToRecover>
  <!-- EN: Ineffective -->
  <Ineffective>Неэффективно</Ineffective>
  <!-- EN: illegal -->
  <Illegal>незаконно</Illegal>
  <!-- EN: detection chance -->
  <DetectionChance>шанс обнаружения</DetectionChance>
  <!-- EN: Race -->
  <Race>Раса</Race>
  <!-- EN: Description -->
  <Description>Описание</Description>
  <!-- EN: Equipment -->
  <Equipment>Оружие</Equipment>
  <!-- EN: Apparel -->
  <Apparel>Одежда</Apparel>
  <!-- EN: Inventory -->
  <Inventory>Груз</Inventory>
  <!-- EN: Information -->
  <ThingInfo>Информация</ThingInfo>
  <!-- EN: Drop -->
  <DropThing>Выкинуть</DropThing>
  <!-- EN: Temporary faction members will not drop their items. -->
  <DropThingLodger>Временные члены фракции не будут выкидывать свои вещи.</DropThingLodger>
  <!-- EN: This person refuses to drop this. -->
  <DropThingLocked>Этот человек отказывается выкидывать эту вещь.</DropThingLocked>
  <!-- EN: Rename -->
  <Rename>Переим.</Rename>
  <!-- EN: Rename animal -->
  <RenameAnimal>Переименовать</RenameAnimal>
  <!-- EN: Rename colonist -->
  <RenameColonist>Переименовать</RenameColonist>
  <!-- EN: Renounce title -->
  <RenounceTitle>Отречься от титула</RenounceTitle>
  <!-- EN: {0} of {1} -->
  <TitleOfFaction>{0} в {1}</TitleOfFaction>
  <!-- EN: This action will make {PAWN_nameDef} lose {PAWN_possessive} {TITLE} title. You will receive no compensation for renouncing the title.\n\nThis will have the following effects:\n\n{EFFECTS} -->
  <RenounceTitleDescription>Это действие заставит {PAWN_nameDef} потерять свой титул {TITLE}. Вы не получите никакой компенсации за отречение от титула.\n\nОно повлечёт за собой следующие последствия:\n\n{EFFECTS}</RenounceTitleDescription>
  <!-- EN: {PAWN_possessive} will lose these permissions -->
  <RenounceTitleWillLoosePermits>{PAWN_pronoun} потеряет следующие привилегии</RenounceTitleWillLoosePermits>
  <!-- EN: unknown -->
  <UnknownLower>неизвестно</UnknownLower>
  <!-- EN: On -->
  <On>Вкл</On>
  <!-- EN: Off -->
  <Off>Выкл</Off>
  <!-- EN: Power -->
  <PowerSwitch_Power>Питание</PowerSwitch_Power>
  <!-- EN: Recreation type tolerances -->
  <JoyTolerances>Привычность</JoyTolerances>
  <!-- EN: Milk fullness -->
  <MilkFullness>Накоплено молока</MilkFullness>
  <!-- EN: Wool growth -->
  <WoolGrowth>Выросло шерсти</WoolGrowth>
  <!-- EN: Egg progress -->
  <EggProgress>Яйцо</EggProgress>
  <!-- EN: Fertilized -->
  <Fertilized>Оплодотворена</Fertilized>
  <!-- EN: Progress stopped until fertilized -->
  <ProgressStoppedUntilFertilized>Прогресс остановился до оплодотворения</ProgressStoppedUntilFertilized>
  <!-- EN: need {0} level {2}, have {1} -->
  <SkillTooLow>требуется {0} уровня {2}, сейчас {1}</SkillTooLow>
  <!-- EN: Freezing -->
  <Freezing>Переохлаждение</Freezing>
  <!-- EN: Overheating -->
  <Overheating>Перегрев</Overheating>
  <!-- EN: Ruined by temperature. -->
  <RuinedByTemperature>Испортилось из-за температурных условий.</RuinedByTemperature>
  <!-- EN: Missing body parts -->
  <CorpsePercentMissing>Отсутствуют части тела</CorpsePercentMissing>
  <!-- EN: Reproduces in -->
  <HiveReproducesIn>Расплодится через</HiveReproducesIn>
  <!-- EN: Dormant: Not reproducing. -->
  <DormantHiveNotReproducing>Не воспроизводится: в спячке.</DormantHiveNotReproducing>
  <!-- EN: Next {0} in -->
  <NextSpawnedItemIn>След. {0} через</NextSpawnedItemIn>
  <!-- EN: Next resource in -->
  <NextSpawnedResourceIn>След. порция ресурса через</NextSpawnedResourceIn>
  <!-- EN: Broken down -->
  <BrokenDown>Неисправно</BrokenDown>
  <!-- EN: (bond) -->
  <BondBrackets>(♥)</BondBrackets>
  <!-- EN: Fuel -->
  <Fuel>Топливо</Fuel>
  <!-- EN: Fuel -->
  <FuelLevelGizmoLabel>Топливо</FuelLevelGizmoLabel>
  <!-- EN: Set target fuel level to {0} -->
  <SetTargetFuelLevel>Заправлять топливом до уровня в {0} ед.</SetTargetFuelLevel>
  <!-- EN: Set target fuel level to {0}\nMax distance: {1} tiles -->
  <SetPodLauncherTargetFuelLevel>Заправлять топливом до уровня в {0} ед.\nМакс. дальность полёта: {1} клеток</SetPodLauncherTargetFuelLevel>
  <!-- EN: Target fuel level: {0} -->
  <ConfiguredTargetFuelLevel>Назначенный уровень топлива: {0}</ConfiguredTargetFuelLevel>
  <!-- EN: enemies -->
  <Enemies>враги</Enemies>
  <!-- EN: time passed -->
  <TimePassed>времени прошло</TimePassed>
  <!-- EN: current radius -->
  <CurrentRadius>текущий радиус</CurrentRadius>
  <!-- EN: radius expands in -->
  <RadiusExpandsIn>радиус увеличится через</RadiusExpandsIn>
  <!-- EN: permanent -->
  <Permanent>постоянный</Permanent>
  <!-- EN: Resting -->
  <CaravanResting>Отдых</CaravanResting>
  <!-- EN: using 1 bedroll -->
  <UsingBedroll>1 чел. в спальном мешке</UsingBedroll>
  <!-- EN: using {0} bedrolls -->
  <UsingBedrolls>{0} чел. в спальных мешках</UsingBedrolls>
  <!-- EN: Est. time to destination: {0} days -->
  <CaravanEstimatedTimeToDestination>Расчётное время в пути: ^Number( {0} | '# день' | '# дня' | '# дней')^</CaravanEstimatedTimeToDestination>
  <!-- EN: Route travel time: {0} days -->
  <CaravanEstimatedDaysToDestination>Длительность маршрута: ^Number( {0} | '# день' | '# дня' | '# дней')^</CaravanEstimatedDaysToDestination>
  <!-- EN: Immobilized: Too much weight. -->
  <CaravanImmobilizedByMass>Невозможно идти: слишком тяжело.</CaravanImmobilizedByMass>
  <!-- EN: Out of food. -->
  <CaravanOutOfFood>Нет еды.</CaravanOutOfFood>
  <!-- EN: Days of food: {0} -->
  <CaravanDaysOfFood>Еды хватит на ^Number( {0} | '# день' | '# дня' | '# дней')^</CaravanDaysOfFood>
  <!-- EN: Days of food: {0} (rot in {1} days) -->
  <CaravanDaysOfFoodRot>Еды хватит на ^Number( {0} | '# день' | '# дня' | '# дней')^, начнёт портиться через ^Number( {1} | '# день' | '# дня' | '# дней')^</CaravanDaysOfFoodRot>
  <!-- EN: Stopped because: Everyone is downed. -->
  <AllCaravanMembersDowned>Остановка: все члены сражены.</AllCaravanMembersDowned>
  <!-- EN: Stopped because: Everyone is in a mental break. -->
  <AllCaravanMembersMentalBreak>Остановка: у всех нервный срыв.</AllCaravanMembersMentalBreak>
  <!-- EN: {0} {1} -->
  <CaravanColonistsCount>{1}, {0} человек</CaravanColonistsCount>
  <!-- EN: 1 animal -->
  <CaravanAnimal>1 животное</CaravanAnimal>
  <!-- EN: {0} animals -->
  <CaravanAnimalsCount>{0} животных</CaravanAnimalsCount>
  <!-- EN: 1 prisoner -->
  <CaravanPrisoner>1 пленник</CaravanPrisoner>
  <!-- EN: {0} prisoners -->
  <CaravanPrisonersCount>{0} пленников</CaravanPrisonersCount>
  <!-- EN: {0} in mental state -->
  <CaravanPawnsInMentalState>{0} в состоянии нервного срыва</CaravanPawnsInMentalState>
  <!-- EN: {0} downed -->
  <CaravanPawnsDowned>{0} сражены</CaravanPawnsDowned>
  <!-- EN: Traveling. -->
  <CaravanTraveling>В пути.</CaravanTraveling>
  <!-- EN: Waiting. -->
  <CaravanWaiting>Ожидает.</CaravanWaiting>
  <!-- EN: Being carried due to illness -->
  <BeingCarriedDueToIllness>На носилках из-за болезни</BeingCarriedDueToIllness>
  <!-- EN: Using bedrolls due to illness -->
  <UsingBedrollsDueToIllness>В спальном мешке из-за болезни</UsingBedrollsDueToIllness>
  <!-- EN: Current tile movement time -->
  <CurrentTileMovementTime>Время пути через текущую клетку</CurrentTileMovementTime>
  <!-- EN: Visibility -->
  <Visibility>Заметность</Visibility>
  <!-- EN: Temperature -->
  <Temperature>Температура</Temperature>
  <!-- EN: bad temperature -->
  <BadTemperature>неподходящая температура</BadTemperature>
  <!-- EN: Ideal fermenting temperature -->
  <IdealFermentingTemperature>Идеальная температура для брожения</IdealFermentingTemperature>
  <!-- EN: {0} effect multiplier: {1} -->
  <DrugEffectMultiplier>множитель эффекта от {0}: {1}</DrugEffectMultiplier>
  <!-- EN: Visiting {0}. -->
  <CaravanVisiting>Посещает {0}.</CaravanVisiting>
  <!-- EN: Entering {0}. -->
  <CaravanEntering>Идёт к {0}.</CaravanEntering>
  <!-- EN: Attacking {0}. -->
  <CaravanAttacking>Нападает на {0}.</CaravanAttacking>
  <!-- EN: Offering gifts to {0}. -->
  <CaravanOfferingGifts>Предлагает подарок {0}.</CaravanOfferingGifts>
  <!-- EN: Trading with {0} -->
  <CaravanTrading>Торгует с {0}</CaravanTrading>
  <!-- EN: Tainted from being worn by a corpse. -->
  <WasWornByCorpse>Снято с трупа.</WasWornByCorpse>
  <!-- EN: T -->
  <WornByCorpseChar>Т</WornByCorpseChar>
  <!-- EN: unroofed -->
  <DeterioratingUnroofed>расположение не под крышей</DeterioratingUnroofed>
  <!-- EN: outdoors -->
  <DeterioratingOutdoors>расположение на улице</DeterioratingOutdoors>
  <!-- EN: Deteriorating because of -->
  <DeterioratingBecauseOf>Ветшает из-за</DeterioratingBecauseOf>
  <!-- EN: Map -->
  <Map>Карта</Map>
  <!-- EN: {0} until enemies arrive -->
  <CaravanDetectedRaidCountdown>{0} до прибытия противников</CaravanDetectedRaidCountdown>
  <!-- EN: Enemy reinforcements will arrive in this area in {0}. -->
  <CaravanDetectedRaidCountdownTip>Вражеские подкрепления прибудут в эту область через {0}.</CaravanDetectedRaidCountdownTip>
  <!-- EN: Room -->
  <Room>Комната</Room>
  <!-- EN: Beauty here -->
  <BeautyHere>Красота</BeautyHere>
  <!-- EN: No power -->
  <NoPower>Нет питания</NoPower>
  <!-- EN: Work speed penalty -->
  <WorkSpeedPenalty>Штраф к скорости работы</WorkSpeedPenalty>
  <!-- EN: DISABLED -->
  <DisabledCommand>ОТКЛЮЧЕНО</DisabledCommand>
  <!-- EN: Ready for launch. -->
  <ReadyForLaunch>Готово к запуску.</ReadyForLaunch>
  <!-- EN: Not ready for launch -->
  <NotReadyForLaunch>Не готово к запуску</NotReadyForLaunch>
  <!-- EN: no fueling port -->
  <NotAllInGroupConnectedToFuelingPort>не подключено к топливному порту</NotAllInGroupConnectedToFuelingPort>
  <!-- EN: no fuel -->
  <NotAllFuelingPortSourcesInGroupHaveAnyFuel>нет топлива</NotAllFuelingPortSourcesInGroupHaveAnyFuel>
  <!-- EN: loading in progress -->
  <TransportPodInGroupHasSomethingLeftToLoad>погрузка ещё не окончена</TransportPodInGroupHasSomethingLeftToLoad>
  <!-- EN: Beyond maximum range -->
  <TransportPodDestinationBeyondMaximumRange>За пределами максимальной дальности</TransportPodDestinationBeyondMaximumRange>
  <!-- EN: Not enough fuel -->
  <TransportPodNotEnoughFuel>Недостаточно топлива</TransportPodNotEnoughFuel>
  <!-- EN: {0} of {1} -->
  <SettlementTrader>{0} из фракции {1}</SettlementTrader>
  <!-- EN: Surgery success chance multiplier from room -->
  <RoomSurgerySuccessChanceFactor>Шанс успешной операции в помещении</RoomSurgerySuccessChanceFactor>
  <!-- EN: Infection chance multiplier from room -->
  <RoomInfectionChanceFactor>Шанс заразиться инфекцией в помещении</RoomInfectionChanceFactor>
  <!-- EN: Closed -->
  <VentClosed>Перекрыта</VentClosed>
  <!-- EN: worn by {1_labelShort} -->
  <WornBy>надето на {1_labelShort}</WornBy>
  <!-- EN: equipped by {1_labelShort} -->
  <EquippedBy>оружие {1_labelShort}</EquippedBy>
  <!-- EN: {0} wants this destroyed.\n    Reward: {1} ({2}) -->
  <QuestTargetDestroyInspectString>Фракция {0} хочет, чтобы этот лагерь был уничтожен.\n    Награда: {1} ({2})</QuestTargetDestroyInspectString>
  <!-- EN: {0} wants this destroyed. -->
  <QuestTargetDestroyInspectStringShort>Фракция {0} хочет, чтобы этот лагерь был уничтожен.</QuestTargetDestroyInspectStringShort>
  <!-- EN: Departing on shuttle in {0} -->
  <ShuttleDelayInspectString>Отправляется на челноке через {0}</ShuttleDelayInspectString>
  <!-- EN: Departing in {0} -->
  <ShuttleLeaveDelayInspectString>Отправляется через {0}</ShuttleLeaveDelayInspectString>
  <!-- EN: Should depart on shuttle -->
  <ShouldDepartOnShuttleInspectString>Должен отбыть на челноке</ShouldDepartOnShuttleInspectString>
  <!-- EN: Time left: {0} -->
  <WorldObjectTimeout>Осталось времени: {0}</WorldObjectTimeout>
  <!-- EN: Click to sort by this column. -->
  <ClickToSortByThisColumn>Нажмите для сортировки по этому столбцу.</ClickToSortByThisColumn>
  <!-- EN: Shift + click: Increase priority\nShift + right click: Decrease priority -->
  <WorkPriorityShiftClickTip>Shift + щелчок: Повысить приоритет\nShift + правый щелчок: Понизить приоритет</WorkPriorityShiftClickTip>
  <!-- EN: Shift + click: Enable all\nShift + right click: Disable all -->
  <WorkPriorityShiftClickEnableDisableTip>Shift + щелчок: Разрешить всё\nShift + правый щелчок: Запретить всё</WorkPriorityShiftClickEnableDisableTip>
  <!-- EN: Shift + click: Set all to home\nShift + right click: Set all to unrestricted -->
  <AllowedAreaShiftClickTip>Shift + щелчок: Ограничить всех домашней областью\nShift + правый щелчок: Снять ограничения для всех</AllowedAreaShiftClickTip>
  <!-- EN: Shift + click: Check all\nShift + right click: Uncheck all -->
  <CheckboxShiftClickTip>Shift + щелчок: Отметить всё\nShift + правый щелчок: Снять все отметки</CheckboxShiftClickTip>
  <!-- EN: {0} {1} -->
  <KnownSiteThreatEnemyCountAppend>{1} ({0} шт)</KnownSiteThreatEnemyCountAppend>
  <!-- EN: Skill Requirements -->
  <SkillRequirements>Требования</SkillRequirements>
  <!-- EN: Products -->
  <Products>Результат</Products>
  <!-- EN: {0} of {1} -->
  <Relationship>для {1} — {0}</Relationship>
  <!-- EN: Prisoner -->
  <Prisoner>Пленник</Prisoner>
  <!-- EN: Refugee -->
  <Refugee>Беженец</Refugee>
  <!-- EN: Terrain movement difficulty -->
  <TileMovementDifficulty>Сложность передвижения</TileMovementDifficulty>
  <!-- EN: Impassable -->
  <Impassable>Непроходимо</Impassable>
  <!-- EN: Caravan movement speed -->
  <CaravanMovementSpeedFull>Скорость движения каравана</CaravanMovementSpeedFull>
  <!-- EN: downed -->
  <DownedLower>сражён</DownedLower>
  <!-- EN: resting -->
  <Carried>отдыхает</Carried>
  <!-- EN: Avg. person move speed -->
  <AverageCaravanMemberMoveSpeed>Ср. скорость человека</AverageCaravanMemberMoveSpeed>
  <!-- EN: Multiplier for carried mass: {0} -->
  <MultiplierForCarriedMass>Множитель переносимого веса: {0}</MultiplierForCarriedMass>
  <!-- EN: Caravan members speed -->
  <FinalCaravanPawnsMovementSpeed>Скорость участников</FinalCaravanPawnsMovementSpeed>
  <!-- EN: Final speed -->
  <FinalCaravanMovementSpeed>Итоговая скорость</FinalCaravanMovementSpeed>
  <!-- EN: Winter -->
  <Winter>Зима</Winter>
  <!-- EN: {0} in winter -->
  <MovementDifficultyOffsetInWinter>{0} зимой</MovementDifficultyOffsetInWinter>
  <!-- EN: to -->
  <RangeTo>..</RangeTo>
  <!-- EN: No letter -->
  <NoDietCategoryLetter>Без обозн.</NoDietCategoryLetter>
  <!-- EN: Expires in -->
  <ExpiresIn>Исчезнет через</ExpiresIn>
  <!-- EN: {1_labelShort}'s caravan -->
  <CaravanLeaderCaravanName>Караван {1_labelShort}</CaravanLeaderCaravanName>
  <!-- EN: Reason -->
  <Reason>Причина</Reason>
  <!-- EN: Relations with {0} -->
  <RelationsWith>Отношения с фракцией {0}</RelationsWith>
  <!-- EN: captured by {0} -->
  <capturedBy>в плену у фракции {0}</capturedBy>
  <!-- EN: your caravan -->
  <yourCaravan>ваш караван</yourCaravan>
  <!-- EN: {0} wildness -->
  <CreatureWildness>Дикость</CreatureWildness>
  <!-- EN: {0} trainability -->
  <CreatureTrainability>Способность к обучению</CreatureTrainability>
  <!-- EN: Follow master while drafted -->
  <CreatureFollowDrafted>Охранять хозяина в бою</CreatureFollowDrafted>
  <!-- EN: Follow master while doing field work -->
  <CreatureFollowFieldwork>Охранять хозяина на работе в поле</CreatureFollowFieldwork>
  <!-- EN: {0} with {1} -->
  <ProximitySingleGoodwillChange>{0} с фракцией {1}</ProximitySingleGoodwillChange>
  <!-- EN: Too dangerous to re-enter for {0}. -->
  <EnterCooldown>Это место посещать слишком опасно ещё ^Number( {0} | '# день' | '# дня' | '# дней')^.</EnterCooldown>
  <!-- EN: Caravan -->
  <Caravan>Караван</Caravan>
  <!-- EN: there may be danger there. -->
  <HiddenOrNoSitePartDescription>там может быть опасно</HiddenOrNoSitePartDescription>
  <!-- EN: The scanner is picking up activity around the lump. It's likely hostile. -->
  <PreciousLumpHostileThreat>Сканер показывает какую-то активность вокруг залежей. Скорее всего, там враги.</PreciousLumpHostileThreat>
  <!-- EN: lump of {0} -->
  <PreciousLumpLabel>залежи ресурса: {0}</PreciousLumpLabel>
  <!-- EN: no active research project -->
  <NoActiveResearchProjectToFinish>не выбрана технология для исследования</NoActiveResearchProjectToFinish>
  <!-- EN: turret -->
  <Turret>турель</Turret>
  <!-- EN: turrets -->
  <Turrets>турели</Turrets>
  <!-- EN: mortar -->
  <Mortar>миномёт</Mortar>
  <!-- EN: mortars -->
  <Mortars>миномёты</Mortars>
  <!-- EN: enemy -->
  <Enemy>враги</Enemy>
  <!-- EN: location -->
  <Location>место</Location>
  <!-- EN: animals -->
  <AnimalsLower>животные</AnimalsLower>
  <!-- EN: {0} x{1} -->
  <FilthLabel>{0} x{1}</FilthLabel>
  <!-- EN: {0} of {1} x{2} -->
  <FilthLabelWithSource>{0} от {1} x{2}</FilthLabelWithSource>
  <!-- EN: Required -->
  <Required>Требуется</Required>
  <!-- EN: Warning: You cannot complete trade requests by using transport pods.\nIf you send the goods, the settlement will accept them as gifts but they will not reward you.\n\nFor trading, approach the settlement with a caravan!\n\nAre you sure you want to gift the loaded goods to the faction? -->
  <GiveGiftViaTransportPodsTradeRequestWarning>Внимание: вы не сможете завершить сделку при помощи транспортных капсул.\nЕсли вы отправите товары таким способом, поселение воспримет их как подарок и не даст ничего взамен.\n\nЧтобы совершить сделку, нужно доставить весь товар караваном!\n\nВы уверены, что хотите отправить погруженные товары в подарок фракции?</GiveGiftViaTransportPodsTradeRequestWarning>
  <!-- EN: prisoner -->
  <PrisonerLower>пленник</PrisonerLower>
  <!-- EN: prisoners -->
  <PrisonersLower>пленники</PrisonersLower>
  <!-- EN: Click to view this quest in quests tab -->
  <ClickToViewInQuestsTab>Нажмите, чтобы перейти к этому заданию</ClickToViewInQuestsTab>
  <!-- EN: Mood -->
  <Mood>Настроение</Mood>
  <!-- EN: Quest -->
  <Quest>Задание</Quest>
  <!-- EN: Brings raids every {0} -->
  <BringsRaidsEvery>Совершает налёты каждые {0}</BringsRaidsEvery>
  <!-- EN: Generates {0} every {1} -->
  <GeneratesResourcesEvery>Производит {0} каждые {1}</GeneratesResourcesEvery>
  <!-- EN: Foliage kill radius -->
  <FoliageKillRadius>Радиус уничтожения растений</FoliageKillRadius>
  <!-- EN: Radius expand rate -->
  <RadiusExpandRate>Скорость расширения</RadiusExpandRate>
  <!-- EN: View: {0} -->
  <ViewHyperlink>Перейти к: {0}</ViewHyperlink>
  <!-- EN: Detonates in {0} days -->
  <DetonationCountdown>Взорвётся через ^Number( {0} | '# день' | '# дня' | '# дней')^</DetonationCountdown>
  <!-- EN: Large explosion if damaged -->
  <ExplosionOnDamageWarning>При повреждении произойдёт мощный взрыв</ExplosionOnDamageWarning>
  <!-- EN: Mech cluster -->
  <MechCluster>Кластер механоидов</MechCluster>
  <!-- EN: Spawning in {0} -->
  <SpawningNextPawnIn>Расплодится через {0}</SpawningNextPawnIn>
  <!-- EN: {0} assembly completes in {1}. -->
  <MechAssemblyCompleteIn>Сборка {0} завершится через {1}.</MechAssemblyCompleteIn>
  <!-- EN: Will assemble -->
  <MechAssemblyNextType>Соберёт</MechAssemblyNextType>
  <!-- EN: produced -->
  <ThingsProduced>произведено</ThingsProduced>
  <!-- EN: harvested -->
  <PlantsHarvested>собрано</PlantsHarvested>
  <!-- EN: {0} killed -->
  <PawnsKilled>{0} убито</PawnsKilled>
  <!-- EN: Sent {0}, will return in {1} -->
  <PawnsLent>Отправлены {0}, вернутся через {1}</PawnsLent>
  <!-- EN: Dormant -->
  <DormantCompInactive>Неактивно</DormantCompInactive>
  <!-- EN: Sealed -->
  <DormantCompSealed>Запечатано</DormantCompSealed>
  <!-- EN: Ready to drop mechanoids -->
  <DormantCompBeacon>Готов к вызову механоидов</DormantCompBeacon>
  <!-- EN: Expired -->
  <DormantCompExpired>Срок истёк</DormantCompExpired>
  <!-- EN: Initiates in -->
  <InitiatesIn>Начинается через</InitiatesIn>
  <!-- EN: Activates in {0} -->
  <SendSignalOnCountdownCompTime>Активируется через {0}</SendSignalOnCountdownCompTime>
  <!-- EN: Neural heat -->
  <PsychicEntropy>Нейроперегрев</PsychicEntropy>
  <!-- EN: Heat -->
  <PsychicEntropyShort>Перегрев</PsychicEntropyShort>
  <!-- EN: {0} pain boost -->
  <PsychicEntropyPainFocus>{0} болевой концентрации</PsychicEntropyPainFocus>
  <!-- EN: radius {0} -->
  <ConditionCauserRadius>радиус {0}</ConditionCauserRadius>
  <!-- EN: low psyfocus -->
  <LowPsyfocus>низкий уровень пси-концентрации</LowPsyfocus>
  <!-- EN: {0} left -->
  <DurationLeft>осталось {0}</DurationLeft>
  <!-- EN: Any of -->
  <AnyOf>Любой из</AnyOf>
  <!-- EN: Goodwill -->
  <Goodwill>Репутация</Goodwill>
  <!-- EN: reducing resistance of {0_nameIndef} -->
  <JobReport_ReduceResistance>ослабляет сопротивление {0_nameIndef}</JobReport_ReduceResistance>

  <!-- Scanning -->
  <!-- EN: User scanning speed -->
  <UserScanAbility>Эффективность сканирования</UserScanAbility>
  <!-- EN: Random find interval -->
  <ScanAverageInterval>Случайный интервал нахождения</ScanAverageInterval>
  <!-- EN: Progress to guaranteed find -->
  <ScanningProgressToGuaranteedFind>Прогресс до гарантированного обнаружения</ScanningProgressToGuaranteedFind>
  
  <!-- Meditation -->
  <!-- EN: meditating at -->
  <MeditatingAt>медитирует на</MeditatingAt>

  <!-- Fermentation barrel -->
  <!-- EN: Contains {0} / {1} wort. -->
  <ContainsWort>Содержит {0} / {1} сусла.</ContainsWort>
  <!-- EN: Contains {0} / {1} beer. -->
  <ContainsBeer>Содержит {0} / {1} пива.</ContainsBeer>
  <!-- EN: Fermented -->
  <Fermented>Забродило</Fermented>
  <!-- EN: Progress: {0} ({1} left) -->
  <FermentationProgress>Прогресс: {0} (осталось {1})</FermentationProgress>
  <!-- EN: Non-ideal temperature. Fermentation speed: {0} -->
  <FermentationBarrelOutOfIdealTemperature>Неидеальная температура. Скорость брожения: {0}</FermentationBarrelOutOfIdealTemperature>

  <!-- TextMotes -->
  <!-- EN: Headshot -->
  <Headshot>В голову</Headshot>
  <!-- EN: Treatment success!\n{0} chance -->
  <TextMote_TreatSuccess>Вылечено!\n{0} шанс</TextMote_TreatSuccess>
  <!-- EN: Treatment failed\n{0} chance -->
  <TextMote_TreatFailed>Не вылечено\n{0} шанс</TextMote_TreatFailed>
  <!-- EN: Harvest\nbotched -->
  <TextMote_HarvestFailed>Не получилось\nсобрать</TextMote_HarvestFailed>
  <!-- EN: Yield\nwasted -->
  <TextMote_YieldWasted>Урожай\nпотерян</TextMote_YieldWasted>
  <!-- EN: Product\nwasted -->
  <TextMote_ProductWasted>Продукт\nпотерян</TextMote_ProductWasted>
  <!-- EN: Recruit failed!\n{0} chance -->
  <TextMote_RecruitFail>Рекрутирование не удалось!\n{0} шанс</TextMote_RecruitFail>
  <!-- EN: Resistance\n{0} to {1} -->
  <TextMote_ResistanceReduced>Сопротивление уменьшено\nс {0} до {1}</TextMote_ResistanceReduced>
  <!-- EN: Tame failed\n{0} chance -->
  <TextMote_TameFail>Не удалось приручить\n{0} шанс</TextMote_TameFail>
  <!-- EN: Tamed!\n{0} chance -->
  <TextMote_TameSuccess>Животное приручено!\n{0} шанс</TextMote_TameSuccess>
  <!-- EN: Failed training: {0}\n{1} chance -->
  <TextMote_TrainFail>Не удалось обучить: {0}\n{1} шанс</TextMote_TrainFail>
  <!-- EN: Trained: {0}\n{1} chance -->
  <TextMote_TrainSuccess>Животное обучено: {0}\n{1} шанс</TextMote_TrainSuccess>
  <!-- EN: Repair\nbotched -->
  <TextMote_FixBrokenDownBuildingFail>Не получилось\nпочинить</TextMote_FixBrokenDownBuildingFail>
  <!-- EN: Construction\nbotched -->
  <TextMote_ConstructionFail>Не получилось\nпостроить</TextMote_ConstructionFail>
  <!-- EN: Dodge -->
  <TextMote_Dodge>Уклонение</TextMote_Dodge>
  <!-- EN: Immune -->
  <TextMote_Immune>Иммунитет</TextMote_Immune>
  <!-- EN: {0} tended -->
  <TextMote_Tended>{0} вылечено</TextMote_Tended>
  <!-- EN: level {0} -->
  <TextMote_SkillUp>уровень {0}</TextMote_SkillUp>
  <!-- EN: low mood -->
  <lowMood>плохое настроение</lowMood>
  <!-- EN: low opinion -->
  <lowOpinion>плохие отношения</lowOpinion>

  <!-- Areas -->
  <!-- EN: Home -->
  <Home>Домашняя область</Home>
  <!-- EN: Build roof -->
  <BuildRoof>Построить крышу</BuildRoof>
  <!-- EN: No roof -->
  <NoRoof>Без крыши</NoRoof>
  <!-- EN: Snow clear -->
  <SnowClear>Уборка снега</SnowClear>
  <!-- EN: Area {0} -->
  <AreaDefaultLabel>Область {0}</AreaDefaultLabel>
  <!-- EN: Unrestricted -->
  <NoAreaAllowed>Не ограничено</NoAreaAllowed>
  <!-- EN: New area -->
  <NewArea>Новая область</NewArea>
  <!-- EN: Invert -->
  <InvertArea>Инв.</InvertArea>

  <!-- Control -->
  <!-- EN: Cannot order characters you do not control. -->
  <CannotOrderNonControlled>Нельзя отдавать приказы неконтролируемым юнитам.</CannotOrderNonControlled>
  <!-- EN: {1_labelShort} is incapable of violence. -->
  <IsIncapableOfViolence>{1_labelShort} не в состоянии причинить насилие.</IsIncapableOfViolence>
  <!-- EN: incapable of violence -->
  <IsIncapableOfViolenceShort>неспособен к насилию</IsIncapableOfViolenceShort>
  <!-- EN: {1_labelShort} is not drafted. -->
  <IsNotDrafted>{1_labelShort} не в режиме призыва.</IsNotDrafted>

  <!-- Snow -->
  <!-- EN: No snow -->
  <SnowNone>Нет снега</SnowNone>
  <!-- EN: Snow (dusting) -->
  <SnowDusting>Снег (лёгкий)</SnowDusting>
  <!-- EN: Snow (thin) -->
  <SnowThin>Снег (мелкий)</SnowThin>
  <!-- EN: Snow (medium) -->
  <SnowMedium>Снег (средний)</SnowMedium>
  <!-- EN: Snow (thick) -->
  <SnowThick>Снег (глубокий)</SnowThick>

  <!-- Turrets -->
  <!-- EN: Installed -->
  <GunInstalled>Установлено</GunInstalled>
  <!-- EN: Minimum range -->
  <MinimumRange>Минимальная дальность</MinimumRange>
  <!-- EN: Can fire in -->
  <CanFireIn>Перезарядка через</CanFireIn>
  <!-- EN: Cannot fire -->
  <CannotFire>Выстрел невозможен</CannotFire>
  <!-- EN: roofed -->
  <Roofed>под крышей</Roofed>
  <!-- EN: Shell loaded: {1_label} -->
  <ShellLoaded>В стволе: {1_label}</ShellLoaded>
  <!-- EN: Not loaded -->
  <ShellNotLoaded>Не заряжен</ShellNotLoaded>

  <!-- Job reports -->
  <!-- EN: hauling {THING_label} to {DESTINATION}. -->
  <ReportHaulingTo>несёт {THING_label} на {DESTINATION}</ReportHaulingTo>
  <!-- EN: burying {THING_label} in {DESTINATION}. -->
  <ReportHaulingToGrave>хоронит {THING_label} в {DESTINATION}.</ReportHaulingToGrave>
  <!-- EN: hauling {1_label}. -->
  <ReportHauling>несёт {1_label}</ReportHauling>
  <!-- EN: hauling. -->
  <ReportHaulingUnknown>несёт груз</ReportHaulingUnknown>
  <!-- EN: sleeping. -->
  <ReportSleeping>спит</ReportSleeping>
  <!-- EN: resting. -->
  <ReportResting>отдыхает</ReportResting>
  <!-- EN: watching the sunrise. -->
  <WatchingSunrise>любуется восходом</WatchingSunrise>
  <!-- EN: cloudwatching. -->
  <CloudWatching>наблюдает за облаками</CloudWatching>
  <!-- EN: watching the sunset. -->
  <WatchingSunset>любуется закатом</WatchingSunset>
  <!-- EN: stargazing. -->
  <Stargazing>смотрит на звёзды</Stargazing>
  <!-- EN: watching the eclipse. -->
  <WatchingEclipse>наблюдает за затмением</WatchingEclipse>
  <!-- EN: watching the aurora. -->
  <WatchingAurora>любуется полярным сиянием</WatchingAurora>
  <!-- EN: using {0} on {1}. -->
  <UsingVerb>собирается {0} в {1}</UsingVerb>
  <!-- EN: using {0}. -->
  <UsingVerbNoTarget>собирается {0}</UsingVerbNoTarget>
  <!-- EN: area -->
  <AreaLower>область</AreaLower>
  <!-- EN: cowering. -->
  <ReportCowering>прячется</ReportCowering>
  <!-- EN: standing. -->
  <ReportStanding>стоит</ReportStanding>
  <!-- EN: extinguishing fire. -->
  <ReportExtinguishingFire>тушит пожар</ReportExtinguishingFire>
  <!-- EN: extinguishing fire on {TARGET_label}. -->
  <ReportExtinguishingFireOn>сбивает огонь с {TARGET_labelShort}</ReportExtinguishingFireOn>
  <!-- EN: digging up corpse. -->
  <ReportDiggingUpCorpse>выкапывает труп</ReportDiggingUpCorpse>

  <!-- Lord job reports -->
  <!-- EN: Attending marriage ceremony -->
  <LordReportAttendingMarriageCeremony>Посещает церемонию бракосочетания</LordReportAttendingMarriageCeremony>
  <!-- EN: Attending party -->
  <LordReportAttendingParty>Посещает вечеринку</LordReportAttendingParty>
  <!-- EN: Attending concert -->
  <LordReportAttendingConcert>Слушает концерт</LordReportAttendingConcert>
  <!-- EN: Holding a concert -->
  <LordReportHoldingConcert>Проводит концерт</LordReportHoldingConcert>
  <!-- EN: Giving a speech -->
  <LordReportGivingSpeech>Произносит речь</LordReportGivingSpeech>
  <!-- EN: Listening to {ORGANIZER_labelShort}'s speech -->
  <LordReportListeningSpeech>Слушает речь {ORGANIZER_labelShort}</LordReportListeningSpeech>
  <!-- EN: Forming caravan -->
  <LordReportFormingCaravan>Снаряжает караван</LordReportFormingCaravan>

  <!-- Shooting report -->
  <!-- EN: Weapon miss radius -->
  <WeaponMissRadius>Разброс оружия</WeaponMissRadius>
  <!-- EN: Shooter -->
  <ShootReportShooterAbility>Стрелок</ShootReportShooterAbility>
  <!-- EN: Weapon -->
  <ShootReportWeapon>Оружие</ShootReportWeapon>
  <!-- EN: Darkness -->
  <Darkness>Темнота</Darkness>
  <!-- EN: Target lying down -->
  <TargetProne>Цель лежит</TargetProne>
  <!-- EN: Target size -->
  <TargetSize>Размер цели</TargetSize>
  <!-- EN: Weather -->
  <Weather>Погода</Weather>
  <!-- EN: Cover -->
  <ShootingCover>Укрытие</ShootingCover>
  <!-- EN: {COVER_label} stops {1} -->
  <CoverThingBlocksPercentOfShots>{COVER_label} блокирует {1}</CoverThingBlocksPercentOfShots>
  <!-- EN: no cover -->
  <NoCoverLower>нет укрытия</NoCoverLower>
  <!-- EN: Execution -->
  <Execution>Казнь</Execution>

  <!-- Generated recipes -->
  <!-- EN: make {0} -->
  <RecipeMake>сделать {0}</RecipeMake>
  <!-- EN: Make {0}. -->
  <RecipeMakeDescription>Сделать {0}</RecipeMakeDescription>
  <!-- EN: Making {0}. -->
  <RecipeMakeJobString>Делает {0}</RecipeMakeJobString>
  <!-- EN: administer {0} -->
  <RecipeAdminister>назначить {0}</RecipeAdminister>
  <!-- EN: Administering {0}. -->
  <RecipeAdministerJobString>Принимает {0}</RecipeAdministerJobString>
  <!-- EN: teetotaler will be unhappy -->
  <TeetotalerUnhappy>трезвенник будет недоволен</TeetotalerUnhappy>
  <!-- EN: body purist will be unhappy -->
  <ProsthophobeUnhappy>биоконсерватор будет недоволен</ProsthophobeUnhappy>

  <!-- Thoughts -->
  <!-- EN: Expires in: {0} -->
  <ThoughtExpiresIn>Истечёт через: {0}</ThoughtExpiresIn>
  <!-- EN: thought disabled by -->
  <ThoughtNullifiedBy>мысль не возникает из-за</ThoughtNullifiedBy>
  <!-- EN: Starts expiring in: {0} -->
  <ThoughtStartsExpiringIn>Начнёт истекать через: {0}</ThoughtStartsExpiringIn>
  <!-- EN: Finishes expiring in: {0} -->
  <ThoughtFinishesExpiringIn>Закончится через: {0}</ThoughtFinishesExpiringIn>
  <!-- EN: Extreme break threshold -->
  <MentalBreakThresholdExtreme>Порог экстремального нервного срыва</MentalBreakThresholdExtreme>
  <!-- EN: Major break threshold -->
  <MentalBreakThresholdMajor>Порог сильного нервного срыва</MentalBreakThresholdMajor>
  <!-- EN: Minor break threshold -->
  <MentalBreakThresholdMinor>Порог лёгкого нервного срыва</MentalBreakThresholdMinor>

  <!-- Pawn info readout -->
  <!-- EN: {PAWN_gender} {1} -->
  <PawnMainDescGendered>{PAWN_gender}, {1}</PawnMainDescGendered>
  <!-- EN: {0} of {1} -->
  <PawnMainDescFactionedWrap>{0}, фракция {1}</PawnMainDescFactionedWrap>
  <!-- EN: {0} in {1} -->
  <PawnTitleDescWrap>{0} в {1}</PawnTitleDescWrap>
  <!-- EN: {0} under {1} -->
  <PawnMainDescUnderFactionedWrap>{0} (гость фракции {1})</PawnMainDescUnderFactionedWrap>
  <!-- EN: {0} under {1}\nHome faction: {2} -->
  <PawnMainDescTempFactionedWrap>{0} (гость фракции {1})\nДомашняя фракция: {2}</PawnMainDescTempFactionedWrap>
  <!-- EN: {2_lifeStageAdjective} {0} -->
  <PawnMainDescLifestageWrap>{2_lifeStageAdjective}, {0}</PawnMainDescLifestageWrap>
  <!-- EN: Faction -->
  <Faction>Фракция</Faction>
  <!-- EN: The faction {PAWN_labelShort} currently belongs to. -->
  <FactionDesc>Фракция, к которой в данный момент принадлежит {PAWN_labelShort}.</FactionDesc>
  <!-- EN: The faction {PAWN_labelShort} originally belongs to. -->
  <ExtraFactionDesc>Фракция, к которой изначально принадлежит {PAWN_labelShort}.</ExtraFactionDesc>
  <!-- EN: Equipped -->
  <Equipped>Оружие</Equipped>
  <!-- EN: nothing -->
  <EquippedNothing>ничего</EquippedNothing>
  <!-- EN: Dead -->
  <Dead>Мертв(а)</Dead>
  <!-- EN: Unconscious -->
  <Unconscious>Без сознания</Unconscious>
  <!-- EN: In shock due to pain -->
  <PainShock>В состоянии болевого шока</PainShock>
  <!-- EN: Pain shock -->
  <PainShockShort>Болевой шок</PainShockShort>
  <!-- EN: Incapacitated -->
  <Incapacitated>Сражен(а)</Incapacitated>
  <!-- EN: In restraints (slowed) -->
  <InRestraints>В оковах (движение замедлено)</InRestraints>
  <!-- EN: Carrying -->
  <Carrying>Переносит</Carrying>
  <!-- EN: Affected by: -->
  <AffectedBy>Влияющие факторы:</AffectedBy>
  <!-- EN: Queued -->
  <Queued>В очереди</Queued>
  <!-- EN: State -->
  <State>Состояние</State>
  <!-- EN: stun -->
  <StunLower>оглушение</StunLower>

  <!-- Inspector general stuff -->
  <!-- EN: Select next thing in same square.\n\nShortcut key: {0}\n\nYou can also do this by slowly clicking the same square again. -->
  <SelectNextInSquareTip>Выбрать другой предмет на той же клетке.\n\nКлавиша: {0}\n\nТо же самое можно сделать, щёлкнув по этой клетке ещё раз.</SelectNextInSquareTip>
  <!-- EN: View information. -->
  <DefInfoTip>Показать подробную информацию</DefInfoTip>

  <!-- Hostility response -->
  <!-- EN: Change how this person will react to nearby enemies when not drafted. -->
  <HostilityReponseTip>Выберите, как этому человеку следует реагировать на врагов, находясь не в режиме призыва.</HostilityReponseTip>
  <!-- EN: Current mode -->
  <HostilityResponseCurrentMode>Текущий режим</HostilityResponseCurrentMode>

  <!-- like 'Blood of John' -->
  <!-- EN: of -->
  <OfLower />

  <!-- Power readout -->
  <!-- EN: Not connected to power. -->
  <PowerNotConnected>Не подключено к сети.</PowerNotConnected>
  <!-- EN: Grid excess/stored: {0} W / {1} Wd -->
  <PowerConnectedRateStored>Запас мощности/аккумулировано: {0} Вт / {1} Вт*дней</PowerConnectedRateStored>
  <!-- EN: Power needed -->
  <PowerNeeded>Потребляемая мощность</PowerNeeded>
  <!-- EN: Power output -->
  <PowerOutput>Энерговыработка</PowerOutput>
  <!-- EN: Stored -->
  <PowerBatteryStored>Заряд</PowerBatteryStored>
  <!-- EN: Efficiency -->
  <PowerBatteryEfficiency>КПД</PowerBatteryEfficiency>
  <!-- EN: Self-discharging -->
  <SelfDischarging>Саморазряд</SelfDischarging>

  <!-- Temperature control -->
  <!-- EN: Target temperature -->
  <TargetTemperature>Заданная температура</TargetTemperature>
  <!-- EN: Current power use -->
  <PowerConsumptionMode>Потребление энергии</PowerConsumptionMode>
  <!-- EN: high -->
  <PowerConsumptionHigh>высокое</PowerConsumptionHigh>
  <!-- EN: low -->
  <PowerConsumptionLow>низкое</PowerConsumptionLow>

  <!-- Temperature readout -->
  <!-- EN: Indoors -->
  <Indoors>Внутри</Indoors>
  <!-- EN: Unroofed -->
  <IndoorsUnroofed>Без крыши</IndoorsUnroofed>
  <!-- EN: Outdoors -->
  <Outdoors>Снаружи</Outdoors>

  <!-- Rotting -->
  <!-- EN: Fresh -->
  <RotStateFresh>Свежее</RotStateFresh>
  <!-- EN: Rotting -->
  <RotStateRotting>Гниёт</RotStateRotting>
  <!-- EN: Dessicated -->
  <RotStateDessicated>Скелет</RotStateDessicated>
  <!-- EN: Frozen (won't spoil) -->
  <CurrentlyFrozen>Замороженное (не испортится)</CurrentlyFrozen>
  <!-- EN: Refrigerated (spoils in {0}) -->
  <CurrentlyRefrigerated>Охлаждённое (испортится через {0})</CurrentlyRefrigerated>
  <!-- EN: Not refrigerated (spoils in {0}) -->
  <NotRefrigerated>Не охлаждённое (испортится через {0})</NotRefrigerated>
  <!-- EN: over a decade -->
  <OverADecade>больше 10 лет</OverADecade>
  <!-- EN: less than a day -->
  <LessThanADay>менее суток</LessThanADay>

  <!-- Shooting tooltip -->
  <!-- EN: Shot by {1_labelShort} -->
  <ShotBy>Выстрел {1_labelShort}</ShotBy>
  <!-- EN: Cannot hit target. -->
  <CannotHit> Не может попасть в цель.</CannotHit>
  <!-- EN: Manhunter chance per hit -->
  <ManhunterPerHit>Шанс ответного нападения</ManhunterPerHit>

  <!-- Meal -->
  <!-- EN: Ingredients -->
  <Ingredients>Ингредиенты</Ingredients>

  <!-- Plants -->
  <!-- EN: {0} grown -->
  <PercentGrowth>Выросло на {0}</PercentGrowth>
  <!-- EN: Growth rate -->
  <GrowthRate>Скорость роста</GrowthRate>
  <!-- EN: Fully grown in {0} of growth. -->
  <FullyGrownIn>Вырастет через {0}.</FullyGrownIn>
  <!-- EN: Needs light level -->
  <PlantNeedsLightLevel>Не растёт (Нужен свет)</PlantNeedsLightLevel>
  <!-- EN: Resting -->
  <PlantResting>Спит</PlantResting>
  <!-- EN: Non-ideal temperature. Temperature growth multiplier: {0}% -->
  <OutOfIdealTemperatureRange>Не идеальная температура (растёт со скоростью {0}% от нормы)</OutOfIdealTemperatureRange>
  <!-- EN: Non-ideal temperature. Not growing. -->
  <OutOfIdealTemperatureRangeNotGrowing>Неподходящая температура. Не растёт.</OutOfIdealTemperatureRangeNotGrowing>
  <!-- EN: Ready to harvest. -->
  <ReadyToHarvest>Можно собирать.</ReadyToHarvest>
  <!-- EN: Mature. -->
  <Mature>Созрело.</Mature>
  <!-- EN: Growing period -->
  <OutdoorGrowingPeriod>Период роста</OutdoorGrowingPeriod>
  <!-- EN: Never -->
  <NoGrowingPeriod>Никогда</NoGrowingPeriod>
  <!-- EN: Year-round -->
  <GrowYearRound>Круглый год</GrowYearRound>
  <!-- EN: Growing season here now. -->
  <GrowSeasonHereNow>Сейчас сезон роста.</GrowSeasonHereNow>
  <!-- EN: Cannot grow (bad seasonal temperature). -->
  <CannotGrowBadSeasonTemperature>Не может расти (неподходящий температурный сезон).</CannotGrowBadSeasonTemperature>
  <!-- EN: Blighted -->
  <Blighted>Поражено болезнью</Blighted>
  <!-- EN: Dying because exposed to light -->
  <DyingBecauseExposedToLight>Погибает на свету</DyingBecauseExposedToLight>

  <!-- Zones -->
  <!-- EN: Zone -->
  <Zone>Область</Zone>
  <!-- EN: Growing zone -->
  <GrowingZone>Посадки</GrowingZone>
  <!-- EN: Stockpile zone -->
  <Stockpile>Склад</Stockpile>
  <!-- EN: Dumping stockpile zone -->
  <DumpingStockpile>Свалка</DumpingStockpile>
  <!-- EN: Priority -->
  <Priority>Приоритет</Priority>
  <!-- EN: Clear all -->
  <ClearAll>Запретить всё</ClearAll>
  <!-- EN: Allow all -->
  <AllowAll>Разрешить всё</AllowAll>

  <!-- ThingFilter -->
  <!-- EN: {0} hit points -->
  <HitPoints>Целостность {0}</HitPoints>
  <!-- EN: any quality -->
  <AnyQuality>Любое качество</AnyQuality>
  <!-- EN: {0} only -->
  <OnlyQuality>Только {0}</OnlyQuality>

  <!-- Mouseover indicator -->
  <!-- EN: Undiscovered -->
  <Undiscovered>Не разведано</Undiscovered>

  <!-- Buttons -->
  <!-- EN: Toggle visibility of the learning helper when it is empty.\n\nThe learning helper is always visible if there is a concept activated to be learned. This toggle makes it disappear when no concept is active. -->
  <ShowLearningHelperWhenEmptyToggleButton>Отображение обучающего помощника.\n\nОтображает помощника, даже если нет активной темы для изучения.</ShowLearningHelperWhenEmptyToggleButton>
  <!-- EN: Toggle visiblity of zones. -->
  <ZoneVisibilityToggleButton>Отображение областей.</ZoneVisibilityToggleButton>
  <!-- EN: Toggle the beauty display.\n\nDisplays the beauty of the world as would be perceived by a character standing where the mouse is pointing. -->
  <ShowBeautyToggleButton>Отображение красоты окружения.\n\nПоказывает красоту окружения, как её воспринимает персонаж, стоящий в точке, на которую указывает курсор.</ShowBeautyToggleButton>
  <!-- EN: Toggle room stats display.\n\nDisplays room stats of the room where the mouse is pointing. -->
  <ShowRoomStatsToggleButton>Отображение параметров комнаты.\n\nПоказывает параметры комнаты, на которую указывает курсор.</ShowRoomStatsToggleButton>
  <!-- EN: Toggle colonist bar.\n\nDisplays icons and basic status for all colonists along the top of the screen.\n\nYou can reorder the colonists in the colonist bar by right-click and dragging them. -->
  <ShowColonistBarToggleButton>Отображение панели поселенцев.\n\nОтображает в верхней части экрана иконки и состояние всех поселенцев.\n\nВы можете упорядочить поселенцев, перетаскивая их с зажатой правой кнопкой мыши.</ShowColonistBarToggleButton>
  <!-- EN: Toggle automatically expanding the home area around new constructions. -->
  <AutoHomeAreaToggleButton>Переключение автоматического добавления домашней области для новых построек.</AutoHomeAreaToggleButton>
  <!-- EN: Toggle automatic rebuild of destroyed structures in the home area. -->
  <AutoRebuildButton>Строить заново разрушенные объекты в пределах домашней области.</AutoRebuildButton>
  <!-- EN: Toggle categorized mode on the resource readout. -->
  <CategorizedResourceReadoutToggleButton>Отображать количество ресурсов на складах полностью или по категориям.</CategorizedResourceReadoutToggleButton>
  <!-- EN: Toggle displaying animal names for tame named animals. -->
  <ShowAnimalNamesToggleButton>Отображение имён приручённых животных.</ShowAnimalNamesToggleButton>
  <!-- EN: Toggle visibility of roofs. -->
  <ShowRoofOverlayToggleButton>Отображение крыш.</ShowRoofOverlayToggleButton>
  <!-- EN: Toggle fertility overlay.\n\nThis shows how fertile the ground is, which affects what kinds of plants can grow and how fast they grow. -->
  <ShowFertilityOverlayToggleButton>Отображение плодородности.\n\nПоказывает, насколько плодородны те или иные участки грунта. Плодородность влияет на виды высаживаемых растений и скорость их роста.</ShowFertilityOverlayToggleButton>
  <!-- EN: Toggle visibility of terrain affordance.\n\nThis relates to what kinds of building can be constructed at each location.\n\nFor example, some types of ground only accept light or medium buildings, but not heavy ones. Bridges can only be built on water. -->
  <ShowTerrainAffordanceOverlayToggleButton>Отображение прочности поверхности.\n\nВлияет на то, какие виды сооружений допускается ставить на те или иные участки поверхности.\n\nНапример, некоторые виды грунта способны выдерживать только лёгкие или средние сооружения, но не тяжёлые. Мосты можно строить только над водой.</ShowTerrainAffordanceOverlayToggleButton>
  <!-- EN: Lock the rotation of the camera so the north pole is always up. -->
  <LockNorthUpToggleButton>Зафиксировать камеру так, чтобы север был сверху.</LockNorthUpToggleButton>
  <!-- EN: Toggle day/night lighting on the planet view. -->
  <UsePlanetDayNightSystemToggleButton>Отображение зон дня и ночи.</UsePlanetDayNightSystemToggleButton>
  <!-- EN: Toggle displaying expanding icons instead of the regular icons for distant objects. -->
  <ShowExpandingIconsToggleButton>Отображение раскрываемых иконок вместо обычных для далёких объектов.</ShowExpandingIconsToggleButton>
  <!-- EN: Toggle visibility of names of landforms. -->
  <ShowWorldFeaturesToggleButton>Видимость названий для форм рельефа.</ShowWorldFeaturesToggleButton>

  <!-- Fire -->
  <!-- EN: fire on {1_label} -->
  <FireOn>огонь на {1_label}</FireOn>
  <!-- EN: Burning -->
  <Burning>Горит</Burning>
  <!-- EN: fire size {0} -->
  <FireSizeLower>площадь горения {0}</FireSizeLower>

  <!-- Game conditions -->
  <!-- EN: Special conditions affecting the area right now. -->
  <GameConditionsTip>Особые условия, влияющие на местность в данный момент.</GameConditionsTip>
  <!-- EN: time left -->
  <TimeLeft>времени осталось</TimeLeft>
  <!-- EN: impact date -->
  <ImpactDate>дата удара</ImpactDate>
  <!-- EN: Source unknown. -->
  <SourceUnknown>Причина неизвестна.</SourceUnknown>
  <!-- EN: Click to jump to the source. -->
  <ClickToJumpToSource>Нажмите для перехода к источнику.</ClickToJumpToSource>
  <!-- EN: Click to jump to the flashstorm. -->
  <ClickToJumpToFlashstorm>Нажмите для перехода к грозовому шторму.</ClickToJumpToFlashstorm>
  <!-- EN: Caused by quest: {0} -->
  <CausedByQuest>Вызвано заданием «{0}»</CausedByQuest>

  <!-- Building placement -->
  <!-- EN: You have no usable materials from which to build this. -->
  <NoStuffsToBuildWith>У вас нет подходящих материалов.</NoStuffsToBuildWith>

  <!-- Building placement restricters -->
  <!-- EN: {0} will have work speed penalty -->
  <WillGetWorkSpeedPenalty>{0} получит штраф к скорости работы</WillGetWorkSpeedPenalty>
  <!-- EN: Cannot be placed under a roof. -->
  <MustPlaceUnroofed>Не может быть размещено под крышей.</MustPlaceUnroofed>
  <!-- EN: Must place with head attached to ship structural beam. -->
  <MustPlaceHeadOnShipBeam>Следует размещать вплотную к центральной балке корабля.</MustPlaceHeadOnShipBeam>
  <!-- EN: Must be placed next to something that needs a hopper. -->
  <MustPlaceNextToHopperAccepter>Загрузочную воронку следует размещать только рядом с устройством, которому она нужна для работы.</MustPlaceNextToHopperAccepter>
  <!-- EN: Must be placed directly on a steam geyser. -->
  <MustPlaceOnSteamGeyser>Этот объект следует размещать непосредственно на паровом гейзере.</MustPlaceOnSteamGeyser>
  <!-- EN: Both the hot and cold sides of the cooler must be exposed. -->
  <MustPlaceCoolerWithFreeSpaces>И горячая, и холодная стороны кондиционера должны быть открыты.</MustPlaceCoolerWithFreeSpaces>
  <!-- EN: Both the sides must be exposed for air to pass through. -->
  <MustPlaceVentWithFreeSpaces>Обе стороны должны быть свободны для циркуляции воздуха.</MustPlaceVentWithFreeSpaces>
  <!-- EN: Must be placed with standable space on all sides. -->
  <MustPlaceAdjacentStandable>Этот объект следует устанавливать в свободное со всех сторон пространство.</MustPlaceAdjacentStandable>
  <!-- EN: Must be placed next to a pod launcher's fueling port. -->
  <MustPlaceNearFuelingPort>Этот объект следует размещать рядом с топливным портом пусковой установки.</MustPlaceNearFuelingPort>
  <!-- EN: Must be placed on drillable resources. -->
  <MustPlaceOnDrillable>Этот объект следует размещать над подземным месторождением.</MustPlaceOnDrillable>
  <!-- EN: Cannot be placed next to traps. -->
  <CannotPlaceAdjacentTrap>Нельзя устанавливать рядом с ловушками.</CannotPlaceAdjacentTrap>

  <!-- Wind Turbine -->
  <!-- EN: Blocked by -->
  <WindTurbine_WindPathIsBlockedBy>Мешает</WindTurbine_WindPathIsBlockedBy>
  <!-- EN: Blocked by roof -->
  <WindTurbine_WindPathIsBlockedByRoof>Мешает крыша</WindTurbine_WindPathIsBlockedByRoof>

  <!-- Watermill generator -->
  <!-- EN: Flow reduced: Turbulence from other watermill -->
  <Watermill_WaterUsedTwice>Течение ослаблено завихрениями от колеса другого генератора</Watermill_WaterUsedTwice>

  <!-- Cryptosleep casket -->
  <!-- EN: Contains -->
  <CasketContains>Содержит</CasketContains>
  <!-- EN: Warning!\n\n{PAWN_nameDef} is your last free-standing colonist! If you let {PAWN_objective} step into that casket, you may not be able to continue playing. Are you sure you want to proceed? -->
  <CasketWarning>Внимание!\n\n{PAWN_nameDef} — ваш последний самостоятельный поселенец. Если вы положите {PAWN_possessive} в этот саркофаг, то, возможно, не сможете продолжить игру. Вы точно хотите сделать это?</CasketWarning>

  <!-- Ship launch report -->
  <!-- EN: Cannot launch. -->
  <ShipReportCannotLaunch>Нельзя запустить.</ShipReportCannotLaunch>
  <!-- EN: Ready for launch. -->
  <ShipReportCanLaunch>Готов к запуску.</ShipReportCanLaunch>
  <!-- EN: Missing critical component -->
  <ShipReportMissingPart>Нет критически важных модулей</ShipReportMissingPart>
  <!-- EN: requires -->
  <ShipReportMissingPartRequires>требуется</ShipReportMissingPartRequires>
  <!-- EN: No full cryptosleep caskets -->
  <ShipReportNoFullPods>Нет занятых саркофагов криптосна</ShipReportNoFullPods>
  <!-- EN: Hibernating component -->
  <ShipReportHibernating>Модуль неактивен</ShipReportHibernating>
  <!-- EN: Component not yet ready -->
  <ShipReportNotReady>Модуль не готов</ShipReportNotReady>
  <!-- EN: (*Name)Charlon Whitestone(/Name) is ready to begin the reactor's hibernation recovery sequence.\n\nHe warns you that the process will take about 15 days, and the energy signature will be detectable from a long distance away.\n\nThis sort of energy signature indicates interstellar flight capability, and will attract gangs of desperate raiders and swarms of deadly mechanoids.\n\nYou will be assaulted with an intensity you've never seen. Make sure your defenses are prepared first. -->
  <HibernateWarning>(*Name)Шарлон Вайтстоун(/Name) готов приступить к запуску реактора.\n\nОн предупреждает, что процесс займёт около 15 дней, а сопутствующие всплески энергии будут заметны с большого расстояния и демаскируют расположение корабля. Эти всплески характерны для подготовки к межзвёздному перелёту, и привлекут к себе внимание разного рода налётчиков и охотников за сокровищами. Убедитесь, что готовы к обороне.</HibernateWarning>
  <!-- EN: The reactor is ready to power up.\n\nThe process will take about 15 days, and the energy signature will be detectable from a long distance away. This sort of energy signature indicates interstellar flight capability, and will attract gangs of desperate raiders and swarms of deadly mechanoids.\n\nYou will be assaulted with an intensity you've never seen. Make sure your defenses are prepared first. -->
  <HibernateWarningStandalone>Реактор готов к процедуре запуска.\n\nЭтот процесс займёт около 15 дней, а сопутствующие всплески энергии будут заметны с большого расстояния и демаскируют расположение корабля. Эти всплески характерны для подготовки к межзвёздному перелёту, и привлекут к себе внимание разного рода налётчиков и охотников за сокровищами. Убедитесь, что готовы к обороне.</HibernateWarningStandalone>
  <!-- EN: (*Name)Charlon Whitestone(/Name) is ready to begin the reactor's hibernation recovery sequence. He warns you that the process will take about 15 days. -->
  <HibernateWarningPacifist>(*Name)Шарлон Вайтстоун(/Name) готов приступить к запуску реактора. Он предупреждает, что процесс займёт около 15 дней.</HibernateWarningPacifist>
  <!-- EN: The reactor is ready to power up. The process will take about 15 days. -->
  <HibernateWarningStandalonePacifist>Реактор готов к процедуре запуска. Этот процесс займёт около 15 дней.</HibernateWarningStandalonePacifist>

  <!-- Neurotrainer -->
  <!-- EN: skilltrainer ({0}) -->
  <SkillNeurotrainerLabel>нейротренер навыка ({0})</SkillNeurotrainerLabel>
  <!-- EN: Use skilltrainer to learn {0} -->
  <SkillNeurotrainerUseLabel>Использовать нейротренер навыка, чтобы изучить {0}</SkillNeurotrainerUseLabel>
  <!-- EN: A one-use super-dose of mechanites which trains a specific skill.\n\nThe dose is administered through the orbit of the eye. Once released into the brain, the mechanites quickly improve the subject's skills in a specific area, transmuting themselves into neural tissue as needed. -->
  <SkillNeurotrainerDescription>Сыворотка с дозой механитов, запрограммированных на обучение конкретному навыку.\n\nСыворотка вводится через глазное яблоко. После того, как механиты попадают в мозг пациента, они быстро улучшают его способности в определённой области, при необходимости преобразуя себя в нервную ткань.</SkillNeurotrainerDescription>
  <!-- EN: {USER_labelShort} used {1} neurotrainer to go from level {2} to level {3}. -->
  <SkillNeurotrainerUsed>{USER_labelShort} {USER_gender ? использовал : использовала} нейротренер и {USER_gender ? улучшил : улучшила} свой навык {1} с уровня {2} до уровня {3}.</SkillNeurotrainerUsed>

  <!-- Minification -->
  <!-- EN: Installed -->
  <Installed>Установлено</Installed>
  <!-- EN: Not installed -->
  <NotInstalled>Не установлено</NotInstalled>

  <!-- Art -->
  <!-- EN: Title -->
  <Title>Название</Title>
  <!-- EN: Untitled -->
  <Untitled>Без названия</Untitled>

  <!-- Unfinished thing -->
  <!-- EN: Unfinished {0} -->
  <UnfinishedItem>Незак. {0}</UnfinishedItem>
  <!-- EN: Unfinished {0} {1} -->
  <UnfinishedItemWithStuff>Незак. {1} из {0}</UnfinishedItemWithStuff>

  <!-- Quality -->
  <!-- EN: Quality -->
  <Quality>Качество</Quality>
  <!-- EN: An item's quality is how well-made it is. -->
  <QualityDescription>Качество предмета отражает, насколько хорошо он был изготовлен.</QualityDescription>
  <!-- EN: Quality: {0} -->
  <QualityIs>Качество: {0}</QualityIs>

  <!-- Mood descriptions -->
  <!-- EN: mental state -->
  <Mood_MentalState>сломлен</Mood_MentalState>
  <!-- EN: about to break -->
  <Mood_AboutToBreak>почти сломлен</Mood_AboutToBreak>
  <!-- EN: on edge -->
  <Mood_OnEdge>на грани</Mood_OnEdge>
  <!-- EN: stressed -->
  <Mood_Stressed>стресс</Mood_Stressed>
  <!-- EN: neutral -->
  <Mood_Neutral>спокоен</Mood_Neutral>
  <!-- EN: content -->
  <Mood_Content>доволен</Mood_Content>
  <!-- EN: happy -->
  <Mood_Happy>счастлив</Mood_Happy>

  <!-- Game over -->
  <!-- EN: Everyone is dead or gone. This story is over.\n\nPerhaps someone else will find a use for the ruins of this place. -->
  <GameOverEveryoneDead>Все поселенцы либо мертвы, либо ушли. Конец истории.\n\nВозможно, кто-то другой сможет найти применение руинам этого места.</GameOverEveryoneDead>
  <!-- EN: At near-lightspeed, the planetkiller weapon slammed into the ground with the force of a trillion hydrogen bombs. Like a water balloon shot with a rifle, this world liquified under the impact and sprayed its molten guts across the cosmos.\n\nPart of {0} is now a small asteroid belt. The rest is a molten, radioactive hellscape, constantly rippling with kilometers-high planetquakes.\n\nYou did not survive. -->
  <GameOverPlanetkillerImpact>Со скоростью, близкой к световой, разрушитель планет врезался в поверхность с силой триллиона водородных бомб. Подобно наполненному водой воздушному шарику, простреленному из ружья, этот мир расплавился от столкновения и разбрызгал свои внутренности по космосу.\n\nЧасти {0} теперь составляют пояс астероидов. Всё остальное составляет расплавленный радиоактивный адский пейзаж, весь покрытый волнами землетрясений, на километры вздымающих и бросающих вниз породу.\n\nВы не выжили.</GameOverPlanetkillerImpact>
  <!-- EN: You've launched the ship! -->
  <GameOverShipLaunchedIntro>Вы запустили корабль!</GameOverShipLaunchedIntro>
  <!-- EN: Your machine persona will now try to guide the ship to a safe place. It might find a prosperous planet in this system. Or, it may undertake a centuries-long journey to another star. It might even decide to hide under ice on an asteroid for a few thousand years, waiting for someone to build a new glitterworld here.\n\nYou'll find out when you wake up. -->
  <GameOverShipLaunchedEnding>Ваша ИИ-личность постарается направить корабль в безопасное место. Она может найти для вас процветающую планету в этой системе. Или может предпринять многовековое путешествие к другой звезде. Или даже решить спрятаться под лёд на астероиде на несколько тысяч лет, ожидая пока кто-нибудь не выстроит здесь новый мир-утопию.\n\nВы узнаете об этом, когда проснётесь.</GameOverShipLaunchedEnding>
  <!-- EN: These colonists escaped:\n\n{0} -->
  <GameOverColonistsEscaped>Эти поселенцы спаслись:\n\n{0}</GameOverColonistsEscaped>
  <!-- EN: These colonists were left behind:\n\n{0} -->
  <GameOverColonistsLeft>Эти поселенцы остались:\n\n{0}</GameOverColonistsLeft>
  <!-- EN: In memory of:\n -->
  <GameOverInMemoryOf>Посвящается памяти:\n</GameOverInMemoryOf>
  <!-- EN: Keep playing -->
  <GameOverKeepPlaying>Продолжить играть</GameOverKeepPlaying>
  <!-- EN: Main menu -->
  <GameOverMainMenu>Главное меню</GameOverMainMenu>

  <!-- Generic lifespan -->
  <!-- EN: Expires in: -->
  <LifespanExpiry>Истекает через:</LifespanExpiry>

  <!-- Facilities -->
  <!-- EN: inactive -->
  <InactiveFacility>отключён</InactiveFacility>

  <!-- Hediffs growth modes -->
  <!-- EN: {PAWN_labelShort}'s {1} is now growing. -->
  <DiseaseGrowthModeChanged_Growing>{PAWN_labelShort}: {1} прогрессирует.</DiseaseGrowthModeChanged_Growing>
  <!-- EN: {PAWN_labelShort}'s {1} is now stable. -->
  <DiseaseGrowthModeChanged_Stable>{PAWN_labelShort}: {1} стабилизируется.</DiseaseGrowthModeChanged_Stable>
  <!-- EN: {PAWN_labelShort}'s {1} is now in remission. -->
  <DiseaseGrowthModeChanged_Remission>{PAWN_labelShort}: {1} переходит в стадию ремиссии.</DiseaseGrowthModeChanged_Remission>

  <!-- Marriage spot -->
  <!-- EN: Usable now. -->
  <MarriageSpotUsable>Может быть использовано.</MarriageSpotUsable>
  <!-- EN: Not usable: {0}. -->
  <MarriageSpotNotUsable>Не может быть использовано: {0}.</MarriageSpotNotUsable>
  <!-- EN: blocked -->
  <MarriageSpotNotStandable>заблокировано</MarriageSpotNotStandable>
  <!-- EN: too dangerous for {1_labelShort} -->
  <MarriageSpotDangerous>слишком опасно для {1_labelShort}</MarriageSpotDangerous>
  <!-- EN: forbidden for {1_labelShort} -->
  <MarriageSpotForbidden>запрещено для {1_labelShort}</MarriageSpotForbidden>
  <!-- EN: reserved -->
  <MarriageSpotReserved>зарезервировано</MarriageSpotReserved>
  <!-- EN: unreachable for {1_labelShort} -->
  <MarriageSpotUnreachable>недостижимо для {1_labelShort}</MarriageSpotUnreachable>
  <!-- EN: in prison cell -->
  <MarriageSpotInPrisonCell>находится в тюремной камере</MarriageSpotInPrisonCell>
  <!-- EN: uncomfortable temperature -->
  <NotEnjoyableOutsideTemperature>некомфортная температура</NotEnjoyableOutsideTemperature>

  <!-- Colonist bar -->
  <!-- EN: Medical rest -->
  <ActivityIconMedicalRest>Отдыхает на мед. кровати</ActivityIconMedicalRest>
  <!-- EN: Sleeping -->
  <ActivityIconSleeping>Спит</ActivityIconSleeping>
  <!-- EN: Fleeing -->
  <ActivityIconFleeing>Убегает</ActivityIconFleeing>
  <!-- EN: Fighting -->
  <ActivityIconAttacking>Воюет</ActivityIconAttacking>
  <!-- EN: Idle -->
  <ActivityIconIdle>Бездельничает</ActivityIconIdle>
  <!-- EN: Burning -->
  <ActivityIconBurning>Горит</ActivityIconBurning>
  <!-- EN: Forming a caravan -->
  <ActivityIconFormingCaravan>Снаряжает караван</ActivityIconFormingCaravan>

  <!-- Maintainable -->
  <!-- EN: Due for maintenance. -->
  <DueForMaintenance>Необходимо обслуживание.</DueForMaintenance>
  <!-- EN: Deteriorating due to lack of maintenance. -->
  <DeterioratingDueToLackOfMaintenance>Ветшает из-за отсутствия обслуживания.</DeterioratingDueToLackOfMaintenance>

  <!-- Deep drill -->
  <!-- EN: Progress to next lump -->
  <ProgressToNextLump>До следующей залежи</ProgressToNextLump>
  <!-- EN: Resource below -->
  <ResourceBelow>Ресурс внизу</ResourceBelow>
  <!-- EN: Progress to next portion -->
  <ProgressToNextPortion>До следующей порции</ProgressToNextPortion>
  <!-- EN: No resources below. -->
  <DeepDrillNoResources>Месторождение выработано.</DeepDrillNoResources>
  <!-- EN: Deep drill resources exhausted, drill automatically forbidden. Unforbid to begin mining of {0}. -->
  <DeepDrillExhausted>Глубинное месторождение выработано. Теперь там можно добывать только {0}. Для продолжения добычи заново разрешите использование установки.</DeepDrillExhausted>
  <!-- EN: Deep drill resources exhausted. -->
  <DeepDrillExhaustedNoFallback>Ресурсы полностью истощены.</DeepDrillExhaustedNoFallback>

  <!-- reloading ammo -->
  <!-- EN: Remaining charges -->
  <ChargesRemaining>Осталось зарядов</ChargesRemaining>
  
  <!-- Learning helper -->
  <!-- EN: Learning helper -->
  <LearningHelper>Обучение</LearningHelper>
  <!-- EN: Mark as learned -->
  <MarkLearned>Понятно</MarkLearned>
  <!-- EN: Already learned -->
  <AlreadyLearned>Уже пройдено</AlreadyLearned>
  <!-- EN: Filter -->
  <Filter>Фильтр</Filter>

  <!-- Compass -->
  <!-- EN: Shows the north direction. Click to rotate the camera so the north pole is up. -->
  <CompassTip>Показывает направление на север. Нажмите сюда, если хотите ориентировать камеру так, чтобы север был сверху.</CompassTip>

  <!-- World route planner -->
  <!-- EN: Click to enter the planning mode where you can plan your journey and calculate distance between waypoints. -->
  <RoutePlannerButtonTip>Нажмите здесь, чтобы войти в режим редактирования маршрута. Вы сможете спланировать ваше путешествие, задавая точки маршрута.</RoutePlannerButtonTip>
  <!-- EN: Add two or more waypoints. -->
  <RoutePlannerAddTwoOrMoreWaypoints>Добавьте хотя бы две точки маршрута.</RoutePlannerAddTwoOrMoreWaypoints>
  <!-- EN: Add one or more waypoints. -->
  <RoutePlannerAddOneOrMoreWaypoints>Добавьте хотя бы одну точку маршрута.</RoutePlannerAddOneOrMoreWaypoints>
  <!-- EN: Total route time: {0} -->
  <RoutePlannerEstTimeToFinalDest>Суммарное время в пути: {0}</RoutePlannerEstTimeToFinalDest>
  <!-- EN: Planning mode uses the default caravan speed. Your speed may vary. -->
  <RoutePlannerUsingAverageTicksPerMoveWarning>В режиме редактирования учитывается средняя скорость движения каравана. В действительности она может различаться.</RoutePlannerUsingAverageTicksPerMoveWarning>
  <!-- EN: Calculating for: {0} -->
  <RoutePlannerUsingTicksPerMoveOfCaravan>Вычисляется для: {0}</RoutePlannerUsingTicksPerMoveOfCaravan>
  <!-- EN: Right mouse button: Add/remove waypoints. -->
  <RoutePlannerPressRMBToAddAndRemoveWaypoints>Правая кнопка мыши: Добавить/удалить точки маршрута.</RoutePlannerPressRMBToAddAndRemoveWaypoints>
  <!-- EN: ESC: Exit planning mode. -->
  <RoutePlannerPressEscapeToExit>ESC: Выйти из режима редактирования.</RoutePlannerPressEscapeToExit>
  <!-- EN: ESC: Return to the caravan formation dialog. -->
  <RoutePlannerPressEscapeToReturnToCaravanFormationDialog>ESC: Вернуться к формированию каравана.</RoutePlannerPressEscapeToReturnToCaravanFormationDialog>
  <!-- EN: Est. travel time: {0} -->
  <EstimatedTimeToWaypoint>Примерное время до точки: {0}</EstimatedTimeToWaypoint>
  <!-- EN: Est. travel time (from previous waypoint): {0} -->
  <EstimatedTimeToWaypointFromPrevious>Примерное время пути от предыдущей точки до этой: {0}</EstimatedTimeToWaypointFromPrevious>
  <!-- EN: Est. travel time: {0} -->
  <EstimatedTimeToTile>Примерное время пути: {0}</EstimatedTimeToTile>
  <!-- EN: Foraged food amount -->
  <ForagedFoodAmount>Количество добываемой еды</ForagedFoodAmount>

  <!-- Outfits -->
  <!-- EN: Anything -->
  <OutfitAnything>Что угодно</OutfitAnything>
  <!-- EN: Worker -->
  <OutfitWorker>Рабочая одежда</OutfitWorker>
  <!-- EN: Soldier -->
  <OutfitSoldier>Солдатская экипировка</OutfitSoldier>
  <!-- EN: Nudist -->
  <OutfitNudist>Костюм нудиста</OutfitNudist>

  <!-- Hibernatable -->
  <!-- EN: Hibernating -->
  <HibernatableHibernating>Не активен</HibernatableHibernating>
  <!-- EN: Starting up -->
  <HibernatableStartingUp>Запускается</HibernatableStartingUp>

  <!-- Transport pods -->
  <!-- EN: {0}: See available orders... -->
  <ClickToSeeAvailableOrders_WorldObject>{0}: Узнать о возможных действиях...</ClickToSeeAvailableOrders_WorldObject>
  <!-- EN: See available orders... -->
  <ClickToSeeAvailableOrders_Empty>Узнать о возможных действиях...</ClickToSeeAvailableOrders_Empty>
  
  <!-- Pawn tooltips -->
  <!-- EN: {0} ({1})\n{2}\n{3} -->
  <PawnTooltipWithDescAndPrimaryEquip>{0} ({1})\n{2}\n{3}</PawnTooltipWithDescAndPrimaryEquip>
  <!-- EN: {0} ({1})\n{2} -->
  <PawnTooltipWithDescNoPrimaryEquip>{0} ({1})\n{2}</PawnTooltipWithDescNoPrimaryEquip>
  <!-- EN: {0}\n{1}\n{2} -->
  <PawnTooltipWithPrimaryEquipNoDesc>{0}\n{1}\n{2}</PawnTooltipWithPrimaryEquipNoDesc>
  <!-- EN: {0}\n{1} -->
  <PawnTooltipNoDescNoPrimaryEquip>{0}\n{1}</PawnTooltipNoDescNoPrimaryEquip>
  <!-- EN: Neural heat: {0} / {1}\nFall rate: {2} / s ({3}s until zero) -->
  <PawnTooltipPsychicEntropyStats>Нейроперегрев: {0} / {1}\nСкорость падения: {2} / с ({3} с до нуля)</PawnTooltipPsychicEntropyStats>
  <!-- EN: Neural heat increases after using a psychic power. Surpassing the normal limit may cause a psychic breakdown lasting days.\n\nNeural heat dissipates naturally over time. This process can be accelerated by wearing eltex apparel or being in pain. -->
  <PawnTooltipPsychicEntropyDesc>Нейроперегрев возрастает после применения пси-способностей. Превышение безопасного предела может вызвать пси-срыв, длящийся несколько дней.\n\nНейроперегрев со временем рассеивается. Процесс можно ускорить нося одежду из эльтекса или испытывая боль.</PawnTooltipPsychicEntropyDesc>
  <!-- EN: Pain boost\n\nPain focuses the mind and speeds up neural heat dissipation.\n\nPain level: {0}\nBonus to heat recovery: {1} -->
  <PawnTooltipPsychicEntropyPainFocus>Боль помогает концентрации разума и быстрее рассеивает нейроперегрев.\n\nУровень боли: {0}\nБонус к рассеиванию нейроперегрева: {1}</PawnTooltipPsychicEntropyPainFocus>
  <!-- EN: Toggle neural heat limiter. Exceeding your heat limit may cause a psychic breakdown lasting days. It won't cause permanent damage. -->
  <PawnTooltipPsychicEntropyLimit>Переключить ограничитель нейроперегрева. Превышение безопасного предела может привести к пси-срыву, длящемуся несколько дней. Необратимого вреда нанесено не будет.</PawnTooltipPsychicEntropyLimit>
  <!-- EN: Psyfocus: {0} -->
  <PawnTooltipPsyfocus>Пси-концентрация: {0}</PawnTooltipPsyfocus>

  <!-- Pawn tooltip description -->
  <!-- EN: {0} {1} -->
  <PawnTooltipGenderAndKindLabel>{1}, {0}</PawnTooltipGenderAndKindLabel>

  <!-- Rewards -->
  <!-- EN: a {0_age}-year-old {0_title} named {0_nameDef} will arrive in a transport pod {0_relationInfoInParentheses} -->
  <Reward_Pawn_DropPod>{0_age}-{0_gender ? летний : летняя} {0_title} по имени {0_nameDef} прибудет в транспортной капсуле{0_relationInfoInParentheses}</Reward_Pawn_DropPod>
  <!-- EN: a {0_age}-year-old {0_title} named {0_nameDef} will arrive and join you {0_relationInfoInParentheses} -->
  <Reward_Pawn_WalkIn>{0_age}-{0_gender ? летний : летняя} {0_title} по имени {0_nameDef} прибудет и присоединится к вам{0_relationInfoInParentheses}</Reward_Pawn_WalkIn>
  <!-- EN: a {0_age}-year-old {0_title} named {0_nameDef} will join you {0_relationInfoInParentheses} -->
  <Reward_Pawn_Caravan>{0_age}-{0_gender ? летний : летняя} {0_title} по имени {0_nameDef} присоединится к вам{0_relationInfoInParentheses}</Reward_Pawn_Caravan>
  <!-- EN: transport pods with the following resources will arrive (total value {1}):
\n{0} -->
  <Reward_Items>прибудут транспортные капсулы со следующим грузом (общей стоимостью {1}):\n\n{0}</Reward_Items>
  <!-- EN: you will receive (total value {1}):
\n{0} -->
  <Reward_Items_Caravan>вы получите (общей стоимостью {1}):\n\n{0}</Reward_Items_Caravan>
  <!-- EN: your faction relations with {0_name} will improve by {1} -->
  <Reward_Goodwill>отношения с фракцией {0_name} улучшатся на {1}</Reward_Goodwill>
  <!-- EN: you will be taken to the stars -->
  <Reward_PassageOffworld>вы отправитесь к звёздам</Reward_PassageOffworld>
  <!-- EN: Passage offworld -->
  <Reward_PassageOffworld_Label>Путь в космос</Reward_PassageOffworld_Label>
  <!-- EN: you can loot everything from the camp -->
  <Reward_CampLoot>вы можете полностью разграбить лагерь</Reward_CampLoot>
  <!-- EN: Camp loot -->
  <Reward_CampLoot_Label>Добыча в лагере</Reward_CampLoot_Label>
  <!-- EN: the visitors will work and fight for you -->
  <Reward_VisitorsHelp>гости будут помогать вашим поселенцам и сражаться на вашей стороне</Reward_VisitorsHelp>
  <!-- EN: Visitors' help -->
  <Reward_VisitorsHelp_Label>Помощь гостей</Reward_VisitorsHelp_Label>
  <!-- EN: New psylink level -->
  <Reward_BestowingCeremony_Label>Новый уровень пси-связи</Reward_BestowingCeremony_Label>
  <!-- EN: {PAWNNAME} gains psylink -->
  <Reward_BestowingCeremony>{PAWNNAME} получает пси-связь</Reward_BestowingCeremony>
  <!-- EN: Shuttle loot -->
  <Reward_ShuttleLoot_Label>Добыча с челнока</Reward_ShuttleLoot_Label>
  <!-- EN: you can deconstruct and loot the shuttle -->
  <Reward_ShuttleLoot>Вы можете разобрать и разграбить челнок</Reward_ShuttleLoot>
  <!-- EN: Possible future reward -->
  <Reward_PossibleFutureReward_Label>Возможная награда</Reward_PossibleFutureReward_Label>
  <!-- EN: a reward possibly granted in the future -->
  <Reward_PossibleFutureReward>награда, которую будет возможно получить в будущем</Reward_PossibleFutureReward>
  <!-- EN: {TITLE} title -->
  <Reward_Title_Label>титул {TITLE}</Reward_Title_Label>
  <!-- EN: {PAWNNAME} gains {TITLE} title from {FACTION} -->
  <Reward_Title>{PAWNNAME} принимает титул {TITLE} от фракции {FACTION}</Reward_Title>
  <!-- EN: value {0} -->
  <TotalValue>стоимость {0}</TotalValue>
  
  <!-- Bladelink -->
  <!-- EN: Bonded to: {0} -->
  <BondedWith>Синхронизировано с: {0}</BondedWith>
  <!-- EN: Not yet bonded -->
  <NotBonded>Не синхронизировано</NotBonded>
  <!-- EN: bonded to someone else -->
  <BladelinkBondedToSomeoneElse>синхронизировано с кем-то другим</BladelinkBondedToSomeoneElse>
  <!-- EN: (existing bond) -->
  <BladelinkAlreadyBonded>(существующая связь)</BladelinkAlreadyBonded>
  <!-- EN: A person can only bond with one persona weapon at a time.\n\nTo equip and bond with {WEAPON_labelShort}, {PAWN_nameDef}'s currently bonded weapon {BONDEDWEAPON_labelShort} must first be destroyed. -->
  <BladelinkAlreadyBondedDialog>Человек может быть связан одновременно только с одним синхрооружием.\n\nЧтобы сформировать связь с {WEAPON_labelShort} и получить возможность его экипировать, синхронизированный с {PAWN_nameDef} {BONDEDWEAPON_labelShort} сперва должен быть уничтожен.</BladelinkAlreadyBondedDialog>
  <!-- EN: {PAWN_nameDef} is already bonded to {BONDEDWEAPON_labelShort} -->
  <BladelinkAlreadyBondedMessage>{PAWN_nameDef} уже имеет связь с {BONDEDWEAPON_labelShort}</BladelinkAlreadyBondedMessage>

  <!-- Biocoded weapons -->
  <!-- EN: biocoded {0} -->
  <Biocoded>биокод. {0}</Biocoded>
  <!-- EN: Biocoding: {0} -->
  <CodedFor>Биокодировано для {0}</CodedFor>
  <!-- EN: biocoded -->
  <BiocodedCodedForSomeoneElse>биокодировано</BiocodedCodedForSomeoneElse>

  <!-- Projectile interceptor -->
  <!-- EN: Intercepts {0} every {1} -->
  <InterceptsProjectilesEvery>Перехватывает {0} каждые {1}</InterceptsProjectilesEvery>
  <!-- EN: Intercepts {0} -->
  <InterceptsProjectiles>Перехватывает {0}</InterceptsProjectiles>
  <!-- EN: ground projectiles -->
  <InterceptsProjectiles_GroundProjectiles>снаряды с настильной траекторией</InterceptsProjectiles_GroundProjectiles>
  <!-- EN: aerial projectiles -->
  <InterceptsProjectiles_AerialProjectiles>снаряды с навесной траекторией</InterceptsProjectiles_AerialProjectiles>

  <!-- Condition causers -->
  <!-- EN: Affected gender -->
  <AffectedGender>Подверженный пол</AffectedGender>

  <!-- Hediff misc -->
  <!-- EN: Caused by: {0} -->
  <CausedByHediff>Причина: {0}</CausedByHediff>
  
</LanguageData>