﻿<?xml version="1.0" encoding="UTF-8"?>
<LanguageData>

  <!-- EN: Autosaving -->
  <Autosaving>Автосохранение</Autosaving>
  <!-- EN: The three of you awake in your cryptosleep sarcophagi to the sound of sirens and ripping metal. You barely get to the escape pods before the ship is torn apart.\n\nSome time later, you land on this unknown rimworld.\n\nAs pieces of the shredded starship fall around you, you start making plans to survive. -->
  <GameStartDialog>Вы трое проснулись в своих саркофагах криптосна под звук сирен и скрежет металла. Едва вы успели добраться до спасательных капсул, как корабль развалился на части.\n\nНекоторое время спустя вы приземлились на неизвестную вам планету.\n\nПод звездопадом из обломков корабля вы начинаете строить планы по выживанию.</GameStartDialog>
  <!-- EN: Colony -->
  <Colony>поселения</Colony>
  <!-- EN: You can only change language from the options screen on the main menu. -->
  <ChangeLanguageFromMainMenu>Язык можно сменить только в главном меню.</ChangeLanguageFromMainMenu>
  <!-- EN: and -->
  <AndLower>и</AndLower>
  <!-- EN: disabled -->
  <DisabledLower>недоступно</DisabledLower>

  <!-- EN: Version {0} -->
  <VersionIndicator>Версия {0}</VersionIndicator>
  <!-- EN: Game version -->
  <GameVersionIndicator>Версия игры</GameVersionIndicator>
  <!-- EN: development build -->
  <DevelopmentBuildLower>только для тестеров</DevelopmentBuildLower>
  <!-- EN: Compiled {0} -->
  <CompiledOn>Сборка от {0}</CompiledOn>
  <!-- EN: Logged into Steam as {0} -->
  <LoggedIntoSteamAs>Вы вошли в Steam как {0}</LoggedIntoSteamAs>
  
  <!-- ToCommaList() -->
  <!-- EN: {0} and {1} -->
  <ToCommaListAnd>{0} и {1}</ToCommaListAnd>
  
  <!-- General-use words -->
  <!-- EN: Yes -->
  <Yes>Да</Yes>
  <!-- EN: No -->
  <No>Нет</No>
  <!-- EN: new -->
  <New>создать</New>
  <!-- EN: Gender -->
  <Gender>Род</Gender>
  <!-- EN: min -->
  <min>мин</min>
  <!-- EN: max -->
  <max>макс</max>
  <!-- EN: chance -->
  <chance>вероятность</chance>
  <!-- EN: context -->
  <context>влияет на</context>
  <!-- EN: multiplier -->
  <multiplier>множитель</multiplier>
  <!-- EN: damage -->
  <damage>урон</damage>
  <!-- EN: radius -->
  <radius>радиус</radius>
  <!-- EN: expired -->
  <expired>срок истёк</expired>
  <!-- EN: duration (days) -->
  <durationDays>продолжительность (дней)</durationDays>
  <!-- EN: interval (days) -->
  <intervalDays>интервал (дней)</intervalDays>
  <!-- EN: repeat -->
  <repeat>повторить</repeat>
  <!-- EN: default -->
  <default>по умолчанию</default>
  <!-- EN: distance -->
  <distance>расстояние</distance>
  <!-- EN: YES -->
  <YesUppercase>ДА</YesUppercase>
  <!-- EN: NO -->
  <NoUppercase>НЕТ</NoUppercase>
  <!-- EN: kg -->
  <kg>кг</kg>
  <!-- EN: Day -->
  <Day>День</Day>
  <!-- EN: day -->
  <day>день</day>
  <!-- EN: Default -->
  <Default>По умолчанию</Default>
  <!-- EN: Average -->
  <Average>В среднем</Average>
  <!-- EN: Cause -->
  <Cause>Причина</Cause>
  <!-- EN: etc -->
  <Etc>и так далее</Etc>
  <!-- EN: ${0} -->
  <MoneyFormat>{0}₡</MoneyFormat>

  <!-- Content generation-->
  
  <!-- EN: {0} meat -->
  <MeatLabel>мясо {0}</MeatLabel>
  <!-- EN: Raw butchered flesh. Can be cooked into meals, or eaten raw. -->
  <MeatDesc>Сырое мясо. Может быть приготовлено или съедено в сыром виде.</MeatDesc>
  <!-- EN: Raw butchered flesh. If necessary, can be cooked into meals, or even eaten raw. Extremely unappetizing. -->
  <MeatInsectDesc>Сырое мясо насекомого. При необходимости может быть приготовлено или даже съедено в сыром виде. Крайне неаппетитно.</MeatInsectDesc>
  <!-- EN: Raw butchered flesh. Can be cooked into meals or eaten raw, although most humans dislike the idea. -->
  <MeatHumanDesc>Сырая плоть человека. При необходимости может быть приготовлена или съедена в сыром виде, хотя большинству людей эта идея явно не понравится.</MeatHumanDesc>

  <!-- EN: techprint ({PROJECT_label}) -->
  <TechprintLabel>чертёж ({PROJECT_label})</TechprintLabel>
  <!-- EN: This is a techprint for the research project '{PROJECT_label}'.
\nThe physical form of techprints can range from scraps of paper with diagrams, all the way to advanced self-contained teaching machines. Regardless of form, they play the same role. They give your researchers the confidence that an idea is possible, and a rough idea of the designs used in more established societies.
\nYour researchers need the foundational knowledge offered by techprints to know where to start on a given technology. Only after enough techprints have been applied can your researchers work out the fine details of how to make use of the technology in your particular situation.
\nApplying techprints to a satisfied project fulfills half the remaining research progress. In addition, researchers always gain a boost to their intellectual skills when applying techprints, even on already-completed technologies. -->
  <TechprintDesc>Это чертёж, относящийся к технологии «{PROJECT_label}».\nЧертежи могут представлять собой как обрывки бумаг, исписанные формулами и графиками, так и продвинутые автономные машины для обучения. Вне зависимости от формы, они дают исследователям уверенность в том, что технология реализуема, а также примерное представление о её конкретном применении в более развитых мирах.\nПри помощи чертежей исследователи получают фундаментальные знания о том, с какой стороны следует подходить к разработке данной технологии. Только после того, как будут найдены все необходимые чертежи, ваши исследователи смогут приступить к проработке деталей того, как можно применить эту технологию в вашем конкретном случае.\nПрименение каждого чертежа к соответствующей технологии обеспечивает выполнение половины оставшейся исследовательской работы. Вдобавок, исследователи получают прирост к интеллектуальным навыкам, даже для уже изученных технологий.</TechprintDesc>
  <!-- EN: Unlocks -->
  <Unlocks>Открывает</Unlocks>

  <!-- EN: {0} corpse -->
  <CorpseLabel>труп {0}</CorpseLabel>
  <!-- EN: Dead body of a {0}. -->
  <CorpseDesc>Мёртвое тело {0}.</CorpseDesc>
  <!-- EN: {1_label} (dead) -->
  <DeadLabel>{1_label} ({1_gender ? мёртв : мертва})</DeadLabel>

  <!-- EN: rough {0} -->
  <RoughStoneTerrainLabel>грубый {0}</RoughStoneTerrainLabel>
  <!-- EN: Rough, natural {0} ground. -->
  <RoughStoneTerrainDesc>Грубый природный {0}.</RoughStoneTerrainDesc>
  <!-- EN: rough-hewn {0} -->
  <RoughHewnStoneTerrainLabel>обтёсанный {0}</RoughHewnStoneTerrainLabel>
  <!-- EN: Roughly cut natural {0} floor. -->
  <RoughHewnStoneTerrainDesc>Обтёсанный природный {0}.</RoughHewnStoneTerrainDesc>
  <!-- EN: smooth {0} -->
  <SmoothStoneTerrainLabel>гладкий {0}</SmoothStoneTerrainLabel>
  <!-- EN: Smoothed natural {0} floor. -->
  <SmoothStoneTerrainDesc>Гладкий природный {0}.</SmoothStoneTerrainDesc>

  <!-- EN:  (blueprint) -->
  <BlueprintLabelExtra> (проект)</BlueprintLabelExtra>
  <!-- EN:  (building) -->
  <FrameLabelExtra> (в процессе сборки)</FrameLabelExtra>

  <!-- EN: Unaffiliated -->
  <FactionUnaffiliated>Неаффилированная</FactionUnaffiliated>

  <!-- For things made of stuff, e.g. "Stone bed" -->
  <!-- 0 is the stuffAdjective property under stuffProps and 1 is the label -->
  <!-- EN: {0} {1} -->
  <ThingMadeOfStuffLabel>{1} из {0}</ThingMadeOfStuffLabel>

  <!-- EN: {PAWN_labelShort}'s {1} -->
  <SomeonesRoom>{1} {PAWN_labelShort}</SomeonesRoom>
  <!-- EN: {PAWN1_labelShort} and {PAWN2_labelShort}'s {2} -->
  <CouplesRoom>{2} {PAWN1_labelShort} и {PAWN2_labelShort}</CouplesRoom>
  
  <!-- EN: Important for this type of room. -->
  <StatRelatesToCurrentRoom>Важно для данного вида комнат.</StatRelatesToCurrentRoom>
  
  <!-- EN: {COUNT} {RESOURCE_label} underground here. -->
  <DeepResourceRemaining>Здесь под землёй находится {COUNT} {RESOURCE_label}.</DeepResourceRemaining>
  
  <!-- EN: (various) -->
  <VariousLabel>(разное)</VariousLabel>

  <!-- History events -->
  <!-- EN: Colonist died -->
  <ColonistDied>Поселенец погиб</ColonistDied>
  
  <!-- Rotation -->
  <!-- EN: North -->
  <North>Север</North>
  <!-- EN: South -->
  <South>Юг</South>
  <!-- EN: West -->
  <West>Запад</West>
  <!-- EN: East -->
  <East>Восток</East>

  <!-- EN: applying techprint ({0}) -->
  <ApplyingTechprint>применяется чертёж ({0})</ApplyingTechprint>
  
</LanguageData>