﻿<?xml version="1.0" encoding="UTF-8"?>
<LanguageData>

  <!-- EN: Level -->
  <Level>Уровень</Level>
  <!-- EN: Progress to next level -->
  <ProgressToNextLevel>Прогресс до след. уровня</ProgressToNextLevel>
  <!-- EN: Experience -->
  <Experience>Опыт</Experience>
  <!-- EN: Passion -->
  <Passion>Интерес</Passion>
  <!-- EN: None\n   -Learns {0} -->
  <PassionNone>отсутствует\n    -скорость обучения — {0}</PassionNone>
  <!-- EN: Interested\n   -Learns {0} -->
  <PassionMinor>средний\n    -скорость обучения — {0}</PassionMinor>
  <!-- EN: Burning\n   -Learns {0} -->
  <PassionMajor>горячий\n    -скорость обучения — {0}</PassionMajor>
  <!-- EN: Learned max today ({0}/{1}, further learning multiplied by {2}) -->
  <LearnedMaxToday>Достигнут предел на сегодня ({0}/{1}, дальнейшая скорость обучения — {2})</LearnedMaxToday>
  <!-- EN: Effects at level {0} -->
  <EffectsAtLevel>Параметры на уровне {0}</EffectsAtLevel>
  <!-- EN: MAX -->
  <SkillMax>Максимум</SkillMax>

  <!-- EN: Barely heard of it -->
  <Skill0>отсутствие знаний</Skill0>
  <!-- EN: Utter beginner -->
  <Skill1>некомпетентность</Skill1>
  <!-- EN: Beginner -->
  <Skill2>абсолютный новичок</Skill2>
  <!-- EN: Basic familiarity -->
  <Skill3>посредственный новичок</Skill3>
  <!-- EN: Some familiarity -->
  <Skill4>умелый новичок</Skill4>
  <!-- EN: Significant familiarity -->
  <Skill5>любитель</Skill5>
  <!-- EN: Capable amateur -->
  <Skill6>умелый любитель</Skill6>
  <!-- EN: Weak professional -->
  <Skill7>слабый профессионал</Skill7>
  <!-- EN: Employable professional -->
  <Skill8>профессионал</Skill8>
  <!-- EN: Solid professional -->
  <Skill9>уверенный профессионал</Skill9>
  <!-- EN: Skilled professional -->
  <Skill10>опытный профессионал</Skill10>
  <!-- EN: Very skilled professional -->
  <Skill11>ведущий профессионал</Skill11>
  <!-- EN: Expert -->
  <Skill12>эксперт</Skill12>
  <!-- EN: Strong expert -->
  <Skill13>ведущий эксперт</Skill13>
  <!-- EN: Master -->
  <Skill14>мастер</Skill14>
  <!-- EN: Strong master -->
  <Skill15>заслуженный мастер</Skill15>
  <!-- EN: Region-known master -->
  <Skill16>мастер континентального масштаба</Skill16>
  <!-- EN: Region-leading master -->
  <Skill17>ведущий континентальный мастер</Skill17>
  <!-- EN: Planet-known master -->
  <Skill18>мастер планетарного масштаба</Skill18>
  <!-- EN: Planet-leading master -->
  <Skill19>ведущий планетарный мастер</Skill19>
  <!-- EN: Legendary master -->
  <Skill20>легендарный мастер</Skill20>
  
</LanguageData>