﻿<?xml version="1.0" encoding="UTF-8"?>
<LanguageData>

  <!-- EN: d -->
  <LetterDay>д</LetterDay>
  <!-- EN: h -->
  <LetterHour>ч</LetterHour>
  <!-- EN: m -->
  <LetterMinute>м</LetterMinute>
  <!-- EN: s -->
  <LetterSecond>с</LetterSecond>
  <!-- EN: y -->
  <LetterYear>г</LetterYear>

  <!-- EN: days -->
  <DaysLower>дней</DaysLower>
  <!-- EN: hours -->
  <HoursLower>часов</HoursLower>
  <!-- EN: seconds -->
  <SecondsLower>секунд</SecondsLower>

  <!-- EN: spring -->
  <SeasonSpring>весна</SeasonSpring>
  <!-- EN: summer -->
  <SeasonSummer>лето</SeasonSummer>
  <!-- EN: fall -->
  <SeasonFall>осень</SeasonFall>
  <!-- EN: winter -->
  <SeasonWinter>зима</SeasonWinter>
  <!-- EN: permanent summer -->
  <SeasonPermanentSummer>вечное лето</SeasonPermanentSummer>
  <!-- EN: permanent winter -->
  <SeasonPermanentWinter>вечная зима</SeasonPermanentWinter>

  <!-- EN: Aprimay -->
  <QuadrumAprimay>Мартомай</QuadrumAprimay>
  <!-- EN: Jugust -->
  <QuadrumJugust>Июгуст</QuadrumJugust>
  <!-- EN: Septober -->
  <QuadrumSeptober>Сентоноябрь</QuadrumSeptober>
  <!-- EN: Decembary -->
  <QuadrumDecembary>Декавраль</QuadrumDecembary>

  <!-- EN: Apr -->
  <QuadrumAprimay_Short>Мар</QuadrumAprimay_Short>
  <!-- EN: Jug -->
  <QuadrumJugust_Short>Июг</QuadrumJugust_Short>
  <!-- EN: Sep -->
  <QuadrumSeptober_Short>Сен</QuadrumSeptober_Short>
  <!-- EN: Dec -->
  <QuadrumDecembary_Short>Дек</QuadrumDecembary_Short>
  
  <!-- EN: Born: {0} -->
  <Born>Дата рождения: {0}</Born>
  <!-- EN: Chronological age: {0} years, {1} quadrums, {2} days -->
  <AgeChronological>Хронологический возраст: ^Number( {0} | '# год' | '# года' | '# лет')^ ^Number( {1} | '# квартал' | '# квартала' | '# кварталов')^ ^Number( {2} | '# день' | '# дня' | '# дней')^</AgeChronological>
  <!-- EN: Biological age: {0} years, {1} quadrums, {2} days -->
  <AgeBiological>Биологический возраст: ^Number( {0} | '# год' | '# года' | '# лет')^ ^Number( {1} | '# квартал' | '# квартала' | '# кварталов')^ ^Number( {2} | '# день' | '# дня' | '# дней')^</AgeBiological>

  <!-- Date periods -->
  <!-- EN: 1 year -->
  <Period1Year>1 год</Period1Year>
  <!-- EN: {0} years -->
  <PeriodYears>^Number( {0} | '# год' | '# года' | '# лет')^</PeriodYears>
  <!-- EN: 1 quadrum -->
  <Period1Quadrum>1 квартал</Period1Quadrum>
  <!-- EN: {0} quadrums -->
  <PeriodQuadrums>^Number( {0} | '# квартал' | '# квартала' | '# кварталов')^</PeriodQuadrums>
  <!-- EN: 1 day -->
  <Period1Day>1 день</Period1Day>
  <!-- EN: {0} days -->
  <PeriodDays>^Number( {0} | '# день' | '# дня' | '# дней')^</PeriodDays>
  <!-- EN: 1 hour -->
  <Period1Hour>1 ч</Period1Hour>
  <!-- EN: {0} hours -->
  <PeriodHours>{0} ч</PeriodHours>
  <!-- EN: 1 second -->
  <Period1Second>1 с</Period1Second>
  <!-- EN: {0} seconds -->
  <PeriodSeconds>{0} с</PeriodSeconds>

  <!-- Misc -->
  <!-- EN: Started -->
  <Started>Началось</Started>
  <!-- EN: Lasted -->
  <Lasted>Длится</Lasted>
  <!-- EN: occurred {0} ago -->
  <OccurredTimeAgo>произошло {0} назад</OccurredTimeAgo>
  
</LanguageData>