﻿<?xml version="1.0" encoding="UTF-8"?>
<LanguageData>

  <!-- EN: none -->
  <WorkTagNone>Отсутствует</WorkTagNone>
  <!-- EN: intellectual -->
  <WorkTagIntellectual>Умственная работа</WorkTagIntellectual>
  <!-- EN: dumb labor -->
  <WorkTagManualDumb>Простая работа</WorkTagManualDumb>
  <!-- EN: skilled labor -->
  <WorkTagManualSkilled>Квалифицированная работа</WorkTagManualSkilled>
  <!-- EN: violent -->
  <WorkTagViolent>Насилие</WorkTagViolent>
  <!-- EN: caring -->
  <WorkTagCaring>Уход</WorkTagCaring>
  <!-- EN: social -->
  <WorkTagSocial>Общение</WorkTagSocial>
  <!-- EN: animals -->
  <WorkTagAnimals>Животноводство</WorkTagAnimals>
  <!-- EN: artistic -->
  <WorkTagArtistic>Творчество</WorkTagArtistic>
  <!-- EN: crafting -->
  <WorkTagCrafting>Ремесло</WorkTagCrafting>
  <!-- EN: cooking -->
  <WorkTagCooking>Кулинария</WorkTagCooking>
  <!-- EN: firefighting -->
  <WorkTagFirefighting>Пожаротушение</WorkTagFirefighting>
  <!-- EN: cleaning -->
  <WorkTagCleaning>Уборка</WorkTagCleaning>
  <!-- EN: hauling -->
  <WorkTagHauling>Переноска</WorkTagHauling>
  <!-- EN: plant work -->
  <WorkTagPlantWork>Растениеводство</WorkTagPlantWork>
  <!-- EN: mining -->
  <WorkTagMining>Горное дело</WorkTagMining>
  <!-- EN: hunting -->
  <WorkTagHunting>Охота</WorkTagHunting>
  <!-- EN: commoner work -->
  <WorkTagCommoner>Работа для простолюдинов</WorkTagCommoner>
  <!-- EN: all work -->
  <WorkTagAllWork>Любая работа</WorkTagAllWork>

</LanguageData>