﻿<?xml version="1.0" encoding="UTF-8"?>
<LanguageData>
  
  <!-- EN: marriage ceremony -->
  <MarriageCeremony.label>свадебная церемония</MarriageCeremony.label>
  
  <!-- EN: party -->
  <Party.label>вечеринка</Party.label>
  <!-- EN: The party has been called off. -->
  <Party.calledOffMessage>Вечеринку отменили.</Party.calledOffMessage>
  <!-- EN: The party has finished. -->
  <Party.finishedMessage>Вечеринка закончилась.</Party.finishedMessage>
  <!-- EN: {ORGANIZER_labelShort} is throwing a party! Everyone who goes will gain recreation and social energy, and a lasting positive mood boost. -->
  <Party.letterText>{ORGANIZER_labelShort} устраивает вечеринку! Все пришедшие будут развлекаться, общаться и надолго зарядятся хорошим настроением.</Party.letterText>
  <!-- EN: Party -->
  <Party.letterTitle>Вечеринка</Party.letterTitle>
  
</LanguageData>