﻿<?xml version="1.0" encoding="UTF-8"?>
<LanguageData>
  
  <!-- EN: civil outlander union -->
  <OutlanderCivil.label>мирный союз чужеземцев</OutlanderCivil.label>
  <!-- EN: These people have lived here for decades or centuries, and have lost most of the technology that brought them to this world. They usually work with simple machinery and defend themselves with advanced gunpowder weapons.\n\nThey are concerned with the practical matters of trade, trust, and survival.\n\nThis particular group holds civil behavior in high regard. -->
  <OutlanderCivil.description>Эти люди живут здесь на протяжении десятилетий или веков. Большая часть технологий, которые привели их сюда, давно утеряна. В работе они обычно используют простые механические инструменты, а защищаются продвинутым огнестрельным оружием.\n\nСфера их интересов — торговля, доверие и выживание.\n\nЭта фракция высоко ценит цивилизованное общение.</OutlanderCivil.description>
  <!-- EN: prime councilor -->
  <OutlanderCivil.leaderTitle>верховный советник</OutlanderCivil.leaderTitle>
  <!-- EN: outlander -->
  <OutlanderCivil.pawnSingular>чужеземец</OutlanderCivil.pawnSingular>
  <!-- EN: outlanders -->
  <OutlanderCivil.pawnsPlural>чужеземцы</OutlanderCivil.pawnsPlural>
  
  <!-- EN: rough outlander union -->
  <OutlanderRough.label>воинственный союз чужеземцев</OutlanderRough.label>
  <!-- EN: These people have lived here for decades or centuries, and have lost most of the technology that brought them to this world. They usually work with simple machinery and defend themselves with advanced gunpowder weapons.\n\nThey are concerned with the practical matters of trade, trust, and survival.\n\nThis particular group has a streak of barbarity in them. -->
  <OutlanderRough.description>Эти люди живут здесь на протяжении десятилетий или веков. Большая часть технологий, которые привели их сюда, давно утеряна. В работе они обычно используют простые механические инструменты, а защищаются продвинутым огнестрельным оружием.\n\nСфера их интересов — торговля, доверие и выживание.\n\nЭта фракция воинственна и склонна к варварству.</OutlanderRough.description>
  <!-- EN: prime councilor -->
  <OutlanderRough.leaderTitle>верховный советник</OutlanderRough.leaderTitle>
  <!-- EN: outlander -->
  <OutlanderRough.pawnSingular>чужеземец</OutlanderRough.pawnSingular>
  <!-- EN: outlanders -->
  <OutlanderRough.pawnsPlural>чужеземцы</OutlanderRough.pawnsPlural>
  
  <!-- EN: pirate band -->
  <Pirate.label>банда пиратов</Pirate.label>
  <!-- EN: A loose confederation of pirate gangs who've agreed to mostly fight outsiders instead of fighting each other.\n\nPirates don't sow, they don't build, and they rarely trade. Driven by a blood-and-honor culture that values personal strength and ruthlessness, they enrich themselves by raiding and robbing their more productive neighbors.\n\nTheir technology level depends mostly on who they've managed to steal from recently. Mostly they carry gunpowder weapons, though some prefer to stab victims at close range. -->
  <Pirate.description>Конфедерация из бандитских шаек, договорившихся нападать на всех остальных вместо того, чтобы воевать друг с другом.\n\nПираты не занимаются земледелием и строительством, вдобавок редко торгуют. Их культура основана на понятиях «крови и чести», а такие качества, как сила и беспощадность, у них в большом почёте.\n\nПираты обогащаются за счёт более успешных групп в регионе, и их уровень технологий зависит, по большей части, от тех, кого им недавно удалось ограбить. В основном они экипированы огнестрельным оружием, хотя некоторые предпочитают резать своих жертв в ближнем бою.</Pirate.description>
  <!-- EN: boss -->
  <Pirate.leaderTitle>главарь</Pirate.leaderTitle>
  <!-- EN: pirate -->
  <Pirate.pawnSingular>пират</Pirate.pawnSingular>
  <!-- EN: pirates -->
  <Pirate.pawnsPlural>пираты</Pirate.pawnsPlural>
  
  <!-- EN: gentle tribe -->
  <TribeCivil.label>мирное племя</TribeCivil.label>
  <!-- EN: These people have been here a very long time. Maybe their ancestors crashed here a thousand years ago. Maybe they survived some cataclysm that destroyed a technological civilization here. In any case, the tribals are mostly nomadic people who live off the land using primitive tools and weapons.\n\nDespite their apparent technological weakness, the tribals can be dangerous enemies and valuable friends because of their skill with low-tech warfare, their numbers, and their hardiness.\n\nThis particular tribe pursues a gentle way of life where they can. They are quite open to trade and alliances, even with strange peoples. -->
  <TribeCivil.description>Эти люди обитают на планете очень давно. Возможно, их предки разбились здесь тысячи лет назад. А может, они пережили катаклизм, который разрушил более развитую цивилизацию. В любом случае, большинство аборигенов ведут кочевой образ жизни, используя примитивное оружие и орудия труда.\n\nНесмотря на очевидную технологическую отсталость, дикари могут быть как опасными врагами, так и ценными союзниками, благодаря своей выносливости, числу и навыкам обращения с примитивным оружием.\n\nЭто племя предпочитает строить мирные отношения со всеми, с кем это возможно. Они открыты для торговли и заключения союзов, даже со странными людьми.</TribeCivil.description>
  <!-- EN: chief -->
  <TribeCivil.leaderTitle>вождь</TribeCivil.leaderTitle>
  <!-- EN: tribesman -->
  <TribeCivil.pawnSingular>абориген</TribeCivil.pawnSingular>
  <!-- EN: tribespeople -->
  <TribeCivil.pawnsPlural>аборигены</TribeCivil.pawnsPlural>
  
  <!-- EN: fierce tribe -->
  <TribeRough.label>воинственное племя</TribeRough.label>
  <!-- EN: These people have been here a very long time. Maybe their ancestors crashed here a thousand years ago. Maybe they survived some cataclysm that destroyed a technological civilization here. In any case, the tribals are mostly nomadic people who live off the land using primitive tools and weapons.\n\nDespite their apparent technological weakness, the tribals can be dangerous enemies and valuable friends because of their skill with low-tech warfare, their numbers, and their hardiness.\n\nThis particular tribe values warlike dominance; it may be difficult to turn them into an ally. -->
  <TribeRough.description>Эти люди обитают на планете очень давно. Возможно, их предки разбились здесь тысячи лет назад. А может, они пережили катаклизм, который разрушил более развитую цивилизацию. В любом случае, большинство аборигенов ведут кочевой образ жизни, используя примитивные оружие и инструменты.\n\nНесмотря на очевидную технологическую отсталость, дикари могут быть как опасными врагами, так и ценными союзниками, благодаря своей выносливости, числу и навыкам обращения с примитивным оружием.\n\nЭто племя уважает грубую силу и военное доминирование. Добиться их расположения будет непросто.</TribeRough.description>
  <!-- EN: chief -->
  <TribeRough.leaderTitle>вождь</TribeRough.leaderTitle>
  <!-- EN: tribesman -->
  <TribeRough.pawnSingular>абориген</TribeRough.pawnSingular>
  <!-- EN: tribespeople -->
  <TribeRough.pawnsPlural>аборигены</TribeRough.pawnsPlural>
  
  <!-- EN: savage tribe -->
  <TribeSavage.label>племя дикарей</TribeSavage.label>
  <!-- EN: These people have been here a very long time. Maybe their ancestors crashed here a thousand years ago. Maybe they survived some cataclysm that destroyed a technological civilization here. In any case, the tribals are mostly nomadic people who live off the land using primitive tools and weapons.\n\nDespite their apparent technological weakness, the tribals can be dangerous enemies because of their skill with low-tech warfare, their numbers, and their hardiness.\n\nThis particular tribe is driven by a blood-and-honor culture; you will not be able to ally with them! -->
  <TribeSavage.description>Эти люди обитают на планете очень давно. Возможно, их предки разбились здесь тысячи лет назад. А может, они пережили катаклизм, который разрушил более развитую цивилизацию. В любом случае, большинство аборигенов ведут кочевой образ жизни, используя примитивное оружие и орудия труда.\n\nНесмотря на очевидную технологическую отсталость, дикари могут быть опасными врагами благодаря своей выносливости, числу и навыкам обращения с примитивным оружием.\n\nВ их культуре чести можно добиться только кровью врага. Стать с ними союзниками невозможно!</TribeSavage.description>
  <!-- EN: chief -->
  <TribeSavage.leaderTitle>вождь</TribeSavage.leaderTitle>
  <!-- EN: tribesman -->
  <TribeSavage.pawnSingular>абориген</TribeSavage.pawnSingular>
  <!-- EN: tribespeople -->
  <TribeSavage.pawnsPlural>аборигены</TribeSavage.pawnsPlural>
  
</LanguageData>
