﻿<?xml version="1.0" encoding="UTF-8"?>
<LanguageData>
  
  <!-- EN: Переноска -->
  <Trainable_Haul.headerTip>Переноска</Trainable_Haul.headerTip>
  
  <!-- EN: Преданность -->
  <Trainable_Obedience.headerTip>Преданность</Trainable_Obedience.headerTip>
  
  <!-- EN: Натравливание -->
  <Trainable_Release.headerTip>Натравливание</Trainable_Release.headerTip>
  
  <!-- EN: Спасение -->
  <Trainable_Rescue.headerTip>Спасение</Trainable_Rescue.headerTip>
  
  <!-- EN: Приручённость -->
  <Trainable_Tameness.headerTip>Приручённость</Trainable_Tameness.headerTip>
  
</LanguageData>