﻿<?xml version="1.0" encoding="UTF-8"?>
<LanguageData>
  
  <!-- EN: age -->
  <Age.label>возраст</Age.label>
  
  <!-- EN: allowed area -->
  <AllowedArea.label>доступная область</AllowedArea.label>
  
  <!-- EN: allowed area -->
  <AllowedAreaWide.label>доступная область</AllowedAreaWide.label>
  
  <!-- EN: drug policy -->
  <DrugPolicy.label>политика приёма препаратов</DrugPolicy.label>
  
  <!-- EN: food restriction -->
  <FoodRestriction.label>диета</FoodRestriction.label>
  
  <!-- EN: Hostility response -->
  <HostilityResponse.headerTip>Реакция на угрозу</HostilityResponse.headerTip>
  
  <!-- EN: master -->
  <Master.label>хозяин</Master.label>
  
  <!-- EN: Medical care -->
  <MedicalCare.headerTip>Врачебный уход</MedicalCare.headerTip>
  
  <!-- EN: current outfit -->
  <Outfit.label>одежда</Outfit.label>
  
</LanguageData>