﻿<?xml version="1.0" encoding="UTF-8"?>
<LanguageData>
  
  <!-- EN: Follow master while the master is drafted. -->
  <FollowDrafted.headerTip>Следовать за хозяином в режиме призыва</FollowDrafted.headerTip>
  
  <!-- EN: Follow master while the master is doing field work (hunting or taming animals). -->
  <FollowFieldwork.headerTip>Следовать за хозяином на охоте и при приручении диких животных.</FollowFieldwork.headerTip>
  
  <!-- EN: Mark animals to be hunted by your hunters. -->
  <Hunt.headerTip>Отметить животных для охоты.</Hunt.headerTip>
  
  <!-- EN: Slaughter -->
  <Slaughter.headerTip>Забить</Slaughter.headerTip>
  
  <!-- EN: Tame a wild animal. -->
  <Tame.headerTip>Отметить животных для приручения.</Tame.headerTip>
  
</LanguageData>