﻿<?xml version="1.0" encoding="UTF-8"?>
<LanguageData>
  
  <!-- EN: extremely low -->
  <ExtremelyLow.label>крайне низкие</ExtremelyLow.label>
  
  <!-- EN: high -->
  <High.label>высокие</High.label>
  
  <!-- EN: low -->
  <Low.label>низкие</Low.label>
  
  <!-- EN: moderate -->
  <Moderate.label>умеренные</Moderate.label>
  
  <!-- EN: noble -->
  <Noble.label>повышенные</Noble.label>
  
  <!-- EN: royal -->
  <Royal.label>королевские</Royal.label>
  
  <!-- EN: sky high -->
  <SkyHigh.label>заоблачные</SkyHigh.label>
  
  <!-- EN: very low -->
  <VeryLow.label>очень низкие</VeryLow.label>
  
</LanguageData>