﻿<?xml version="1.0" encoding="UTF-8"?>
<LanguageData>
  
  <!-- EN: bite -->
  <Bite.label>укус</Bite.label>
  
  <!-- EN: blunt -->
  <Blunt.label>дробящий удар</Blunt.label>
  
  <!-- EN: cut -->
  <Cut.label>рубящий удар</Cut.label>
  
  <!-- EN: kick material in eyes -->
  <KickMaterialInEyes.label>бросок в глаза</KickMaterialInEyes.label>
  
  <!-- EN: poke -->
  <Poke.label>тычок</Poke.label>
  
  <!-- EN: scratch -->
  <Scratch.label>удар</Scratch.label>
  
  <!-- EN: toxic scratch -->
  <ScratchToxic.label>ядовитый удар</ScratchToxic.label>
  
  <!-- EN: stab -->
  <Stab.label>колющий удар</Stab.label>
  
  <!-- EN: toxic bite -->
  <ToxicBite.label>ядовитый укус</ToxicBite.label>
  
</LanguageData>