﻿<?xml version="1.0" encoding="UTF-8"?>
<LanguageData>
  
  <!-- EN: bulk goods trader -->
  <Caravan_Neolithic_BulkGoods.label>оптовый торговец</Caravan_Neolithic_BulkGoods.label>
  
  <!-- EN: shaman merchant -->
  <Caravan_Neolithic_ShamanMerchant.label>шаман-торговец</Caravan_Neolithic_ShamanMerchant.label>
  
  <!-- EN: slaver -->
  <Caravan_Neolithic_Slaver.label>работорговец</Caravan_Neolithic_Slaver.label>
  
  <!-- EN: war merchant -->
  <Caravan_Neolithic_WarMerchant.label>торговец оружием</Caravan_Neolithic_WarMerchant.label>
  
</LanguageData>