﻿<?xml version="1.0" encoding="UTF-8"?>
<LanguageData>
  
  <!-- EN: bulk goods trader -->
  <Orbital_BulkGoods.label>оптовые торговцы</Orbital_BulkGoods.label>
  
  <!-- EN: combat supplier -->
  <Orbital_CombatSupplier.label>торговцы оружием</Orbital_CombatSupplier.label>
  
  <!-- EN: exotic goods trader -->
  <Orbital_Exotic.label>торговцы экзотикой</Orbital_Exotic.label>
  
  <!-- EN: slave ship -->
  <Orbital_PirateMerchant.label>работорговцы</Orbital_PirateMerchant.label>
  
</LanguageData>