﻿<?xml version="1.0" encoding="UTF-8"?>
<LanguageData>
  
  <!-- EN: bulk goods trader -->
  <Caravan_Outlander_BulkGoods.label>оптовый торговец</Caravan_Outlander_BulkGoods.label>
  
  <!-- EN: combat supplier -->
  <Caravan_Outlander_CombatSupplier.label>торговец оружием</Caravan_Outlander_CombatSupplier.label>
  
  <!-- EN: exotic goods trader -->
  <Caravan_Outlander_Exotic.label>торговец экзотикой</Caravan_Outlander_Exotic.label>
  
  <!-- EN: slaver -->
  <Caravan_Outlander_PirateMerchant.label>работорговец</Caravan_Outlander_PirateMerchant.label>
  
</LanguageData>