﻿<?xml version="1.0" encoding="UTF-8"?>
<LanguageData>
  
  <!-- EN: gladius -->
  <MeleeWeapon_Gladius.label>гладиус</MeleeWeapon_Gladius.label>
  <!-- EN: A short sword of ancient design. Good for stabbing or slashing. It's light and nimble, which sometimes lets it beat bigger, heavier weapons. -->
  <MeleeWeapon_Gladius.description>Короткий меч, подобный тем, что применялись в древности. Хорош для колющих и рубящих ударов. Лёгкость и приёмистость гладиуса часто позволяет одержать верх над противником с более тяжёлым и мощным оружием.</MeleeWeapon_Gladius.description>
  <!-- EN: handle -->
  <MeleeWeapon_Gladius.tools.handle.label>рукоять</MeleeWeapon_Gladius.tools.handle.label>
  <!-- EN: point -->
  <MeleeWeapon_Gladius.tools.point.label>остриё</MeleeWeapon_Gladius.tools.point.label>
  <!-- EN: edge -->
  <MeleeWeapon_Gladius.tools.edge.label>лезвие</MeleeWeapon_Gladius.tools.edge.label>
  
  <!-- EN: longsword -->
  <MeleeWeapon_LongSword.label>длинный меч</MeleeWeapon_LongSword.label>
  <!-- EN: The ancient weapon of kings, the longsword can be used for slashing or stabbing. -->
  <MeleeWeapon_LongSword.description>Длинный меч — древнее оружие королей, опасное в умелых руках. Подходит для колющих и рубящих ударов.</MeleeWeapon_LongSword.description>
  <!-- EN: handle -->
  <MeleeWeapon_LongSword.tools.handle.label>рукоять</MeleeWeapon_LongSword.tools.handle.label>
  <!-- EN: point -->
  <MeleeWeapon_LongSword.tools.point.label>остриё</MeleeWeapon_LongSword.tools.point.label>
  <!-- EN: edge -->
  <MeleeWeapon_LongSword.tools.edge.label>лезвие</MeleeWeapon_LongSword.tools.edge.label>
  
  <!-- EN: mace -->
  <MeleeWeapon_Mace.label>булава</MeleeWeapon_Mace.label>
  <!-- EN: A refined club, engineered for efficient swinging and deadly impacts. -->
  <MeleeWeapon_Mace.description>Изящная булава, подходящая для эффективного замаха и сокрушительного удара.</MeleeWeapon_Mace.description>
  <!-- EN: handle -->
  <MeleeWeapon_Mace.tools.handle.label>рукоять</MeleeWeapon_Mace.tools.handle.label>
  <!-- EN: head -->
  <MeleeWeapon_Mace.tools.head.label>головка</MeleeWeapon_Mace.tools.head.label>
  
</LanguageData>