﻿<?xml version="1.0" encoding="UTF-8"?>
<LanguageData>
  
  <!-- EN: category -->
  <Category.label>категория</Category.label>
  
  <!-- EN: hit points percentage -->
  <HitPointsPercentage.label>целостность (%)</HitPointsPercentage.label>
  
  <!-- EN: market value -->
  <MarketValue.label>рыночная стоимость</MarketValue.label>
  
  <!-- EN: mass -->
  <Mass.label>вес</Mass.label>
  
  <!-- EN: name -->
  <Name.label>имя</Name.label>
  
  <!-- EN: none -->
  <None.label>ничего</None.label>
  
  <!-- EN: quality -->
  <Quality.label>качество</Quality.label>
  
</LanguageData>