﻿<?xml version="1.0" encoding="UTF-8"?>
<LanguageData>
  
  <!-- EN: tropical rainforest -->
  <TropicalRainforest.label>тропический лес</TropicalRainforest.label>
  <!-- EN: A thick, moist jungle, buzzing with animal life and infested with disease. Despite its visual beauty, this is a very dangerous biome. Choking overgrowth, aggressive animals, and constant sickness are why some explorers call this the "green hell". -->
  <TropicalRainforest.description>Густые влажные джунгли. Несмотря на внешнюю красоту, это очень опасный биом. Буйная растительность, агрессивная фауна и постоянный риск опасных болезней — вот почему некоторые исследователи называют джунгли «зелёным адом».</TropicalRainforest.description>
  
  <!-- EN: tropical swamp -->
  <TropicalSwamp.label>тропическое болото</TropicalSwamp.label>
  <!-- EN: A plant-choked, steamy swamp seething with parasites and pathogens. Much of the land is too marshy to build on. Difficult movement, aggressive animals, and rampant disease make living here a nightmare. -->
  <TropicalSwamp.description>Густые болотистые джунгли с трясиной и жидкой грязью. Труднопроходимые участки, нехватка места для строительства, агрессивные животные и постоянные болезни превратят вашу жизнь в кошмар.</TropicalSwamp.description>
  
</LanguageData>