﻿<?xml version="1.0" encoding="UTF-8"?>
<LanguageData>
  
  <!-- EN: temperate forest -->
  <TemperateForest.label>умеренный лес</TemperateForest.label>
  <!-- EN: Forests of deciduous trees interspersed with fertile clearings. Many species of animals move around among the trees and on the plains. -->
  <TemperateForest.description>Преимущественно лиственный лес, перемежающийся плодородными полянами. Среди деревьев и на равнинах обитает множество видов животных. Зимой движение затруднено из-за снега.</TemperateForest.description>
  
  <!-- EN: temperate swamp -->
  <TemperateSwamp.label>болото</TemperateSwamp.label>
  <!-- EN: Wetlands choked with vegetation and disease. Dense overgrowth makes it hard to move around, and clearing areas for building takes a long time. Much of the terrain is too marshy to support heavy structures. -->
  <TemperateSwamp.description>Болотистая местность с буйной растительностью. Густые заросли затрудняют передвижение, болезни здесь часты, а вырубка и строительство занимают длительное время. Большая часть суши не выдержит тяжёлых конструкций.</TemperateSwamp.description>
  
</LanguageData>