﻿<?xml version="1.0" encoding="UTF-8"?>
<LanguageData>
  
  <!-- EN: lake -->
  <Lake.label>озеро</Lake.label>
  <!-- EN: A large lake. Beautiful to live next to. Not so beautiful to live in. -->
  <Lake.description>Большое озеро. Хорошее место, чтобы жить рядом. Но не настолько хорошее, чтобы жить в нём.</Lake.description>
  
  <!-- EN: ocean -->
  <Ocean.label>океан</Ocean.label>
  <!-- EN: Open ocean. Great for fish. Not so great for you. -->
  <Ocean.description>Открытый океан. Подходящее место для рыб, но не для вас.</Ocean.description>
  
</LanguageData>