﻿<?xml version="1.0" encoding="UTF-8"?>
<LanguageData>
  
  <!-- EN: arid shrubland -->
  <AridShrubland.label>кустарниковая степь</AridShrubland.label>
  <!-- EN: A dry region, but not dry enough to become a true desert. Open plains with grasses and bushes give way to scattered groves of trees. Plants are hardy and there is a moderate density of animals, but arable soil is hard to find. -->
  <AridShrubland.description>Сухой регион, но не настолько, чтобы стать настоящей пустыней. Открытые равнины с травой и кустарниками сменяют редкие рощи. Найти пригодный для возделывания участок земли весьма непросто. Растения здесь выносливы, а количество животных невелико.</AridShrubland.description>
  
  <!-- EN: desert -->
  <Desert.label>полупустыня</Desert.label>
  <!-- EN: A very dry area which supports little life. There is very little arable land, and animal life is very sparse. Deserts can be hot, or quite cold. -->
  <Desert.description>Очень сухая местность с недостаточным уровнем осадков для полноценной растительной и животной жизни. В полупустынях может быть как жарко, так и достаточно холодно.</Desert.description>
  
  <!-- EN: extreme desert -->
  <ExtremeDesert.label>пустыня</ExtremeDesert.label>
  <!-- EN: An extremely hot, dry area, devoid of almost all life. Searing heat and a near total lack of arable land make it very difficult to survive here. -->
  <ExtremeDesert.description>Невероятно сухая местность с экстремально высокими температурами, практически лишённая жизни. Среди непереносимого жара и песка можно найти выносливые растения и скопления животных, но даже маленькие клочки плодородной земли — редкое явление.</ExtremeDesert.description>
  
</LanguageData>