<?xml version="1.0" encoding="utf-8" ?>
<Defs>
	<ThinkTreeDef>
		<defName>Insert_OrassanNuzzle</defName>
		<insertTag>Humanlike_PostMain</insertTag>
		<insertPriority>100</insertPriority>
		<thinkRoot Class="ThinkNode_ConditionalHasFaction">
			<subNodes>
                <li Class="ThinkNode_ConditionalOfPlayerFaction">
                    <subNodes>
                        <li Class="Orassan.ThinkNode_ConditionalIsOrassan">
                            <subNodes>
                                <li Class="ThinkNode_ChancePerHour_Nuzzle">
									<subNodes>
										<li Class="Orassans.JobGiver_OrassanNuzzle" />
									</subNodes>
								</li>
                            </subNodes>
						</li>
					</subNodes>
				</li>
			</subNodes>
		</thinkRoot>
	</ThinkTreeDef>
</Defs>