﻿<?xml version="1.0" encoding="UTF-8"?>
<LanguageData>
  
  <!-- EN: brain -->
  <Brain.label>мозг</Brain.label>
  
  <!-- EN: ear -->
  <Ear.label>ухо</Ear.label>
  
  <!-- EN: eye -->
  <Eye.label>глаз</Eye.label>
  
  <!-- EN: foot -->
  <Foot.label>стопа</Foot.label>
  
  <!-- EN: head -->
  <Head.label>голова</Head.label>
  
  <!-- EN: jaw -->
  <Jaw.label>челюсть</Jaw.label>
  
  <!-- EN: leg -->
  <Leg.label>нога</Leg.label>
  
  <!-- EN: neck -->
  <Neck.label>шея</Neck.label>
  
  <!-- EN: nose -->
  <Nose.label>нос</Nose.label>
  
  <!-- EN: ribcage -->
  <Ribcage.label>грудная клетка</Ribcage.label>
  
  <!-- EN: skull -->
  <Skull.label>череп</Skull.label>
  
  <!-- EN: spine -->
  <Spine.label>позвоночник</Spine.label>
  
</LanguageData>