﻿<?xml version="1.0" encoding="UTF-8"?>
<LanguageData>
  
  <!-- EN: artificial brain -->
  <ArtificialBrain.label>искусственный мозг</ArtificialBrain.label>
  
  <!-- EN: blade -->
  <Blade.label>клинок</Blade.label>
  
  <!-- EN: fluid reprocessor -->
  <FluidReprocessor.label>циркуляционный репроцессор</FluidReprocessor.label>
  
  <!-- EN: sound sensor -->
  <HearingSensor.label>звуковой датчик</HearingSensor.label>
  
  <!-- EN: arm -->
  <MechanicalArm.label>рука</MechanicalArm.label>
  
  <!-- EN: fifth body ring -->
  <MechanicalCentipedeBodyFifthRing.label>пятое кольцо тела</MechanicalCentipedeBodyFifthRing.label>
  <!-- EN: body ring -->
  <MechanicalCentipedeBodyFifthRing.labelShort>кольцо тела</MechanicalCentipedeBodyFifthRing.labelShort>
  
  <!-- EN: first body ring -->
  <MechanicalCentipedeBodyFirstRing.label>первое кольцо тела</MechanicalCentipedeBodyFirstRing.label>
  <!-- EN: body ring -->
  <MechanicalCentipedeBodyFirstRing.labelShort>кольцо тела</MechanicalCentipedeBodyFirstRing.labelShort>
  
  <!-- EN: fourth body ring -->
  <MechanicalCentipedeBodyFourthRing.label>четвёртое кольцо тела</MechanicalCentipedeBodyFourthRing.label>
  <!-- EN: body ring -->
  <MechanicalCentipedeBodyFourthRing.labelShort>кольцо тела</MechanicalCentipedeBodyFourthRing.labelShort>
  
  <!-- EN: second body ring -->
  <MechanicalCentipedeBodySecondRing.label>второе кольцо тела</MechanicalCentipedeBodySecondRing.label>
  <!-- EN: body ring -->
  <MechanicalCentipedeBodySecondRing.labelShort>кольцо тела</MechanicalCentipedeBodySecondRing.labelShort>
  
  <!-- EN: sixth body ring -->
  <MechanicalCentipedeBodySixthRing.label>шестое кольцо тела</MechanicalCentipedeBodySixthRing.label>
  <!-- EN: body ring -->
  <MechanicalCentipedeBodySixthRing.labelShort>кольцо тела</MechanicalCentipedeBodySixthRing.labelShort>
  
  <!-- EN: third body ring -->
  <MechanicalCentipedeBodyThirdRing.label>третье кольцо тела</MechanicalCentipedeBodyThirdRing.label>
  <!-- EN: body ring -->
  <MechanicalCentipedeBodyThirdRing.labelShort>кольцо тела</MechanicalCentipedeBodyThirdRing.labelShort>
  
  <!-- EN: finger -->
  <MechanicalFinger.label>палец</MechanicalFinger.label>
  
  <!-- EN: foot -->
  <MechanicalFoot.label>стопа</MechanicalFoot.label>
  
  <!-- EN: hand -->
  <MechanicalHand.label>кисть</MechanicalHand.label>
  
  <!-- EN: head -->
  <MechanicalHead.label>голова</MechanicalHead.label>
  
  <!-- EN: leg -->
  <MechanicalLeg.label>нога</MechanicalLeg.label>
  
  <!-- EN: neck -->
  <MechanicalNeck.label>шея</MechanicalNeck.label>
  
  <!-- EN: shoulder -->
  <MechanicalShoulder.label>плечо</MechanicalShoulder.label>
  
  <!-- EN: thorax -->
  <MechanicalThorax.label>грудная клетка</MechanicalThorax.label>
  
  <!-- EN: thorax -->
  <MechanicalThoraxCanManipulate.label>грудная клетка</MechanicalThoraxCanManipulate.label>
  
  <!-- EN: reactor -->
  <Reactor.label>реактор</Reactor.label>
  
  <!-- EN: visual sensor -->
  <SightSensor.label>оптический датчик</SightSensor.label>
  
  <!-- EN: chemical analyzer -->
  <SmellSensor.label>химический датчик</SmellSensor.label>
  
</LanguageData>