﻿<?xml version="1.0" encoding="UTF-8"?>
<LanguageData>
  
  <!-- EN: jaw -->
  <AnimalJaw.label>пасть</AnimalJaw.label>
  
  <!-- EN: antenna -->
  <Antenna.label>усик</Antenna.label>
  
  <!-- EN: beak -->
  <Beak.label>клюв</Beak.label>
  
  <!-- EN: body -->
  <Body.label>туловище</Body.label>
  
  <!-- EN: elytra -->
  <Elytra.label>надкрылье</Elytra.label>
  
  <!-- EN: front claw -->
  <FrontClaw.label>передний коготь</FrontClaw.label>
  <!-- EN: claw -->
  <FrontClaw.labelShort>коготь</FrontClaw.labelShort>
  
  <!-- EN: head claw -->
  <HeadClaw.label>клешня</HeadClaw.label>
  
  <!-- EN: hoof -->
  <Hoof.label>копыто</Hoof.label>
  
  <!-- EN: horn -->
  <Horn.label>рог</Horn.label>
  
  <!-- EN: hump -->
  <Hump.label>горб</Hump.label>
  
  <!-- EN: head -->
  <InsectHead.label>голова</InsectHead.label>
  
  <!-- EN: heart -->
  <InsectHeart.label>сердце</InsectHeart.label>
  
  <!-- EN: leg -->
  <InsectLeg.label>нога</InsectLeg.label>
  
  <!-- EN: mouth -->
  <InsectMouth.label>рот</InsectMouth.label>
  
  <!-- EN: nostril -->
  <InsectNostril.label>ноздря</InsectNostril.label>
  
  <!-- EN: jowl -->
  <Jowl.label>челюсть</Jowl.label>
  
  <!-- EN: paw -->
  <Paw.label>лапа</Paw.label>
  
  <!-- EN: plastron -->
  <Plastron.label>нижний щит</Plastron.label>
  
  <!-- EN: pronotum -->
  <Pronotum.label>переднеспинка</Pronotum.label>
  
  <!-- EN: rear claw -->
  <RearClaw.label>задний коготь</RearClaw.label>
  <!-- EN: claw -->
  <RearClaw.labelShort>коготь</RearClaw.labelShort>
  
  <!-- EN: shell -->
  <Shell.label>панцирь</Shell.label>
  
  <!-- EN: body -->
  <SnakeBody.label>туловище</SnakeBody.label>
  
  <!-- EN: head -->
  <SnakeHead.label>голова</SnakeHead.label>
  
  <!-- EN: mouth -->
  <SnakeMouth.label>рот</SnakeMouth.label>
  
  <!-- EN: tail -->
  <Tail.label>хвост</Tail.label>
  
  <!-- EN: trunk -->
  <Trunk.label>хобот</Trunk.label>
  
  <!-- EN: beak -->
  <TurtleBeak.label>клюв</TurtleBeak.label>
  
  <!-- EN: shell -->
  <TurtleShell.label>панцирь</TurtleShell.label>
  
  <!-- EN: tusk -->
  <Tusk.label>бивень</Tusk.label>
  
</LanguageData>