﻿<?xml version="1.0" encoding="UTF-8"?>
<LanguageData>
  
  <!-- EN: arm -->
  <Arm.label>рука</Arm.label>
  
  <!-- EN: clavicle -->
  <Clavicle.label>ключица</Clavicle.label>
  
  <!-- EN: femur -->
  <Femur.label>бедро</Femur.label>
  
  <!-- EN: finger -->
  <Finger.label>палец</Finger.label>
  
  <!-- EN: hand -->
  <Hand.label>кисть</Hand.label>
  
  <!-- EN: humerus -->
  <Humerus.label>плечевая кость</Humerus.label>
  
  <!-- EN: pelvis -->
  <Pelvis.label>таз</Pelvis.label>
  
  <!-- EN: radius -->
  <Radius.label>предплечье</Radius.label>
  
  <!-- EN: shoulder -->
  <Shoulder.label>плечо</Shoulder.label>
  
  <!-- EN: sternum -->
  <Sternum.label>грудина</Sternum.label>
  
  <!-- EN: tibia -->
  <Tibia.label>голень</Tibia.label>
  
  <!-- EN: toe -->
  <Toe.label>палец</Toe.label>
  
  <!-- EN: torso -->
  <Torso.label>торс</Torso.label>
  
  <!-- EN: utility slot -->
  <Waist.label>доп. снаряжение</Waist.label>
  
</LanguageData>