﻿<?xml version="1.0" encoding="UTF-8"?>
<LanguageInfo>
	<friendlyNameNative>Русский</friendlyNameNative>
	<friendlyNameEnglish>Russian / Русский</friendlyNameEnglish>
	<canBeTiny>true</canBeTiny>
	<languageWorkerClass>LanguageWorker_Russian</languageWorkerClass>
	<credits>
		<li Class="CreditRecord_Role">
			<roleKey>Credit_Translator</roleKey>
			<creditee>Андрей 'Elevator89' Лёмин</creditee>
		</li>
		<li Class="CreditRecord_Role">
			<roleKey>Credit_Translator</roleKey>
			<creditee>Дмитрий 'Dimonasdf' Романов</creditee>
		</li>
		<li Class="CreditRecord_Role">
			<roleKey>Credit_Translator</roleKey>
			<creditee>Евгения 'EcherArt' Артамонова</creditee>
		</li>
		<li Class="CreditRecord_Role">
			<roleKey>Credit_Translator</roleKey>
			<creditee>kamadz</creditee>
		</li>
		<li Class="CreditRecord_Role">
			<roleKey>Credit_SpecialThanks</roleKey>
			<creditee>Dandi</creditee>
		</li>
		<li Class="CreditRecord_Role">
			<roleKey>Credit_SpecialThanks</roleKey>
			<creditee>Humort</creditee>
		</li>
		<li Class="CreditRecord_Role">
			<roleKey>Credit_SpecialThanks</roleKey>
			<creditee>AcDie</creditee>
		</li>
		<li Class="CreditRecord_Role">
			<roleKey>Credit_SpecialThanks</roleKey>
			<creditee>Arex-rus</creditee>
		</li>
	</credits>
</LanguageInfo>