﻿<?xml version="1.0" encoding="UTF-8"?>
<LanguageData>
  
  <!-- EN: flu -->
  <Animal_Flu.label>грипп</Animal_Flu.label>
  <!-- EN: An infectious disease caused by the influenza virus. This strain is adapted for infecting non-human species. -->
  <Animal_Flu.description>Инфекционное заболевание, вызванное вирусом гриппа. Данный штамм контагиозен для животных.</Animal_Flu.description>
  <!-- EN: minor -->
  <Animal_Flu.stages.minor.label>лёгкий</Animal_Flu.stages.minor.label>
  <!-- EN: major -->
  <Animal_Flu.stages.major.label>тяжёлый</Animal_Flu.stages.major.label>
  <!-- EN: extreme -->
  <Animal_Flu.stages.extreme.label>фатальный</Animal_Flu.stages.extreme.label>
  
  <!-- EN: plague -->
  <Animal_Plague.label>чума</Animal_Plague.label>
  <!-- EN: An infectious disease caused by bacteria. This strain is adapted to infecting non-human species. -->
  <Animal_Plague.description>Инфекционное заболевание, вызванное чумной палочкой. Данный штамм контагиозен для животных.</Animal_Plague.description>
  <!-- EN: minor -->
  <Animal_Plague.stages.minor.label>лёгкая</Animal_Plague.stages.minor.label>
  <!-- EN: major -->
  <Animal_Plague.stages.major.label>средняя</Animal_Plague.stages.major.label>
  <!-- EN: extreme -->
  <Animal_Plague.stages.extreme-0.label>тяжёлая</Animal_Plague.stages.extreme-0.label>
  <!-- EN: extreme -->
  <Animal_Plague.stages.extreme-1.label>фатальная</Animal_Plague.stages.extreme-1.label>
  
  <!-- EN: fibrous mechanites -->
  <FibrousMechanites.label>волоконные механиты</FibrousMechanites.label>
  <!-- EN: Semi-coherent mechanites which develop fibrous links in muscle tissue. They enhance the victim's strength, but also cause intense pain. These are probably a mutated strain of strength-enhancing mechanites. -->
  <FibrousMechanites.description>Полукогерентные механиты, наращивающие волокна мышечной ткани. Пациент ощущает прилив физической силы, но при этом испытывает сильную боль. Вероятно, это мутировавший штамм механитов.</FibrousMechanites.description>
  <!-- EN: mild pain -->
  <FibrousMechanites.stages.mild_pain.label>умеренная боль</FibrousMechanites.stages.mild_pain.label>
  <!-- EN: intense pain -->
  <FibrousMechanites.stages.intense_pain.label>сильная боль</FibrousMechanites.stages.intense_pain.label>
  
  <!-- EN: flu -->
  <Flu.label>грипп</Flu.label>
  <!-- EN: An infectious disease caused by the influenza virus. -->
  <Flu.description>Инфекционное заболевание, вызванное вирусом гриппа.</Flu.description>
  <!-- EN: minor -->
  <Flu.stages.minor.label>лёгкий</Flu.stages.minor.label>
  <!-- EN: major -->
  <Flu.stages.major.label>тяжёлый</Flu.stages.major.label>
  <!-- EN: extreme -->
  <Flu.stages.extreme.label>фатальный</Flu.stages.extreme.label>
  
  <!-- EN: gut worms -->
  <GutWorms.label>кишечные черви</GutWorms.label>
  <!-- EN: Parasitic worms in the gut. They cause vomiting. They also consume the victim's food, which increases hunger. -->
  <GutWorms.description>Паразитические черви в кишечнике. Помимо вызова рвоты, они активно поглощают употреблённую жертвой пищу, что в целом сказывается на аппетите.</GutWorms.description>
  
  <!-- EN: malaria -->
  <Malaria.label>малярия</Malaria.label>
  <!-- EN: An infectious disease caused by a mosquito-borne parasite. -->
  <Malaria.description>Инфекционно-паразитарное заболевание, вызванное контактом с малярийным комаром.</Malaria.description>
  <!-- EN: minor -->
  <Malaria.stages.minor.label>лёгкая</Malaria.stages.minor.label>
  <!-- EN: major -->
  <Malaria.stages.major.label>тяжёлая</Malaria.stages.major.label>
  <!-- EN: extreme -->
  <Malaria.stages.extreme.label>фатальная</Malaria.stages.extreme.label>
  
  <!-- EN: muscle parasites -->
  <MuscleParasites.label>мышечные паразиты</MuscleParasites.label>
  <!-- EN: Parasitic creatures in the muscles. These cause weakness and a lack of coordination. -->
  <MuscleParasites.description>Паразитические микроорганизмы в мышцах, вызывающие слабость и нарушения двигательной координации.</MuscleParasites.description>
  
  <!-- EN: plague -->
  <Plague.label>чума</Plague.label>
  <!-- EN: An infectious disease caused by bacteria. -->
  <Plague.description>Инфекционное заболевание, вызванное чумной палочкой.</Plague.description>
  <!-- EN: minor -->
  <Plague.stages.minor.label>лёгкая</Plague.stages.minor.label>
  <!-- EN: major -->
  <Plague.stages.major.label>средняя</Plague.stages.major.label>
  <!-- EN: extreme -->
  <Plague.stages.extreme-0.label>тяжёлая</Plague.stages.extreme-0.label>
  <!-- EN: extreme -->
  <Plague.stages.extreme-1.label>фатальная</Plague.stages.extreme-1.label>
  
  <!-- EN: sensory mechanites -->
  <SensoryMechanites.label>сенсо́рные механиты</SensoryMechanites.label>
  <!-- EN: Semi-coherent mechanites which reside in the nervous system. They enhance the victim's senses, but also cause intense pain. These are probably a mutated strain of sense-enhancing mechanites. -->
  <SensoryMechanites.description>Полукогерентные механиты, попавшие в нервную систему. Все чувства пациента обостряются, но при этом он испытывает сильную боль. Вероятно, это мутировавший штамм механитов.</SensoryMechanites.description>
  <!-- EN: mild pain -->
  <SensoryMechanites.stages.mild_pain.label>умеренная боль</SensoryMechanites.stages.mild_pain.label>
  <!-- EN: intense pain -->
  <SensoryMechanites.stages.intense_pain.label>сильная боль</SensoryMechanites.stages.intense_pain.label>
  
  <!-- EN: sleeping sickness -->
  <SleepingSickness.label>сонная болезнь</SleepingSickness.label>
  <!-- EN: An infectious disease caused by an insect-borne parasite. Sleeping sickness is not as deadly as some other diseases, but progresses slowly. The body takes a long time to clear the infection. -->
  <SleepingSickness.description>Паразитарное заболевание, вызванное контактом с мухой цеце. В отличие от некоторых других заболеваний, сонная болезнь не так опасна, но прогрессирует медленно. Организму потребуется много времени для иммунизации и восстановления.</SleepingSickness.description>
  <!-- EN: minor -->
  <SleepingSickness.stages.minor-0.label>лёгкая</SleepingSickness.stages.minor-0.label>
  <!-- EN: minor -->
  <SleepingSickness.stages.minor-1.label>лёгкая</SleepingSickness.stages.minor-1.label>
  <!-- EN: major -->
  <SleepingSickness.stages.major.label>тяжёлая</SleepingSickness.stages.major.label>
  <!-- EN: extreme -->
  <SleepingSickness.stages.extreme-0.label>опасная</SleepingSickness.stages.extreme-0.label>
  <!-- EN: extreme -->
  <SleepingSickness.stages.extreme-1.label>фатальная</SleepingSickness.stages.extreme-1.label>
  
  <!-- EN: infection -->
  <WoundInfection.label>заражение</WoundInfection.label>
  <!-- EN: Bacterial infection in a wound. Without treatment, the bacteria will multiply, killing local tissue, and eventually causing blood poisoning and death.\n\nThrough aeons of human warfare, infections have often taken more lives than the wounds themselves. -->
  <WoundInfection.description>Бактериальное заражение раны. Без лечения бактерии будут размножаться, вызывая некроз тканей, что приведёт к заражению крови и потере существа.\n\nПорой, во время человеческих войн инфекции уносят больше жизней, чем сами ранения.</WoundInfection.description>
  <!-- EN: an infection -->
  <WoundInfection.labelNoun>заражение</WoundInfection.labelNoun>
  <!-- EN: minor -->
  <WoundInfection.stages.minor.label>лёгкое</WoundInfection.stages.minor.label>
  <!-- EN: major -->
  <WoundInfection.stages.major.label>среднее</WoundInfection.stages.major.label>
  <!-- EN: extreme -->
  <WoundInfection.stages.extreme-0.label>глубокое</WoundInfection.stages.extreme-0.label>
  <!-- EN: extreme -->
  <WoundInfection.stages.extreme-1.label>фатальное</WoundInfection.stages.extreme-1.label>
  
</LanguageData>
