﻿<?xml version="1.0" encoding="UTF-8"?>
<LanguageData>
  
  <!-- EN: chemical damage -->
  <ChemicalDamageModerate.label>химическое повреждение</ChemicalDamageModerate.label>
  <!-- EN: Chemical damage at the cellular level. -->
  <ChemicalDamageModerate.description>Химическое повреждение на клеточном уровне.</ChemicalDamageModerate.description>
  
  <!-- EN: chemical damage -->
  <ChemicalDamageSevere.label>химическое повреждение</ChemicalDamageSevere.label>
  <!-- EN: Chemical damage at the cellular level. -->
  <ChemicalDamageSevere.description>Химическое повреждение на клеточном уровне.</ChemicalDamageSevere.description>
  
  <!-- EN: cirrhosis -->
  <Cirrhosis.label>цирроз</Cirrhosis.label>
  <!-- EN: A degenerative liver disease caused by excessive alcohol consumption. -->
  <Cirrhosis.description>Дегенеративное заболевание печени, вызванное чрезмерным употреблением алкоголя.</Cirrhosis.description>
  
  <!-- EN: resurrection psychosis -->
  <ResurrectionPsychosis.label>психоз воскрешения</ResurrectionPsychosis.label>
  <!-- EN: Chaotic thought patterns caused by the decoherence of resurrection mechanites. Resurrection psychosis progresses and eventually causes total psychosis and death.\n\nResurrected people require mechanites to rebuild their bodily functions at the cellular level. Mechanites always have a chance to lose coherence, and if they do, they wreak havoc in the central nervous system. The older the corpse, the more mechanite action is required to resurrect it, and the greater the chance of eventual decoherence. -->
  <ResurrectionPsychosis.description>Хаотические паттерны мышления, вызванные декогеренцией воскрешающих механитов. Психоз воскрешения прогрессирует, ухудшая сознание, пока не приводит к потере поселенца.\n\nОживлённым людям требуется работа механитов для восстановления функционирования организма на клеточном уровне. Механиты в любой момент могут потерять синхронизацию, что вызовет разрушение центральной нервной системы. Чем дольше тело пролежало до введения механитов, тем больше работы им предстоит сделать, и тем выше шансы внезапной десинхронизации.</ResurrectionPsychosis.description>
  <!-- EN: early -->
  <ResurrectionPsychosis.stages.early-0.label>начальный</ResurrectionPsychosis.stages.early-0.label>
  <!-- EN: early -->
  <ResurrectionPsychosis.stages.early-1.label>начальный</ResurrectionPsychosis.stages.early-1.label>
  <!-- EN: moderate -->
  <ResurrectionPsychosis.stages.moderate.label>средней тяжести</ResurrectionPsychosis.stages.moderate.label>
  <!-- EN: advanced -->
  <ResurrectionPsychosis.stages.advanced.label>прогрессирующий</ResurrectionPsychosis.stages.advanced.label>
  <!-- EN: severe -->
  <ResurrectionPsychosis.stages.severe.label>серьёзный</ResurrectionPsychosis.stages.severe.label>
  <!-- EN: total -->
  <ResurrectionPsychosis.stages.total.label>общий</ResurrectionPsychosis.stages.total.label>
  <!-- EN: catatonic -->
  <ResurrectionPsychosis.stages.catatonic.label>ступорозный</ResurrectionPsychosis.stages.catatonic.label>
  
  <!-- EN: scaria -->
  <Scaria.label>агриоз</Scaria.label>
  <!-- EN: A disease which causes affected creatures to enter berserk rages. A creature with scaria can be cured through a special medical operation, but it must be downed first. If not treated, scaria kills its host about five days after infection. The disease poisons the flesh and rots the skin, so creatures killed with scaria have a chance of rotting upon death so they cannot be butchered for meat or leather. -->
  <Scaria.description>Болезнь, вызывающая у животных приступы немотивированной агрессии. Животное, заболевшее агриозом, можно вылечить при помощи специальной медицинской операции, но для этого его необходимо обездвижить. Если болезнь не лечить, животное погибнет от агриоза спустя пять дней после заражения. Плоть больных отравлена, а шкура гниёт, поэтому погибшие от агриоза животные не могут быть разделаны для получения мяса и шкуры.</Scaria.description>
  
  <!-- EN: trauma savant -->
  <TraumaSavant.label>одарённость после травмы</TraumaSavant.label>
  <!-- EN: An exceptional condition caused by trauma to the brain. The brain, in the face of injury, has developed extreme abilities in some areas, while losing the ability to speak. -->
  <TraumaSavant.description>Исключительная особенность, вызванная травмой головы. Мозг адаптируется к повреждениям, развивая невероятные способности в некоторых областях, но теряя способность к речи.</TraumaSavant.description>
  <!-- EN: trauma -->
  <TraumaSavant.labelNoun>травма</TraumaSavant.labelNoun>
  
</LanguageData>