﻿<?xml version="1.0" encoding="UTF-8"?>
<LanguageData>
  
  <!-- EN: anesthetic -->
  <Anesthetic.label>наркоз</Anesthetic.label>
  <!-- EN: Sleep drugs in the bloodstream. Anesthetic renders creatures unconscious. -->
  <Anesthetic.description>Под наркозом. Анестетик в крови погружает в сон и вызывает бессознательное состояние.</Anesthetic.description>
  <!-- EN: wearing off -->
  <Anesthetic.stages.wearing_off.label>лёгкая сонливость</Anesthetic.stages.wearing_off.label>
  <!-- EN: woozy -->
  <Anesthetic.stages.woozy.label>головокружение</Anesthetic.stages.woozy.label>
  <!-- EN: sedated -->
  <Anesthetic.stages.sedated.label>под наркозом</Anesthetic.stages.sedated.label>
  
  <!-- EN: blood loss -->
  <BloodLoss.label>потеря крови</BloodLoss.label>
  <!-- EN: A reduction in the normal blood volume. Minor blood loss has relatively mild effects, but when blood loss becomes severe, oxygen transport becomes badly impaired and the victim loses the ability to move. Extreme blood loss leads to death.\n\nBlood loss naturally recovers over time as the body slowly regenerates its blood supply. -->
  <BloodLoss.description>Небольшое снижение объёма крови не вызывает значительного эффекта. Серьёзная же кровопотеря приводит к проблемам с доставкой кислорода, что влечёт потерю способности к передвижению. Если кровь кончится, существо будет потеряно.\n\nЕсли кровотечение остановлено, утраченный объём постепенно восстановится.</BloodLoss.description>
  <!-- EN: minor -->
  <BloodLoss.stages.minor-0.label>слабая</BloodLoss.stages.minor-0.label>
  <!-- EN: minor -->
  <BloodLoss.stages.minor-1.label>лёгкая</BloodLoss.stages.minor-1.label>
  <!-- EN: moderate -->
  <BloodLoss.stages.moderate.label>средняя</BloodLoss.stages.moderate.label>
  <!-- EN: severe -->
  <BloodLoss.stages.severe.label>большая</BloodLoss.stages.severe.label>
  <!-- EN: extreme -->
  <BloodLoss.stages.extreme.label>огромная</BloodLoss.stages.extreme.label>
  
  <!-- EN: brain shock -->
  <BrainShock.label>мозговой шок</BrainShock.label>
  <!-- EN: After-effects of an electrical shock to the brain. This is generally cause by feedback from brain implants hit by EMP pulses. -->
  <BrainShock.description>Поражение мозга электрическим ударом. Как правило, вызывается ответной реакцией мозговых имплантов на ЭМИ.</BrainShock.description>
  <!-- EN: a brain shock -->
  <BrainShock.labelNoun>мозговой шок</BrainShock.labelNoun>
  
  <!-- EN: catatonic breakdown -->
  <CatatonicBreakdown.label>ступор</CatatonicBreakdown.label>
  <!-- EN: A state of mental shock which leads to a total inability to function. The victim collapses, effectively unconscious. -->
  <CatatonicBreakdown.description>Состояние психического шока, при котором теряется всякая дееспособность. Жертва падает практически без сознания.</CatatonicBreakdown.description>
  <!-- EN: a catatonic breakdown -->
  <CatatonicBreakdown.labelNoun>ступор</CatatonicBreakdown.labelNoun>
  
  <!-- EN: cryptosleep sickness -->
  <CryptosleepSickness.label>криптосонная болезнь</CryptosleepSickness.label>
  <!-- EN: After-effects of using a cryptosleep pod. Cryptosleep suspends and replaces many bodily functions in order to prevent aging and death. Upon exiting cryptosleep, the body takes time to restart and rebalance its natural metabolic processes. While this is ongoing, the patient suffers from nausea, dizziness, and a sense of fuzziness in the mind. -->
  <CryptosleepSickness.description>Побочные эффекты криптосна. Криптосон замедляет и заменяет многие функции организма, чтобы предотвратить старение и любые биологические процессы. После пробуждения требуется некоторое время для восстановления естественных метаболических процессов, в течение которого пациент будет страдать от тошноты, головокружения и пониженной концентрации внимания.</CryptosleepSickness.description>
  
  <!-- EN: drug overdose -->
  <DrugOverdose.label>передозировка</DrugOverdose.label>
  <!-- EN: Generalized toxic effects due to over-concentration of drugs in the bloodstream. -->
  <DrugOverdose.description>Выраженный токсический эффект, обусловленный чрезмерной концентрацией химических веществ в кровотоке.</DrugOverdose.description>
  <!-- EN: Overdose: {0} -->
  <DrugOverdose.comps.HediffComp_Discoverable.discoverLetterLabel>Передозировка: {0}</DrugOverdose.comps.HediffComp_Discoverable.discoverLetterLabel>
  <!-- EN: {0} is overdosing! -->
  <DrugOverdose.comps.HediffComp_Discoverable.discoverLetterText>У {0} передозировка!</DrugOverdose.comps.HediffComp_Discoverable.discoverLetterText>
  <!-- EN: a drug overdose -->
  <DrugOverdose.labelNoun>передозировка</DrugOverdose.labelNoun>
  <!-- EN: minor -->
  <DrugOverdose.stages.minor-0.label>скрытая</DrugOverdose.stages.minor-0.label>
  <!-- EN: minor -->
  <DrugOverdose.stages.minor-1.label>небольшая</DrugOverdose.stages.minor-1.label>
  <!-- EN: major -->
  <DrugOverdose.stages.major.label>сильная</DrugOverdose.stages.major.label>
  
  <!-- EN: food poisoning -->
  <FoodPoisoning.label>пищевое отравление</FoodPoisoning.label>
  <!-- EN: Gastrointestinal illness caused by consuming decayed or unclean food. It can be caused by eating rotten food, by incompetent cooks accidentally poisoning meals, or by eating from unsafe wild sources. The patient will vomit and feel sick for some time. -->
  <FoodPoisoning.description>Желудочно-кишечное заболевание, вызванное употреблением испорченной, сырой или загрязнённой пищи. Испортить её могут и некомпетентные повара — по неосторожности. В течение некоторого времени пострадавший будет испытывать тошноту и рвоту, а также общее ухудшение состояния здоровья.</FoodPoisoning.description>
  <!-- EN: recovering -->
  <FoodPoisoning.stages.recovering.label>выздоровление</FoodPoisoning.stages.recovering.label>
  <!-- EN: major -->
  <FoodPoisoning.stages.major.label>болезненное</FoodPoisoning.stages.major.label>
  <!-- EN: initial -->
  <FoodPoisoning.stages.initial.label>начальное</FoodPoisoning.stages.initial.label>
  
  <!-- EN: heart attack -->
  <HeartAttack.label>сердечный приступ</HeartAttack.label>
  <!-- EN: A disruption in the heart's normal beating rhythm. Heart attacks can be debilitatingly painful. They can worsen and lead to death, or recover. -->
  <HeartAttack.description>Нарушение нормального ритма сердцебиения. Сердечные приступы могут быть обездвиживающе болезненными. У каждого приступа возможно нескольким исходов: выздоровление, ухудшение состояния здоровья или прекращение функционирования.</HeartAttack.description>
  <!-- EN: a heart attack -->
  <HeartAttack.labelNoun>сердечный приступ</HeartAttack.labelNoun>
  <!-- EN: painful -->
  <HeartAttack.stages.painful.label>болезненный</HeartAttack.stages.painful.label>
  <!-- EN: debilitating -->
  <HeartAttack.stages.debilitating.label>ослабляющий</HeartAttack.stages.debilitating.label>
  <!-- EN: fatal -->
  <HeartAttack.stages.fatal.label>фатальный</HeartAttack.stages.fatal.label>
  
  <!-- EN: pregnant -->
  <Pregnant.label>беременность</Pregnant.label>
  <!-- EN: This creature is gestating offspring. It will give birth if the pregnancy comes to term. If starved or injured, there may be a miscarriage. -->
  <Pregnant.description>Эта особь вынашивает потомство. По прошествии естественно отведённого срока она родит, но при голодании или ранении может произойти выкидыш.</Pregnant.description>
  <!-- EN: {0} pregnant -->
  <Pregnant.comps.HediffComp_Discoverable.discoverLetterLabel>{0} беременна</Pregnant.comps.HediffComp_Discoverable.discoverLetterLabel>
  <!-- EN: {0} is pregnant! -->
  <Pregnant.comps.HediffComp_Discoverable.discoverLetterText>{0} беременна!</Pregnant.comps.HediffComp_Discoverable.discoverLetterText>
  <!-- EN: pregnancy -->
  <Pregnant.labelNoun>беременность</Pregnant.labelNoun>
  <!-- EN: early-stage -->
  <Pregnant.stages.earlystage.label>первый триместр</Pregnant.stages.earlystage.label>
  <!-- EN: middle-stage -->
  <Pregnant.stages.middlestage.label>второй триместр</Pregnant.stages.middlestage.label>
  <!-- EN: late-stage -->
  <Pregnant.stages.latestage.label>третий триместр</Pregnant.stages.latestage.label>
  
  <!-- EN: psychic coma -->
  <PsychicComa.label>психическая кома</PsychicComa.label>
  <!-- EN: A form of benign coma during which the brain recovers from a psychic overload. -->
  <PsychicComa.description>Форма доброкачественной комы, во время которой мозг восставливается после психической перегрузки.</PsychicComa.description>
  <!-- EN: a psychic coma -->
  <PsychicComa.labelNoun>психическая кома</PsychicComa.labelNoun>
  
  <!-- EN: psychic hangover -->
  <PsychicHangover.label>психическое похмелье</PsychicHangover.label>
  <!-- EN: An after-effect of neural heat. Psychic hangover is bothersome, but not dangerous. -->
  <PsychicHangover.description>Последствие нейроперегрева. Психическое похмелье неприятно, но не представляет опасности.</PsychicHangover.description>
  <!-- EN: a psychic hangover -->
  <PsychicHangover.labelNoun>психическое похмелье</PsychicHangover.labelNoun>
  <!-- EN: forming -->
  <PsychicHangover.stages.forming.label>формируется</PsychicHangover.stages.forming.label>
  <!-- EN: buzzing -->
  <PsychicHangover.stages.buzzing.label>шум в голове</PsychicHangover.stages.buzzing.label>
  
  <!-- EN: psychic shock -->
  <PsychicShock.label>психический шок</PsychicShock.label>
  <!-- EN: A state of psychic chaos in the brain and mind. Caused by psychic attacks or critical level of neural heat, this effect is debilitating until it wears off. -->
  <PsychicShock.description>Хаос в сознании, вызванный пси-атаками или критическим уровнем нейроперегрева. Такое состояние абсолютно выводит из строя — остаётся только ждать, пока оно пройдёт.</PsychicShock.description>
  <!-- EN: a psychic shock -->
  <PsychicShock.labelNoun>психический шок</PsychicShock.labelNoun>
  
  <!-- EN: resurrection sickness -->
  <ResurrectionSickness.label>синдром воскрешения</ResurrectionSickness.label>
  <!-- EN: After-effects of being resurrected by mechanite injection. Artificially-kickstarted body processes take time to rebalance themselves. -->
  <ResurrectionSickness.description>Побочные эффекты от инъекции сыворотки воскрешения. Искусственно запущенным жизненным процессам нужно дополнительное время для того, чтобы сбалансироваться.</ResurrectionSickness.description>
  
  <!-- EN: toxic buildup -->
  <ToxicBuildup.label>отравление токсинами</ToxicBuildup.label>
  <!-- EN: Poison in the bloodstream. This can come from various sources, including environmental toxins, venomous bites, or poisoned weapons.\n\nAt high doses, toxic buildup is lethal. Even at low doses, it can generate cancers.\n\nCreatures who die with toxic buildup cannot be eaten. -->
  <ToxicBuildup.description>Токсин в крови. Может попасть в организм через окружающую среду, укусы ядовитых существ или рану от отравленного оружия.\n\nДаже в небольших дозах вещество обладает канцерогенным действием, а при больших — фатально.\n\nТуши животных, пропитанные токсинами, не пригодны в пищу.</ToxicBuildup.description>
  <!-- EN: initial -->
  <ToxicBuildup.stages.initial-0.label>незаметное</ToxicBuildup.stages.initial-0.label>
  <!-- EN: initial -->
  <ToxicBuildup.stages.initial-1.label>начальное</ToxicBuildup.stages.initial-1.label>
  <!-- EN: minor -->
  <ToxicBuildup.stages.minor.label>лёгкое</ToxicBuildup.stages.minor.label>
  <!-- EN: moderate -->
  <ToxicBuildup.stages.moderate.label>среднее</ToxicBuildup.stages.moderate.label>
  <!-- EN: serious -->
  <ToxicBuildup.stages.serious.label>серьёзное</ToxicBuildup.stages.serious.label>
  <!-- EN: extreme -->
  <ToxicBuildup.stages.extreme.label>экстремальное</ToxicBuildup.stages.extreme.label>
  
</LanguageData>
