﻿<?xml version="1.0" encoding="UTF-8"?>
<LanguageData>
  
  <!-- EN: bionic arm -->
  <BionicArm.label>бионическая рука</BionicArm.label>
  <!-- EN: An installed bionic arm. -->
  <BionicArm.description>Вживлённая бионическая рука.</BionicArm.description>
  <!-- EN: fist -->
  <BionicArm.comps.HediffComp_VerbGiver.tools.fist.label>кулак</BionicArm.comps.HediffComp_VerbGiver.tools.fist.label>
  <!-- EN: a bionic arm -->
  <BionicArm.labelNoun>бионическая рука</BionicArm.labelNoun>
  
  <!-- EN: bionic ear -->
  <BionicEar.label>бионическое ухо</BionicEar.label>
  <!-- EN: An installed bionic ear. -->
  <BionicEar.description>Вживлённое бионическое ухо</BionicEar.description>
  <!-- EN: a bionic ear -->
  <BionicEar.labelNoun>бионическое ухо</BionicEar.labelNoun>
  
  <!-- EN: bionic eye -->
  <BionicEye.label>бионический глаз</BionicEye.label>
  <!-- EN: An installed bionic eye. -->
  <BionicEye.description>Вживлённый бионический глаз.</BionicEye.description>
  <!-- EN: a bionic eye -->
  <BionicEye.labelNoun>бионический глаз</BionicEye.labelNoun>
  
  <!-- EN: bionic heart -->
  <BionicHeart.label>бионическое сердце</BionicHeart.label>
  <!-- EN: An installed bionic heart. -->
  <BionicHeart.description>Вживлённое бионическое сердце.</BionicHeart.description>
  <!-- EN: a bionic heart -->
  <BionicHeart.labelNoun>бионическое сердце</BionicHeart.labelNoun>
  
  <!-- EN: bionic leg -->
  <BionicLeg.label>бионическая нога</BionicLeg.label>
  <!-- EN: An installed bionic leg. -->
  <BionicLeg.description>Вживлённая бионическая нога.</BionicLeg.description>
  <!-- EN: a bionic leg -->
  <BionicLeg.labelNoun>бионическая нога</BionicLeg.labelNoun>
  
  <!-- EN: bionic spine -->
  <BionicSpine.label>бионический позвоночник</BionicSpine.label>
  <!-- EN: An installed bionic spine. -->
  <BionicSpine.description>Вживлённый бионический позвоночник.</BionicSpine.description>
  <!-- EN: a bionic spine -->
  <BionicSpine.labelNoun>бионический позвоночник</BionicSpine.labelNoun>
  
  <!-- EN: bionic stomach -->
  <BionicStomach.label>бионический желудок</BionicStomach.label>
  <!-- EN: An installed bionic stomach. -->
  <BionicStomach.description>Вживлённый бионический желудок</BionicStomach.description>
  <!-- EN: a bionic stomach -->
  <BionicStomach.labelNoun>бионический желудок</BionicStomach.labelNoun>
  
  <!-- EN: death acidifier -->
  <DeathAcidifier.label>растворитель снаряжения</DeathAcidifier.label>
  <!-- EN: An installed death acidifier. -->
  <DeathAcidifier.description>Вживлённый растворитель снаряжения</DeathAcidifier.description>
  <!-- EN: a death acidifier -->
  <DeathAcidifier.labelNoun>растворитель снаряжения</DeathAcidifier.labelNoun>
  
</LanguageData>