﻿<?xml version="1.0" encoding="UTF-8"?>
<LanguageData>
  
  <!-- EN: luciferium need -->
  <LuciferiumAddiction.label>необходим люциферий</LuciferiumAddiction.label>
  <!-- EN: Luciferium mechanites in the body. Luciferium mechanites decohere over time; only regular doses of fresh luciferium can prevent this process.\n\nWithout luciferium, the mechanite decoherence will reach a critical state, causing the victim to go insane and die. -->
  <LuciferiumAddiction.description>Люциферные механиты в теле. Со временем они декогерируют, и только свежая доза люциферия способна предотвратить этот процесс.\n\nБез его регулярного приёма декогерентность достигает критической стадии, что приводит к сумасшествию и потере существа.</LuciferiumAddiction.description>
  <!-- EN: unmet -->
  <LuciferiumAddiction.stages.unmet.label>потребность</LuciferiumAddiction.stages.unmet.label>
  
  <!-- EN: luciferium -->
  <LuciferiumHigh.label>действие люциферия</LuciferiumHigh.label>
  <!-- EN: Active luciferium mechanites in the body. They improve the body's functioning in all respects. However, if they are not regularly replenished with more doses of luciferium, they lose cohesion and drive the user insane. -->
  <LuciferiumHigh.description>Активированные люциферные механиты улучшают работу всех систем организма. Однако без регулярного приёма люциферия механиты теряют когерентность, и пользователь сходит с ума.</LuciferiumHigh.description>
  
</LanguageData>