﻿<?xml version="1.0" encoding="UTF-8"?>
<LanguageData>
  
  <!-- EN: ascetic has awful bedroom -->
  <Ascetic.stages.ascetic_has_awful_bedroom.label>аскетичная спальня</Ascetic.stages.ascetic_has_awful_bedroom.label>
  <!-- EN: My bedroom is just how I want it to be. Very humble and simple. -->
  <Ascetic.stages.ascetic_has_awful_bedroom.description>Моя спальня предельно проста и скромна — в точности так, как я хочу.</Ascetic.stages.ascetic_has_awful_bedroom.description>
  <!-- EN: ascetic has dull bedroom -->
  <Ascetic.stages.ascetic_has_dull_bedroom.label>очень скромная спальня</Ascetic.stages.ascetic_has_dull_bedroom.label>
  <!-- EN: My bedroom is just how I want it to be. Very humble and simple. -->
  <Ascetic.stages.ascetic_has_dull_bedroom.description>Моя спальня очень проста и скромна — в точности так, как я хочу.</Ascetic.stages.ascetic_has_dull_bedroom.description>
  <!-- EN: ascetic has mediocre bedroom -->
  <Ascetic.stages.ascetic_has_mediocre_bedroom.label>скромная спальня</Ascetic.stages.ascetic_has_mediocre_bedroom.label>
  <!-- EN: My bedroom is very humble and simple. I like it. -->
  <Ascetic.stages.ascetic_has_mediocre_bedroom.description>Моя спальня проста и скромна. Мне нравится.</Ascetic.stages.ascetic_has_mediocre_bedroom.description>
  <!-- EN: ascetic has impressive bedroom -->
  <Ascetic.stages.ascetic_has_impressive_bedroom-0.label>нескромная спальня</Ascetic.stages.ascetic_has_impressive_bedroom-0.label>
  <!-- EN: I don't like having an impressive bedroom. -->
  <Ascetic.stages.ascetic_has_impressive_bedroom-0.description>Эта спальня недостаточно скромна для меня.</Ascetic.stages.ascetic_has_impressive_bedroom-0.description>
  <!-- EN: ascetic has impressive bedroom -->
  <Ascetic.stages.ascetic_has_impressive_bedroom-1.label>нескромная спальня</Ascetic.stages.ascetic_has_impressive_bedroom-1.label>
  <!-- EN: I don't like having an impressive bedroom. -->
  <Ascetic.stages.ascetic_has_impressive_bedroom-1.description>Эта спальня недостаточно скромна для меня.</Ascetic.stages.ascetic_has_impressive_bedroom-1.description>
  <!-- EN: ascetic has impressive bedroom -->
  <Ascetic.stages.ascetic_has_impressive_bedroom-2.label>вычурная спальня</Ascetic.stages.ascetic_has_impressive_bedroom-2.label>
  <!-- EN: I don't like having an impressive bedroom. -->
  <Ascetic.stages.ascetic_has_impressive_bedroom-2.description>Эта спальня — слишком вычурная! Это излишество.</Ascetic.stages.ascetic_has_impressive_bedroom-2.description>
  <!-- EN: ascetic has impressive bedroom -->
  <Ascetic.stages.ascetic_has_impressive_bedroom-3.label>вычурная спальня</Ascetic.stages.ascetic_has_impressive_bedroom-3.label>
  <!-- EN: I don't like having an impressive bedroom. -->
  <Ascetic.stages.ascetic_has_impressive_bedroom-3.description>Эта спальня — слишком вычурная! Это излишество.</Ascetic.stages.ascetic_has_impressive_bedroom-3.description>
  <!-- EN: ascetic has impressive bedroom -->
  <Ascetic.stages.ascetic_has_impressive_bedroom-4.label>излишне роскошная спальня</Ascetic.stages.ascetic_has_impressive_bedroom-4.label>
  <!-- EN: I don't like having an impressive bedroom. -->
  <Ascetic.stages.ascetic_has_impressive_bedroom-4.description>Эта спальня — слишком роскошная! Зачем всё это?!</Ascetic.stages.ascetic_has_impressive_bedroom-4.description>
  <!-- EN: ascetic has impressive bedroom -->
  <Ascetic.stages.ascetic_has_impressive_bedroom-5.label>излишне роскошная спальня</Ascetic.stages.ascetic_has_impressive_bedroom-5.label>
  <!-- EN: I don't like having an impressive bedroom. -->
  <Ascetic.stages.ascetic_has_impressive_bedroom-5.description>Эта спальня — слишком роскошная! Зачем всё это?!</Ascetic.stages.ascetic_has_impressive_bedroom-5.description>
  <!-- EN: ascetic has impressive bedroom -->
  <Ascetic.stages.ascetic_has_impressive_bedroom-6.label>излишне роскошная спальня</Ascetic.stages.ascetic_has_impressive_bedroom-6.label>
  <!-- EN: I don't like having an impressive bedroom. -->
  <Ascetic.stages.ascetic_has_impressive_bedroom-6.description>Эта спальня — слишком роскошная! Зачем всё это?!</Ascetic.stages.ascetic_has_impressive_bedroom-6.description>
  
  <!-- EN: brawler has ranged weapon -->
  <BrawlerUnhappy.stages.brawler_has_ranged_weapon.label>с оружием дальнего боя</BrawlerUnhappy.stages.brawler_has_ranged_weapon.label>
  <!-- EN: I hate shooting from a distance. I want to get up close and personal! -->
  <BrawlerUnhappy.stages.brawler_has_ranged_weapon.description>Ненавижу бить издалека. Предпочитаю полный контакт!</BrawlerUnhappy.stages.brawler_has_ranged_weapon.description>
  
  <!-- EN: constraining clothes -->
  <ClothedNudist.stages.constraining_clothes.label>неудобная одежда</ClothedNudist.stages.constraining_clothes.label>
  <!-- EN: I'm a nudist but I have to wear these clothes. It's not unbearable - but I still feel constrained and uncomfortable. -->
  <ClothedNudist.stages.constraining_clothes.description>Я нудист, но мне приходится носить одежду. Это терпимо, но я всё равно чувствую себя скованно и неуютно.</ClothedNudist.stages.constraining_clothes.description>
  
  <!-- EN: greedy for impressive bedroom -->
  <Greedy.stages.greedy_for_impressive_bedroom-0.label>негодование сноба</Greedy.stages.greedy_for_impressive_bedroom-0.label>
  <!-- EN: I'm greedy. I want a really impressive bedroom. -->
  <Greedy.stages.greedy_for_impressive_bedroom-0.description>Может я и сноб, но я хочу себе отдельную спальню! Впечатляющую спальню!</Greedy.stages.greedy_for_impressive_bedroom-0.description>
  <!-- EN: greedy for impressive bedroom -->
  <Greedy.stages.greedy_for_impressive_bedroom-1.label>недовольство сноба</Greedy.stages.greedy_for_impressive_bedroom-1.label>
  <!-- EN: I'm greedy. My room is pathetic! I want a really impressive bedroom. -->
  <Greedy.stages.greedy_for_impressive_bedroom-1.description>Может я и сноб, но моя спальня просто жалкая! Она должна быть впечатляющей!</Greedy.stages.greedy_for_impressive_bedroom-1.description>
  <!-- EN: greedy for impressive bedroom -->
  <Greedy.stages.greedy_for_impressive_bedroom-2.label>неудовлетворённость сноба</Greedy.stages.greedy_for_impressive_bedroom-2.label>
  <!-- EN: I'm greedy. My room isn't nearly good enough. I want a really impressive bedroom. -->
  <Greedy.stages.greedy_for_impressive_bedroom-2.description>Моя спальня нехороша. Она должна быть впечатляющей! Да, я сноб.</Greedy.stages.greedy_for_impressive_bedroom-2.description>
  <!-- EN: greedy for impressive bedroom -->
  <Greedy.stages.greedy_for_impressive_bedroom-3.label>требовательность сноба</Greedy.stages.greedy_for_impressive_bedroom-3.label>
  <!-- EN: I'm greedy. My room isn't good enough. I want a really impressive bedroom. -->
  <Greedy.stages.greedy_for_impressive_bedroom-3.description>Моя спальня недостаточно хороша. Она должна быть действительно впечатляющей! Да, я сноб.</Greedy.stages.greedy_for_impressive_bedroom-3.description>
  <!-- EN: greedy for impressive bedroom -->
  <Greedy.stages.greedy_for_impressive_bedroom-4.label>привередливость сноба</Greedy.stages.greedy_for_impressive_bedroom-4.label>
  <!-- EN: I'm greedy. My room isn't quite good enough. I want a really impressive bedroom. -->
  <Greedy.stages.greedy_for_impressive_bedroom-4.description>Моя спальня всё ещё недостаточно хороша. Она должна быть действительно впечатляющей! Да, я сноб.</Greedy.stages.greedy_for_impressive_bedroom-4.description>
  
  <!-- EN: happily nude -->
  <HappyNude.stages.happily_nude.label>нагота</HappyNude.stages.happily_nude.label>
  <!-- EN: I'm nude and loving it! I feel so free and unconstrained and in touch with my surroundings! -->
  <HappyNude.stages.happily_nude.description>Как хорошо без одежды! Чувствую свободу, непринуждённость и единение с природой!</HappyNude.stages.happily_nude.description>
  
  <!-- EN: jealous of {0}'s bedroom -->
  <Jealous.stages.jealous_of_s_bedroom.label>зависть к {0}</Jealous.stages.jealous_of_s_bedroom.label>
  <!-- EN: I need to have the best one! -->
  <Jealous.stages.jealous_of_s_bedroom.description>Почему у кого-то спальня лучше, чем моя? Я хочу самую лучшую комнату!</Jealous.stages.jealous_of_s_bedroom.description>
  
  <!-- EN: masochist in minor pain -->
  <MasochistPain.stages.masochist_in_minor_pain.label>лёгкая боль</MasochistPain.stages.masochist_in_minor_pain.label>
  <!-- EN: Ow... Heh heh heh... I could get used to this! -->
  <MasochistPain.stages.masochist_in_minor_pain.description>Ай... Это больно.</MasochistPain.stages.masochist_in_minor_pain.description>
  <!-- EN: masochist in serious pain -->
  <MasochistPain.stages.masochist_in_serious_pain.label>средняя боль</MasochistPain.stages.masochist_in_serious_pain.label>
  <!-- EN: Ughhh... It hurts, but I love it! Keep it coming! -->
  <MasochistPain.stages.masochist_in_serious_pain.description>У-у-ух... Эти боли... Когда же это всё кончится?</MasochistPain.stages.masochist_in_serious_pain.description>
  <!-- EN: masochist in intense pain -->
  <MasochistPain.stages.masochist_in_intense_pain.label>сильная боль</MasochistPain.stages.masochist_in_intense_pain.label>
  <!-- EN: Ouch... I think something's broken... But what an exquisite feeling! -->
  <MasochistPain.stages.masochist_in_intense_pain.description>У собачки заболи... У кошечки заболи... А-ай-ай-ай, пройди же у меня скорее!</MasochistPain.stages.masochist_in_intense_pain.description>
  <!-- EN: masochist in mind-shattering pain -->
  <MasochistPain.stages.masochist_in_mindshattering_pain.label>болевой шок</MasochistPain.stages.masochist_in_mindshattering_pain.label>
  <!-- EN: Ahhh... Am I in heaven? -->
  <MasochistPain.stages.masochist_in_mindshattering_pain.description>А-А-А-А-А-А!</MasochistPain.stages.masochist_in_mindshattering_pain.description>
  
  <!-- EN: night owl in daytime -->
  <NightOwlDuringTheDay.stages.night_owl_in_daytime.label>сова днём</NightOwlDuringTheDay.stages.night_owl_in_daytime.label>
  <!-- EN: I don't like working during the day. -->
  <NightOwlDuringTheDay.stages.night_owl_in_daytime.description>Мне не нравится работать днём.</NightOwlDuringTheDay.stages.night_owl_in_daytime.description>
  
  <!-- EN: night owl at night -->
  <NightOwlDuringTheNight.stages.night_owl_at_night.label>сова ночью</NightOwlDuringTheNight.stages.night_owl_at_night.label>
  <!-- EN: I feel much better at night. -->
  <NightOwlDuringTheNight.stages.night_owl_at_night.description>Ночью я чувствую себя гораздо лучше.</NightOwlDuringTheNight.stages.night_owl_at_night.description>
  
  <!-- EN: transhumanist pleased -->
  <ProsthophileHappy.stages.transhumanist_pleased.label>удовлетворение трансгуманиста</ProsthophileHappy.stages.transhumanist_pleased.label>
  <!-- EN: This artificial part is cool. I want more. -->
  <ProsthophileHappy.stages.transhumanist_pleased.description>Искусственная часть тела — это здорово. Хочу ещё.</ProsthophileHappy.stages.transhumanist_pleased.description>
  <!-- EN: transhumanist quite pleased -->
  <ProsthophileHappy.stages.transhumanist_quite_pleased.label>радость трансгуманиста</ProsthophileHappy.stages.transhumanist_quite_pleased.label>
  <!-- EN: Two artificial parts are better than one. I wish I had more. -->
  <ProsthophileHappy.stages.transhumanist_quite_pleased.description>Две искусственные части — лучше, чем одна. Но хочу ещё.</ProsthophileHappy.stages.transhumanist_quite_pleased.description>
  <!-- EN: transhumanist delighted -->
  <ProsthophileHappy.stages.transhumanist_delighted.label>восторг трансгуманиста</ProsthophileHappy.stages.transhumanist_delighted.label>
  <!-- EN: Three artificial parts, and my weak human flesh is receding. But I still want more machine power. -->
  <ProsthophileHappy.stages.transhumanist_delighted.description>Три искусственных части! Хилой человеческой плоти во мне становится всё меньше. Нужно больше машинной мощи!</ProsthophileHappy.stages.transhumanist_delighted.description>
  <!-- EN: transhumanist enchanted -->
  <ProsthophileHappy.stages.transhumanist_enchanted.label>счастье трансгуманиста</ProsthophileHappy.stages.transhumanist_enchanted.label>
  <!-- EN: Four artificial body parts and I am becoming more than human. But there's still some flesh that needs replacing. -->
  <ProsthophileHappy.stages.transhumanist_enchanted.description>Четыре искусственных части! Я уже больше, чем просто человек. Но есть ещё органика, которую было бы неплохо заменить.</ProsthophileHappy.stages.transhumanist_enchanted.description>
  <!-- EN: transhumanist overjoyed -->
  <ProsthophileHappy.stages.transhumanist_overjoyed.label>блаженство трансгуманиста</ProsthophileHappy.stages.transhumanist_overjoyed.label>
  <!-- EN: Five artificial body parts! How could an enhanced being like me ever feel sad? -->
  <ProsthophileHappy.stages.transhumanist_overjoyed.description>Пять искусственных частей! Как такое сверхсущество, как я, вообще может быть несчастным?</ProsthophileHappy.stages.transhumanist_overjoyed.description>
  <!-- EN: machine body is complete -->
  <ProsthophileHappy.stages.machine_body_is_complete.label>искусственное тело завершено</ProsthophileHappy.stages.machine_body_is_complete.label>
  <!-- EN: I asked for this. -->
  <ProsthophileHappy.stages.machine_body_is_complete.description>Я сверхчеловек! Трепещите и преклоняйтесь!</ProsthophileHappy.stages.machine_body_is_complete.description>
  
  <!-- EN: transhumanist frustrated -->
  <ProsthophileNoProsthetic.stages.transhumanist_frustrated.label>тоска трансгуманиста</ProsthophileNoProsthetic.stages.transhumanist_frustrated.label>
  <!-- EN: Flesh is so limiting. I wish I had some kind of artificial body part. -->
  <ProsthophileNoProsthetic.stages.transhumanist_frustrated.description>Эта хилая плоть меня ограничивает. Как бы мне хотелось получить пару-тройку каких-нибудь искусственных частей!</ProsthophileNoProsthetic.stages.transhumanist_frustrated.description>
  
  <!-- EN: body purist squeamish -->
  <ProsthophobeUnhappy.stages.body_purist_squeamish.label>недовольство биоконсерватора</ProsthophobeUnhappy.stages.body_purist_squeamish.label>
  <!-- EN: I hate having this unnatural thing attached to me. It feels so filthy! -->
  <ProsthophobeUnhappy.stages.body_purist_squeamish.description>Ко мне приделана какая-то неестественная штуковина. Ощущается, как что-то грязное и отвратительное.</ProsthophobeUnhappy.stages.body_purist_squeamish.description>
  <!-- EN: body purist disgusted -->
  <ProsthophobeUnhappy.stages.body_purist_disgusted.label>брезгливость биоконсерватора</ProsthophobeUnhappy.stages.body_purist_disgusted.label>
  <!-- EN: Two artificial parts are sullying my natural, pure body. It makes me sick to think of it. -->
  <ProsthophobeUnhappy.stages.body_purist_disgusted.description>Естество моего тела марают уже две искусственные части. Противно даже думать об этом!</ProsthophobeUnhappy.stages.body_purist_disgusted.description>
  <!-- EN: body purist violated -->
  <ProsthophobeUnhappy.stages.body_purist_violated.label>отвращение биоконсерватора</ProsthophobeUnhappy.stages.body_purist_violated.label>
  <!-- EN: Three artificial parts violate my body's pure flesh. I shudder when I think of it... and these objects shudder with me. -->
  <ProsthophobeUnhappy.stages.body_purist_violated.description>Целых три искусственных части вторгаются в мою плоть. Меня трясёт, когда я об этом думаю... а эти штуки трясутся вместе со мной.</ProsthophobeUnhappy.stages.body_purist_violated.description>
  <!-- EN: body purist horrified -->
  <ProsthophobeUnhappy.stages.body_purist_horrified.label>ужас биоконсерватора</ProsthophobeUnhappy.stages.body_purist_horrified.label>
  <!-- EN: I have four artificial body parts; it's like I'm becoming a robot. What a horrifying sensation. -->
  <ProsthophobeUnhappy.stages.body_purist_horrified.description>У меня четыре искусственных части. Похоже, я превращаюсь в робота. Это просто ужасно!</ProsthophobeUnhappy.stages.body_purist_horrified.description>
  <!-- EN: body purist nightmare -->
  <ProsthophobeUnhappy.stages.body_purist_nightmare.label>кошмар биоконсерватора</ProsthophobeUnhappy.stages.body_purist_nightmare.label>
  <!-- EN: Five artificial body parts... Is there anything left of me? Or am I just a robot that thinks it's human? -->
  <ProsthophobeUnhappy.stages.body_purist_nightmare.description>Пять искусственных частей... От меня вообще хоть что-нибудь осталось?! Или я уже робот, который всего лишь думает, что он человек?</ProsthophobeUnhappy.stages.body_purist_nightmare.description>
  <!-- EN: I have become what I hate -->
  <ProsthophobeUnhappy.stages.I_have_become_what_I_hate.label>ненависть к своему телу</ProsthophobeUnhappy.stages.I_have_become_what_I_hate.label>
  <!-- EN: I asked for the exact opposite of this! -->
  <ProsthophobeUnhappy.stages.I_have_become_what_I_hate.description>Это всё похоже на страшный сон... Ненавижу своё тело, ненавижу эти искусственные железяки, ненавижу!</ProsthophobeUnhappy.stages.I_have_become_what_I_hate.description>
  
  <!-- EN: pyromaniac has incendiary weapon -->
  <PyromaniacHappy.stages.pyromaniac_has_incendiary_weapon.label>носит зажигательное оружие</PyromaniacHappy.stages.pyromaniac_has_incendiary_weapon.label>
  <!-- EN: It makes me think of flame and fire. I'm so happy. -->
  <PyromaniacHappy.stages.pyromaniac_has_incendiary_weapon.description>Я несу зажигательное оружие.</PyromaniacHappy.stages.pyromaniac_has_incendiary_weapon.description>
  
  <!-- EN: undergrounder indoors -->
  <UndergrounderIndoors.stages.undergrounder_indoors.label>в помещении</UndergrounderIndoors.stages.undergrounder_indoors.label>
  <!-- EN: I like working or simply being indoors. -->
  <UndergrounderIndoors.stages.undergrounder_indoors.description>Мне нравится работать или просто находиться в помещении.</UndergrounderIndoors.stages.undergrounder_indoors.description>
  
  <!-- EN: undergrounder outdoors -->
  <UndergrounderOutdoors.stages.undergrounder_outdoors.label>вне помещения</UndergrounderOutdoors.stages.undergrounder_outdoors.label>
  <!-- EN: I don't like being outside. I want to get back to the underground. -->
  <UndergrounderOutdoors.stages.undergrounder_outdoors.description>Мне не нравится быть на улице. Я хочу в помещение.</UndergrounderOutdoors.stages.undergrounder_outdoors.description>
  
  <!-- EN: underground -->
  <UndergrounderUnderground.stages.underground.label>под землёй</UndergrounderUnderground.stages.underground.label>
  <!-- EN: I love working or simply being in the underground. -->
  <UndergrounderUnderground.stages.underground.description>Обожаю работать и даже просто находиться под землёй!</UndergrounderUnderground.stages.underground.description>
  
</LanguageData>
