﻿<?xml version="1.0" encoding="UTF-8"?>
<LanguageData>
  
  <!-- EN: abrasive -->
  <Abrasive.degreeDatas.abrasive.label>грубость</Abrasive.degreeDatas.abrasive.label>
  <!-- EN: {PAWN_nameDef} always says exactly what's on {PAWN_possessive} mind, especially if it's bugging {PAWN_objective}. That tends to rub people the wrong way. -->
  <Abrasive.degreeDatas.abrasive.description>{PAWN_nameDef} всегда говорит в точности то, что думает, особенно, если это {PAWN_possessive} раздражает. Обычно это влияет на окружающих не в лучшую сторону.</Abrasive.degreeDatas.abrasive.description>
  
  <!-- EN: annoying voice -->
  <AnnoyingVoice.degreeDatas.annoying_voice.label>противный голос</AnnoyingVoice.degreeDatas.annoying_voice.label>
  <!-- EN: {PAWN_nameDef}'s voice has a particularly grating, nasal quality to it, and {PAWN_pronoun} tends to talk in barked, garbled phrases. This predisposes others to dislike {PAWN_objective}. -->
  <AnnoyingVoice.degreeDatas.annoying_voice.description>{PAWN_nameDef} имеет резкий гнусавый голос и общается, рявкая какие-то обрывистые фразы. Неудивительно, что {PAWN_pronoun} не нравится другим.</AnnoyingVoice.degreeDatas.annoying_voice.description>
  
  <!-- EN: ascetic -->
  <Ascetic.degreeDatas.ascetic.label>аскетизм</Ascetic.degreeDatas.ascetic.label>
  <!-- EN: {PAWN_nameDef} has forsaken physical comforts and enjoyments in favor of a simple, pure lifestyle. {PAWN_pronoun} will become unhappy if if {PAWN_pronoun} has a bedroom that's too impressive. {PAWN_pronoun} also dislikes fancy food and prefers to eat raw. {PAWN_pronoun} never judges others by their appearance. -->
  <Ascetic.degreeDatas.ascetic.description>{PAWN_nameDef} {PAWN_gender ? отказался : отказалась} от комфорта и наслаждений, выбрав жить в скромности и простоте. У н{PAWN_possessive} портится настроение, если {PAWN_possessive} спальня слишком роскошна. {PAWN_nameDef} также не любит изысканные блюда, предпочитая им простую, или даже сырую пищу. Кроме того, {PAWN_pronoun} никогда не судит людей по внешнему виду.</Ascetic.degreeDatas.ascetic.description>
  
  <!-- EN: asexual -->
  <Asexual.degreeDatas.asexual.label>бирюк</Asexual.degreeDatas.asexual.label>
  <!-- EN: {PAWN_nameDef} has no sexual attraction to anyone at all. -->
  <Asexual.degreeDatas.asexual.description>{PAWN_nameDef} — одиночка по природе, и никогда не будет заботиться о других.</Asexual.degreeDatas.asexual.description>
  
  <!-- EN: bisexual -->
  <Bisexual.degreeDatas.bisexual.label>подлость</Bisexual.degreeDatas.bisexual.label>
  <!-- EN: {PAWN_nameDef} is romantically attracted to both men and women. -->
  <Bisexual.degreeDatas.bisexual.description>{PAWN_nameDef} — подлый и двуличный человек. Ох и не повезло тем людям, в чьё поселение {PAWN_possessive} примут!</Bisexual.degreeDatas.bisexual.description>
  
  <!-- EN: bloodlust -->
  <Bloodlust.degreeDatas.bloodlust.label>кровожадность</Bloodlust.degreeDatas.bloodlust.label>
  <!-- EN: {PAWN_nameDef} gets a rush from hurting people, and never minds the sight of blood or death. {PAWN_pronoun} is four times as likely to start a social fight as others. -->
  <Bloodlust.degreeDatas.bloodlust.description>{PAWN_nameDef} входит в раж, причиняя людям боль. {PAWN_objective} нравится вид ран и крови. {PAWN_pronoun} гораздо чаще других начинает бытовые драки.</Bloodlust.degreeDatas.bloodlust.description>
  
  <!-- EN: body purist -->
  <BodyPurist.degreeDatas.body_purist.label>биоконсерватор</BodyPurist.degreeDatas.body_purist.label>
  <!-- EN: {PAWN_nameDef} believes the human body is limited for a reason. To {PAWN_objective}, artificial body parts are unethical and disgusting. -->
  <BodyPurist.degreeDatas.body_purist.description>{PAWN_nameDef} верит, что человеческое тело ограничено не просто так. Искусственные части {PAWN_objective} кажутся неэтичными, а сама мысль об их вживлении — омерзительной.</BodyPurist.degreeDatas.body_purist.description>
  
  <!-- EN: brawler -->
  <Brawler.degreeDatas.brawler.label>драчливость</Brawler.degreeDatas.brawler.label>
  <!-- EN: {PAWN_nameDef} likes to fight up close and personal. {PAWN_possessive} accuracy is greatly increased in melee combat, but {PAWN_pronoun}'ll be very unhappy if asked to carry a ranged weapon. -->
  <Brawler.degreeDatas.brawler.description>{PAWN_nameDef} любит ближний бой, лицом к лицу. {PAWN_possessive} точность в рукопашной значительно выше, чем у других. {PAWN_pronoun} терпеть не может пользоваться оружием дальнего боя.</Brawler.degreeDatas.brawler.description>
  
  <!-- EN: cannibal -->
  <Cannibal.degreeDatas.cannibal.label>веган</Cannibal.degreeDatas.cannibal.label>
  <!-- EN: {PAWN_nameDef} was taught that eating human meat is wrong and horrible. But one time, long ago, {PAWN_pronoun} tried it... and {PAWN_pronoun} liked it. -->
  <Cannibal.degreeDatas.cannibal.description>Несмотря на то, что {PAWN_possessive} учили, что безбелковая диета вредна для всего организма и особенно для мозга, {PAWN_nameDef} однажды её пробует... и {PAWN_objective} нравится.</Cannibal.degreeDatas.cannibal.description>
  
  <!-- EN: creepy breathing -->
  <CreepyBreathing.degreeDatas.creepy_breathing.label>жутковатое дыхание</CreepyBreathing.degreeDatas.creepy_breathing.label>
  <!-- EN: {PAWN_nameDef} breathes heavily all the time, and sweats constantly. People find it creepy. -->
  <CreepyBreathing.degreeDatas.creepy_breathing.description>{PAWN_nameDef} тяжело дышит, при этом постоянно потея. Многие люди считают это жутковатым.</CreepyBreathing.degreeDatas.creepy_breathing.description>
  
  <!-- EN: misandrist -->
  <DislikesMen.degreeDatas.misandrist.label>мужененависть</DislikesMen.degreeDatas.misandrist.label>
  <!-- EN: {PAWN_nameDef} really dislikes and distrusts men. -->
  <DislikesMen.degreeDatas.misandrist.description>{PAWN_nameDef} не любит мужчин и не доверяет им.</DislikesMen.degreeDatas.misandrist.description>
  
  <!-- EN: misogynist -->
  <DislikesWomen.degreeDatas.misogynist.label>женоненависть</DislikesWomen.degreeDatas.misogynist.label>
  <!-- EN: {PAWN_nameDef} really dislikes and distrusts women. -->
  <DislikesWomen.degreeDatas.misogynist.description>{PAWN_nameDef} не любит женщин и не доверяет им.</DislikesWomen.degreeDatas.misogynist.description>
  
  <!-- EN: fast learner -->
  <FastLearner.degreeDatas.fast_learner.label>быстрая обучаемость</FastLearner.degreeDatas.fast_learner.label>
  <!-- EN: {PAWN_nameDef} has a knack for learning. {PAWN_pronoun} picks things up much faster than others. -->
  <FastLearner.degreeDatas.fast_learner.description>{PAWN_nameDef} имеет талант к обучению. {PAWN_pronoun} схватывает новую информацию буквально на лету.</FastLearner.degreeDatas.fast_learner.description>
  
  <!-- EN: gay -->
  <Gay.degreeDatas.gay.label>вонь скунса</Gay.degreeDatas.gay.label>
  <!-- EN: {PAWN_nameDef} is romantically attracted to people of {PAWN_possessive} own gender. -->
  <Gay.degreeDatas.gay.description>{PAWN_nameDef} так отвратительно воняет, что {PAWN_possessive} никто не берёт в поселения.</Gay.degreeDatas.gay.description>
  
  <!-- EN: gourmand -->
  <Gourmand.degreeDatas.gourmand.label>обжора</Gourmand.degreeDatas.gourmand.label>
  <!-- EN: {PAWN_nameDef}'s life revolves around food. {PAWN_pronoun} gets hungry quickly, and will occasionally be overcome with the urge to eat ravenously, even when not hungry. -->
  <Gourmand.degreeDatas.gourmand.description>{PAWN_nameDef} обожает вкусно поесть, еда стала чуть ли не смыслом {PAWN_possessive} жизни. Мало того, что {PAWN_pronoun} имеет непомерный аппетит, {PAWN_pronoun} ещё любит предаваться безудержному чревоугодию вне зависимости от чувства голода.</Gourmand.degreeDatas.gourmand.description>
  
  <!-- EN: great memory -->
  <GreatMemory.degreeDatas.great_memory.label>хорошая память</GreatMemory.degreeDatas.great_memory.label>
  <!-- EN: {PAWN_nameDef} has a fantastic memory for detail. {PAWN_pronoun} will lose unused skills at half the rate of other people. -->
  <GreatMemory.degreeDatas.great_memory.description>{PAWN_nameDef} хорошо запоминает детали и в два раза медленнее остальных теряет свои навыки, даже те которые давно не применяет.</GreatMemory.degreeDatas.great_memory.description>
  
  <!-- EN: greedy -->
  <Greedy.degreeDatas.greedy.label>жадность</Greedy.degreeDatas.greedy.label>
  <!-- EN: {PAWN_nameDef} needs a really impressive bedroom. {PAWN_pronoun} gets a mood loss if {PAWN_pronoun} doesn't get what {PAWN_pronoun} wants. -->
  <Greedy.degreeDatas.greedy.description>{PAWN_nameDef} требует для себя поистине впечатляющую спальню. У н{PAWN_possessive} портится настроение, если {PAWN_pronoun} не получает то, что хочет.</Greedy.degreeDatas.greedy.description>
  
  <!-- EN: jealous -->
  <Jealous.degreeDatas.jealous.label>завистливость</Jealous.degreeDatas.jealous.label>
  <!-- EN: For {PAWN_nameDef}, it's degrading to have a less impressive bedroom than someone else. {PAWN_pronoun} gets a mood loss if any colonist has a more impressive bedroom. -->
  <Jealous.degreeDatas.jealous.description>К тем, чья комната лучше, чем {PAWN_possessive}, {PAWN_nameDef} испытывает сильную зависть, отражающуюся на {PAWN_possessive} настроении.</Jealous.degreeDatas.jealous.description>
  
  <!-- EN: kind -->
  <Kind.degreeDatas.kind.label>доброта</Kind.degreeDatas.kind.label>
  <!-- EN: {PAWN_nameDef} is exceptionally kind. {PAWN_pronoun} has a special way of using kind words to brighten someone's day. {PAWN_pronoun} never insults others, and never judges people by their appearance. -->
  <Kind.degreeDatas.kind.description>{PAWN_nameDef} — исключительно {PAWN_gender ? добросердечен : добросердечна}. {PAWN_pronoun} умеет добрым словом скрасить день окружающим. Более того {PAWN_pronoun}, никогда не оскорбляет людей и не судит никого по внешности.</Kind.degreeDatas.kind.description>
  
  <!-- EN: masochist -->
  <Masochist.degreeDatas.masochist.label>недоразвитость</Masochist.degreeDatas.masochist.label>
  <!-- EN: For {PAWN_nameDef}, there's something exciting about getting hurt. {PAWN_pronoun} doesn't know why, {PAWN_pronoun}'s just wired differently. -->
  <Masochist.degreeDatas.masochist.description>{PAWN_nameDef} — недоразвитое создание. Обычно {PAWN_pronoun} только вредит колонии. Избавьтесь от н{PAWN_possessive} как можно скорее.</Masochist.degreeDatas.masochist.description>
  
  <!-- EN: night owl -->
  <NightOwl.degreeDatas.night_owl.label>сова</NightOwl.degreeDatas.night_owl.label>
  <!-- EN: {PAWN_nameDef} likes to be up during the night, and sleep during the day.\n\n{PAWN_pronoun} gets a mood bonus if awake at night (23h-6h) and mood loss if awake during the day (11h-18h).\n\n{PAWN_pronoun} doesn't get a mood penalty for being in the dark. -->
  <NightOwl.degreeDatas.night_owl.description>{PAWN_nameDef} любит бодрствовать ночью, а спать днём.\n\nБудучи на ногах ночью (с 23 до 6 ч), {PAWN_nameDef} получает подъём настроения, а если {PAWN_pronoun} не спит днём (с 11 до 18 ч), {PAWN_possessive} настроение портится.\n\nНахождение в темноте не меняет настроения.</NightOwl.degreeDatas.night_owl.description>
  
  <!-- EN: nimble -->
  <Nimble.degreeDatas.nimble.label>ловкость</Nimble.degreeDatas.nimble.label>
  <!-- EN: {PAWN_nameDef} has remarkable kinesthetic intelligence. {PAWN_pronoun} seems to dance around danger with preternatural grace. -->
  <Nimble.degreeDatas.nimble.description>{PAWN_nameDef} обладает выдающимися способностями к управлению своим телом. От опасностей {PAWN_pronoun} уворачивается с необычайным изяществом.</Nimble.degreeDatas.nimble.description>
  
  <!-- EN: nudist -->
  <Nudist.degreeDatas.nudist.label>нудист</Nudist.degreeDatas.nudist.label>
  <!-- EN: {PAWN_nameDef} enjoys the feeling of freedom that comes from being nude. {PAWN_pronoun} can handle clothing, but will be happier without it. -->
  <Nudist.degreeDatas.nudist.description>{PAWN_nameDef} наслаждается чувством свободы от одежды. {PAWN_pronoun} может носить одежду, но без неё будет чувствовать себя гораздо счастливее.</Nudist.degreeDatas.nudist.description>
  
  <!-- EN: psychopath -->
  <Psychopath.degreeDatas.psychopath.label>психопатия</Psychopath.degreeDatas.psychopath.label>
  <!-- EN: {PAWN_nameDef} has no empathy. The suffering of others doesn't bother {PAWN_objective} at all. {PAWN_pronoun} doesn't mind if others are butchered, left unburied, imprisoned, or sold to slavery - unless it affects {PAWN_objective}. {PAWN_pronoun} also feels no mood boost from socializing. -->
  <Psychopath.degreeDatas.psychopath.description>{PAWN_nameDef} не знает, что такое сопереживание. Страдания других совсем не волнуют {PAWN_possessive}. {PAWN_objective} безразлично, если кого-то оставят не похороненным, посадят в тюрьму или продадут в рабство, если {PAWN_possessive} лично это не касается. {PAWN_pronoun} также не получает удовольствия от общения с другими.</Psychopath.degreeDatas.psychopath.description>
  
  <!-- EN: pyromaniac -->
  <Pyromaniac.degreeDatas.pyromaniac.label>вредитель</Pyromaniac.degreeDatas.pyromaniac.label>
  <!-- EN: {PAWN_nameDef} loves fire. {PAWN_pronoun} will never extinguish fires. To relieve stress, {PAWN_pronoun} will occasionally go on random fire starting sprees. This happens more often if {PAWN_possessive} mood is low. -->
  <Pyromaniac.degreeDatas.pyromaniac.description>{PAWN_nameDef} любит только разрушать, {PAWN_pronoun} абсолютно {PAWN_gender ? непригоден : непригодна} для жизни в колонии, лучше отошлите {PAWN_possessive} врагу.</Pyromaniac.degreeDatas.pyromaniac.description>
  
  <!-- EN: quick sleeper -->
  <QuickSleeper.degreeDatas.quick_sleeper.label>эффективный сон</QuickSleeper.degreeDatas.quick_sleeper.label>
  <!-- EN: {PAWN_nameDef} doesn't need as much sleep as the average person. Whether {PAWN_pronoun}'s sleeping on a bed or on the ground, {PAWN_pronoun} will be fully rested in about two thirds the usual time. -->
  <QuickSleeper.degreeDatas.quick_sleeper.description>{PAWN_nameDef} не нуждается в большом количестве времени для сна. Независимо от того, спит {PAWN_pronoun} на кровати или на земле, {PAWN_nameDef} набирается сил в полтора раза быстрее, чем остальные.</QuickSleeper.degreeDatas.quick_sleeper.description>
  
  <!-- EN: slow learner -->
  <SlowLearner.degreeDatas.slow_learner.label>медленная обучаемость</SlowLearner.degreeDatas.slow_learner.label>
  <!-- EN: {PAWN_nameDef} is slow on the uptake. {PAWN_pronoun} learns much slower than others. -->
  <SlowLearner.degreeDatas.slow_learner.description>{PAWN_nameDef} медленно соображает, новые вещи даются {PAWN_objective} гораздо тяжелее остальных.</SlowLearner.degreeDatas.slow_learner.description>
  
  <!-- EN: too smart -->
  <TooSmart.degreeDatas.too_smart.label>горе от ума</TooSmart.degreeDatas.too_smart.label>
  <!-- EN: {PAWN_nameDef} is too smart for {PAWN_possessive} own good. {PAWN_pronoun} learns everything much faster than everyone, but can be quite eccentric. -->
  <TooSmart.degreeDatas.too_smart.description>{PAWN_nameDef} страдает от собственного ума. {PAWN_pronoun} обучается всему гораздо быстрее остальных, но время от времени совершает разные чудачества.</TooSmart.degreeDatas.too_smart.description>
  
  <!-- EN: tortured artist -->
  <TorturedArtist.degreeDatas.tortured_artist.label>непонятый творец</TorturedArtist.degreeDatas.tortured_artist.label>
  <!-- EN: {PAWN_nameDef} feels alienated and misunderstood by other human beings. {PAWN_pronoun} will have a constant mood debuff, but gain a chance (50%) to get a creativity inspiration after a mental break. -->
  <TorturedArtist.degreeDatas.tortured_artist.description>{PAWN_nameDef} постоянно чувствует отчуждённость и человеческое непонимание в любом начинании, и это {PAWN_possessive} расстраивает. Однако в среднем после каждого второго нервного срыва к н{PAWN_objective} приходит творческое вдохновение.</TorturedArtist.degreeDatas.tortured_artist.description>
  <!-- EN: As a suffering tortured artist, [PAWN_nameIndef] has experienced an inspiration. -->
  <TorturedArtist.degreeDatas.tortured_artist.mentalBreakInspirationGainReasonText>После своих страданий непонятого творца [PAWN_nameIndef] испытывает прилив вдохновения.</TorturedArtist.degreeDatas.tortured_artist.mentalBreakInspirationGainReasonText>
  
  <!-- EN: tough -->
  <Tough.degreeDatas.tough.label>живучесть</Tough.degreeDatas.tough.label>
  <!-- EN: {PAWN_nameDef} has thick skin, dense flesh, and durable bones. {PAWN_pronoun} takes much less damage than other people from the same blows. {PAWN_pronoun} is extremely hard to kill. -->
  <Tough.degreeDatas.tough.description>{PAWN_nameDef} обладает толстой кожей, крепкими мышцами и прочными костями. По сравнению с обычным человеком {PAWN_pronoun} получает гораздо меньше урона от тех же атак. {PAWN_possessive} очень трудно победить.</Tough.degreeDatas.tough.description>
  
  <!-- EN: transhumanist -->
  <Transhumanist.degreeDatas.transhumanist.label>трансгуманист</Transhumanist.degreeDatas.transhumanist.label>
  <!-- EN: {PAWN_nameDef} feels limited in {PAWN_possessive} feeble human body. {PAWN_pronoun} often dreams of being enhanced by artificial body parts. -->
  <Transhumanist.degreeDatas.transhumanist.description>{PAWN_nameDef} чувствует себя {PAWN_gender ? ограниченным : ограниченной} в своём немощном человеческом теле. {PAWN_pronoun} мечтает улучшить его возможности при помощи искусственных частей.</Transhumanist.degreeDatas.transhumanist.description>
  
  <!-- EN: undergrounder -->
  <Undergrounder.degreeDatas.undergrounder.label>подземник</Undergrounder.degreeDatas.undergrounder.label>
  <!-- EN: {PAWN_nameDef} has no need to experience the outdoors or light. {PAWN_pronoun} will never feel cooped up or get cabin fever, no matter how long {PAWN_pronoun} stays inside, and is not bothered by darkness. -->
  <Undergrounder.degreeDatas.undergrounder.description>{PAWN_nameDef} предпочитает находиться под землёй и не нуждается в том, чтобы выходить на улицу и видеть солнечный свет. {PAWN_pronoun} никогда не чувствует себя взаперти и не страдает от клаустрофобии и темноты, вне зависимости от того, как долго {PAWN_pronoun} находится в помещении.</Undergrounder.degreeDatas.undergrounder.description>
  
  <!-- EN: wimp -->
  <Wimp.degreeDatas.wimp.label>хлюпик</Wimp.degreeDatas.wimp.label>
  <!-- EN: {PAWN_nameDef} is weak and cowardly. Even a little pain will immobilize {PAWN_objective}. -->
  <Wimp.degreeDatas.wimp.description>{PAWN_nameDef} имеет слабый характер и низкий болевой порог. Даже лёгкая боль способна вывести {PAWN_possessive} из строя.</Wimp.degreeDatas.wimp.description>
  
</LanguageData>
