﻿<?xml version="1.0" encoding="UTF-8"?>
<LanguageData>
  
  <!-- EN: грубый шиферный сланец -->
  <Slate_Rough.label>грубый сланец</Slate_Rough.label>
  <!-- EN: Грубый природный шиферный сланец. -->
  <Slate_Rough.description>Грубый природный шиферный сланец.</Slate_Rough.description>
  
  <!-- EN: обтёсанный шиферный сланец -->
  <Slate_RoughHewn.label>обтёсанный сланец</Slate_RoughHewn.label>
  <!-- EN: Обтёсанный природный шиферный сланец. -->
  <Slate_RoughHewn.description>Обтёсанный природный шиферный сланец.</Slate_RoughHewn.description>
  
  <!-- EN: гладкий шиферный сланец -->
  <Slate_Smooth.label>гладкий сланец</Slate_Smooth.label>
  <!-- EN: Гладкий природный шиферный сланец. -->
  <Slate_Smooth.description>Гладкий природный шиферный сланец.</Slate_Smooth.description>
  
</LanguageData>