﻿<?xml version="1.0" encoding="UTF-8"?>
<LanguageData>
  
  <!-- EN: stony soil -->
  <Gravel.label>каменистый грунт</Gravel.label>
  <!-- EN: gravel -->
  <Gravel.tools.gravel.label>гравий</Gravel.tools.gravel.label>
  
  <!-- EN: Ice -->
  <Ice.label>лёд</Ice.label>
  
  <!-- EN: marshy soil -->
  <MarshyTerrain.label>заболоченное место</MarshyTerrain.label>
  <!-- EN: mud -->
  <MarshyTerrain.tools.mud.label>грязь</MarshyTerrain.tools.mud.label>
  
  <!-- EN: lichen-covered soil -->
  <MossyTerrain.label>замшелая почва</MossyTerrain.label>
  
  <!-- EN: mud -->
  <Mud.label>грязь</Mud.label>
  <!-- EN: mud -->
  <Mud.tools.mud.label>грязь</Mud.tools.mud.label>
  
  <!-- EN: sand -->
  <Sand.label>песок</Sand.label>
  <!-- EN: sand -->
  <Sand.tools.sand.label>песок</Sand.tools.sand.label>
  
  <!-- EN: soft sand -->
  <SoftSand.label>мягкий песок</SoftSand.label>
  <!-- EN: sand -->
  <SoftSand.tools.sand.label>песок</SoftSand.tools.sand.label>
  
  <!-- EN: soil -->
  <Soil.label>земля</Soil.label>
  <!-- EN: dirt -->
  <Soil.tools.dirt.label>земля</Soil.tools.dirt.label>
  
  <!-- EN: rich soil -->
  <SoilRich.label>плодородная почва</SoilRich.label>
  <!-- EN: dirt -->
  <SoilRich.tools.dirt.label>земля</SoilRich.tools.dirt.label>
  
</LanguageData>