﻿<?xml version="1.0" encoding="UTF-8"?>
<LanguageData>
  
  <!-- EN: burned carpet -->
  <BurnedCarpet.label>сгоревший ковёр</BurnedCarpet.label>
  <!-- EN: Burned-out carpet. -->
  <BurnedCarpet.description>Повреждённый огнём ковёр.</BurnedCarpet.description>
  
  <!-- EN: burned wood floor -->
  <BurnedWoodPlankFloor.label>сгоревший дощатый пол</BurnedWoodPlankFloor.label>
  <!-- EN: Burned-out wood plank flooring. -->
  <BurnedWoodPlankFloor.description>Повреждённый огнём дощатый пол.</BurnedWoodPlankFloor.description>
  
</LanguageData>