﻿<?xml version="1.0" encoding="UTF-8"?>
<LanguageData>
  
  <!-- EN: blue carpet -->
  <CarpetBlue.label>синий ковёр</CarpetBlue.label>
  <!-- EN: Toe-hugging plush carpet in a cool blue color. -->
  <CarpetBlue.description>Мягчайший плюшевый ковёр холодного синего цвета.</CarpetBlue.description>
  
  <!-- EN: cream carpet -->
  <CarpetCream.label>кремовый ковёр</CarpetCream.label>
  <!-- EN: Inviting cream-colored carpet. -->
  <CarpetCream.description>Приятный ковёр располагающего кремового цвета.</CarpetCream.description>
  
  <!-- EN: dark carpet -->
  <CarpetDark.label>тёмный ковёр</CarpetDark.label>
  <!-- EN: Professional-looking dark gray carpet. -->
  <CarpetDark.description>Ковёр тёмно-серого цвета в сдержанном деловом стиле.</CarpetDark.description>
  
  <!-- EN: green carpet -->
  <CarpetGreen.label>зелёный ковёр</CarpetGreen.label>
  <!-- EN: Naturalistic-feeling green carpet. Earth tones, dude. -->
  <CarpetGreen.description>Ковёр естественного, по-природному свежего зелёного цвета.</CarpetGreen.description>
  
  <!-- EN: red carpet -->
  <CarpetRed.label>красный ковёр</CarpetRed.label>
  <!-- EN: Plush carpet in a lovely rose hue. -->
  <CarpetRed.description>Алый, словно роза, плюшевый ковёр.</CarpetRed.description>
  
  <!-- EN: concrete -->
  <Concrete.label>бетон</Concrete.label>
  <!-- EN: Rough concrete. It is cheap and quick to build, but is also quite ugly. -->
  <Concrete.description>Быстрозаливной бетон. Уродлив на вид.</Concrete.description>
  
  <!-- EN: gold tile -->
  <GoldTile.label>золотая плитка</GoldTile.label>
  <!-- EN: For overbearing extravagance, nothing beats gold tiles. They are exceptionally expensive, and exceptionally beautiful, and people will think you're exceptionally snobbish if you actually live on them. -->
  <GoldTile.description>По роскоши и шику ничто не может сравниться с золотой плиткой для пола. Для того, чтобы жить в помещении, отделанном этой исключительно дорогой и исключительно красивой плиткой, надо обладать исключительным высокомерием.</GoldTile.description>
  
  <!-- EN: steel tile -->
  <MetalTile.label>стальная плитка</MetalTile.label>
  <!-- EN: Steel tiles, for that spaceship look. They are pretty, and the smooth tile surface gets a bonus to cleanliness. -->
  <MetalTile.description>Стальная плитка, словно на космическом корабле. Имеет привлекательный вид, а её гладкая поверхность даёт бонус к чистоте помещения.</MetalTile.description>
  
  <!-- EN: paved tile -->
  <PavedTile.label>бетонная плитка</PavedTile.label>
  <!-- EN: Concrete tiles. Cheap, but neutral in terms of looks and slow to build. -->
  <PavedTile.description>Утилитарная бетонная плитка. Дешева и нейтральна на вид, но её укладка требует времени.</PavedTile.description>
  
  <!-- EN: silver tile -->
  <SilverTile.label>серебряная плитка</SilverTile.label>
  <!-- EN: For a futuristic but royal look, silver tiles fit perfectly into luxurious rooms. They get a bonus to cleanliness. -->
  <SilverTile.description>Серебряная плитка, выглядящая одновременно футуристически и по-королевски красиво. Отлично подходит для оформления роскошных комнат и даёт бонус к чистоте помещения.</SilverTile.description>
  
  <!-- EN: sterile tile -->
  <SterileTile.label>стерильная плитка</SterileTile.label>
  <!-- EN: Sterile tiles with special cleanliness-enhancing properties. Extra-clean rooms improve outcomes in hospitals and research labs. This tile is very slow to build. -->
  <SterileTile.description>Стерильная плитка помогает сохранить полы в чистоте, что особенно полезно в больницах и исследовательских лабораториях. Укладка такой плитки — очень трудоёмкая работа.</SterileTile.description>
  
  <!-- EN: wood floor -->
  <WoodPlankFloor.label>дощатый пол</WoodPlankFloor.label>
  <!-- EN: Wood plank flooring for that warm, homey feeling. While it is quick to lay, it is also very flammable. -->
  <WoodPlankFloor.description>Пол из деревянных досок создаёт тёплую и по-домашнему уютную атмосферу. Быстро укладывается, но очень хорошо горит.</WoodPlankFloor.description>
  
</LanguageData>