﻿<?xml version="1.0" encoding="UTF-8"?>
<LanguageData>
  
  <!-- EN: granite flagstone -->
  <FlagstoneGranite.label>грубая гранитная плитка</FlagstoneGranite.label>
  <!-- EN: Roughly-cut stone tiles. These are not beautiful, but they make good surfaces for roads and outdoor walkways. Deconstructing flagstone yields no resources. -->
  <FlagstoneGranite.description>Грубо вырезанные каменные плиты. Не очень красивые, но отлично подходят для покрытия дорог и пешеходных дорожек. Разборка плиты не даёт ресурсов.</FlagstoneGranite.description>
  
  <!-- EN: limestone flagstone -->
  <FlagstoneLimestone.label>грубая плитка из известняка</FlagstoneLimestone.label>
  <!-- EN: Roughly-cut stone tiles. These are not beautiful, but they make good surfaces for roads and outdoor walkways. Deconstructing flagstone yields no resources. -->
  <FlagstoneLimestone.description>Грубо вырезанные каменные плиты. Не очень красивые, но отлично подходят для покрытия дорог и пешеходных дорожек. Разборка плиты не даёт ресурсов.</FlagstoneLimestone.description>
  
  <!-- EN: marble flagstone -->
  <FlagstoneMarble.label>грубая мраморная плитка</FlagstoneMarble.label>
  <!-- EN: Roughly-cut stone tiles. These are not beautiful, but they make good surfaces for roads and outdoor walkways. Deconstructing flagstone yields no resources. -->
  <FlagstoneMarble.description>Грубо вырезанные каменные плиты. Не очень красивые, но отлично подходят для покрытия дорог и пешеходных дорожек. Разборка плиты не даёт ресурсов.</FlagstoneMarble.description>
  
  <!-- EN: sandstone flagstone -->
  <FlagstoneSandstone.label>грубая плитка из песчаника</FlagstoneSandstone.label>
  <!-- EN: Roughly-cut stone tiles. These are not beautiful, but they make good surfaces for roads and outdoor walkways. Deconstructing flagstone yields no resources. -->
  <FlagstoneSandstone.description>Грубо вырезанные каменные плиты. Не очень красивые, но отлично подходят для покрытия дорог и пешеходных дорожек. Разборка плиты не даёт ресурсов.</FlagstoneSandstone.description>
  
  <!-- EN: slate flagstone -->
  <FlagstoneSlate.label>грубая плитка из сланца</FlagstoneSlate.label>
  <!-- EN: Roughly-cut stone tiles. These are not beautiful, but they make good surfaces for roads and outdoor walkways. Deconstructing flagstone yields no resources. -->
  <FlagstoneSlate.description>Грубо вырезанные каменные плиты. Не очень красивые, но отлично подходят для покрытия дорог и пешеходных дорожек. Разборка плиты не даёт ресурсов.</FlagstoneSlate.description>
  
  <!-- EN: granite tile -->
  <TileGranite.label>гранитная плитка</TileGranite.label>
  <!-- EN: Carefully-cut and fit stone tiles for a castle feeling. They are pretty to look at, but they take a long time to lay. -->
  <TileGranite.description>Аккуратно вырезанные и подогнанные друг к другу каменные плитки, как в средневековом замке. Приятны на вид, но укладка требует времени.</TileGranite.description>
  
  <!-- EN: limestone tile -->
  <TileLimestone.label>плитка из известняка</TileLimestone.label>
  <!-- EN: Carefully-cut and fit stone tiles for a castle feeling. They are pretty to look at, but they take a long time to lay. -->
  <TileLimestone.description>Аккуратно вырезанные и подогнанные друг к другу каменные плитки, как в средневековом замке. Приятны на вид, но укладка требует времени.</TileLimestone.description>
  
  <!-- EN: marble tile -->
  <TileMarble.label>мраморная плитка</TileMarble.label>
  <!-- EN: Carefully-cut and fit stone tiles for a castle feeling. They are pretty to look at, but they take a long time to lay. -->
  <TileMarble.description>Аккуратно вырезанные и подогнанные друг к другу каменные плитки, как в средневековом замке. Приятны на вид, но укладка требует времени.</TileMarble.description>
  
  <!-- EN: sandstone tile -->
  <TileSandstone.label>плитка из песчаника</TileSandstone.label>
  <!-- EN: Carefully-cut and fit stone tiles for a castle feeling. They are pretty to look at, but they take a long time to lay. -->
  <TileSandstone.description>Аккуратно вырезанные и подогнанные друг к другу каменные плитки, как в средневековом замке. Приятны на вид, но укладка требует времени.</TileSandstone.description>
  
  <!-- EN: slate tile -->
  <TileSlate.label>плитка из сланца</TileSlate.label>
  <!-- EN: Carefully-cut and fit stone tiles for a castle feeling. They are pretty to look at, but they take a long time to lay. -->
  <TileSlate.description>Аккуратно вырезанные и подогнанные друг к другу каменные плитки, как в средневековом замке. Приятны на вид, но укладка требует времени.</TileSlate.description>
  
</LanguageData>