﻿<?xml version="1.0" encoding="UTF-8"?>
<LanguageData>
  
  <!-- EN: marsh -->
  <Marsh.label>болото</Marsh.label>
  <!-- EN: water -->
  <Marsh.tools.water.label>вода</Marsh.tools.water.label>
  <!-- EN: mud -->
  <Marsh.tools.mud.label>грязь</Marsh.tools.mud.label>
  
  <!-- EN: deep water -->
  <WaterDeep.label>глубокая вода</WaterDeep.label>
  <!-- EN: water -->
  <WaterDeep.tools.water.label>вода</WaterDeep.tools.water.label>
  
  <!-- EN: chest-deep moving water -->
  <WaterMovingChestDeep.label>течение по грудь</WaterMovingChestDeep.label>
  <!-- EN: water -->
  <WaterMovingChestDeep.tools.water.label>вода</WaterMovingChestDeep.tools.water.label>
  
  <!-- EN: shallow moving water -->
  <WaterMovingShallow.label>мелководное течение</WaterMovingShallow.label>
  <!-- EN: water -->
  <WaterMovingShallow.tools.water.label>вода</WaterMovingShallow.tools.water.label>
  
  <!-- EN: deep ocean water -->
  <WaterOceanDeep.label>глубины океана</WaterOceanDeep.label>
  <!-- EN: water -->
  <WaterOceanDeep.tools.water.label>вода</WaterOceanDeep.tools.water.label>
  
  <!-- EN: shallow ocean water -->
  <WaterOceanShallow.label>океаническое мелководье</WaterOceanShallow.label>
  <!-- EN: water -->
  <WaterOceanShallow.tools.water.label>вода</WaterOceanShallow.tools.water.label>
  
  <!-- EN: shallow water -->
  <WaterShallow.label>мелководье</WaterShallow.label>
  <!-- EN: water -->
  <WaterShallow.tools.water.label>вода</WaterShallow.tools.water.label>
  
</LanguageData>