﻿<?xml version="1.0" encoding="utf-8" ?>
<Defs>

  <FactionDef>
		<defName>Orassan</defName>
		<label>Orassan Enclave</label>
    <description>A small community of Orassans.\n\nThese people have come here to expand the borders of their empire.</description>
	<pawnSingular>orassan</pawnSingular>
    <pawnsPlural>orassans</pawnsPlural>
    <settlementGenerationWeight>1</settlementGenerationWeight>
    <requiredCountAtGameStart>1</requiredCountAtGameStart>
    <canMakeRandomly>true</canMakeRandomly>
    <canSiege>true</canSiege>
    <canStageAttacks>true</canStageAttacks>
    <leaderTitle>Governor</leaderTitle>
    <startingGoodwill>
      <min>10</min>
      <max>40</max>
    </startingGoodwill>
		<factionNameMaker>NamerFactionOutlander</factionNameMaker>
		<settlementNameMaker>NamerSettlementOutlander</settlementNameMaker>
		<pawnNameMaker>NamerPersonOrassan</pawnNameMaker>
		<hairTags><li>Urban</li></hairTags>
		<techLevel>Industrial</techLevel>
		<backstoryCategories><li>Orassan</li></backstoryCategories>
		<geneticVariance>0.8</geneticVariance>
				<apparelStuffFilter>
			<thingDefs>
				<li>Synthread</li>
				<li>Hyperweave</li>
				<li>CatLavenderCloth</li>
			</thingDefs>
		</apparelStuffFilter>
    <naturalColonyGoodwill>
      <min>-60</min>
      <max>0</max>
    </naturalColonyGoodwill>
    <caravanTraderKinds>
      <li>Caravan_Outlander_BulkGoods</li>
      <li>Caravan_Outlander_CombatSupplier</li>
      <li>Caravan_Outlander_Exotic</li>
    </caravanTraderKinds>
    <visitorTraderKinds>
      <li>Visitor_Orassan_Standard</li>
    </visitorTraderKinds>
    <baseTraderKinds>
      <li>Base_Outlander_Standard</li>
    </baseTraderKinds>
    <allowedArrivalTemperatureRange>
      <min>-60</min>
      <max>30</max>
    </allowedArrivalTemperatureRange>
	<maxPawnCostPerTotalPointsCurve>
      <points>
        <li>(0,35)</li>
        <li>(70, 50)</li>
        <li>(700, 100)</li>
        <li>(1300, 150)</li>
        <li>(100000, 10000)</li>
      </points>
    </maxPawnCostPerTotalPointsCurve>
    <pawnGroupMakers>
	  <li>
        <kindDef>Combat</kindDef>
        <options>
          <OrassanSoldier>10</OrassanSoldier>
          <OrassanSniper>5</OrassanSniper>
          <OrassanGunner>5</OrassanGunner>
	        <OrassanGrenadier>5</OrassanGrenadier>
			<OrassanTownCouncilman>1</OrassanTownCouncilman>
        </options>
      </li>
	  <li>
      <kindDef>Peaceful</kindDef>
        <options>
          <OrassanVillager>20</OrassanVillager>
          <OrassanTownGuard>10</OrassanTownGuard>
          <OrassanTownCouncilman>5</OrassanTownCouncilman>
        </options>
      </li>
	  <li>
      <kindDef>Trader</kindDef>
        <traders>
          <OrassanTrader>1</OrassanTrader>
        </traders>
        <carriers>
          <Muffalo>1</Muffalo>
          <Dromedary>1</Dromedary>
        </carriers>
        <guards>
          <OrassanTownGuard>10</OrassanTownGuard>
          <OrassanSniper>1</OrassanSniper>
          <OrassanGunner>1</OrassanGunner>
	        <OrassanGrenadier>1</OrassanGrenadier>
        </guards>
      </li>
	  <li>
        <kindDef>Settlement</kindDef>
        <options>
          <OrassanVillager>5</OrassanVillager>
          <OrassanTownGuard>10</OrassanTownGuard>
          <OrassanTownCouncilman>1</OrassanTownCouncilman>
          <OrassanSoldier>10</OrassanSoldier>
          <OrassanSniper>10</OrassanSniper>
          <OrassanGunner>10</OrassanGunner>
	      <OrassanGrenadier>1</OrassanGrenadier>
        </options>
      </li>
    </pawnGroupMakers>
    <settlementTexturePath>World/OrassanBaseIcon</settlementTexturePath>
    <factionIconPath>World/OrassanBaseIcon</factionIconPath>
  </FactionDef>

</Defs>